initial_rank,pdb_id,release_date,title,resolution,r_free,protein_entity_count,protein_chain_count,protein_chains,reported_mutations,nonpolymer_components,candidate_count,candidate_ligands,target_ccd,target_name,target_formula,target_molecular_weight,target_heavy_atoms,covalent_components,cofactors,metals,excluded_nonpolymers,decision,decision_reasons
1,10KA,2026-08-05,Co-crystal Structure of CHI3L1 bound to DELC2 small molecule ligand,2.47,0.2528,1,2,A;B,,A1C9L;HOH,1,A1C9L,A1C9L,"(3aR,6aR)-2-(3-cyclopropyl-N-{[4-(pyridin-2-yl)phenyl]methyl}-D-alanyl)-N-[(2R)-1-(methylamino)-1-oxopentan-2-yl]hexahydrocyclopenta[c]pyrrole-3a(1H)-carboxamide",C32 H43 N5 O3,545.716,40,ASN;NAG,,,HOH,RESERVE,multiple_protein_chains_2
2,13DZ,2026-08-05,X-ray crystal structure of human biliverdin beta IX reductase in complex with NADP and BCT002104,1.72,0.2207,1,1,A,,NAP;A1DFI;GOL;HOH,1,A1DFI,A1DFI,"(3M)-3-[(2M,8S)-3-ethyl-2-(3-{[(3-methoxyphenyl)carbamamido]methyl}phenyl)-7-oxo-4,7-dihydropyrazolo[1,5-a]pyrimidin-5-yl]benzoic acid",C30 H27 N5 O5,537.566,40,,NAP,,GOL;HOH,RESERVE,cofactor_present
3,13EA,2026-08-05,X-ray crystal structure of human biliverdin beta IX reductase in complex with NADP and BCT002066,1.74,0.2073,1,1,A,,NAP;A1DFJ;GOL;HOH,1,A1DFJ,A1DFJ,"(3M)-3-[(8R)-3-cyclopropyl-2-(furan-2-yl)-7-oxo-4,7-dihydropyrazolo[1,5-a]pyrimidin-5-yl]benzoic acid",C20 H15 N3 O4,361.351,27,,NAP,,GOL;HOH,RESERVE,cofactor_present
4,13EB,2026-08-05,X-ray crystal structure of human biliverdin beta IX reductase in complex with NADP and BCT002109,1.82,0.2452,1,1,A,,NAP;A1DFK;GOL;HOH,1,A1DFK,A1DFK,"(3M)-3-{(2M,8S)-2-[3-(benzamidomethyl)phenyl]-3-ethyl-7-oxo-4,7-dihydropyrazolo[1,5-a]pyrimidin-5-yl}benzoic acid",C29 H24 N4 O4,492.525,37,,NAP,,GOL;HOH,RESERVE,cofactor_present
5,26AP,2026-08-05,Complex between N-lobe Arc mutant F267/F5Phe and nanobody H11,1.5,0.1936,2,2,A;B,,PEG;HOH,0,,,,,,,GLU;LYS;PF5,,,PEG;HOH,EXCLUDE,no_druglike_organic_ligand;multiple_protein_chains_2
6,27UH,2026-08-05,Crystal structure of a de novo-designed VHH targeting S100A4,1.82,0.23709,2,8,A;B;C;D;E;F;G;H,,CA;PEG;GOL;HOH,0,,,,,,,,,CA,PEG;GOL;HOH,EXCLUDE,no_druglike_organic_ligand;multiple_protein_chains_8;metal_present
7,30TA,2026-08-05,"Crystal structure of hCA II in complex with 1-Aryl-6,7-dimethoxy-3,4-dihydroisoquinoline-2(1H)-sulfonamide inhibitor",1.05,0.18661,1,1,A,,ZN;MBO;A1J8Z;HOH,2,MBO;A1J8Z,,,,,,,,ZN,HOH,MANUAL_REVIEW,multiple_candidate_ligands;metal_present
8,30XX,2026-08-05,"Crystal structure of hCA II in complex with an 1-Aryl-6,7-dimethoxy-3,4-dihydroisoquinoline-2(1H)-sulfonamide inhibitor",1.15,0.15897,1,1,A,,ZN;A1J8Y;GOL;HOH,1,A1J8Y,A1J8Y,"(1~{S})-1-(4-fluorophenyl)-6,7-dimethoxy-3,4-dihydro-1~{H}-isoquinoline-2-sulfonamide",C17 H19 F N2 O4 S,366.407,25,,,ZN,GOL;HOH,RESERVE,metal_present
9,31WA,2026-08-05,Crystal structure of the HPK1 kinase domain in complex with inhibitor 5b,1.42,0.226,1,1,A,,A1KCT;EDO;HOH,1,A1KCT,A1KCT,"2-methoxy-3-(3-methylimidazo[4,5-c]pyridin-7-yl)-8-(4-morpholin-4-ylphenyl)-1,6-naphthyridin-5-amine",C26 H25 N7 O2,467.522,35,,,,EDO;HOH,INCLUDE,
10,31WB,2026-08-05,Crystal structure of the HPK1 kinase domain in complex with inhibitor 6b,1.31,0.214,1,1,A,,A1KCQ;EDO;HOH,1,A1KCQ,A1KCQ,"3-methyl-2-(3-methylimidazo[4,5-c]pyridin-7-yl)-6-(4-morpholin-4-ylphenyl)imidazo[1,2-a]pyridine-8-carboxamide",C26 H25 N7 O2,467.522,35,,,,EDO;HOH,INCLUDE,
11,31WC,2026-08-05,Crystal structure of the HPK1 kinase domain in complex with inhibitor 12,1.386,0.2328,1,1,A,,A1KCR;EDO;HOH,1,A1KCR,A1KCR,"2-cyclopropyl-8-(3-methoxy-1-methyl-pyrazol-4-yl)-3-(3-methylimidazo[4,5-c]pyridin-7-yl)pyrido[3,4-b]pyrazin-5-amine",C22 H21 N9 O,427.462,32,,,,EDO;HOH,INCLUDE,
12,32PP,2026-08-05,CRYSTAL STRUCTURE OF BRD4 BD1 IN COMPLEX WITH Compound 9,1.44,0.237,1,1,A,,A1KEP;EDO;HOH,1,A1KEP,A1KEP,"~{N},3,8-trimethyl-~{N}-(pyridin-2-ylmethyl)-[1,2,4]triazolo[4,3-b]pyridazin-6-amine",C14 H16 N6,268.317,20,,,,EDO;HOH,INCLUDE,
13,32RX,2026-08-05,CRYSTAL STRUCTURE OF BRD4-BD1 IN COMPLEX WITH compound 11,1.81,0.2071,1,1,A,,A1KEV;HOH,1,A1KEV,A1KEV,3-methylcinnolin-5-amine,C9 H9 N3,159.188,12,,,,HOH,INCLUDE,
14,32RY,2026-08-05,CRYSTAL STRUCTURE OF BRD4-BD1 IN COMPLEX WITH COMPOUND 14,1.92,0.2267,1,1,A,,A1KEY;HOH,1,A1KEY,A1KEY,"7-methyl-~{N}-[(4-methylphenyl)methyl]-[1,2,4]triazolo[4,3-a]pyrimidin-5-amine",C14 H15 N5,253.302,19,,,,HOH,INCLUDE,
15,32RZ,2026-08-05,CRYSTAL STRUCTURE OF BRD4-BD1 IN COMPLEX WITH COMPOUND 15,1.85,0.2062,1,1,A,,A1KEW;HOH,1,A1KEW,A1KEW,"~{N}-(1-ethyl-2-oxidanylidene-3,4-dihydroquinolin-6-yl)ethanamide",C13 H16 N2 O2,232.278,17,,,,HOH,INCLUDE,
16,32SB,2026-08-05,CRYSTAL STRUCTURE OF BRD4-BD1 IN COMPLEX WITH COMPOUND 16,1.81,0.2355,1,1,A,,A1KEX;HOH,1,A1KEX,A1KEX,"(7~{R})-2-azanyl-8-cyclopentyl-5,7-dimethyl-7~{H}-pteridin-6-one",C13 H19 N5 O,261.323,19,,,,HOH,INCLUDE,
17,32SC,2026-08-05,CRYSTAL STRUCTURE OF BRD4-BD1 IN COMPLEX WITH COMPOUND 8,1.25,0.1901,1,1,A,,A1IGX;HOH,1,A1IGX,A1IGX,"3-methyl-~{N}-(2-phenylethyl)-[1,2,4]triazolo[4,3-b]pyridazin-6-amine",C14 H15 N5,253.302,19,,,,HOH,INCLUDE,
18,32SN,2026-08-05,CRYSTAL STRUCTURE OF BRD4-BD1 IN COMPLEX WITH COMPOUND 13,2.1,0.2835,1,1,A,,KC3;HOH,1,KC3,KC3,"3-methyl-6-(4-methylpiperidin-1-yl)-[1,2,4]triazolo[4,3-b]pyridazine",C12 H17 N5,231.297,17,,,,HOH,RESERVE,r_free_above_0.28
19,35WF,2026-08-05,Crystal structure of CHK1 in complex with prexasertib,1.68,0.2043,1,1,A,,A1DNH;PEG;GOL;EOH;EDO;HOH,1,A1DNH,A1DNH,prexasertib,C18 H19 N7 O2,365.389,27,,,,PEG;GOL;EOH;EDO;HOH,INCLUDE,
20,35WG,2026-08-05,Crystal structure of CHK1 in complex with BBI-355,1.97,0.2068,1,1,A,,A1DNI;EDO;HOH,1,A1DNI,A1DNI,"5-{[(5M)-5-(4-{[(1R,3S)-3-aminocyclopentyl]oxy}-2-methoxy-6-methylpyridin-3-yl)-1H-pyrazol-3-yl]amino}pyrazine-2-carbonitrile",C20 H22 N8 O2,406.441,30,,,,EDO;HOH,INCLUDE,
21,43NO,2026-08-05,Crystal structure of a de novo-designed Binder targeting VEGFA,2.3,0.2575,2,8,A;B;C;D;E;F;G;H,,GOL;HOH,0,,,,,,,,,,GOL;HOH,EXCLUDE,no_druglike_organic_ligand;multiple_protein_chains_8
22,9HZ9,2026-08-05,Crystal structure of human carbonic anhydrase XII mimic in complex with sonepiprazole,1.8,0.1954,1,1,AAA,,DMS;ZN;A1IS9;HOH,1,A1IS9,A1IS9,Sonepiprazole,C21 H27 N3 O3 S,401.522,28,,,ZN,DMS;HOH,RESERVE,metal_present
23,9PSJ,2026-08-05,Crystal structure of BAF60A (SMARCD1) apo containing partial coiled coil and the YEATS-like domain with topologically-linked SWIB,2.09,0.2658,1,1,A,,PEG;HOH,0,,,,,,,,,,PEG;HOH,EXCLUDE,no_druglike_organic_ligand
24,9PSL,2026-08-05,Co-crystal structure of BAF60A (SMARCD1) in complex with PU.1 peptide,2.39,0.28356,2,8,A;B;C;D;E;F;G;H,,EDO;SO4;HOH,0,,,,,,,,,,EDO;SO4;HOH,EXCLUDE,no_druglike_organic_ligand;multiple_protein_chains_8
25,9PSQ,2026-08-05,Co-crystal structure of BAF60A (SMARCD1) bound to PPSC-001,2.31,0.25757,1,1,A,,A1CLC;HOH,1,A1CLC,A1CLC,"(4M)-4-(3-bromophenyl)-2-methyl-N-(6-methylpyridin-2-yl)-5-oxo-5,6,7,8-tetrahydroquinoline-3-carboxamide",C23 H20 Br N3 O2,450.328,29,,,,HOH,INCLUDE,
26,9PSR,2026-08-05,Co-crystal structure of BAF60A (SMARCD1) bound to PPSC-002,2.21,0.28452,1,1,A,,A1CK9;HOH,1,A1CK9,A1CK9,"methyl 4-[(2-methyl-6,7-dihydro-1H-[1,4]dioxino[2,3-f][1,3]benzimidazol-1-yl)methyl]benzoate",C19 H18 N2 O4,338.357,25,,,,HOH,RESERVE,r_free_above_0.28
27,9PTE,2026-08-05,Stabilized Y188N variant of the internal UBA Domain of HHR23A in the P1 21 1 space group,1.15,0.1633,1,2,A;B,,SO4;HOH,0,,,,,,,,,,SO4;HOH,EXCLUDE,no_druglike_organic_ligand;multiple_protein_chains_2
28,9PVN,2026-08-05,Human malic enzyme 3 complex with inhibitor NPD-389 at 1.82 Angstrom.,1.82,0.2075,1,2,A;B,,MG;NAP;A1AE5;EDO;HOH,1,A1AE5,A1AE5,"2~3~,2~6~-dihydroxy-1~4~,3~4~-dimethoxy[1~1~,2~1~:2~4~,3~1~-terphenyl]-2~2~,2~5~-dione",C20 H16 O6,352.337,26,,NAP,MG,EDO;HOH,RESERVE,multiple_protein_chains_2;cofactor_present;metal_present
29,9S81,2026-08-05,Crystal structure of the LEDGF PWWP domain,1.63,0.26951,1,3,A;B;C,,CXS;HOH,1,CXS,CXS,3-CYCLOHEXYL-1-PROPYLSULFONIC ACID,C9 H19 N O3 S,221.317,14,,,,HOH,RESERVE,multiple_protein_chains_3
30,9S83,2026-08-05,Crystal structure of de novo designed binder JUBO4 and the LEDGF PWWP domain,2.1,0.23127,2,2,A;B,,EDO;HOH,0,,,,,,,,,,EDO;HOH,EXCLUDE,no_druglike_organic_ligand;multiple_protein_chains_2
31,9TWB,2026-08-05,Crystal structure of BRAF(val600):MEK1(pS222) complex with asymmetric dimer interface bound to ADP,2.45,0.2646,2,4,A;B;C;D,,ADP;CA;GOL;NA;HOH,0,,,,,,,ASN;PHE;SEP,ADP,CA;NA,GOL;HOH,EXCLUDE,no_druglike_organic_ligand;multiple_protein_chains_4;cofactor_present;metal_present
32,9TXU,2026-08-05,Catalytic domain of human tankyrase 2 in complex with a dual-site inhibitor,2.35,0.2353,2,4,A;B;C;D,,ZN;SO4;A1JXX;HOH,1,A1JXX,A1JXX,~{N}-(2-methoxyphenyl)-4-[[3-[(4-oxidanylidene-3~{H}-quinazolin-2-yl)amino]cyclobutyl]carbonylamino]benzamide,C27 H25 N5 O4,483.519,36,,,ZN,SO4;HOH,RESERVE,multiple_protein_chains_4;metal_present
33,9TXW,2026-08-05,Catalytic domain of human tankyrase 2 in complex with benzamide adenine dinucleotide (BAD),2.3,0.2413,2,4,A;B;C;D,,ZN;SO4;DQV;HOH,1,DQV,DQV,"[(2R,3S,4R,5R)-5-(6-amino-9H-purin-9-yl)-3,4-dihydroxytetrahydrofuran-2-yl]methyl [(2R,3S,4R,5S)-5-(3-carbamoylphenyl)-3,4-dihydroxytetrahydrofuran-2-yl]methyl dihydrogen diphosphate (non-preferred name)",C22 H28 N6 O14 P2,662.437,44,,,ZN,SO4;HOH,RESERVE,multiple_protein_chains_4;metal_present
34,9W2L,2026-08-05,Crystal structure of FGFR2 with a macrocyclic compound XS9001,2.1,0.2623,1,2,A;B,,A1EVI;GOL;SO4;HOH,1,A1EVI,A1EVI,XS9001,C24 H24 N6 O4,460.485,34,,,,GOL;SO4;HOH,RESERVE,multiple_protein_chains_2
35,9W3M,2026-08-05,The structures of human dihydroorotate dehydrogenase with inhibitor HL-008,1.86,0.226,1,1,A,,FMN;ORO;A1EUS;SO4;HOH,2,ORO;A1EUS,,,,,,,FMN,,SO4;HOH,MANUAL_REVIEW,multiple_candidate_ligands;cofactor_present
36,9X2H,2026-08-05,AARS1 bound with XY353,1.9,0.2646,1,1,A,,A1EYX;GOL;HOH,1,A1EYX,A1EYX,"~{N}-(5-chloranyl-1,3-thiazol-2-yl)ethanamide",C5 H5 Cl N2 O S,176.624,10,A1EYX;CYS,,,GOL;HOH,EXCLUDE,candidate_may_be_covalent
37,9X2I,2026-08-05,AARS1 bound with XY353-1,1.86,0.2389,1,1,A,,A1EYY;GOL;HOH,1,A1EYY,A1EYY,"~{N}-(5-chloranyl-1,3-thiazol-2-yl)-~{N}-methyl-ethanamide",C6 H7 Cl N2 O S,190.651,11,A1EYY;CYS,,,GOL;HOH,EXCLUDE,candidate_may_be_covalent
38,9X2J,2026-08-05,AARS1 bound with Gly-SA.,1.93,0.2242,1,1,A,,G5A;GOL;MG;HOH,1,G5A,G5A,5'-O-(glycylsulfamoyl)adenosine,C12 H17 N7 O7 S,403.371,27,,,MG,GOL;HOH,RESERVE,metal_present
39,9X2K,2026-08-05,AARS1 bound with XY353 and Gly-SA,1.71,0.2176,1,1,A,,G5A;A1EYX;GOL;HOH,2,G5A;A1EYX,,,,,,A1EYX;CYS,,,GOL;HOH,MANUAL_REVIEW,multiple_candidate_ligands
40,9YBR,2026-08-05,Binding Sites in the ARID1B DNA Binding Domain,1.45,0.161,1,1,A,,EDO;HOH,0,,,,,,,,,,EDO;HOH,EXCLUDE,no_druglike_organic_ligand
41,9YBS,2026-08-05,ARID1B ARID bound to compound A-1 (5-(hex-1-yn-1-yl)pyridine-3-carboxylic acid),1.49,0.2023,1,1,A,,A1CT6;HOH,1,A1CT6,A1CT6,5-(hex-1-yn-1-yl)pyridine-3-carboxylic acid,C12 H13 N O2,203.237,15,,,,HOH,INCLUDE,
42,9YBT,2026-08-05,ARID1B ARID bound to compound A-2 (5-(hex-1-yn-1-yl)-3-methylpyridin-2(1H)-one),1.44,0.1799,1,1,A,,A1CT7;HOH,1,A1CT7,A1CT7,5-(hex-1-yn-1-yl)-3-methylpyridin-2(1H)-one,C12 H15 N O,189.254,14,,,,HOH,INCLUDE,
43,9YBU,2026-08-05,ARID1B ARID bound to compound A-3 (5-(phenylethynyl)pyridine-3-carboxylic acid),1.61,0.2078,1,1,A,,KVD;HOH,1,KVD,KVD,5-(phenylethynyl)pyridine-3-carboxylic acid,C14 H9 N O2,223.227,17,,,,HOH,INCLUDE,
44,9YBV,2026-08-05,"ARID1B ARID bound to compound A-4 (N-[(5-methylthiophen-2-yl)methyl]-7,8-dihydro-5H-pyrano[4,3-b]pyridin-3-amine)",1.2,0.2063,1,1,A,,A1CT9;HOH,1,A1CT9,A1CT9,"N-[(5-methylthiophen-2-yl)methyl]-7,8-dihydro-5H-pyrano[4,3-b]pyridin-3-amine",C14 H16 N2 O S,260.355,18,GLU;MSE;PHE,,,HOH,INCLUDE,
45,9YBW,2026-08-05,"ARID1B ARID bound to compound B-2 ((2M)-2'-(morpholin-4-yl)-6-oxo-4-(trifluoromethyl)-1,6-dihydro[2,3'-bipyridine]-5-carbonitrile)",1.88,0.2451,1,1,A,,ZN;ACT;A1CUA;HOH,1,A1CUA,A1CUA,"(2M)-2'-(morpholin-4-yl)-6-oxo-4-(trifluoromethyl)-1,6-dihydro[2,3'-bipyridine]-5-carbonitrile",C16 H13 F3 N4 O2,350.295,25,,,ZN,ACT;HOH,RESERVE,metal_present
46,9YBX,2026-08-05,"ARID1B ARID bound to compound C-1 (5-fluoro-2-(1H-pyrrolo[2,3-b]pyridine-3-sulfonamido)benzoic acid)",1.45,0.1905,1,1,A,,A1CT8;HOH,1,A1CT8,A1CT8,"5-fluoro-2-(1H-pyrrolo[2,3-b]pyridine-3-sulfonamido)benzoic acid",C14 H10 F N3 O4 S,335.31,23,,,,HOH,INCLUDE,
47,24KJ,2026-07-29,Crystal structure of second bromodomain (BD2) of human BRD2 in complex with 2PE and P6G,1.8,0.1987,1,1,A,,2PE;P6G;HOH,2,2PE;P6G,,,,,,,,,HOH,MANUAL_REVIEW,multiple_candidate_ligands
48,24KK,2026-07-29,Crystal structure of the second bromodomain (BD2) of human BRD2 in complex with Mefanamic acid,1.2,0.195,1,1,A,,ID8;HOH,1,ID8,ID8,"2-[(2,3-DIMETHYLPHENYL)AMINO]BENZOIC ACID",C15 H15 N O2,241.285,18,,,,HOH,INCLUDE,
49,24KM,2026-07-29,Crystal structure of the first bromodomain (BD1) of human BRD4 in complex with Nimesulide,1.86,0.255,1,1,A,,NIM;HOH,1,NIM,NIM,4-NITRO-2-PHENOXYMETHANESULFONANILIDE,C13 H12 N2 O5 S,308.31,21,,,,HOH,INCLUDE,
50,24KN,2026-07-29,Crystal structure of the second bromodomain (BD2) of human BRD2 in complex with Nimesulide,1.69,0.2089,1,1,A,,NIM;HOH,1,NIM,NIM,4-NITRO-2-PHENOXYMETHANESULFONANILIDE,C13 H12 N2 O5 S,308.31,21,,,,HOH,INCLUDE,
51,28MB,2026-07-29,Structure of Human Aldehyde oxidase under TCEP-reducing conditions,2.307,0.2409,1,2,A;B,,FES;FAD;MLI;MTE;MOS;GOL;HOH,1,MTE,MTE,"PHOSPHONIC ACIDMONO-(2-AMINO-5,6-DIMERCAPTO-4-OXO-3,7,8A,9,10,10A-HEXAHYDRO-4H-8-OXA-1,3,9,10-TETRAAZA-ANTHRACEN-7-YLMETHYL)ESTER",C10 H14 N5 O6 P S2,395.352,24,,FAD,,FES:no_carbon;MLI:heavy_atoms_7;MOS:no_carbon;GOL;HOH,RESERVE,multiple_protein_chains_2;cofactor_present
52,29RX,2026-07-29,Crystal structure of JAK2 JH1 in complex with ADP,1.8,0.3496,1,3,A;B;C,,ADP;MG;NA;HOH,0,,,,,,,GLU;LYS;PTR,ADP,MG;NA,HOH,EXCLUDE,no_druglike_organic_ligand;multiple_protein_chains_3;cofactor_present;metal_present
53,31HP,2026-07-29,Crystal structure of tau tubulin kinase 2 (TTBK2) in complex with compound 62,1.5,0.186964775621,1,1,A,,A1J95;EDO;HOH,1,A1J95,A1J95,"~{N}-[4-(furan-2-yl)phenyl]-7~{H}-pyrrolo[2,3-d]pyrimidin-4-amine",C16 H12 N4 O,276.293,21,,,,EDO;HOH,INCLUDE,
54,32QL,2026-07-29,Human TRIM21 PRYSPRY domain in complex with HGC6525,1.4,0.19696,1,1,A,,EDO;A1KED;HOH,1,A1KED,A1KED,~{N}-(cyclohexylmethyl)-4-(4-fluoranyl-2-methylsulfanyl-phenyl)-~{N}-methyl-2-methylsulfonyl-benzamide,C23 H28 F N O3 S2,449.602,30,,,,EDO;HOH,INCLUDE,
55,32QM,2026-07-29,Human TRIM21 PRYSPRY domain in complex with compound 5 (Z31),1.5,0.19636,1,1,A,,EDO;A1KEE;HOH,1,A1KEE,A1KEE,~{N}-[(1~{R})-1-cyclohexylethyl]-4-(4-fluoranyl-2-methylsulfanyl-phenyl)-~{N}-methyl-2-methylsulfonyl-benzamide,C24 H30 F N O3 S2,463.628,31,,,,EDO;HOH,INCLUDE,
56,32QN,2026-07-29,Human TRIM21 PRYSPRY domain in complex with compound 29 (Z37),1.8,0.22389,1,1,A,,EDO;A1KEF;HOH,1,A1KEF,A1KEF,"4-(4-fluoranyl-2-methylsulfanyl-phenyl)-~{N}-methyl-2-methylsulfonyl-~{N}-[[(1~{S},2~{R})-2-oxidanylcyclohexyl]methyl]benzamide",C23 H28 F N O4 S2,465.601,31,,,,EDO;HOH,INCLUDE,
57,32QO,2026-07-29,Human TRIM21 PRYSPRY domain in complex with compound 28 (Z38),1.3,0.15577,1,1,A,,A1KEG;EDO;HOH,1,A1KEG,A1KEG,"~{N}-[[(1~{S},2~{R})-2-azanylcyclohexyl]methyl]-4-(4-fluoranyl-2-methylsulfanyl-phenyl)-~{N}-methyl-2-methylsulfonyl-benzamide",C23 H29 F N2 O3 S2,464.616,31,,,,EDO;HOH,INCLUDE,
58,32QP,2026-07-29,Human TRIM21 PRYSPRY domain in complex with PRLX-93936,2.1,0.2371,1,1,A,,A1KEH;HOH,1,A1KEH,A1KEH,3-(2-ethoxyphenyl)-2-(piperazin-1-ylmethyl)quinazolin-4-one,C21 H24 N4 O2,364.441,27,,,,HOH,INCLUDE,
59,32QR,2026-07-29,Human TRIM21 PRYSPRY domain in complex with BMS-214662,2.1,0.20152,1,1,A,,EDO;BMV;HOH,1,BMV,BMV,"3-BENZYL-1-(1H-IMIDAZOL-4-YLMETHYL)-4-(THIEN-2-YLSULFONYL)-2,3,4,5-TETRAHYDRO-1H-1,4-BENZODIAZEPINE-7-CARBONITRILE",C25 H23 N5 O2 S2,489.612,34,,,,EDO;HOH,INCLUDE,
60,32QT,2026-07-29,Human NUP98 APD (SG P21),1.47,0.20728,1,1,A,,EDO;HOH,0,,,,,,,,,,EDO;HOH,EXCLUDE,no_druglike_organic_ligand
61,32QU,2026-07-29,Human NUP98 APD (SG P41212),1.5,0.2055,1,1,A,,EDO;NA;HOH,0,,,,,,,,,NA,EDO;HOH,EXCLUDE,no_druglike_organic_ligand;metal_present
62,32RM,2026-07-29,Crystal structure of the human SPRY domain-containing SOCS box protein SPSB4 - Apo,1.55,0.2115,1,1,A,,FLC;CL;HOH,1,FLC,FLC,CITRATE ANION,C6 H5 O7 -3,189.1,13,,,,CL;HOH,INCLUDE,
63,9I0B,2026-07-29,E3 ubiquitin ligase CBL-B in complex with inhibitor,1.661,0.2801,1,1,A,,A1IZF;ZN;NA;HOH,1,A1IZF,A1IZF,"3-[3-[3-methyl-1-(4-methyl-1,2,4-triazol-3-yl)cyclobutyl]phenyl]-5-(trifluoromethyl)-1~{H}-pyrazin-2-one",C19 H18 F3 N5 O,389.374,28,,,ZN;NA,HOH,RESERVE,r_free_above_0.28;metal_present
64,9I0C,2026-07-29,E3 ubiquitin ligase CBL-B in complex with inhibitor,2.123,0.2539,1,1,A,,A1IZE;ZN;NA;HOH,1,A1IZE,A1IZE,"1-[3-[3-methyl-1-(4-methyl-1,2,4-triazol-3-yl)cyclobutyl]phenyl]-5-(trifluoromethyl)pyridin-2-one",C20 H19 F3 N4 O,388.386,28,,,ZN;NA,HOH,RESERVE,metal_present
65,9NQX,2026-07-29,Human Neu2 Sialidase Engineered for Better Half-Life,1.89,0.27057,1,3,A;B;C,,DAN;CL;EDO;HOH,1,DAN,DAN,"2-DEOXY-2,3-DEHYDRO-N-ACETYL-NEURAMINIC ACID",C11 H17 N O8,291.255,20,,,,CL;EDO;HOH,RESERVE,multiple_protein_chains_3
66,9NTP,2026-07-29,EGFR kinase domain (T790MV948R) in complex with a strain-release covalent inhibitor,1.55,0.2016,1,1,A,,EDO;A1B6E;HOH,1,A1B6E,A1B6E,N-[4-(3-chloro-4-fluoroanilino)-7-{[(3S)-oxolan-3-yl]oxy}quinazolin-6-yl]cyclobutanesulfonamide,C22 H22 Cl F N4 O4 S,492.951,33,A1B6E;CYS,,,EDO;HOH,EXCLUDE,candidate_may_be_covalent
67,9OPK,2026-07-29,"Crystal structure of IRAK4 with compound 1, an analog of KT-474 TBM",2.05,0.2063,1,4,A;B;C;D,,A1CDD;EDO;GOL;HOH,1,A1CDD,A1CDD,"(8R)-N-[3-(difluoromethyl)-1-methyl-1H-pyrazol-4-yl]-5-(piperazin-1-yl)pyrazolo[1,5-a]pyrimidine-3-carboxamide",C16 H18 F2 N8 O,376.364,27,ARG;GLN;MET;SEP;TPO;VAL,,,EDO;GOL;HOH,RESERVE,multiple_protein_chains_4
68,9PQU,2026-07-29,MIF Y98C homotrimeric mutant,1.7,0.2023,1,3,A;B;C,,GOL;SO4;HOH,0,,,,,,,,,,GOL;SO4;HOH,EXCLUDE,no_druglike_organic_ligand;multiple_protein_chains_3
69,9RZO,2026-07-29,Recombinant human butyrylcholinesterase in complex with 3-(1H-indol-3-yl)-N-methyl-N-phenethylpropan-1-amine,2.5,0.2124,1,1,A,,MES;SO4;GOL;NAG;SIA;A1JKA;HOH,1,A1JKA,A1JKA,3-(1~{H}-indol-3-yl)-~{N}-methyl-~{N}-(2-phenylethyl)propan-1-amine,C20 H24 N2,292.418,22,ASN;FUC;NAG,,,MES;SO4;GOL;NAG;SIA;HOH,INCLUDE,
70,9RZP,2026-07-29,"Recombinant human butyrylcholinesterase in complex with 2-(3-(1H-indol-3-yl)propyl)-1,2,3,4-tetrahydroisoquinoline",2.39,0.2541,1,1,A,,NAG;GOL;A1JJ9;PPI;SO4;HOH,1,A1JJ9,A1JJ9,"2-[3-(1~{H}-indol-3-yl)propyl]-3,4-dihydro-1~{H}-isoquinoline",C20 H22 N2,290.402,22,ASN;FUC;NAG,,,NAG;GOL;PPI:heavy_atoms_5;SO4;HOH,INCLUDE,
71,9SI2,2026-07-29,Human DDR1 in complex with a pyrrolidine inhibitor,2.12,0.2573,1,1,A,,A1JN1;CL;B3P;HOH,2,A1JN1;B3P,,,,,,,,,CL;HOH,MANUAL_REVIEW,multiple_candidate_ligands
72,9T1U,2026-07-29,JAK2-ruxolitinib complex with a phosphorylated activation loop,1.65,0.1926,1,1,A,,RXT;MLI;NA;HOH,1,RXT,RXT,"(3R)-3-cyclopentyl-3-[4-(7H-pyrrolo[2,3-d]pyrimidin-4-yl)-1H-pyrazol-1-yl]propanenitrile",C17 H18 N6,306.365,23,GLU;LYS;PTR,,NA,MLI:heavy_atoms_7;HOH,RESERVE,metal_present
73,9T1Z,2026-07-29,JAK2-ruxolitinib complex with an unphosphorylated activation loop,2.2,0.2715,1,1,A,,RXT;NA;HOH,1,RXT,RXT,"(3R)-3-cyclopentyl-3-[4-(7H-pyrrolo[2,3-d]pyrimidin-4-yl)-1H-pyrazol-1-yl]propanenitrile",C17 H18 N6,306.365,23,,,NA,HOH,RESERVE,metal_present
74,9T20,2026-07-29,JAK2-ruxolitinib complex with Y1007F and Y1008F mutations in the activation loop,2.2,0.284,1,1,A,,RXT;NA;HOH,1,RXT,RXT,"(3R)-3-cyclopentyl-3-[4-(7H-pyrrolo[2,3-d]pyrimidin-4-yl)-1H-pyrazol-1-yl]propanenitrile",C17 H18 N6,306.365,23,,,NA,HOH,RESERVE,r_free_above_0.28;metal_present
75,9TM5,2026-07-29,Crystal structure of JAK2 JH1 in complex with AT9283,1.45,0.1982,1,1,A,,35R;NA;HOH,1,35R,35R,1-cyclopropyl-3-{3-[5-(morpholin-4-ylmethyl)-1H-benzimidazol-2-yl]-1H-pyrazol-4-yl}urea,C19 H23 N7 O2,381.432,28,GLU;LYS;PTR,,NA,HOH,RESERVE,metal_present
76,9UNY,2026-07-29,Natural product inhibitor of glyceraldehyde-3-phosphate dehydrogenase(GAPDH),1.87,0.2819,1,4,A;B;C;P,,EPE;ARF;A1EP4;NA;ACT;HOH,2,EPE;A1EP4,,,,,,,,NA,ARF:heavy_atoms_3;ACT;HOH,MANUAL_REVIEW,multiple_candidate_ligands;multiple_protein_chains_4;metal_present
77,9VZG,2026-07-29,Harnessing Noncovalent Dimerization Enables an Orally Active STING Agonist for Respiratory Syncytial Virus Therapy,1.74,0.2356,1,1,A,,A1EUO;HOH,1,A1EUO,A1EUO,"(1~{R},2~{S})-2-[(3-fluoranyl-5,6-dimethoxy-1-benzoselenophen-2-yl)carbonyl]cyclobutane-1-carboxylic acid",C16 H15 F O5 Se,385.246,23,,,,HOH,INCLUDE,
78,9W1A,2026-07-29,Crystal structure of FGFR1 with a macrocyclic compound XS8148,1.96,0.2448,1,2,A;B,,A1EUM;SO4;HOH,1,A1EUM,A1EUM,XS8148,C23 H22 N8 O3,458.473,34,,,,SO4;HOH,RESERVE,multiple_protein_chains_2
79,9W27,2026-07-29,Structure of a human heavy chain ferritin nanocage,1.85,0.2554,1,1,A,,MG;HOH,0,,,,,,,,,MG,HOH,EXCLUDE,no_druglike_organic_ligand;metal_present
80,9WDD,2026-07-29,Crystal structure of NAMPT-KPT-7523 complex,1.45,0.1936,1,2,A;B,,A1MBG;HOH,1,A1MBG,A1MBG,"(~{E})-3-(6-azanylpyridin-3-yl)-~{N}-[[(2~{S})-7-chloranyl-5-(4-piperazin-1-ylcarbonylphenyl)-2,3-dihydro-1-benzofuran-2-yl]methyl]prop-2-enamide",C28 H28 Cl N5 O3,518.007,37,,,,HOH,RESERVE,multiple_protein_chains_2
81,9WDF,2026-07-29,Crystal structure of PAK4-KPT-7523 complex,2.2,0.2548,1,12,A;B;C;D;E;F;G;H;I;J;K;L,,A1MBG;HOH,1,A1MBG,A1MBG,"(~{E})-3-(6-azanylpyridin-3-yl)-~{N}-[[(2~{S})-7-chloranyl-5-(4-piperazin-1-ylcarbonylphenyl)-2,3-dihydro-1-benzofuran-2-yl]methyl]prop-2-enamide",C28 H28 Cl N5 O3,518.007,37,LEU;LYS;SEP,,,HOH,RESERVE,multiple_protein_chains_12
82,9YCQ,2026-07-29,First Bromodomain of BRDT liganded with inhibitor GXH-IV-076 (compound 33),1.4,0.2036,1,2,A;B,,ZNJ;EDO;CL;HOH,1,ZNJ,ZNJ,N-{3-[(2-{3-fluoro-4-[(piperidin-4-yl)carbamoyl]anilino}-5-methylpyrimidin-4-yl)amino]-5-[(2-methylpropane-2-sulfonyl)amino]benzoyl}-L-glutamic acid,C33 H41 F N8 O8 S,728.791,51,,,,EDO;CL;HOH,RESERVE,multiple_protein_chains_2
83,9Z6D,2026-07-29,Crystal structure of LIMK1 mutant D460N bound to small molecule inhibitor cLIMK1i,1.94,0.2279,1,2,A;B,,A1C13;HOH,1,A1C13,A1C13,"N-(3'-methyl-5'-{[4-(trifluoromethyl)pyrimidin-2-yl]amino}[1,1'-biphenyl]-4-yl)prop-2-enamide",C21 H17 F3 N4 O,398.381,29,,,,HOH,RESERVE,multiple_protein_chains_2
84,36TD,2026-07-22,Crystal Structure of IDH2 (R172K) in complex with covalent inhibitor LY3410738,2.0,0.241,1,2,A;B,,A1DLL;NAP;HOH,1,A1DLL,A1DLL,"7-{[(1S)-1-{4-[(1S)-2-cyclopropyl-1-(4-propanoylpiperazin-1-yl)ethyl]phenyl}ethyl]amino}-1-ethyl-1,4-dihydro-2H-pyrimido[4,5-d][1,3]oxazin-2-one",C28 H38 N6 O3,506.64,37,A1DLL;CYS,NAP,,HOH,EXCLUDE,candidate_may_be_covalent;multiple_protein_chains_2;cofactor_present
85,36UI,2026-07-22,Crystal Structure of IDH2 (R140Q) in complex with covalent inhibitor LY3410738,2.2,0.2472,1,2,A;B,,A1DLL;NAP;HOH,1,A1DLL,A1DLL,"7-{[(1S)-1-{4-[(1S)-2-cyclopropyl-1-(4-propanoylpiperazin-1-yl)ethyl]phenyl}ethyl]amino}-1-ethyl-1,4-dihydro-2H-pyrimido[4,5-d][1,3]oxazin-2-one",C28 H38 N6 O3,506.64,37,A1DLL;CYS,NAP,,HOH,EXCLUDE,candidate_may_be_covalent;multiple_protein_chains_2;cofactor_present
86,36UJ,2026-07-22,Crystal Structure of IDH1 (R132H) in complex with covalent inhibitor LY3410738,2.442,0.2572,1,2,A;B,,CL;A1DLL;SO4;HOH,1,A1DLL,A1DLL,"7-{[(1S)-1-{4-[(1S)-2-cyclopropyl-1-(4-propanoylpiperazin-1-yl)ethyl]phenyl}ethyl]amino}-1-ethyl-1,4-dihydro-2H-pyrimido[4,5-d][1,3]oxazin-2-one",C28 H38 N6 O3,506.64,37,A1DLL;CYS,,,CL;SO4;HOH,EXCLUDE,candidate_may_be_covalent;multiple_protein_chains_2
87,9HXY,2026-07-22,Variant T321A of Orotidine 5'-monophosphate decarboxylase-domain of human UMPS in resting state,1.6,0.1766,1,1,A,,SO4;HOH,0,,,,,,,CSS;HIS;LYS,,,SO4;HOH,EXCLUDE,no_druglike_organic_ligand
88,9HZA,2026-07-22,"SMAD4 MH2, residues 272-552",2.03,0.2131,1,3,A;B;C,,SO4;PGE;EDO;HOH,0,,,,,,,,,,SO4;PGE;EDO;HOH,EXCLUDE,no_druglike_organic_ligand;multiple_protein_chains_3
89,9PNX,2026-07-22,Crystal structure of anti-IL2Rgamma VH3-20 domain,1.35,0.2099,1,1,H,,CA;HOH,0,,,,,,,,,CA,HOH,EXCLUDE,no_druglike_organic_ligand;metal_present
90,9RVK,2026-07-22,Crystal structure of Aurora-A bound to DBL5,1.789,0.2383,2,2,A;B,,CL;ADP;GOL;MPD;HOH,0,,,,,,,,ADP,,CL;GOL;MPD;HOH,EXCLUDE,no_druglike_organic_ligand;multiple_protein_chains_2;cofactor_present
91,9RXU,2026-07-22,RAPTA-C (Ruthenium[II]-cymene-phosphaadamantane) cancer drug binding to the nucleosome core,2.3,0.2556,4,8,A;B;C;D;E;F;G;H,,SO4;MG;A1JKP;HOH,1,A1JKP,A1JKP,Ruthenium[II]-cymene-phosphaadamantane,C16 H23 N3 P Ru,389.418,21,,,MG,SO4;HOH,RESERVE,multiple_protein_chains_8;metal_present
92,9RY5,2026-07-22,Transthyretin bivalent stabiliser complex,1.24,0.20503,1,2,A;B,,A1JKR;HOH,1,A1JKR,A1JKR,2-[[4-[3-[3-[4-[(2-carboxyphenyl)amino]-2-chloranyl-phenoxy]propyl-(2-hydroxyethyl)amino]propoxy]-3-chloranyl-phenyl]amino]benzoic acid,C34 H35 Cl2 N3 O7,668.564,46,,,,HOH,RESERVE,multiple_protein_chains_2
93,9S0K,2026-07-22,Crystal structure of Aurora-A bound to DBL1,2.362,0.2498,2,2,A;B,,ADP;MG;HOH,0,,,,,,,,ADP,MG,HOH,EXCLUDE,no_druglike_organic_ligand;multiple_protein_chains_2;cofactor_present;metal_present
94,9S0W,2026-07-22,Crystal structure of Aurora-A bound to DBL3,2.07,0.2669,2,2,A;B,,ADP;HOH,0,,,,,,,,ADP,,HOH,EXCLUDE,no_druglike_organic_ligand;multiple_protein_chains_2;cofactor_present
95,9S14,2026-07-22,Crystal structure of Aurora-A bound to DBS1,2.0,0.228,2,2,A;B,,ADP;HOH,0,,,,,,,,ADP,,HOH,EXCLUDE,no_druglike_organic_ligand;multiple_protein_chains_2;cofactor_present
96,9S1G,2026-07-22,Crystal structure of Aurora-A bound to DBL6,2.355,0.2585,2,2,A;B,,ADP;MG;HOH,0,,,,,,,,ADP,MG,HOH,EXCLUDE,no_druglike_organic_ligand;multiple_protein_chains_2;cofactor_present;metal_present
97,9S61,2026-07-22,Crystal structure of Aurora-A bound to DBL8,2.369,0.2596,2,2,A;B,,ADP;HOH,0,,,,,,,,ADP,,HOH,EXCLUDE,no_druglike_organic_ligand;multiple_protein_chains_2;cofactor_present
98,9S7T,2026-07-22,Crystal structure of Aurora-A bound to DBS5,2.28,0.2313,2,4,A;B;C;D,,ADP;TAM;MG;CA;HOH,1,TAM,TAM,TRIS(HYDROXYETHYL)AMINOMETHANE,C7 H17 N O3,163.215,11,,ADP,MG;CA,HOH,RESERVE,multiple_protein_chains_4;cofactor_present;metal_present
99,9SNB,2026-07-22,human carbonic anhydrase II in complex with 4-(2-fluoro-4-sulfamoylphenyl)-N-(4-fluorophenyl)piperazine-1-carboxamide,1.75,0.1999,1,1,AAA,,GOL;EDO;ZN;A1JOU;HOH,1,A1JOU,A1JOU,4-(2-fluoranyl-4-sulfamoyl-phenyl)-~{N}-(4-fluorophenyl)piperazine-1-carboxamide,C17 H18 F2 N4 O3 S,396.412,27,,,ZN,GOL;EDO;HOH,RESERVE,metal_present
100,9SNC,2026-07-22,human carbonic anhydrase II in complex with N-(4-fluorophenyl)-4-(4-sulfamoylphenyl)piperazine-1-carboxamide,1.4,0.1759,1,1,AAA,,GOL;EDO;ZN;A1JOV;HOH,1,A1JOV,A1JOV,~{N}-(4-fluorophenyl)-4-(4-sulfamoylphenyl)pyrazine-1-carboxamide,C17 H19 F N4 O3 S,378.421,26,,,ZN,GOL;EDO;HOH,RESERVE,metal_present
101,9SV0,2026-07-22,Crystal structure of Aurora-A bound to DBS4,2.23,0.2493,2,4,A;B;C;D,,ADP;MPO;MG;PO4;HOH,1,MPO,MPO,3[N-MORPHOLINO]PROPANE SULFONIC ACID,C7 H15 N O4 S,209.263,13,,ADP,MG,PO4;HOH,RESERVE,multiple_protein_chains_4;cofactor_present;metal_present
102,9Y3K,2026-07-22,Crystal Structure of Human Ornithine Aminotransferase Pre-Inactivated by CPP115 (Tight Binding),2.15,0.2038,1,3,A;B;C,,RW2;HOH,1,RW2,RW2,"(1S)-4-[({3-hydroxy-2-methyl-5-[(phosphonooxy)methyl]pyridin-4-yl}methyl)amino]cyclopent-3-ene-1,3-dicarboxylic acid",C15 H19 N2 O9 P,402.293,27,,,,HOH,RESERVE,multiple_protein_chains_3
103,9Y3M,2026-07-22,Crystal Structure of Human Ornithine Aminotransferase Pre-inactivated by CPP115 (Covalent Inactivation),1.73,0.2069,1,3,A;B;C,,A1CR8;HOH,1,A1CR8,A1CR8,"(2S)-2-{(2Z)-2-[({6-methyl-5-oxo-3-[(phosphonooxy)methyl]-2,5-dihydropyridin-4-yl}methyl)imino]ethyl}pentanoic acid",C15 H23 N2 O7 P,374.326,25,A1CR8;LYS;THR,,,HOH,EXCLUDE,candidate_may_be_covalent;multiple_protein_chains_3
104,9Y53,2026-07-22,Crystal Structure of Human Ornithine Aminotransferase Soaked with CPP115,1.95,0.2184,1,3,A;B;C,,A1CSF;HOH,1,A1CSF,A1CSF,"(1S,4E)-3-(difluoromethylidene)-4-[({3-hydroxy-2-methyl-5-[(phosphonooxy)methyl]pyridin-4-yl}methyl)imino]cyclopentane-1-carboxylic acid",C15 H17 F2 N2 O7 P,406.275,27,,,,HOH,RESERVE,multiple_protein_chains_3
105,9Y9K,2026-07-22,HIV-1 Nef SF2 Core Domain Bound To The Human Hck SH3 Domain,2.34,0.284,2,2,A;B,,EDO;NO3;HOH,0,,,,,,,,,,EDO;NO3;HOH,EXCLUDE,no_druglike_organic_ligand;multiple_protein_chains_2
106,9YBH,2026-07-22,Anti HPA-1a Fab M-204 and integrin beta 3 complex,2.08,0.2441,3,3,A;H;L,,NAG;HOH,0,,,,,,,ASN;NAG,,,NAG;HOH,EXCLUDE,no_druglike_organic_ligand;multiple_protein_chains_3
107,9YMN,2026-07-22,Crystal Structure of human KRAS G12D in complex with GDP and compound 7,1.25,0.23448,1,1,A,,MG;GDP;A1CZE;HOH,1,A1CZE,A1CZE,"(4M)-2-amino-4-(6-chloro-4-[(1R,5S)-3,8-diazabicyclo[3.2.1]octan-8-yl]-8-fluoro-2-{[(2R,4R,7aS)-2-fluorotetrahydro-1H-pyrrolizin-7a(5H)-yl]methoxy}quinazolin-7-yl)-7-fluoro-1-benzothiophene-3-carbonitrile",C31 H29 Cl F3 N7 O S,640.121,44,,GDP,MG,HOH,RESERVE,cofactor_present;metal_present
108,9YMP,2026-07-22,Crystal Structure of human KRAS G12D in complex with GMPPCP and AM-2383,1.12,0.19574,1,1,A,,MG;GCP;A1AG3;EDO;SO4;HOH,2,GCP;A1AG3,,,,,,,,MG,EDO;SO4;HOH,MANUAL_REVIEW,multiple_candidate_ligands;metal_present
109,9YMQ,2026-07-22,Crystal Structure of human KRAS G12V in complex with GDP and AM-2383,1.2,0.21218,1,1,A,,MG;GDP;A1AG3;EDO;HOH,1,A1AG3,A1AG3,"(3R)-1-[(7P)-7-(8-ethyl-7-fluoro-3-hydroxynaphthalen-1-yl)-8-fluoro-2-{[(2R,4R,7aS)-2-fluorotetrahydro-1H-pyrrolizin-7a(5H)-yl]methoxy}pyrido[4,3-d]pyrimidin-4-yl]-3-methylpiperidin-3-ol",C33 H36 F3 N5 O3,607.666,44,,GDP,MG,EDO;HOH,RESERVE,cofactor_present;metal_present
110,9YMR,2026-07-22,Crystal Structure of human KRAS G12V in complex with GMPPCP and AM-2383,1.2,0.19383,1,1,A,,MG;GCP;A1AG3;EDO;HOH,2,GCP;A1AG3,,,,,,,,MG,EDO;HOH,MANUAL_REVIEW,multiple_candidate_ligands;metal_present
111,9Z4R,2026-07-22,Crystal structure of MAIT A-F7 TCR-MR1-compound 4 complex,2.08,0.2147,4,8,A;B;C;D;E;F;G;H,,A1C0R;GOL;NA;ACT;HOH,1,A1C0R,A1C0R,"1-[(6-acetyl-2-oxo-2,3-dihydropteridin-4-yl)amino]-1-deoxy-D-ribitol",C13 H17 N5 O6,339.304,24,A1C0R;LYS,,NA,GOL;ACT;HOH,EXCLUDE,candidate_may_be_covalent;multiple_protein_chains_8;metal_present
112,10DT,2026-07-15,Crystal Structure of Human Wild-Type Fgr SH3-SH2-Linker Domains.,1.8,0.207,1,1,A,,GOL;HOH,0,,,,,,,,,,GOL;HOH,EXCLUDE,no_druglike_organic_ligand
113,10FS,2026-07-15,Crystal Structure of Human Fgr SH3-SH2-High Affinity Linker Mutant 1 (HAL1) Domains.,1.3,0.1979,1,1,A,,GOL;PEG;HOH,0,,,,,,,,,,GOL;PEG;HOH,EXCLUDE,no_druglike_organic_ligand
114,10FV,2026-07-15,Crystal Structure of Human Fgr SH3-SH2-High Affinity Linker Mutant 2 (HAL2) Domains.,1.8,0.2331,1,1,A,,SO4;GOL;FLC;HOH,1,FLC,FLC,CITRATE ANION,C6 H5 O7 -3,189.1,13,CME;GLY;ILE,,,SO4;GOL;HOH,INCLUDE,
115,10GA,2026-07-15,Crystal Structure of Human Fgr SH3-SH2-High Affinity Linker Mutant 3 (HAL3) Domains.,1.6,0.1935,1,1,A,,GOL;HOH,0,,,,,,,CME;GLY;ILE,,,GOL;HOH,EXCLUDE,no_druglike_organic_ligand
116,10MN,2026-07-15,Crystal structure of human OGG1 (WT) in a product bound state in the presence of the agonist F51,2.1,0.2507,1,1,A,,A1C6R;A1C6S;HOH,1,A1C6R,A1C6R,"1-[(2S)-2-(benzyloxy)-2-(2,4-dichlorophenyl)ethyl]-1H-imidazole",C18 H16 Cl2 N2 O,347.238,23,A1C6T;DC,,,A1C6S:heavy_atoms_7;HOH,INCLUDE,
117,21ZX,2026-07-15,Crystal structure of Gephyrin E domain with PX-RICS peptide,2.2,0.2385,2,6,A;B;C;D;F;G,,GOL;ACT;HOH,0,,,,,,,,,,GOL;ACT;HOH,EXCLUDE,no_druglike_organic_ligand;multiple_protein_chains_6
118,27FM,2026-07-15,Crystal structure of human glyceraldehyde-3-phosphate dehydrogenase bound to gold(I),1.46,0.1667,1,4,A;B;C;D,,AU;ACT;HOH,0,,,,,,,,,AU,ACT;HOH,EXCLUDE,no_druglike_organic_ligand;multiple_protein_chains_4;metal_present
119,9HVS,2026-07-15,Orotidine 5'-monophosphate decarboxylase-domain of human UMPS in complex with 6-Ethyl UMP,1.3,0.1685,1,1,A,,UEP;SO4;PRO;HOH,1,UEP,UEP,6-ethyluridine 5'-phosphate,C11 H17 N2 O9 P,352.234,23,,,,SO4;PRO:heavy_atoms_8;HOH,INCLUDE,
120,9HVT,2026-07-15,Orotidine 5'-monophosphate decarboxylase-domain of human UMPS in complex with 6-isopropyl-UMP,1.3,0.17298,1,1,A,,A1IXW;SO4;PRO;HOH,1,A1IXW,A1IXW,"[(2~{R},3~{S},4~{R},5~{R})-5-[2,4-bis(oxidanylidene)-6-propan-2-yl-pyrimidin-1-yl]-3,4-bis(oxidanyl)oxolan-2-yl]methyl dihydrogen phosphate",C12 H19 N2 O9 P,366.261,24,CSS;HIS;LYS,,,SO4;PRO:heavy_atoms_8;HOH,INCLUDE,
121,9HVU,2026-07-15,Orotidine 5'-monophosphate decarboxylase-domain of human UMPS in complex with 6-Isopropenyl UMP,1.15,0.1717,1,2,A;B,,A1IXU;SO4;PRO;HOH,1,A1IXU,A1IXU,"[(2~{R},3~{S},4~{R},5~{R})-5-[2,4-bis(oxidanylidene)-6-prop-1-en-2-yl-pyrimidin-1-yl]-3,4-bis(oxidanyl)oxolan-2-yl]methyl dihydrogen phosphate",C12 H17 N2 O9 P,364.245,24,CSS;HIS;LYS,,,SO4;PRO:heavy_atoms_8;HOH,RESERVE,multiple_protein_chains_2
122,9HVV,2026-07-15,Orotidine 5'-monophosphate decarboxylase-domain of human UMPS in complex with 6-Methyl UMP,1.12,0.14619,1,1,A,,U6M;PRO;SO4;HOH,1,U6M,U6M,6-methyluridine 5'-(dihydrogen phosphate),C10 H15 N2 O9 P,338.208,22,CSS;HIS;LYS,,,PRO:heavy_atoms_8;SO4;HOH,INCLUDE,
123,9HW0,2026-07-15,Variant G450A of Orotidine 5'-monophosphate decarboxylase-domain of human UMPS in resting state,1.4,0.1928,1,1,A,,SO4;HOH,0,,,,,,,CSS;HIS;LYS,,,SO4;HOH,EXCLUDE,no_druglike_organic_ligand
124,9HW1,2026-07-15,Variant Q430A of Orotidine 5'-monophosphate decarboxylase-domain of human UMPS in complex with the product UMP at 1.06 Angstrom resolution,1.06,0.1553,1,1,A,,U5P;HOH,1,U5P,U5P,URIDINE-5'-MONOPHOSPHATE,C9 H13 N2 O9 P,324.181,21,CSS;HIS;LYS,,,HOH,INCLUDE,
125,9HW2,2026-07-15,Variant Q430N of Orotidine 5'-monophosphate decarboxylase-domain of human UMPS in resting state at 1.15 Angstrom resolution,1.15,0.1627,1,2,A;B,,SO4;HOH,0,,,,,,,CSS;HIS;LYS,,,SO4;HOH,EXCLUDE,no_druglike_organic_ligand;multiple_protein_chains_2
126,9HW3,2026-07-15,Variant Q430A of Orotidine 5'-monophosphate decarboxylase-domain of human UMPS in resting state at 1.31 Angstrom resolution,1.31,0.1932,1,2,A;B,,SO4;HOH,0,,,,,,,CSS;HIS;LYS,,,SO4;HOH,EXCLUDE,no_druglike_organic_ligand;multiple_protein_chains_2
127,9HW4,2026-07-15,Variant R313K of Orotidine 5'-monophosphate decarboxylase-domain of human UMPS in resting state,1.5,0.1767,1,1,A,,SO4;HOH,0,,,,,,,CSS;HIS;LYS,,,SO4;HOH,EXCLUDE,no_druglike_organic_ligand
128,9HW5,2026-07-15,Variant S257A of Orotidine 5'-monophosphate decarboxylase-domain of human UMPS in resting state,1.5,0.187,1,1,A,,SO4;HOH,0,,,,,,,CSS;HIS;LYS,,,SO4;HOH,EXCLUDE,no_druglike_organic_ligand
129,9HW7,2026-07-15,Variant Y432F of Orotidine 5'-monophosphate decarboxylase-domain of human UMPS in resting state at 1.3 Angstrom resolution,1.3,0.181,1,1,A,,SO4;HOH,0,,,,,,,CSS;HIS;LYS,,,SO4;HOH,EXCLUDE,no_druglike_organic_ligand
130,9HW8,2026-07-15,Variant H343A of Orotidine 5'-monophosphate decarboxylase-domain of human UMPS in complex with the product UMP,1.5,0.2171,1,2,A;B,,U5P;HOH,1,U5P,U5P,URIDINE-5'-MONOPHOSPHATE,C9 H13 N2 O9 P,324.181,21,CSS;HIS;LYS,,,HOH,RESERVE,multiple_protein_chains_2
131,9HWE,2026-07-15,"SMAD4 MH2, residues 314-552",1.7,0.1906,1,1,A,,EDO;SO4;HOH,0,,,,,,,,,,EDO;SO4;HOH,EXCLUDE,no_druglike_organic_ligand
132,9RHH,2026-07-15,Crystal structure of Kinase domain of HRI kinase,2.08,0.2322,1,2,A;B,,PEG;GOL;HOH,0,,,,,,,ALA;GLU;SEP,,,PEG;GOL;HOH,EXCLUDE,no_druglike_organic_ligand;multiple_protein_chains_2
133,9RSE,2026-07-15,Human CD1d with lipid antigen bound,1.76,0.2542,2,4,A;B;C;D,,AGH;1PE;HOH,1,AGH,AGH,"N-{(1S,2R,3S)-1-[(ALPHA-D-GALACTOPYRANOSYLOXY)METHYL]-2,3-DIHYDROXYHEPTADECYL}HEXACOSANAMIDE",C50 H99 N O9,858.322,60,,,,1PE;HOH,RESERVE,multiple_protein_chains_4
134,9RSF,2026-07-15,Macaque CD1d with lipid antigen bound,1.83,0.2171,2,4,A;B;C;D,,AGH;EDO;CL;HOH,1,AGH,AGH,"N-{(1S,2R,3S)-1-[(ALPHA-D-GALACTOPYRANOSYLOXY)METHYL]-2,3-DIHYDROXYHEPTADECYL}HEXACOSANAMIDE",C50 H99 N O9,858.322,60,,,,EDO;CL;HOH,RESERVE,multiple_protein_chains_4
135,9RTB,2026-07-15,Crystal structure of the adduct formed upon reaction of [V(IV)O(acetylacetonate)2] with human serum transferrin with Fe(III) bound at the C-lobe only,1.93,0.2349,1,1,AAA,,BCT;GOL;FE;MLI;A1JJT;HOH,0,,,,,,,,,FE,BCT:heavy_atoms_4;GOL;MLI:heavy_atoms_7;A1JJT:no_carbon;HOH,EXCLUDE,no_druglike_organic_ligand;metal_present
136,9RTF,2026-07-15,Crystal structure of the human serum transferrin with Fe(III) bound at the C-lobe only,2.16,0.2321,1,1,AAA,,FE;MLI;NAG;GOL;BCT;HOH,0,,,,,,,ASN;NAG,,FE,MLI:heavy_atoms_7;NAG;GOL;BCT:heavy_atoms_4;HOH,EXCLUDE,no_druglike_organic_ligand;metal_present
137,9RTP,2026-07-15,Crystal structure of NUDT7 in complex with a novel inhibitor,1.47,0.1797,1,1,A,,A1JJG;ACT;HOH,1,A1JJG,A1JJG,~{N}-(3-chlorophenyl)-2-[3-[(2~{S})-1-ethanoylpyrrolidin-2-yl]-4-methyl-phenyl]ethanamide,C21 H23 Cl N2 O2,370.873,26,A1JJG;CYS,,,ACT;HOH,EXCLUDE,candidate_may_be_covalent
138,9RTS,2026-07-15,Crystal structure of BRAF:MEK1(pS222) complex with asymmetric dimer interface bound to ADP,2.3,0.253,2,4,A;B;C;D,,ADP;CA;GOL;NA;HOH,0,,,,,,,ASN;PHE;SEP,ADP,CA;NA,GOL;HOH,EXCLUDE,no_druglike_organic_ligand;multiple_protein_chains_4;cofactor_present;metal_present
139,9RUD,2026-07-15,Crystal structure of UBE2J2 in complex with ubiquitin,2.32,0.24729,2,2,B;D,,NA;PG6;PG4;ACT;PEG;HOH,1,PG6,PG6,1-(2-METHOXY-ETHOXY)-2-{2-[2-(2-METHOXY-ETHOXY]-ETHOXY}-ETHANE,C12 H26 O6,266.331,18,,,NA,PG4;ACT;PEG;HOH,RESERVE,multiple_protein_chains_2;metal_present
140,9RUE,2026-07-15,Crystal Structure of the VS1-bound StARD3 Lipid-Binding Domain,2.088,0.2444,1,1,A,,TLA;A1JJL;HOH,2,TLA;A1JJL,,,,,,,,,HOH,MANUAL_REVIEW,multiple_candidate_ligands
141,9RUZ,2026-07-15,Crystal structure of human carbonic anhydrase II in complex with the inhibitor Aprocitentan,1.65,0.32847,1,1,A,,GOL;ZN;A1JJR;HOH,1,A1JJR,A1JJR,4-[2-(5-bromanylpyrimidin-2-yl)oxyethoxy]-5-(4-bromophenyl)-6-(sulfamoylamino)pyrimidine,C16 H14 Br2 N6 O4 S,546.193,29,,,ZN,GOL;HOH,RESERVE,r_free_above_0.28;metal_present
142,9SN0,2026-07-15,TKD of human Muscle Specific Kinase (MuSK),2.2,0.231,1,1,A,,SCN;NA;HOH,0,,,,,,,,,NA,SCN;HOH,EXCLUDE,no_druglike_organic_ligand;metal_present
143,9TF9,2026-07-15,PDGFRA-G680R mutant kinase domain in complex with avapritinib,2.2,0.2398,1,1,A,,9JI;HOH,1,9JI,9JI,Avapritinib,C26 H27 F N10,498.558,37,,,,HOH,INCLUDE,
144,9TFB,2026-07-15,"PDGFRA-G680R mutant kinase domain in complex with a 6,7-bis(2-methoxyethoxy)quinazoline-based compound (44)",2.0,0.2169,1,1,A,,A1JVS;HOH,1,A1JVS,A1JVS,"(1~{S})-1-[2-[4-[6,7-bis(2-methoxyethoxy)quinazolin-4-yl]piperazin-1-yl]pyrimidin-5-yl]-1-(4-fluorophenyl)ethanamine",C30 H36 F N7 O4,577.65,42,,,,HOH,INCLUDE,
145,9TFC,2026-07-15,PDGFRA-G680R mutant kinase domain in complex with a 7-methoxyquinazolin-6-ol-based compound (45),2.3,0.2448,1,1,A,,A1JVR;HOH,1,A1JVR,A1JVR,4-[4-[5-[(1~{S})-1-azanyl-1-(4-fluorophenyl)ethyl]pyrimidin-2-yl]piperazin-1-yl]-7-methoxy-quinazolin-6-ol,C25 H26 F N7 O2,475.518,35,,,,HOH,INCLUDE,
146,9TFD,2026-07-15,KIT kinase domain in complex with a pyrrolotriazine-based compound (11),1.65,0.2092,1,2,A;B,,A1JVQ;HOH,1,A1JVQ,A1JVQ,"6-(1-methylpyrazol-4-yl)-4-[4-[5-(phenylmethyl)pyrimidin-2-yl]piperazin-1-yl]pyrrolo[2,1-f][1,2,4]triazine",C25 H25 N9,451.526,34,,,,HOH,RESERVE,multiple_protein_chains_2
147,9TFE,2026-07-15,KIT kinase domain in complex with an aminopyrimidine-based compound (15),1.7,0.2199,1,2,A;B,,A1JV1;HOH,1,A1JV1,A1JV1,4-[4-[5-(phenylmethyl)pyrimidin-2-yl]piperazin-1-yl]pyrimidin-2-amine,C19 H21 N7,347.417,26,,,,HOH,RESERVE,multiple_protein_chains_2
148,9TFF,2026-07-15,KIT kinase domain in complex with a pyrrolopyrimidine-based compound (17),1.8,0.2144,1,2,A;B,,A1JVP;HOH,1,A1JVP,A1JVP,"4-[4-[5-(phenylmethyl)pyrimidin-2-yl]piperazin-1-yl]-7~{H}-pyrrolo[2,3-d]pyrimidine",C21 H21 N7,371.438,28,,,,HOH,RESERVE,multiple_protein_chains_2
149,9TFG,2026-07-15,"KIT kinase domain in complex with a 6-,7-dimethoxyquinoline-based compound (19)",1.7,0.2138,1,2,A;B,,A1JVT;HOH,1,A1JVT,A1JVT,"6,7-dimethoxy-4-[4-[5-(phenylmethyl)pyrimidin-2-yl]piperazin-1-yl]quinoline",C26 H27 N5 O2,441.525,33,,,,HOH,RESERVE,multiple_protein_chains_2
150,9TFH,2026-07-15,KIT kinase domain in complex with a 7-methylquinazoline-based compound (25),1.7,0.2117,1,2,A;B,,A1JVW;HOH,1,A1JVW,A1JVW,7-methyl-4-[4-[5-(phenylmethyl)pyrimidin-2-yl]piperazin-1-yl]quinazoline,C24 H24 N6,396.488,30,,,,HOH,RESERVE,multiple_protein_chains_2
151,9TFI,2026-07-15,"KIT kinase domain in complex with a 6,7-bis(2-methoxyethoxy)quinazoline-based compound (33)",1.9,0.2252,1,2,A;B,,A1JVV;HOH,1,A1JVV,A1JVV,"6,7-bis(2-methoxyethoxy)-4-[4-[5-(phenylmethyl)pyrimidin-2-yl]piperazin-1-yl]quinazoline",C29 H34 N6 O4,530.618,39,,,,HOH,RESERVE,multiple_protein_chains_2
152,9TFJ,2026-07-15,"KIT kinase domain in complex with a 6,7-dimethoxyquinazoline-based compound (34)",1.75,0.2245,1,2,A;B,,A1JVZ;HOH,1,A1JVZ,A1JVZ,"6,7-dimethoxy-4-[4-[5-(phenylmethyl)pyrimidin-2-yl]piperazin-1-yl]quinazoline",C25 H26 N6 O2,442.513,33,,,,HOH,RESERVE,multiple_protein_chains_2
153,9TFK,2026-07-15,KIT kinase domain in complex with a quinoline-3-carbonitrile-based compound (38),1.7,0.2,1,2,A;B,,A1JVY;HOH,1,A1JVY,A1JVY,4-[4-[5-[(1~{S})-1-azanyl-1-(4-fluorophenyl)ethyl]pyrimidin-2-yl]piperazin-1-yl]quinoline-3-carbonitrile,C26 H24 F N7,453.514,34,,,,HOH,RESERVE,multiple_protein_chains_2
154,9TFL,2026-07-15,KIT kinase domain in complex with a methyl quinazoline-7-carboxylate-based compound (41),1.8,0.2043,1,2,A;B,,A1JV0;HOH,1,A1JV0,A1JV0,methyl 4-[4-[5-[(1~{S})-1-azanyl-1-(4-fluorophenyl)ethyl]pyrimidin-2-yl]piperazin-1-yl]quinazoline-7-carboxylate,C26 H26 F N7 O2,487.529,36,,,,HOH,RESERVE,multiple_protein_chains_2
155,9TFM,2026-07-15,KIT kinase domain in complex with a 7-methoxyquinazolin-6-ol-based compound (45),2.1,0.2285,1,2,A;B,,A1JVR;HOH,1,A1JVR,A1JVR,4-[4-[5-[(1~{S})-1-azanyl-1-(4-fluorophenyl)ethyl]pyrimidin-2-yl]piperazin-1-yl]-7-methoxy-quinazolin-6-ol,C25 H26 F N7 O2,475.518,35,,,,HOH,RESERVE,multiple_protein_chains_2
156,9VT5,2026-07-15,Estrogen Receptor Alpha Ligand Binding Domain Y537S Mutant in Complex with Compound 4 and GRIP Peptide,2.27,0.26737,1,2,A;B,,A1ETI;HOH,1,A1ETI,A1ETI,"4-[(4-hydroxyphenyl)-[4-(4-thiophen-2-yl-2,1,3-benzothiadiazol-7-yl)phenyl]amino]phenol",C28 H19 N3 O2 S2,493.599,35,,,,HOH,RESERVE,multiple_protein_chains_2
157,9VT7,2026-07-15,The crystal structure of IDH1,2.08,0.2151,1,2,A;B,,NAP;HOH,0,,,,,,,,NAP,,HOH,EXCLUDE,no_druglike_organic_ligand;multiple_protein_chains_2;cofactor_present
158,9VTU,2026-07-15,Estrogen Receptor Alpha Ligand Binding Domain Y537S Mutant in Complex with Compound 20a and GRIP Peptide,2.09,0.26803,1,2,A;B,,A1ETN;HOH,1,A1ETN,A1ETN,"N-(1-adamantyl)-2-[4-[[(1S,2R,4S)-5,6-bis(4-hydroxyphenyl)-7-oxabicyclo[2.2.1]hept-5-en-2-yl]sulfonyl-[2,2,2-tris(fluoranyl)ethyl]amino]phenoxy]ethanamide",C38 H39 F3 N2 O7 S,724.786,51,,,,HOH,RESERVE,multiple_protein_chains_2
159,9X64,2026-07-15,Crystal structure of DKK4 CRD1 domain,1.83,0.2457,1,2,A;B,,CL;NO3;HOH,0,,,,,,,,,,CL;NO3;HOH,EXCLUDE,no_druglike_organic_ligand;multiple_protein_chains_2
160,9Y57,2026-07-15,Co-crystal structure of BTK kinase domain with non-covalent inhibitor,1.4,0.1724,1,1,A,,IMD;A1CSJ;HOH,1,A1CSJ,A1CSJ,1-{4-[(5-fluoro-2-methoxybenzamido)methyl]phenyl}-4-({6-[(1S)-1-hydroxyethyl]-5-[(2S)-2-methyl-4-(oxetan-3-yl)piperazin-1-yl]pyridin-2-yl}amino)-1H-pyrazole-5-carboxamide,C34 H39 F N8 O5,658.722,48,,,,IMD:heavy_atoms_5;HOH,INCLUDE,
161,9Y5A,2026-07-15,Co-crystal structure of BTK kinase domain with non-covalent inhibitor,1.7,0.1752,1,1,A,,IMD;PG4;A1CSK;EDO;HOH,1,A1CSK,A1CSK,1-{4-[(5-fluoro-2-methoxybenzamido)methyl]phenyl}-4-({5-[(2S)-2-methyl-4-(oxetan-3-yl)piperazin-1-yl]pyridin-2-yl}amino)-1H-pyrazole-5-carboxamide,C32 H35 F N8 O4,614.67,45,,,,IMD:heavy_atoms_5;PG4;EDO;HOH,INCLUDE,
162,9Y5B,2026-07-15,Co-crystal structure of BTK kinase domain with non-covalent inhibitor,1.904,0.2248,1,1,A,,A1CSL;HOH,1,A1CSL,A1CSL,1-{4-[(5-fluoro-2-methoxybenzamido)methyl]phenyl}-4-[4-(piperidin-4-yl)anilino]-1H-pyrazole-5-carboxamide,C30 H31 F N6 O3,542.604,40,,,,HOH,INCLUDE,
163,9Y5D,2026-07-15,Co-crystal structure of BTK kinase domain with non-covalent inhibitor,1.655,0.2,1,1,A,,IMD;1PE;DMS;A1CSM;HOH,1,A1CSM,A1CSM,"4-amino-1-{4-[(5-fluoro-2-methoxybenzamido)methyl]phenyl}-3-[(2R)-1,1,1-trifluoropropan-2-yl]-1H-pyrazole-5-carboxamide",C22 H21 F4 N5 O3,479.427,34,,,,IMD:heavy_atoms_5;1PE;DMS;HOH,INCLUDE,
164,9Y60,2026-07-15,"Crystal structure of NSD2 PWWP1 domain in complex with (6R)-6-(3,5-dichlorophenyl)morpholin-3-one (ligand 2)",2.023,0.2725,1,1,A,,A1CSP;HOH,1,A1CSP,A1CSP,"(6R)-6-(3,5-dichlorophenyl)morpholin-3-one",C10 H9 Cl2 N O2,246.09,15,,,,HOH,INCLUDE,
165,9YT9,2026-07-15,A428D mutant of Bruton's tyrosine kinase,1.8,0.2384,1,1,A,,EDO;HOH,0,,,,,,,,,,EDO;HOH,EXCLUDE,no_druglike_organic_ligand
166,9ZQV,2026-07-15,Crystal structure of wild-type Bruton's Tyrosine Kinase (BTK) in the apo form,1.5,0.2079,1,1,A,,EDO;IOD;CL;HOH,0,,,,,,,CSO;GLY;LEU,,,EDO;IOD;CL;HOH,EXCLUDE,no_druglike_organic_ligand
167,10KU,2026-07-08,Structure of hNSP4-S218A bound to MCP3 at 2.09 A resolution,2.09,0.2622,2,8,A;B;C;D;E;F;G;I,,SO4;HOH,0,,,,,,,ACE;CYS;NH2;PHE,,,SO4;HOH,EXCLUDE,no_druglike_organic_ligand;multiple_protein_chains_8
168,11GY,2026-07-08,Crystal structure of selective inhibitor 16 bound at the active site of CDK1,2.4,0.23062,3,3,A;B;C,,A1DEQ;A1DJL;GOL;SO4;DMS;EPE;HOH,3,A1DEQ;A1DJL;EPE,,,,,,HIS;TPO;TYR,,,GOL;SO4;DMS;HOH,MANUAL_REVIEW,multiple_candidate_ligands;multiple_protein_chains_3
169,13LZ,2026-07-08,"Crystal Structure of Human Inositol 1,3,4-Trisphosphate 5/6-kinase (ITPK1) in Complex with an Inhibitor NCGC00879727",2.2,0.2502,1,2,A;B,,A1DHL;SO4;HOH,1,A1DHL,A1DHL,"N-ethyl[1]benzofuro[3,2-d]pyrimidin-4-amine",C12 H11 N3 O,213.235,16,,,,SO4;HOH,RESERVE,multiple_protein_chains_2
170,28ZB,2026-07-08,Crystal Structure of HLA class II major histocompatibility complex bound to HCMV-IE1 peptide,2.426,0.2436,2,8,A;B;D;E;G;H;J;K,,PO4;NAG;HOH,0,,,,,,,ASN;NAG,,,PO4;NAG;HOH,EXCLUDE,no_druglike_organic_ligand;multiple_protein_chains_8
171,9ELB,2026-07-08,Structure of glucocerebrosidase in complex with a covalent inhibitor,2.4,0.2495,1,2,A;B,,A1BLU;NAG;SO4;EDO;HOH,1,A1BLU,A1BLU,"(1S,2R,3R,4S,5S)-5-(octylamino)cyclohexane-1,2,3,4-tetrol",C14 H29 N O4,275.384,19,A1BLU;ASN;GLU;NAG,,,NAG;SO4;EDO;HOH,EXCLUDE,candidate_may_be_covalent;multiple_protein_chains_2
172,9ELC,2026-07-08,Structure of glucocerebrosidase in complex with a covalent inhibitor,2.2,0.2104,1,2,A;B,,A1BLE;NAG;SO4;EDO;HOH,1,A1BLE,A1BLE,"(1S,2R,3S,4S,5S)-5-(hexylamino)-4-(hexyloxy)cyclohexane-1,2,3-triol",C18 H37 N O4,331.491,23,A1BLE;ASN;FUC;GLU;NAG,,,NAG;SO4;EDO;HOH,EXCLUDE,candidate_may_be_covalent;multiple_protein_chains_2
173,9HPR,2026-07-08,Variant K314A of Orotidine 5'-monophosphate decarboxylase-domain of human UMPS in complex with 6-Methyl UMP at 1.1 Angstrom resolution,1.1,0.15,1,1,A,,U6M;PRO;HOH,1,U6M,U6M,6-methyluridine 5'-(dihydrogen phosphate),C10 H15 N2 O9 P,338.208,22,CSS;HIS;LYS,,,PRO:heavy_atoms_8;HOH,INCLUDE,
174,9HQQ,2026-07-08,Variant Y432F of Orotidine 5'-monophosphate decarboxylase-domain of human UMPS in complex with the product UMP at 1.15 Angstrom resolution,1.15,0.1505,1,1,A,,U5P;PRO;HOH,1,U5P,U5P,URIDINE-5'-MONOPHOSPHATE,C9 H13 N2 O9 P,324.181,21,CSS;HIS;LYS,,,PRO:heavy_atoms_8;HOH,INCLUDE,
175,9HQR,2026-07-08,Variant G450A of Orotidine 5'-monophosphate decarboxylase-domain of human UMPS in complex with the product UMP at 1.2 Angstrom resolution,1.2,0.1415,1,1,A,,U5P;PRO;HOH,1,U5P,U5P,URIDINE-5'-MONOPHOSPHATE,C9 H13 N2 O9 P,324.181,21,CSS;HIS;LYS,,,PRO:heavy_atoms_8;HOH,INCLUDE,
176,9HQS,2026-07-08,Variant R313K of Orotidine 5'-monophosphate decarboxylase-domain of human UMPS in complex with the product UMP at 1.1 Angstrom resolution,1.1,0.1398,1,1,A,,U5P;PRO;GOL;HOH,1,U5P,U5P,URIDINE-5'-MONOPHOSPHATE,C9 H13 N2 O9 P,324.181,21,CSS;HIS;LYS,,,PRO:heavy_atoms_8;GOL;HOH,INCLUDE,
177,9HQY,2026-07-08,Variant Q430N of Orotidine 5'-monophosphate decarboxylase-domain of human UMPS in complex with the product UMP at 1.07 Angstrom resolution,1.07,0.139,1,2,A;B,,PRO;U5P;HOH,1,U5P,U5P,URIDINE-5'-MONOPHOSPHATE,C9 H13 N2 O9 P,324.181,21,CSS;HIS;LYS,,,PRO:heavy_atoms_8;HOH,RESERVE,multiple_protein_chains_2
178,9I4M,2026-07-08,Galectin-1 in Complex with Methyl 3'-fluoro-N-acetyllactosaminide,1.794,0.3071,2,2,A;B,,PO4;GOL;HOH,0,,,,,,,2H5;ASN;CME;GLU;ILE;LEU;LYS;MAG;VAL,,,PO4;GOL;HOH,EXCLUDE,no_druglike_organic_ligand;multiple_protein_chains_2
179,9OGI,2026-07-08,Structure of TEAD2 bound to G8025,2.25,0.2516,1,2,A;B,,A1CA7;HOH,1,A1CA7,A1CA7,"N-({4-[(1S)-1,2-dihydroxyethyl]-1-[4-(trifluoromethoxy)phenyl]-1H-pyrazolo[3,4-b]pyridin-3-yl}methyl)propanamide",C19 H19 F3 N4 O4,424.374,30,A1CA7;CYS,,,HOH,EXCLUDE,candidate_may_be_covalent;multiple_protein_chains_2
180,9OGJ,2026-07-08,Structure of TEAD2 bound to G2181,2.5,0.2388,1,2,A;B,,A1CA6;HOH,1,A1CA6,A1CA6,"2-fluoro-1-(3-{4-(hydroxymethyl)-1-[4-(trifluoromethoxy)phenyl]-1H-pyrazolo[3,4-b]pyridin-3-yl}azetidin-1-yl)prop-2-en-1-one",C20 H16 F4 N4 O3,436.36,31,A1CA6;CYS,,,HOH,EXCLUDE,candidate_may_be_covalent;multiple_protein_chains_2
181,9R9M,2026-07-08,"Crystal Structure of human MLH1 C-terminal domain with cyclic peptide (2S)-N-[(6S,9S,12S,15S,18S,26aR)-12-(4-aminobutyl)-18-benzyl-21-(2-carbamoylethyl)-9-(hydroxymethyl)- 15-[(4-hydroxyphenyl)methyl]-1,7,10,13,16,19,22-heptaoxo-hexacosahydropyrrolo[2,1-c]1,4,7,10,13,16,19-heptaazacyclotetracosan-6-yl]-2-[(2S)-2-acetamidopropanamido]-3-methylbutanamide",2.281,0.2202,3,4,A;B;C;I,,EDO;CA;ACT;HOH,0,,,,,,,A1ADW;A1CHA;ACE;ALA;DGN;DPR;ORN;PHE;SER;TYR;VAL,,CA,EDO;ACT;HOH,EXCLUDE,no_druglike_organic_ligand;multiple_protein_chains_4;metal_present
182,9RMG,2026-07-08,Soluble epoxide hydrolase in complex with AK191,2.1,0.23095,1,2,A;B,,A1JH2;EDO;HOH,1,A1JH2,A1JH2,1-[4-(2-adamantyl)phenyl]-3-(1-ethanoylpiperidin-4-yl)urea,C24 H33 N3 O2,395.538,29,,,,EDO;HOH,RESERVE,multiple_protein_chains_2
183,9RQW,2026-07-08,Galectin-3 with a bound inhibitor,1.344,0.2178,1,1,A,,A1JIH;SCN;HOH,1,A1JIH,A1JIH,"(2~{R},3~{R},4~{S},5~{R},6~{S})-2-(hydroxymethyl)-6-(2-methoxyethylsulfanyl)-4-[4-[3,4,5-tris(fluoranyl)phenyl]-1,2,3-triazol-1-yl]oxane-3,5-diol",C17 H20 F3 N3 O5 S,435.418,29,,,,SCN;HOH,INCLUDE,
184,9RQX,2026-07-08,Galectin-3 with a bound inhibitor,1.398,0.2028,1,1,A,,A1JII;SCN;HOH,1,A1JII,A1JII,"~{N}-ethyl-2-[(2~{S},3~{R},4~{S},5~{R},6~{R})-6-(hydroxymethyl)-3,5-bis(oxidanyl)-4-[4-[3,4,5-tris(fluoranyl)phenyl]-1,2,3-triazol-1-yl]oxan-2-yl]sulfanyl-~{N}-methyl-ethanamide",C19 H23 F3 N4 O5 S,476.47,32,,,,SCN;HOH,INCLUDE,
185,9RQY,2026-07-08,Galectin-3 with a bound inhibitor,1.3,0.2146,1,1,A,,A1JIJ;SCN;HOH,1,A1JIJ,A1JIJ,"(2~{R},3~{R},4~{S},5~{R},6~{S})-2-(hydroxymethyl)-6-(2-methyl-1-oxidanyl-propan-2-yl)sulfanyl-4-[4-[3,4,5-tris(fluoranyl)phenyl]-1,2,3-triazol-1-yl]oxane-3,5-diol",C18 H22 F3 N3 O5 S,449.445,30,,,,SCN;HOH,INCLUDE,
186,9RQZ,2026-07-08,Galectin-3 with a bound inhibitor,1.3,0.1821,1,1,A,,A1JIK;SCN;HOH,1,A1JIK,A1JIK,"(2~{S})-2-[(2~{S},3~{R},4~{S},5~{R},6~{R})-6-(hydroxymethyl)-3,5-bis(oxidanyl)-4-[4-[3,4,5-tris(fluoranyl)phenyl]-1,2,3-triazol-1-yl]oxan-2-yl]sulfanyl-3-methyl-1-(3-methylazetidin-1-yl)-3-oxidanyl-butan-1-one",C23 H29 F3 N4 O6 S,546.56,37,,,,SCN;HOH,INCLUDE,
187,9RR0,2026-07-08,Galectin-3 with a bound inhibitor,1.399,0.2061,1,1,A,,A1JIL;SCN;HOH,1,A1JIL,A1JIL,"(2~{S})-~{N}-ethyl-2-[(2~{S},3~{R},4~{S},5~{R},6~{R})-6-(hydroxymethyl)-3,5-bis(oxidanyl)-4-[4-[3,4,5-tris(fluoranyl)phenyl]-1,2,3-triazol-1-yl]oxan-2-yl]sulfanyl-~{N},3-dimethyl-3-oxidanyl-butanamide",C22 H29 F3 N4 O6 S,534.549,36,,,,SCN;HOH,INCLUDE,
188,9RR1,2026-07-08,Galectin-3 with a bound inhibitor,1.5,0.2159,1,1,A,,SCN;A1JIM;HOH,1,A1JIM,A1JIM,"(2~{S})-1-(azetidin-1-yl)-2-[4,4-bis(fluoranyl)-1-oxidanyl-cyclohexyl]-2-[(2~{S},3~{R},4~{S},5~{R},6~{R})-6-(hydroxymethyl)-3,5-bis(oxidanyl)-4-[4-[3,4,5-tris(fluoranyl)phenyl]-1,2,3-triazol-1-yl]oxan-2-yl]sulfanyl-ethanone",C25 H29 F5 N4 O6 S,608.578,41,,,,SCN;HOH,INCLUDE,
189,9RR2,2026-07-08,Galectin-3 with a bound inhibitor,1.399,0.204,1,1,A,,A1JIN;SCN;HOH,1,A1JIN,A1JIN,"(2~{S})-2-[4,4-bis(fluoranyl)-1-oxidanyl-cyclohexyl]-2-[(2~{S},3~{R},4~{S},5~{R},6~{R})-6-(hydroxymethyl)-3,5-bis(oxidanyl)-4-[4-[3,4,5-tris(fluoranyl)phenyl]-1,2,3-triazol-1-yl]oxan-2-yl]sulfanyl-1-piperidin-1-yl-ethanone",C27 H33 F5 N4 O6 S,636.631,43,,,,SCN;HOH,INCLUDE,
190,9RR3,2026-07-08,Galectin-3 with a bound inhibitor,1.351,0.1942,1,1,A,,A1JIO;SCN;SO4;HOH,1,A1JIO,A1JIO,"(2~{S})-2-[3,3-bis(fluoranyl)-1-oxidanyl-cyclobutyl]-~{N}-ethyl-2-[(2~{S},3~{R},4~{S},5~{R},6~{R})-6-(hydroxymethyl)-3,5-bis(oxidanyl)-4-[4-[3,4,5-tris(fluoranyl)phenyl]-1,2,3-triazol-1-yl]oxan-2-yl]sulfanyl-~{N}-methyl-ethanamide",C23 H27 F5 N4 O6 S,582.541,39,,,,SCN;SO4;HOH,INCLUDE,
191,9RR4,2026-07-08,Galectin-3 with a bound inhibitor,1.248,0.187,1,1,A,,A1JIP;DMS;SCN;HOH,1,A1JIP,A1JIP,"(2~{S})-~{N}-ethyl-2-[(2~{S},3~{R},4~{S},5~{R},6~{R})-6-(hydroxymethyl)-3,5-bis(oxidanyl)-4-[4-[3,4,5-tris(fluoranyl)phenyl]-1,2,3-triazol-1-yl]oxan-2-yl]sulfanyl-~{N}-methyl-2-(4-oxidanyloxan-4-yl)ethanamide",C24 H31 F3 N4 O7 S,576.586,39,,,,DMS;SCN;HOH,INCLUDE,
192,9RR5,2026-07-08,Galectin-3 with a bound inhibitor,1.461,0.2031,1,1,A,,A1JIQ;SCN;HOH,1,A1JIQ,A1JIQ,"(2~{S})-~{N}-cyclobutyl-2-[(2~{S},3~{R},4~{S},5~{R},6~{R})-6-(hydroxymethyl)-3,5-bis(oxidanyl)-4-[4-[3,4,5-tris(fluoranyl)phenyl]-1,2,3-triazol-1-yl]oxan-2-yl]sulfanyl-~{N}-methyl-2-(1-oxidanylcyclohexyl)ethanamide",C27 H35 F3 N4 O6 S,600.65,41,,,,SCN;HOH,INCLUDE,
193,9RR6,2026-07-08,Galectin-3 with a bound inhibitor,0.933,0.1541,1,1,A,,DMS;A1JIR;SCN;HOH,1,A1JIR,A1JIR,"(2~{S})-2-[4,4-bis(fluoranyl)-1-oxidanyl-cyclohexyl]-2-[(2~{S},3~{R},4~{S},5~{R},6~{R})-6-(hydroxymethyl)-3-methoxy-5-oxidanyl-4-[4-[3,4,5-tris(fluoranyl)phenyl]-1,2,3-triazol-1-yl]oxan-2-yl]sulfanyl-~{N}-methyl-~{N}-pyridin-2-yl-ethanamide",C29 H32 F5 N5 O6 S,673.651,46,,,,DMS;SCN;HOH,INCLUDE,
194,9RR7,2026-07-08,Galectin-3 with a bound inhibitor,1.383,0.2021,1,1,A,,A1JIS;SCN;HOH,1,A1JIS,A1JIS,"(2~{S})-2-[4,4-bis(fluoranyl)-1-oxidanyl-cyclohexyl]-~{N}-cyclopropyl-~{N}-ethyl-2-[(2~{S},3~{R},4~{S},5~{R},6~{R})-6-(hydroxymethyl)-3-methoxy-5-oxidanyl-4-[4-[3,4,5-tris(fluoranyl)phenyl]-1,2,3-triazol-1-yl]oxan-2-yl]sulfanyl-ethanamide",C28 H35 F5 N4 O6 S,650.658,44,,,,SCN;HOH,INCLUDE,
195,9RR8,2026-07-08,Galectin-3 with a bound inhibitor,1.3,0.2026,1,1,A,,A1JIT;CL;SO4;HOH,1,A1JIT,A1JIT,"(2~{R},3~{R},4~{S},5~{R},6~{S})-2-(hydroxymethyl)-6-[(1~{R})-2-methyl-1-(2-methylphenyl)-2-oxidanyl-propyl]sulfanyl-4-[4-[3,4,5-tris(fluoranyl)phenyl]-1,2,3-triazol-1-yl]oxane-3,5-diol",C25 H28 F3 N3 O5 S,539.567,37,,,,CL;SO4;HOH,INCLUDE,
196,9RR9,2026-07-08,Galectin-3 with a bound inhibitor,1.8,0.2073,1,2,A;B,,A1JIU;SCN;HOH,1,A1JIU,A1JIU,"(2~{R},3~{R},4~{S},5~{R},6~{S})-2-(hydroxymethyl)-6-[(~{R})-(2-methylphenyl)-(1-oxidanylcyclohexyl)methyl]sulfanyl-4-[4-[3,4,5-tris(fluoranyl)phenyl]-1,2,3-triazol-1-yl]oxane-3,5-diol",C28 H32 F3 N3 O5 S,579.631,40,,,,SCN;HOH,RESERVE,multiple_protein_chains_2
197,9RRA,2026-07-08,Galectin-3 with a bound inhibitor,1.599,0.2055,1,1,A,,SCN;A1JIV;SO4;HOH,1,A1JIV,A1JIV,"(2~{R},3~{R},4~{S},5~{R},6~{S})-2-(hydroxymethyl)-6-[(~{R})-(2-methylphenyl)-(4-oxidanyloxan-4-yl)methyl]sulfanyl-4-[4-[3,4,5-tris(fluoranyl)phenyl]-1,2,3-triazol-1-yl]oxane-3,5-diol",C27 H30 F3 N3 O6 S,581.604,40,,,,SCN;SO4;HOH,INCLUDE,
198,9RRB,2026-07-08,Galectin-3 with a bound inhibitor,1.4,0.1966,1,1,A,,A1JIW;SCN;HOH,1,A1JIW,A1JIW,"(2~{S},3~{R},4~{S},5~{R},6~{R})-2-[(~{R})-[4,4-bis(fluoranyl)-1-oxidanyl-cyclohexyl]-(3-methylpyridin-2-yl)methyl]sulfanyl-6-(hydroxymethyl)-4-[4-[3,4,5-tris(fluoranyl)phenyl]-1,2,3-triazol-1-yl]oxane-3,5-diol",C27 H29 F5 N4 O5 S,616.6,42,,,,SCN;HOH,INCLUDE,
199,9RRC,2026-07-08,Galectin-3 with a bound inhibitor,1.4,0.1984,1,1,A,,A1JIX;SCN;HOH,1,A1JIX,A1JIX,"(2~{R},3~{R},4~{S},5~{R},6~{S})-2-(hydroxymethyl)-5-methoxy-6-[(~{R})-(4-methyl-1,2-oxazol-3-yl)-(1-oxidanylcyclohexyl)methyl]sulfanyl-4-[4-[3,4,5-tris(fluoranyl)phenyl]-1,2,3-triazol-1-yl]oxan-3-ol",C26 H31 F3 N4 O6 S,584.608,40,,,,SCN;HOH,INCLUDE,
200,9RRD,2026-07-08,Galectin-3 with a bound inhibitor,1.4,0.2121,1,1,A,,A1JIY;SCN;HOH,1,A1JIY,A1JIY,"(2~{R},3~{R},4~{S},5~{R},6~{S})-6-[(~{R})-[4,4-bis(fluoranyl)-1-oxidanyl-cyclohexyl]-(3-cyclopropylpyridin-2-yl)methyl]sulfanyl-2-(hydroxymethyl)-5-methoxy-4-[4-[3,4,5-tris(fluoranyl)phenyl]-1,2,3-triazol-1-yl]oxan-3-ol",C30 H33 F5 N4 O5 S,656.664,45,,,,SCN;HOH,INCLUDE,
201,9RRE,2026-07-08,Galectin-3 with a bound inhibitor,1.25,0.1914,1,1,A,,A1JIZ;SCN;HOH,1,A1JIZ,A1JIZ,"5-[[2-[(2~{R},3~{R},4~{R},5~{R},6~{R})-6-(hydroxymethyl)-3,5-bis(oxidanyl)-4-[4-[3,4,5-tris(fluoranyl)phenyl]-1,2,3-triazol-1-yl]oxan-2-yl]ethylamino]methyl]-1,3-dihydrobenzimidazol-2-one",C24 H25 F3 N6 O5,534.488,38,,,,SCN;HOH,INCLUDE,
202,9T3G,2026-07-08,Crystal Structure of 12 bound to the PH domain of Btk,1.946,0.3337,1,4,A;B;C;D,,A1JTA;ZN;MG;HOH,1,A1JTA,A1JTA,"(6~{S})-6-pyridin-2-yl-4,5,6,7-tetrahydro-1-benzofuran-3-carboxylic acid",C14 H13 N O3,243.258,18,,,ZN;MG,HOH,RESERVE,r_free_above_0.28;multiple_protein_chains_4;metal_present
203,9TF3,2026-07-08,"ERAP1 in complex with (3S,4S)-1-(3-cyano-6-methylpyridin-2-yl)-4-(propan-2-yl)pyrrolidine-3-carboxylic acid",1.87,0.211,1,1,A,,ZN;PO4;EDO;A1JVC;HOH,1,A1JVC,A1JVC,"(3S,4S)-1-(3-cyano-6-methyl-pyridin-2-yl)-4-propan-2-yl-pyrrolidine-3-carboxylic acid",C15 H19 N3 O2,273.33,20,,,ZN,PO4;EDO;HOH,RESERVE,metal_present
204,9TF4,2026-07-08,"ERAP1 in complex with (3R,4R)-1-(3-cyano-6-methylpyridin-2-yl)-4-(propan-2-yl)pyrrolidine-3-carboxylic acid",1.63,0.185,1,1,A,,ZN;PO4;EDO;A1JVB;HOH,1,A1JVB,A1JVB,"(3R,4R)-1-(3-cyano-6-methyl-pyridin-2-yl)-4-propan-2-yl-pyrrolidine-3-carboxylic acid",C15 H19 N3 O2,273.33,20,,,ZN,PO4;EDO;HOH,RESERVE,metal_present
205,9TF6,2026-07-08,"ERAP1 in complex with (3R,4R)-1-[3-cyano-6-(cyclopropylamino)pyridin-2-yl]-4-(propan-2-yl)pyrrolidine-3-carboxylic acid",1.73,0.203,1,1,A,,ZN;PO4;EDO;A1JVL;HOH,1,A1JVL,A1JVL,"(3~{R},4~{R})-1-[3-cyano-6-(cyclopropylamino)pyridin-2-yl]-4-propan-2-yl-pyrrolidine-3-carboxylic acid",C17 H22 N4 O2,314.382,23,,,ZN,PO4;EDO;HOH,RESERVE,metal_present
206,9TFN,2026-07-08,"ERAP1 in complex with (3R,4R)-1-{3-cyano-4-methyl-6-[(4-methyloxan-4-yl)amino]pyridin-2-yl}-4-(propan-2-yl)pyrrolidine-3-carboxylic acid",1.739,0.2549,1,1,A,,ZN;PO4;EDO;A1JV2;HOH,1,A1JV2,A1JV2,"(3~{R},4~{R})-1-[3-cyano-4-methyl-6-[(4-methyloxan-4-yl)amino]pyridin-2-yl]-4-propan-2-yl-pyrrolidine-3-carboxylic acid",C21 H30 N4 O3,386.488,28,,,ZN,PO4;EDO;HOH,RESERVE,metal_present
207,9TL4,2026-07-08,Crystal structure of Haemonchus contortus DAF-12 ligand binding domain in complex with a coactivator peptide,2.0,0.2128,2,2,A;B,,MLI;A1JWE;HOH,1,A1JWE,A1JWE,"(2~{S},6~{R})-6-[(8~{S},9~{S},10~{R},13~{R},14~{S},17~{R})-10,13-dimethyl-3-oxidanylidene-1,2,6,7,8,9,11,12,14,15,16,17-dodecahydrocyclopenta[a]phenanthren-17-yl]-2-methyl-heptanoic acid",C27 H42 O3,414.621,30,,,,MLI:heavy_atoms_7;HOH,RESERVE,multiple_protein_chains_2
208,9TLX,2026-07-08,Crystal structure of Brugia malayi DAF-12 ligand binding domain in complex with a coactivator peptide and delta4-dafachronic acid,1.7,0.2101,2,4,A;B;C;D,,DL4;CIT;GOL;HOH,1,DL4,DL4,"(14beta,17alpha,25R)-3-oxocholest-4-en-26-oic acid",C27 H42 O3,414.621,30,,,,CIT;GOL;HOH,RESERVE,multiple_protein_chains_4
209,9VOB,2026-07-08,Co-crystal structure of MAP4K6 in complex with compound 22,2.12,0.2965,1,1,C,,A1EUL;HOH,1,A1EUL,A1EUL,"~{N}-[6-[[5-bromanyl-2-[(2-methyl-3,4-dihydro-1~{H}-isoquinolin-7-yl)amino]pyrimidin-4-yl]amino]quinoxalin-5-yl]methanesulfonamide",C23 H23 Br N8 O2 S,555.45,35,,,,HOH,RESERVE,r_free_above_0.28
210,9W2A,2026-07-08,Structure of a human heavy chain ferritin nanocage mutant form,1.55,0.2011,1,1,A,,MG;HOH,0,,,,,,,,,MG,HOH,EXCLUDE,no_druglike_organic_ligand;metal_present
211,9WIC,2026-07-08,Crystal structure of the human dihydroorotase domain complexed with 5-aminoorotic acid reveals the loop in binding mode,1.83,0.2179,1,1,A,,IJZ;ZN;HOH,1,IJZ,IJZ,"5-amino-2,6-dioxo-1,2,3,6-tetrahydropyrimidine-4-carboxylic acid",C5 H5 N3 O4,171.111,12,KCX;LEU,,ZN,HOH,RESERVE,metal_present
212,9WIN,2026-07-08,Crystal structure of the human dihydroorotase domain complexed with 5-fluoroorotic acid,1.55,0.1908,1,1,A,,FOT;ZN;HOH,1,FOT,FOT,"5-FLUORO-2,6-DIOXO-1,2,3,6-TETRAHYDROPYRIMIDINE-4-CARBOXYLIC ACID",C5 H3 F N2 O4,174.087,12,KCX;LEU,,ZN,HOH,RESERVE,metal_present
213,9WJD,2026-07-08,Crystal structure of rhesus macaque MHC class I molecule Mamu-B*05104 complexed with C14-Gly1-Gly2-Ile3-Ile4 lipopeptide,1.7,0.2237,3,3,A;B;C,,EDO;NA;ZN;MYR;HOH,1,MYR,MYR,MYRISTIC ACID,C14 H28 O2,228.371,16,GLY;MYR,,NA;ZN,EDO;HOH,EXCLUDE,candidate_may_be_covalent;multiple_protein_chains_3;metal_present
214,9ZG7,2026-07-08,Crystal structure of DH511.1 Fab in complex with HIV-1 gp41 MPER peptide and phosphatidic acid (06:0 PA),2.06,0.2472,3,3,A;B;C,,PEG;44E;HOH,1,44E,44E,"(2R)-3-(phosphonooxy)propane-1,2-diyl dihexanoate",C15 H29 O8 P,368.36,24,,,,PEG;HOH,RESERVE,multiple_protein_chains_3
215,9ZG8,2026-07-08,Crystal structure of DH511.1 Fab crystallized in the presence of HIV-1 gp41 MPER peptide and phosphatidic acid (06:0 PA); unbound form,1.66,0.208,2,2,A;B,,PO4;HOH,0,,,,,,,,,,PO4;HOH,EXCLUDE,no_druglike_organic_ligand;multiple_protein_chains_2
216,9ZG9,2026-07-08,Crystal structure of DH511.12P Fab in complex with HIV-1 gp41 MPER peptide and phosphatidic acid (06:0 PA); single-lipid form,2.21,0.2402,3,6,A;B;C;D;E;F,,PEG;44E;HOH,1,44E,44E,"(2R)-3-(phosphonooxy)propane-1,2-diyl dihexanoate",C15 H29 O8 P,368.36,24,,,,PEG;HOH,RESERVE,multiple_protein_chains_6
217,9ZGA,2026-07-08,Crystal structure of DH511.12P Fab in complex with HIV-1 gp41 MPER peptide and phosphatidic acid (06:0 PA); double-lipid form,1.97,0.2643,3,3,A;B;C,,PO4;44E;PEG;HOH,1,44E,44E,"(2R)-3-(phosphonooxy)propane-1,2-diyl dihexanoate",C15 H29 O8 P,368.36,24,,,,PO4;PEG;HOH,RESERVE,multiple_protein_chains_3
218,10YS,2026-07-01,Structure of Cbl-B bound to compound 33,2.3,0.2655,1,2,A;B,,GOL;IOD;EDO;MG;ZN;A1DCD;DMS;HOH,1,A1DCD,A1DCD,"2-{3-[(1r,3r)-3-methoxy-1-(4-methyl-4H-1,2,4-triazol-3-yl)cyclobutyl]phenyl}-6-{[(1-methylcyclobutyl)amino]methyl}-4-(trifluoromethyl)-2,3-dihydro-1H-isoindol-1-one",C29 H32 F3 N5 O2,539.592,39,,,MG;ZN,GOL;IOD;EDO;DMS;HOH,RESERVE,multiple_protein_chains_2;metal_present
219,10ZF,2026-07-01,Structure of c-Cbl bound to compound 33,2.39,0.2561,1,1,A,,A1DCD;ZN;MG;HOH,1,A1DCD,A1DCD,"2-{3-[(1r,3r)-3-methoxy-1-(4-methyl-4H-1,2,4-triazol-3-yl)cyclobutyl]phenyl}-6-{[(1-methylcyclobutyl)amino]methyl}-4-(trifluoromethyl)-2,3-dihydro-1H-isoindol-1-one",C29 H32 F3 N5 O2,539.592,39,,,ZN;MG,HOH,RESERVE,metal_present
220,10ZJ,2026-07-01,Structure of Cbl-B bound to compound 8,1.77,0.2688,1,1,A,,GOL;ZN;EDO;MG;A1DCC;HOH,1,A1DCC,A1DCC,"6-{[(3,3-difluoropropyl)amino]methyl}-2-(3-{3-[(R)-fluoro(4-methyl-4H-1,2,4-triazol-3-yl)methyl]oxetan-3-yl}phenyl)-4-(trifluoromethyl)-2,3-dihydro-1H-isoindol-1-one",C26 H25 F6 N5 O2,553.499,39,,,ZN;MG,GOL;EDO;HOH,RESERVE,metal_present
221,12UM,2026-07-01,BCL11B ZF2-3 in Complex with a DNA Sequence Observed in the Human Globin Locus Containing Motif TGTCCA (Oligo 3-5),1.93,0.2179,1,1,A,,EDO;ZN;HOH,0,,,,,,,,,ZN,EDO;HOH,EXCLUDE,no_druglike_organic_ligand;metal_present
222,29MJ,2026-07-01,Akt1 mutant in complex with miransertib (ARQ 092),2.5,0.2636,1,3,A;B;C,,6S1;EDO;GOL;HOH,1,6S1,6S1,"3-[3-[4-(1-azanylcyclobutyl)phenyl]-5-phenyl-imidazo[4,5-b]pyridin-2-yl]pyridin-2-amine",C27 H24 N6,432.52,33,,,,EDO;GOL;HOH,RESERVE,multiple_protein_chains_3
223,31RU,2026-07-01,Crystal structure of PIM1 kinase in complex with compound 20,2.3,0.2281,2,2,A;Q,,A1KBF;EDO;SO4;HOH,1,A1KBF,A1KBF,6-chloranyl-3-[4-(1~{H}-indol-3-yl)-1~{H}-pyrazol-5-yl]quinazolin-4-one,C19 H12 Cl N5 O,361.784,26,,,,EDO;SO4;HOH,RESERVE,multiple_protein_chains_2
224,36OI,2026-07-01,"Tri-complex of Compound 1, KRAS G13C, and CypA",1.47,0.2377,2,4,A;B;C;D,,GNP;MG;A1AOL;HOH,2,GNP;A1AOL,,,,,,,,MG,HOH,MANUAL_REVIEW,multiple_candidate_ligands;multiple_protein_chains_4;metal_present
225,36OJ,2026-07-01,"Tri-complex of Compound 2, KRAS G13C, and CypA",1.74,0.2201,2,4,A;B;C;D,,GNP;MG;A1DKX;CL;PEG;HOH,2,GNP;A1DKX,,,,,,A1DKX;CYS,,MG,CL;PEG;HOH,MANUAL_REVIEW,multiple_candidate_ligands;multiple_protein_chains_4;metal_present
226,36OK,2026-07-01,"Tri-complex of RMC-8839, KRAS G13C, and CypA",1.21,0.1792,2,4,A;B;C;D,,GNP;MG;CL;A1DKY;PEG;HOH,2,GNP;A1DKY,,,,,,A1DKY;CYS,,MG,CL;PEG;HOH,MANUAL_REVIEW,multiple_candidate_ligands;multiple_protein_chains_4;metal_present
227,36OL,2026-07-01,Crystal Structure of KRAS WT complexed with GMPPNP,2.05,0.2363,1,2,A;B,,GNP;MG;EDO;HOH,1,GNP,GNP,PHOSPHOAMINOPHOSPHONIC ACID-GUANYLATE ESTER,C10 H17 N6 O13 P3,522.196,32,,,MG,EDO;HOH,RESERVE,multiple_protein_chains_2;metal_present
228,36OM,2026-07-01,Crystal structure of KRAS G13C complexed with GMPPNP,1.25,0.1895,1,1,A,,GNP;MG;CO;HOH,1,GNP,GNP,PHOSPHOAMINOPHOSPHONIC ACID-GUANYLATE ESTER,C10 H17 N6 O13 P3,522.196,32,,,MG;CO,HOH,RESERVE,metal_present
229,9L69,2026-07-01,Structure of the human cGAS with 2'3'-cGUMP,2.09,0.275,1,2,A;B,,ZN;A1EIP;HOH,1,A1EIP,A1EIP,2'3'-cGMP-UMP,C19 H23 N7 O15 P2,651.371,43,,,ZN,HOH,RESERVE,multiple_protein_chains_2;metal_present
230,9PHV,2026-07-01,Crystal structure of human KDM2A with substrate competitive inhibitor 183c,2.16,0.2115,2,2,A;D,,AKG;A1CIP;GOL;NI;TRS;DMS;HOH,2,AKG;A1CIP,,,,,,,,NI,GOL;TRS;DMS;HOH,MANUAL_REVIEW,multiple_candidate_ligands;multiple_protein_chains_2;metal_present
231,9PPL,2026-07-01,Structure of STING in complex with MK-2118,2.01,0.1857,1,1,A,,A1CIY;HOH,1,A1CIY,A1CIY,"(2S)-4-(5,6-dimethoxy-1-benzothiophen-2-yl)-2-methyl-4-oxobutanoic acid",C15 H16 O5 S,308.35,21,,,,HOH,INCLUDE,
232,9Q6I,2026-07-01,Human prolyl endopeptidase (PREP) - complex with JP-6-1-7,1.73,0.2473,1,3,A;B;C,,A1CQX;GOL;SCN;B3P;HOH,2,A1CQX;B3P,,,,,,A1CQX;CYS,,,GOL;SCN;HOH,MANUAL_REVIEW,multiple_candidate_ligands;multiple_protein_chains_3
233,9S3I,2026-07-01,Crystal structure of the human tumor necrosis factor receptor 1 extracellular domain at 1.64A resolution,1.64,0.2379,1,2,A;B,,PO4;HOH,0,,,,,,,,,,PO4;HOH,EXCLUDE,no_druglike_organic_ligand;multiple_protein_chains_2
234,9S3J,2026-07-01,Crystal structure of the human tumor necrosis factor receptor 1 extracellular domain in complex with a picolinic acid based ligand at 1.77A resolution,1.77,0.2515,1,2,A;B,,PO4;A1JLJ;HOH,1,A1JLJ,A1JLJ,4-(4-fluorophenyl)pyridine-2-carboxylic acid,C12 H8 F N O2,217.196,16,,,,PO4;HOH,RESERVE,multiple_protein_chains_2
235,9TJY,2026-07-01,Crystal Structure of the Human Oncogenic Splice Variant Rac1b Fused with the Scaffold Protein POSH (residues 319-348),1.774,0.2122,1,1,A,,CL;GNP;MG;POL;HOH,1,GNP,GNP,PHOSPHOAMINOPHOSPHONIC ACID-GUANYLATE ESTER,C10 H17 N6 O13 P3,522.196,32,,,MG,CL;POL:heavy_atoms_4;HOH,RESERVE,metal_present
236,9U8J,2026-07-01,Crystal structure of KRAS-G12D/Y96D mutant in complex with MRTX-1133,1.34,0.1843,1,1,A,,MG;GDP;6IC;EDO;HOH,1,6IC,6IC,"4-(4-[(1R,5S)-3,8-diazabicyclo[3.2.1]octan-3-yl]-8-fluoro-2-{[(2R,4R,7aS)-2-fluorotetrahydro-1H-pyrrolizin-7a(5H)-yl]methoxy}pyrido[4,3-d]pyrimidin-7-yl)-5-ethynyl-6-fluoronaphthalen-2-ol",C33 H31 F3 N6 O2,600.633,44,,GDP,MG,EDO;HOH,RESERVE,cofactor_present;metal_present
237,9VLC,2026-07-01,hAGO2-MID in complex with a chemical modified uridine monophosphate,2.09,0.27864,1,3,A;B;C,,A1ESK;HOH,1,A1ESK,A1ESK,"3-[3-[1-[(2R,3R,4S,5R)-3,4-bis(oxidanyl)-5-(phosphonooxymethyl)oxolan-2-yl]-2,4-bis(oxidanylidene)pyrimidin-5-yl]phenyl]propanoic acid",C18 H21 N2 O11 P,472.34,32,,,,HOH,RESERVE,multiple_protein_chains_3
238,9VLD,2026-07-01,hAGO2-MID in complex with a chemical modified uridine monophosphate,2.05,0.25439,1,3,A;B;C,,A1ESL;PO4;HOH,1,A1ESL,A1ESL,"3-[4-[1-[(2R,3R,4S,5R)-3,4-bis(oxidanyl)-5-(phosphonooxymethyl)oxolan-2-yl]-2,4-bis(oxidanylidene)pyrimidin-5-yl]phenyl]propanoic acid",C18 H21 N2 O11 P,472.34,32,,,,PO4;HOH,RESERVE,multiple_protein_chains_3
239,9VLE,2026-07-01,hAGO2-MID in complex with a chemical modified uridine monophosphate,1.99,0.25915,1,3,A;B;C,,A1ESM;SO4;HOH,1,A1ESM,A1ESM,"2-[4-[2-[[1-[(2R,3R,4S,5R)-3,4-bis(oxidanyl)-5-(phosphonooxymethyl)oxolan-2-yl]-2,4-bis(oxidanylidene)pyrimidin-5-yl]amino]-2-oxidanylidene-ethyl]phenyl]ethanoic acid",C19 H22 N3 O12 P,515.365,35,,,,SO4;HOH,RESERVE,multiple_protein_chains_3
240,9YUF,2026-07-01,PKR kinase domain - Dabrafenib complex,2.5,0.28,1,4,A;B;C;D,,P06,1,P06,P06,Dabrafenib,C23 H20 F3 N5 O2 S2,519.562,35,,,,,RESERVE,multiple_protein_chains_4
241,24WC,2026-06-24,Crystal structure of Haspin (GSG2) with an ATP-mimicking inhibitor LJ-5242,1.88,0.2071,1,1,A,,A1MFT;HOH,1,A1MFT,A1MFT,"4-azanyl-7-[(2~{R},3~{R},4~{S},5~{R})-3,4-bis(oxidanyl)-5-[(sulfamoylamino)methyl]thiolan-2-yl]-5-ethynyl-pyrrolo[2,3-d]pyrimidine",C13 H16 N6 O4 S2,384.434,25,,,,HOH,INCLUDE,
242,29VD,2026-06-24,Crystal structure of the human METTL3-METTL14 in complex with STC-15,2.35,0.3373,2,2,A;B,,A1JLI;ACT;HOH,1,A1JLI,A1JLI,"~{N}-[[2-[(cyclobutylmethylamino)methyl]-1~{H}-indol-6-yl]methyl]-4-oxidanylidene-3~{H}-pyrido[1,2-a]pyrimidin-5-ium-2-carboxamide",C24 H26 N5 O2 1,416.496,31,,,,ACT;HOH,RESERVE,r_free_above_0.28;multiple_protein_chains_2
243,29VJ,2026-06-24,Crystal structure of the human METTL3-METTL14 in complex with STM-2457,2.11,0.2406,2,2,A;B,,V22;ACT;HOH,1,V22,V22,"~{N}-[[6-[(cyclohexylmethylamino)methyl]imidazo[1,2-a]pyridin-2-yl]methyl]-4-oxidanylidene-1~{H}-pyrido[1,2-a]pyrimidine-2-carboxamide",C25 H29 N6 O2,445.537,33,,,,ACT;HOH,RESERVE,multiple_protein_chains_2
244,9CUG,2026-06-24,X-ray Structure of human Interferon Regulatory Factor 4 (IRF4) IAD Domain,2.49,0.2539,1,2,A;B,,SO4;HOH,0,,,,,,,,,,SO4;HOH,EXCLUDE,no_druglike_organic_ligand;multiple_protein_chains_2
245,9EF3,2026-06-24,Human Hsp27 alpha-crystallin domain (84-171) in complex with a peptide mimic of its C-terminus,2.25,0.2538,2,3,A;B;D,,SO4;GOL;HOH,0,,,,,,,,,,SO4;GOL;HOH,EXCLUDE,no_druglike_organic_ligand;multiple_protein_chains_3
246,9EIQ,2026-06-24,Crystal structure of HLA-B*07:02 with the 9-mer TP53 peptide RPILTIITL,2.21,0.2927,3,6,A;B;C;D;E;F,,EDO;SO4;CL;NI;HOH,0,,,,,,,,,NI,EDO;SO4;CL;HOH,EXCLUDE,no_druglike_organic_ligand;multiple_protein_chains_6;metal_present
247,9EJD,2026-06-24,Crystal structure of HLA-B*07:02 with the 9-mer TP53 mutant peptide SPILTIITL,2.15,0.2671,3,6,A;B;C;D;E;F,,EDO;SO4;CL;NI;HOH,0,,,,,,,,,NI,EDO;SO4;CL;HOH,EXCLUDE,no_druglike_organic_ligand;multiple_protein_chains_6;metal_present
248,9EK4,2026-06-24,Crystal structure of HLA-B*07:02 with the 9-mer TP53 mutant peptide MPILTIITL,2.05,0.2507,3,6,A;B;C;D;E;F,,EDO;ACY;NI;SO4;ZN;CL;HOH,0,,,,,,,,,NI;ZN,EDO;ACY;SO4;CL;HOH,EXCLUDE,no_druglike_organic_ligand;multiple_protein_chains_6;metal_present
249,9HO8,2026-06-24,Variant D259A of Orotidine 5'-monophosphate decarboxylase-domain of human UMPS in complex with the product UMP,1.75,0.2154,1,2,A;B,,U5P;HOH,1,U5P,U5P,URIDINE-5'-MONOPHOSPHATE,C9 H13 N2 O9 P,324.181,21,CSS;HIS;LYS,,,HOH,RESERVE,multiple_protein_chains_2
250,9HO9,2026-06-24,Variant D259N of Orotidine 5'-monophosphate decarboxylase-domain of human UMPS in resting state,1.3,0.1877,1,1,A,,PRO;SO4;HOH,0,,,,,,,CSS;HIS;LYS,,,PRO:heavy_atoms_8;SO4;HOH,EXCLUDE,no_druglike_organic_ligand
251,9HOA,2026-06-24,Variant D312A of Orotidine 5'-monophosphate decarboxylase-domain of human UMPS in complex with the substrate OMP at 1.2 Angstrom resolution,1.2,0.1721,1,1,A,,OMP;PRO;HOH,1,OMP,OMP,OROTIDINE-5'-MONOPHOSPHATE,C10 H13 N2 O11 P,368.191,24,CSS;HIS;LYS,,,PRO:heavy_atoms_8;HOH,INCLUDE,
252,9HOB,2026-06-24,Variant D312A of Orotidine 5'-monophosphate decarboxylase-domain of human UMPS in complex with the product UMP,1.4,0.2009,1,1,A,,U5P;HOH,1,U5P,U5P,URIDINE-5'-MONOPHOSPHATE,C9 H13 N2 O9 P,324.181,21,CSS;HIS;LYS,,,HOH,INCLUDE,
253,9HOC,2026-06-24,Variant D312N of Orotidine 5'-monophosphate decarboxylase-domain of human UMPS in resting state at 1.25 Angstrom resolution,1.25,0.1903,1,1,A,,SO4;HOH,0,,,,,,,CSS;HIS;LYS,,,SO4;HOH,EXCLUDE,no_druglike_organic_ligand
254,9HOD,2026-06-24,Variant D312N of Orotidine 5'-monophosphate decarboxylase-domain of human UMPS in complex with the product UMP at 1.0 Angstrom resolution,1.0,0.148,1,1,A,,U5P;HOH,1,U5P,U5P,URIDINE-5'-MONOPHOSPHATE,C9 H13 N2 O9 P,324.181,21,CSS;HIS;LYS,,,HOH,INCLUDE,
255,9HOE,2026-06-24,Variant D317A of Orotidine 5'-monophosphate decarboxylase-domain of human UMPS in complex with the substrate OMP at 1.1 Angstrom resolution,1.1,0.1416,1,1,A,,PRO;OMP;SO4;HOH,1,OMP,OMP,OROTIDINE-5'-MONOPHOSPHATE,C10 H13 N2 O11 P,368.191,24,CSS;HIS;LYS,,,PRO:heavy_atoms_8;SO4;HOH,INCLUDE,
256,9HOF,2026-06-24,Variant D317A of Orotidine 5'-monophosphate decarboxylase-domain of human UMPS in resting state at 1.2 Angstrom resolution,1.2,0.1894,1,1,A,,SO4;HOH,0,,,,,,,CSS;HIS;LYS,,,SO4;HOH,EXCLUDE,no_druglike_organic_ligand
257,9HOG,2026-06-24,Variant D317A of Orotidine 5'-monophosphate decarboxylase-domain of human UMPS in complex with the product UMP at 1.1 Angstrom resolution,1.1,0.1521,1,1,A,,PRO;U5P;HOH,1,U5P,U5P,URIDINE-5'-MONOPHOSPHATE,C9 H13 N2 O9 P,324.181,21,CSS;HIS;LYS,,,PRO:heavy_atoms_8;HOH,INCLUDE,
258,9HOH,2026-06-24,Variant D317N of Orotidine 5'-monophosphate decarboxylase-domain of human UMPS in complex with the substrate OMP at 1.1 Angstrom resolution,1.1,0.1577,1,1,A,,OMP;PRO;HOH,1,OMP,OMP,OROTIDINE-5'-MONOPHOSPHATE,C10 H13 N2 O11 P,368.191,24,CSS;HIS;LYS,,,PRO:heavy_atoms_8;HOH,INCLUDE,
259,9HOI,2026-06-24,Variant D317N of Orotidine 5'-monophosphate decarboxylase-domain of human UMPS in resting state at 1.3 Angstrom resolution,1.3,0.1753,1,1,A,,SO4;HOH,0,,,,,,,CSS;HIS;LYS,,,SO4;HOH,EXCLUDE,no_druglike_organic_ligand
260,9HOJ,2026-06-24,Variant H283A of Orotidine 5'-monophosphate decarboxylase-domain of human UMPS in complex with the substrate OMP and the product UMP at 1.15 Angstrom resolution,1.15,0.1618,1,2,A;B,,U5P;PRO;OMP;HOH,2,U5P;OMP,,,,,,CSS;HIS;LYS,,,PRO:heavy_atoms_8;HOH,MANUAL_REVIEW,multiple_candidate_ligands;multiple_protein_chains_2
261,9HOK,2026-06-24,Variant H283A of Orotidine 5'-monophosphate decarboxylase-domain of human UMPS in resting state at 1.15 Angstrom resolution,1.15,0.1883,1,1,A,,SO4;HOH,0,,,,,,,CSS;HIS;LYS,,,SO4;HOH,EXCLUDE,no_druglike_organic_ligand
262,9HOL,2026-06-24,Variant H283A of Orotidine 5'-monophosphate decarboxylase-domain of human UMPS in complex with the product UMP at 1.2 Angstrom resolution,1.2,0.1488,1,2,A;B,,U5P;PRO;HOH,1,U5P,U5P,URIDINE-5'-MONOPHOSPHATE,C9 H13 N2 O9 P,324.181,21,CSS;HIS;LYS,,,PRO:heavy_atoms_8;HOH,RESERVE,multiple_protein_chains_2
263,9HOM,2026-06-24,Variant H283N of Orotidine 5'-monophosphate decarboxylase-domain of human UMPS in complex with the product UMP and carbon dioxide at 1.1 Angstrom resolution,1.1,0.1473,1,1,A,,U5P;PRO;SO4;CO2;HOH,1,U5P,U5P,URIDINE-5'-MONOPHOSPHATE,C9 H13 N2 O9 P,324.181,21,CSS;HIS;LYS,,,PRO:heavy_atoms_8;SO4;CO2:heavy_atoms_3;HOH,INCLUDE,
264,9HON,2026-06-24,Variant H283N of Orotidine 5'-monophosphate decarboxylase-domain of human UMPS in resting state,1.5,0.2129,1,2,A;B,,SO4;HOH,0,,,,,,,CSS;HIS;LYS,,,SO4;HOH,EXCLUDE,no_druglike_organic_ligand;multiple_protein_chains_2
265,9HOO,2026-06-24,Variant K281A of Orotidine 5'-monophosphate decarboxylase-domain of human UMPS in complex with the product UMP at 0.83 Angstrom resolution,0.83,0.1208,1,1,A,,U5P;HOH,1,U5P,U5P,URIDINE-5'-MONOPHOSPHATE,C9 H13 N2 O9 P,324.181,21,CSS;HIS;LYS,,,HOH,INCLUDE,
266,9HOP,2026-06-24,Variant K281A of Orotidine 5'-monophosphate decarboxylase-domain of human UMPS in resting state,1.4,0.2088,1,1,A,,SO4;HOH,0,,,,,,,CSS;HIS;LYS,,,SO4;HOH,EXCLUDE,no_druglike_organic_ligand
267,9HOQ,2026-06-24,Variant K281A of Orotidine 5'-monophosphate decarboxylase-domain of human UMPS in complex with the product UMP at 0.93 Angstrom resolution,0.93,0.1232,1,1,A,,U5P;PRO;SO4;HOH,1,U5P,U5P,URIDINE-5'-MONOPHOSPHATE,C9 H13 N2 O9 P,324.181,21,CSS;HIS;LYS,,,PRO:heavy_atoms_8;SO4;HOH,INCLUDE,
268,9HOR,2026-06-24,Variant K281R of Orotidine 5'-monophosphate decarboxylase-domain of human UMPS in complex with the substrate OMP at 1.3 Angstrom resolution,1.3,0.1677,1,1,A,,OMP;HOH,1,OMP,OMP,OROTIDINE-5'-MONOPHOSPHATE,C10 H13 N2 O11 P,368.191,24,CSS;HIS;LYS,,,HOH,INCLUDE,
269,9HOS,2026-06-24,Variant K281R of Orotidine 5'-monophosphate decarboxylase-domain of human UMPS in resting state at 1.1 Angstrom resolution,1.1,0.1632,1,1,A,,SO4;HOH,0,,,,,,,CSS;HIS;LYS,,,SO4;HOH,EXCLUDE,no_druglike_organic_ligand
270,9HOT,2026-06-24,Variant K281R of Orotidine 5'-monophosphate decarboxylase-domain of human UMPS in resting state at 1.05 Angstrom resolution,1.05,0.1454,1,1,A,,SO4;HOH,0,,,,,,,CSS;HIS;LYS,,,SO4;HOH,EXCLUDE,no_druglike_organic_ligand
271,9HOU,2026-06-24,Variant K314A of Orotidine 5'-monophosphate decarboxylase-domain of human UMPS in complex with the product UMP at 1.2 Angstrom resolution,1.2,0.1751,1,1,A,,PRO;U5P;GOL;HOH,1,U5P,U5P,URIDINE-5'-MONOPHOSPHATE,C9 H13 N2 O9 P,324.181,21,CSS;HIS;LYS,,,PRO:heavy_atoms_8;GOL;HOH,INCLUDE,
272,9HOV,2026-06-24,Variant K314A of Orotidine 5'-monophosphate decarboxylase-domain of human UMPS in complex with the product UMP at 0.92 Angstrom resolution,0.92,0.1372,1,1,A,,PRO;U5P;HOH,1,U5P,U5P,URIDINE-5'-MONOPHOSPHATE,C9 H13 N2 O9 P,324.181,21,CSS;HIS;LYS,,,PRO:heavy_atoms_8;HOH,INCLUDE,
273,9HOW,2026-06-24,Variant K314R of Orotidine 5'-monophosphate decarboxylase-domain of human UMPS in resting state,1.6,0.224,1,2,A;B,,SO4;HOH,0,,,,,,,CSS;HIS;LYS,,,SO4;HOH,EXCLUDE,no_druglike_organic_ligand;multiple_protein_chains_2
274,9HOX,2026-06-24,Variant K314R of Orotidine 5'-monophosphate decarboxylase-domain of human UMPS in complex with the product UMP,2.0,0.2475,1,2,A;B,,U5P;HOH,1,U5P,U5P,URIDINE-5'-MONOPHOSPHATE,C9 H13 N2 O9 P,324.181,21,CSS;HIS;LYS,,,HOH,RESERVE,multiple_protein_chains_2
275,9HOY,2026-06-24,Variant P417G of Orotidine 5'-monophosphate decarboxylase-domain of human UMPS in complex with the product UMP at 1.2 Angstrom resolution,1.2,0.1498,1,1,A,,U5P;HOH,1,U5P,U5P,URIDINE-5'-MONOPHOSPHATE,C9 H13 N2 O9 P,324.181,21,CSS;HIS;LYS,,,HOH,INCLUDE,
276,9HOZ,2026-06-24,Variant R451A of Orotidine 5'-monophosphate decarboxylase-domain of human UMPS in complex with the product UMP,1.4,0.1993,1,2,A;B,,U5P;PRO;HOH,1,U5P,U5P,URIDINE-5'-MONOPHOSPHATE,C9 H13 N2 O9 P,324.181,21,CSS;HIS;LYS,,,PRO:heavy_atoms_8;HOH,RESERVE,multiple_protein_chains_2
277,9HP0,2026-06-24,Variant R451K of Orotidine 5'-monophosphate decarboxylase-domain of human UMPS in complex with the product UMP,1.44,0.191,1,2,A;B,,U5P;HOH,1,U5P,U5P,URIDINE-5'-MONOPHOSPHATE,C9 H13 N2 O9 P,324.181,21,CSS;HIS;LYS,,,HOH,RESERVE,multiple_protein_chains_2
278,9HP1,2026-06-24,Variant S257A of Orotidine 5'-monophosphate decarboxylase-domain of human UMPS in complex with the product UMP,1.7,0.1904,1,1,A,,U5P;PRO;HOH,1,U5P,U5P,URIDINE-5'-MONOPHOSPHATE,C9 H13 N2 O9 P,324.181,21,CSS;HIS;LYS,,,PRO:heavy_atoms_8;HOH,INCLUDE,
279,9HP2,2026-06-24,Variant S372A of Orotidine 5'-monophosphate decarboxylase-domain of human UMPS in complex with the product UMP at 1.0 Angstrom resolution,1.0,0.1464,1,1,A,,U5P;PRO;HOH,1,U5P,U5P,URIDINE-5'-MONOPHOSPHATE,C9 H13 N2 O9 P,324.181,21,CSS;HIS;LYS,,,PRO:heavy_atoms_8;HOH,INCLUDE,
280,9HP3,2026-06-24,Orotidine 5'-monophosphate decarboxylase-domain of human UMPS in resting state at 1.2 Angstrom resolution,1.2,0.1747,1,1,A,,SO4;HOH,0,,,,,,,CSS;HIS;LYS,,,SO4;HOH,EXCLUDE,no_druglike_organic_ligand
281,9HP4,2026-06-24,Variant E311A of Orotidine 5'-monophosphate decarboxylase-domain of human UMPS in complex with the product UMP at 1.1 Angstrom resolution,1.1,0.1468,1,1,A,,U5P;PRO;HOH,1,U5P,U5P,URIDINE-5'-MONOPHOSPHATE,C9 H13 N2 O9 P,324.181,21,CSS;HIS;LYS,,,PRO:heavy_atoms_8;HOH,INCLUDE,
282,9HP5,2026-06-24,Variant D317N of Orotidine 5'-monophosphate decarboxylase-domain of human UMPS in complex with the product UMP at 1.0 Angstrom resolution,1.0,0.1481,1,1,A,,U5P;HOH,1,U5P,U5P,URIDINE-5'-MONOPHOSPHATE,C9 H13 N2 O9 P,324.181,21,CSS;HIS;LYS,,,HOH,INCLUDE,
283,9HP6,2026-06-24,Variant D259N of Orotidine 5'-monophosphate decarboxylase-domain of human UMPS in complex with the product UMP,1.5,0.1882,1,2,A;B,,U5P;HOH,1,U5P,U5P,URIDINE-5'-MONOPHOSPHATE,C9 H13 N2 O9 P,324.181,21,CSS;HIS;LYS,,,HOH,RESERVE,multiple_protein_chains_2
284,9IGC,2026-06-24,Structure of human Bcl-xL in complex with small molecule inhibitor,2.1,0.24684,1,4,A;B;C;D,,A1I35;HOH,1,A1I35,A1I35,"2-[[6-(1,3-benzothiazol-2-ylamino)-4,5-dimethyl-pyridazin-3-yl]amino]-1,3-thiazole-4-carboxylic acid",C17 H14 N6 O2 S2,398.462,27,,,,HOH,RESERVE,multiple_protein_chains_4
285,9IGD,2026-06-24,Structure of human Bcl-xL in complex with small molecule inhibitor,2.4,0.22796,1,2,A;B,,A1I37;CL;HOH,1,A1I37,A1I37,"2-[[6-(1,3-benzothiazol-2-ylamino)-5-methyl-pyridazin-3-yl]-methyl-amino]-1,3-thiazole-4-carboxylic acid",C17 H14 N6 O2 S2,398.462,27,,,,CL;HOH,RESERVE,multiple_protein_chains_2
286,9IGE,2026-06-24,Structure of human Bcl-xL in complex with small molecule inhibitor,1.8,0.19749,1,2,A;B,,A1I38;CL;HOH,1,A1I38,A1I38,"2-[3-(1,3-benzothiazol-2-ylamino)-4-methyl-pyrrolo[2,3-c]pyridazin-7-yl]-1,3-thiazole-4-carboxylic acid",C18 H12 N6 O2 S2,408.457,28,,,,CL;HOH,RESERVE,multiple_protein_chains_2
287,9IGG,2026-06-24,Structure of human Bcl-xL in complex with small molecule inhibitor,1.5,0.2329,1,2,A;B,,A1I4B;HOH,1,A1I4B,A1I4B,"2-[3-(1,3-benzothiazol-2-ylamino)-4-methyl-6,7-dihydro-5H-pyrido[2,3-c]pyridazin-8-yl]-1,3-thiazole-4-carboxylic acid",C19 H16 N6 O2 S2,424.499,29,,,,HOH,RESERVE,multiple_protein_chains_2
288,9IGH,2026-06-24,Structure of human Bcl-xL in complex with small molecule inhibitor,1.95,0.25755,1,2,A;B,,A1I36;A1I4C;CL;HOH,2,A1I36;A1I4C,,,,,,,,,CL;HOH,MANUAL_REVIEW,multiple_candidate_ligands;multiple_protein_chains_2
289,9OU8,2026-06-24,Crystal structure of hUGDH Dimer-A104L/A136M complexed with UDP-Xyl,2.41,0.2103,1,2,A;B,,UDX;PO4;EDO;HOH,1,UDX,UDX,URIDINE-5'-DIPHOSPHATE-XYLOPYRANOSE,C14 H22 N2 O16 P2,536.276,34,,,,PO4;EDO;HOH,RESERVE,multiple_protein_chains_2
290,9OV2,2026-06-24,Crystal structure of human IGA2M1 FC fragment-FC-alpha receptor (CD89) complex,2.3,0.249,2,2,A;C,,NAG;CL;HOH,0,,,,,,,ASN;MAN;NAG,,,NAG;CL;HOH,EXCLUDE,no_druglike_organic_ligand;multiple_protein_chains_2
291,9P3E,2026-06-24,LC3B bound to BLM peptide,2.0,0.263,1,1,A,,CL;HOH,0,,,,,,,,,,CL;HOH,EXCLUDE,no_druglike_organic_ligand
292,9RHY,2026-06-24,Integrin alpha(2) I-domain mutant,2.3,0.2479,1,1,A,,MG;HOH,0,,,,,,,,,MG,HOH,EXCLUDE,no_druglike_organic_ligand;metal_present
293,9RI7,2026-06-24,Integrin alpha(2) I-domain mutant,1.6,0.2002,1,1,A,,MG;SIN;EDO;DMS;PGO;HOH,0,,,,,,,,,MG,SIN:heavy_atoms_8;EDO;DMS;PGO:heavy_atoms_5;HOH,EXCLUDE,no_druglike_organic_ligand;metal_present
294,9RIE,2026-06-24,Integrin alpha(2) I-domain mutant,1.305,0.189,1,1,A,,MG;LMR;HOH,0,,,,,,,,,MG,LMR:heavy_atoms_9;HOH,EXCLUDE,no_druglike_organic_ligand;metal_present
295,9RJ2,2026-06-24,Bub1 kinase domain in complex with covalent inhibitor BM047,2.3,0.2486,1,2,A;B,,GOL;A1JG6;HOH,1,A1JG6,A1JG6,(2~{R})-~{N}-[4-[(3-chloranyl-4-fluoranyl-phenyl)amino]-7-prop-2-ynoxy-quinazolin-6-yl]-1-(2-fluoranylethanoyl)pyrrolidine-2-carboxamide,C24 H20 Cl F2 N5 O3,499.897,35,A1JG6;CYS;GLY;SEP;THR,,,GOL;HOH,EXCLUDE,candidate_may_be_covalent;multiple_protein_chains_2
296,9RJ4,2026-06-24,Bub1 kinase domain in complex with inhibitor LEI221,1.85,0.2235,1,2,A;B,,A1JG7;GOL;CA;HOH,1,A1JG7,A1JG7,"5-chloranyl-1-[[4-ethoxy-2,6-bis(fluoranyl)phenyl]methyl]-3-[5-methoxy-4-(1H-pyrazol-4-ylamino)pyrimidin-2-yl]pyridin-2-one",C22 H19 Cl F2 N6 O3,488.874,34,GLY;SEP;THR,,CA,GOL;HOH,RESERVE,multiple_protein_chains_2;metal_present
297,9RK5,2026-06-24,Integrin alpha(2) I-domain mutant,1.9,0.2424,1,1,A,,MG;GOL;SO4;HOH,0,,,,,,,,,MG,GOL;SO4;HOH,EXCLUDE,no_druglike_organic_ligand;metal_present
298,9RK6,2026-06-24,Paraplegin N-terminal domain,1.99,0.2961,1,2,A;B,,SO4;HOH,0,,,,,,,,,,SO4;HOH,EXCLUDE,no_druglike_organic_ligand;multiple_protein_chains_2
299,9RK7,2026-06-24,Integrin alpha(2) I-domain mutant,1.6,0.2478,1,1,A,,MG;GOL;SO4;HOH,0,,,,,,,,,MG,GOL;SO4;HOH,EXCLUDE,no_druglike_organic_ligand;metal_present
300,9RKA,2026-06-24,Integrin alpha(2) I-domain mutant,1.9,0.2133,1,1,A,,MG;GOL;HOH,0,,,,,,,,,MG,GOL;HOH,EXCLUDE,no_druglike_organic_ligand;metal_present
301,9VVV,2026-06-24,Crystal structure of USP15 catalytic domain in complex with Ub-PA,2.304,0.2732,2,4,A;B;C;D,,ZN;IMD;HOH,0,,,,,,,AYE;CYS;GLY,,ZN,IMD:heavy_atoms_5;HOH,EXCLUDE,no_druglike_organic_ligand;multiple_protein_chains_4;metal_present
302,12YI,2026-06-17,The GNMT N-Terminal Domain Orchestrates Folate-Dependent Regulation of Cellular Methylation Dynamics,1.65,0.22,1,4,A;B;C;D,,PO4;HOH,0,,,,,,,ACE;VAL,,,PO4;HOH,EXCLUDE,no_druglike_organic_ligand;multiple_protein_chains_4
303,26XC,2026-06-17,Identification of AMPD2 Allosteric Inhibitors with Novel Mechanism of Action by Fragment Merging Approach,2.5,0.2223,1,4,A;B;C;D,,ZN;PO4;ES9;SO4,1,ES9,ES9,5-chloro-1H-benzimidazole,C7 H5 Cl N2,152.581,10,,,ZN,PO4;SO4,RESERVE,multiple_protein_chains_4;metal_present
304,9EAX,2026-06-17,CRYSTAL STRUCTURE OF THE FMN-BINDING DOMAIN OF HUMAN CYTOCHROME P450 REDUCTASE (MUTANT V164M),1.35,0.179,1,1,A,,FMN;CA;HOH,0,,,,,,,,FMN,CA,HOH,EXCLUDE,no_druglike_organic_ligand;cofactor_present;metal_present
305,9EAY,2026-06-17,CRYSTAL STRUCTURE OF THE FMN-BINDING DOMAIN OF HUMAN CYTOCHROME P450 REDUCTASE (MUTANT H183Y),1.5,0.1911,1,1,A,,FMN;CA;HOH,0,,,,,,,,FMN,CA,HOH,EXCLUDE,no_druglike_organic_ligand;cofactor_present;metal_present
306,9EAZ,2026-06-17,CRYSTAL STRUCTURE OF THE FMN-BINDING DOMAIN OF HUMAN CYTOCHROME P450 REDUCTASE (MUTANT A229T),1.17,0.176,1,1,A,,FMN;CA;HOH,0,,,,,,,,FMN,CA,HOH,EXCLUDE,no_druglike_organic_ligand;cofactor_present;metal_present
307,9EB0,2026-06-17,CRYSTAL STRUCTURE OF THE FMN-BINDING DOMAIN OF HUMAN CYTOCHROME P450 REDUCTASE (MUTANT D211N),1.13,0.1822,1,1,A,,FMN;CA;HOH,0,,,,,,,,FMN,CA,HOH,EXCLUDE,no_druglike_organic_ligand;cofactor_present;metal_present
308,9EB1,2026-06-17,CRYSTAL STRUCTURE OF THE FMN-BINDING DOMAIN OF HUMAN CYTOCHROME P450 REDUCTASE (MUTANT T142A),1.1,0.1709,1,1,A,,FMN;CA;HOH,0,,,,,,,,FMN,CA,HOH,EXCLUDE,no_druglike_organic_ligand;cofactor_present;metal_present
309,9HM1,2026-06-17,Crystal structure of GSK3b in complex with N-(4-{5-[(2-aminoethyl)sulfamoyl]thiophen-2-yl}pyridin-2-yl)cyclopropanecarboxamide inhibitor,2.45,0.2628,1,1,A,,A1IV9;HOH,1,A1IV9,A1IV9,N-(4-{5-[(2-aminoethyl)sulfamoyl]thiophen-2-yl}pyridin-2-yl)cyclopropanecarboxamide,C15 H18 N4 O3 S2,366.458,24,ILE;PTR;SER,,,HOH,INCLUDE,
310,9OU0,2026-06-17,K-Ras G12D 1-169 bound to MRTX-1133 at 277 K,1.81,0.187,1,2,A;B,,GDP;6IC;MG;HOH,1,6IC,6IC,"4-(4-[(1R,5S)-3,8-diazabicyclo[3.2.1]octan-3-yl]-8-fluoro-2-{[(2R,4R,7aS)-2-fluorotetrahydro-1H-pyrrolizin-7a(5H)-yl]methoxy}pyrido[4,3-d]pyrimidin-7-yl)-5-ethynyl-6-fluoronaphthalen-2-ol",C33 H31 F3 N6 O2,600.633,44,,GDP,MG,HOH,RESERVE,multiple_protein_chains_2;cofactor_present;metal_present
311,9OU2,2026-06-17,K-Ras Wild Type 1-169 Bound to BI-2865 at 100 K,1.55,0.226,1,1,A,,MG;OFU;GDP;HOH,1,OFU,OFU,"(4S)-2-azanyl-4-methyl-4-[3-[4-[(1S)-1-[(2S)-1-methylpyrrolidin-1-ium-2-yl]ethoxy]pyrimidin-2-yl]-1,2,4-oxadiazol-5-yl]-6,7-dihydro-5H-1-benzothiophene-3-carbonitrile",C23 H28 N7 O2 S 1,466.579,33,,GDP,MG,HOH,RESERVE,cofactor_present;metal_present
312,9OU3,2026-06-17,K-Ras Wild Type 1-169 bound to BI-2865 at 293K,1.5,0.233,1,1,A,,GDP;MG;OFU;HOH,1,OFU,OFU,"(4S)-2-azanyl-4-methyl-4-[3-[4-[(1S)-1-[(2S)-1-methylpyrrolidin-1-ium-2-yl]ethoxy]pyrimidin-2-yl]-1,2,4-oxadiazol-5-yl]-6,7-dihydro-5H-1-benzothiophene-3-carbonitrile",C23 H28 N7 O2 S 1,466.579,33,,GDP,MG,HOH,RESERVE,cofactor_present;metal_present
313,9OU4,2026-06-17,K-Ras Wild Type 1-169 bound to BI-2865 at 313 K,1.89,0.2203,1,1,A,,GDP;MG;OFU;HOH,1,OFU,OFU,"(4S)-2-azanyl-4-methyl-4-[3-[4-[(1S)-1-[(2S)-1-methylpyrrolidin-1-ium-2-yl]ethoxy]pyrimidin-2-yl]-1,2,4-oxadiazol-5-yl]-6,7-dihydro-5H-1-benzothiophene-3-carbonitrile",C23 H28 N7 O2 S 1,466.579,33,,GDP,MG,HOH,RESERVE,cofactor_present;metal_present
314,9OUH,2026-06-17,K-Ras G12D Cysteine Light at 293 K,1.4,0.2272,1,1,A,,MG;GDP;HOH,0,,,,,,,,GDP,MG,HOH,EXCLUDE,no_druglike_organic_ligand;cofactor_present;metal_present
315,9OUI,2026-06-17,K-Ras G12D 1-169 bound to MRTX-1133 at 313 K,1.86,0.171,1,2,A;B,,GDP;6IC;MG;HOH,1,6IC,6IC,"4-(4-[(1R,5S)-3,8-diazabicyclo[3.2.1]octan-3-yl]-8-fluoro-2-{[(2R,4R,7aS)-2-fluorotetrahydro-1H-pyrrolizin-7a(5H)-yl]methoxy}pyrido[4,3-d]pyrimidin-7-yl)-5-ethynyl-6-fluoronaphthalen-2-ol",C33 H31 F3 N6 O2,600.633,44,,GDP,MG,HOH,RESERVE,multiple_protein_chains_2;cofactor_present;metal_present
316,9OUJ,2026-06-17,K-Ras G12D 1-169 bound to MRTX-1133 at 310 K,1.89,0.213,1,2,A;B,,6IC;MG;GDP;HOH,1,6IC,6IC,"4-(4-[(1R,5S)-3,8-diazabicyclo[3.2.1]octan-3-yl]-8-fluoro-2-{[(2R,4R,7aS)-2-fluorotetrahydro-1H-pyrrolizin-7a(5H)-yl]methoxy}pyrido[4,3-d]pyrimidin-7-yl)-5-ethynyl-6-fluoronaphthalen-2-ol",C33 H31 F3 N6 O2,600.633,44,,GDP,MG,HOH,RESERVE,multiple_protein_chains_2;cofactor_present;metal_present
317,9OZX,2026-06-17,Crystal structure of ZNRF3 RING in complex with UbcH5b,2.4,0.2657,2,2,A;B,,ZN,0,,,,,,,,,ZN,,EXCLUDE,no_druglike_organic_ligand;multiple_protein_chains_2;metal_present
318,9P33,2026-06-17,Crystal structure of the Bromo domain 1 in human Bromodomain Containing Protein 4 with a compound,1.01,0.1602,1,1,A,,EDO;A1CGX;A1C7U;A1C7T;HOH,3,A1CGX;A1C7U;A1C7T,,,,,,,,,EDO;HOH,MANUAL_REVIEW,multiple_candidate_ligands
319,9P34,2026-06-17,Crystal structure of the Bromo domain 1 in human Bromodomain Containing Protein 4 with a compound,0.99,0.1497,1,1,A,,EDO;A1CGY;HOH,1,A1CGY,A1CGY,"(1R,3S)-3-{(5M)-5-{2-[2-methyl-5-(propan-2-yl)phenoxy]pyrimidin-4-yl}-4-[4-(trifluoromethyl)phenyl]-1H-imidazol-1-yl}cyclopentan-1-amine",C29 H30 F3 N5 O,521.577,38,,,,EDO;HOH,INCLUDE,
320,9PJ1,2026-06-17,"Crystal structure of a synthetic Fab (4R) in complex with the ternary assembly of FKBP12, Rapamycin, and the FRB domain of mTOR",2.05,0.2287,4,4,C;D;H;L,,RAP;HOH,1,RAP,RAP,RAPAMYCIN IMMUNOSUPPRESSANT DRUG,C51 H79 N O13,914.172,65,,,,HOH,RESERVE,multiple_protein_chains_4
321,9PLW,2026-06-17,The structure of O-glycopeptidase BcM60K from Bacteroides caccae in complex with a core 2 glycan,2.19,0.2216,2,2,A;G,,ZN;A2G;HOH,1,A2G,A2G,2-acetamido-2-deoxy-alpha-D-galactopyranose,C8 H15 N O6,221.208,15,A2G;THR,,ZN,HOH,EXCLUDE,candidate_may_be_covalent;multiple_protein_chains_2;metal_present
322,9RFO,2026-06-17,Human carbonic anhydrase II complexed with 2-(1-(4-chlorobenzoyl)-5-methoxy-2-methyl-1H-indol-3-yl)-N-(2-sulfam oylethyl)acetamide,1.75,0.1791,1,1,AAA,,EDO;ZN;A1JFM;HOH,1,A1JFM,A1JFM,2-[1-(4-chlorophenyl)carbonyl-5-methoxy-2-methyl-indol-3-yl]-~{N}-(2-sulfamoylethyl)ethanamide,C21 H22 Cl N3 O5 S,463.934,31,,,ZN,EDO;HOH,RESERVE,metal_present
323,9VCH,2026-06-17,Tacrine loaded HFn,1.7,0.1796,1,1,A,,GOL;CL;FE2;MG;OXY;HOH,0,,,,,,,,,MG,GOL;CL;FE2:no_carbon;OXY:no_carbon;HOH,EXCLUDE,no_druglike_organic_ligand;metal_present
324,9VDF,2026-06-17,The crystal structure of IDH1,1.9,0.2208,1,2,A;B,,A1ERX;NDP;SO4;HOH,1,A1ERX,A1ERX,"(1~{R},4~{S},6~{R})-6-oxidanyl-2-(phenylmethyl)-2-azabicyclo[2.2.2]octan-3-one",C14 H17 N O2,231.29,17,,NDP,,SO4;HOH,RESERVE,multiple_protein_chains_2;cofactor_present
325,9VDH,2026-06-17,BTK in apo form adpoting a new conformation,1.98,0.23682,1,1,A,,IMD;GOL;HOH,0,,,,,,,,,,IMD:heavy_atoms_5;GOL;HOH,EXCLUDE,no_druglike_organic_ligand
326,9VE2,2026-06-17,Crystal Structure of Human Peroxiredoxin I in Complex with Fluvastatin,1.8,0.1922,1,2,A;B,,115;HOH,1,115,115,"(3R,5S,6E)-7-[3-(4-fluorophenyl)-1-(propan-2-yl)-1H-indol-2-yl]-3,5-dihydroxyhept-6-enoic acid",C24 H26 F N O4,411.466,30,,,,HOH,RESERVE,multiple_protein_chains_2
327,9VF9,2026-06-17,GSTM1 in complex with bithionol,2.5,0.26664,1,8,A;B;C;D;E;F;G;H,,B1T;GOL;CL;HOH,1,B1T,B1T,"2,2'-sulfanediylbis(4,6-dichlorophenol)",C12 H6 Cl4 O2 S,356.052,19,,,,GOL;CL;HOH,RESERVE,multiple_protein_chains_8
328,9VFA,2026-06-17,GSTM1 in complex with GSH and bithionol,2.15,0.2541,1,4,A;B;C;D,,GSH;B1T;GOL;HOH,2,GSH;B1T,,,,,,,,,GOL;HOH,MANUAL_REVIEW,multiple_candidate_ligands;multiple_protein_chains_4
329,9VFL,2026-06-17,Crystal structure of PLCG1 SH2(C) domain with a triple Tyr phosphorylated peptide derived from NTRK1,2.4,0.2591,2,24,A;B;C;D;E;F;G;H;I;J;K;L;M;N;O;P;Q;R;S;T;U;V;W;X,,CL;PO4;HOH,0,,,,,,,ARG;ASP;ILE;PTR;SER,,,CL;PO4;HOH,EXCLUDE,no_druglike_organic_ligand;multiple_protein_chains_24
330,9Y62,2026-06-17,Human DNA polymerase beta crosslinked ternary complex with Sp-dCTP-alpha-S,2.1,0.2566,1,1,A,,A1CU0;QPJ;CA;NA;HOH,2,A1CU0;QPJ,,,,,,DG;LYS;QPJ,,CA;NA,HOH,MANUAL_REVIEW,multiple_candidate_ligands;metal_present
331,9ZCL,2026-06-17,N17.3.2 NRASQ61K HLA A1 complex,2.3,0.2559,5,5,A;B;C;D;P,,SO4;HOH,0,,,,,,,,,,SO4;HOH,EXCLUDE,no_druglike_organic_ligand;multiple_protein_chains_5
332,10BT,2026-06-10,X-ray Crystal Structure of A High-Affinity Monoclonal Antibody Sequesters Xylazine,1.99,0.2332,2,8,A;B;C;D;E;F;G;H,,A1C4R;CL;HOH,1,A1C4R,A1C4R,"N-(2,6-dimethylphenyl)-5,6-dihydro-4H-1,3-thiazin-2-amine",C12 H16 N2 S,220.334,15,,,,CL;HOH,RESERVE,multiple_protein_chains_8
333,10PI,2026-06-10,JAK1 kinase (JH1 domain) in complex with povorcitinib,1.54,0.2119,1,2,A;B,,EDO;A1C68;DMS;HOH,1,A1C68,A1C68,"4-{3-(cyanomethyl)-3-[(4M)-3',5'-dimethyl-1H,1'H-[4,4'-bipyrazol]-1-yl]azetidin-1-yl}-2,5-difluoro-N-[(2S)-1,1,1-trifluoropropan-2-yl]benzamide",C23 H22 F5 N7 O,507.459,36,ACE;MET,,,EDO;DMS;HOH,RESERVE,multiple_protein_chains_2
334,10YZ,2026-06-10,Crystal structure of mouse DXO in complex with pGGGUU RNA and two magnesium ions,1.6,0.211,1,1,A,,MG;HOH,0,,,,,,,,,MG,HOH,EXCLUDE,no_druglike_organic_ligand;metal_present
335,12ZJ,2026-06-10,Crystal structure of USP7 TRAF domain in complex with MAGEL2 peptide (968-980),1.63,0.217,2,6,A;B;C;D;E;F,,MG;GOL;HOH,0,,,,,,,,,MG,GOL;HOH,EXCLUDE,no_druglike_organic_ligand;multiple_protein_chains_6;metal_present
336,13LV,2026-06-10,Structure of PKMYT1 bound to allosteric inhibitor P29-(S),2.22,0.2691,1,1,A,,A1DG4;HOH,1,A1DG4,A1DG4,"(4S)-1-cyclopentyl-4-(4-hydroxyphenyl)-1,4,5,7-tetrahydro-6H-pyrazolo[3,4-b]pyridin-6-one",C17 H19 N3 O2,297.352,22,,,,HOH,INCLUDE,
337,13LX,2026-06-10,Structure of PKMYT1 bound to inhibitor P32-(R),2.2,0.2796,1,1,A,,A1DG5;HOH,1,A1DG5,A1DG5,"(4R)-1-cyclopentyl-4-(3-hydroxyphenyl)-1,4,5,7-tetrahydro-6H-pyrazolo[3,4-b]pyridin-6-one",C17 H19 N3 O2,297.352,22,,,,HOH,INCLUDE,
338,21HO,2026-06-10,Crystal strucrue of HuHF-C2-MEO complex,2.4,0.2413,1,1,A,,MG;A1E2V;CL;HOH,1,A1E2V,A1E2V,"N-[1,3-bis[(3,5-dimethoxyphenyl)methyl]-2,4,4-tris(oxidanylamino)-1$l^3,3$l^3-dithia-2$l^4,4$l^4-diferracyclobut-2-yl]hydroxylamine",C18 H30 Fe2 N4 O8 S2,606.273,34,,,MG,CL;HOH,RESERVE,metal_present
339,21KV,2026-06-10,Crystal strucrue of HuHF-C2-DAC complex,2.0,0.2018,1,2,A;B,,A1E2W;CA;MG;HOH,1,A1E2W,A1E2W,4-(dimethylaminodiazenyl)-1H-imidazole-5-carboxamide,C6 H10 N6 O,182.183,13,,,CA;MG,HOH,RESERVE,multiple_protein_chains_2;metal_present
340,21KW,2026-06-10,Crystal strucrue of HuHF-C2-SEM complex,2.0,0.2001,1,1,A,,A1E2Y;CA;MG;HOH,1,A1E2Y,A1E2Y,1-(2-chloroethyl)-3-(4-methylcyclohexyl)-1-nitroso-urea,C10 H18 Cl N3 O2,247.722,16,,,CA;MG,HOH,RESERVE,metal_present
341,21LE,2026-06-10,Crystal strucrue of HuHF-C2-CAR complex,2.0,0.187,1,1,A,,MG;I4E;CA;HOH,1,I4E,I4E,CARMUSTINE,C5 H9 Cl2 N3 O2,214.05,12,,,MG;CA,HOH,RESERVE,metal_present
342,28JY,2026-06-10,"Iron loaded E61A human H-chain ferritin, anaerobic",1.6,0.198,1,1,A,,FE;MG;CL;HOH,0,,,,,,,,,FE;MG,CL;HOH,EXCLUDE,no_druglike_organic_ligand;metal_present
343,28JZ,2026-06-10,"Iron loaded E61A human H-chain ferritin, 1 hour oxygen soak",2.41,0.239,1,1,A,,FE;CL;MG;HOH,0,,,,,,,,,FE;MG,CL;HOH,EXCLUDE,no_druglike_organic_ligand;metal_present
344,28KA,2026-06-10,"Iron loaded human H-chain ferritin, anaerobic",2.11,0.1913,1,1,A,,FE;MG;CL;HOH,0,,,,,,,,,FE;MG,CL;HOH,EXCLUDE,no_druglike_organic_ligand;metal_present
345,28KB,2026-06-10,"Iron loaded human H-chain ferritin, 3 hour oxygen soak",1.83,0.2279,1,1,A,,FE;MG;CL;HOH,0,,,,,,,,,FE;MG,CL;HOH,EXCLUDE,no_druglike_organic_ligand;metal_present
346,28KC,2026-06-10,"Iron loaded human H-chain ferritin, 2 minute oxygen soak",1.94,0.1923,1,1,A,,FE;CL;MG;HOH,0,,,,,,,,,FE;MG,CL;HOH,EXCLUDE,no_druglike_organic_ligand;metal_present
347,28LZ,2026-06-10,"Iron loaded human H-chain ferritin, 20 minute oxygen soak",1.94,0.1946,1,1,A,,FE;CL;MG;HOH,0,,,,,,,,,FE;MG,CL;HOH,EXCLUDE,no_druglike_organic_ligand;metal_present
348,36AD,2026-06-10,Fumarate hydratase (human mitochondrial),2.11,0.2111,1,4,A;B;C;D,,TLA;HOH,1,TLA,TLA,L(+)-TARTARIC ACID,C4 H6 O6,150.087,10,,,,HOH,RESERVE,multiple_protein_chains_4
349,9LP5,2026-06-10,The crystal structure of human PTP1B,2.406,0.2128,1,2,A;B,,GOL;HOH,0,,,,,,,,,,GOL;HOH,EXCLUDE,no_druglike_organic_ligand;multiple_protein_chains_2
350,9M0H,2026-06-10,Crystal structure of human endonuclease G mutant C113A/H141A,1.85,0.2053,1,2,A;B,,MG;HOH,0,,,,,,,,,MG,HOH,EXCLUDE,no_druglike_organic_ligand;multiple_protein_chains_2;metal_present
351,9P05,2026-06-10,Structure of human Sec23a/Sec24a/Sec22b bound to CPD11,2.31,0.2859,3,3,A;B;C,,ZN;A1EQA;HOH,1,A1EQA,A1EQA,"(2~{R},3~{R})-2-[(3-hydroxyphenyl)methyl]-3-phenyl-cyclopropane-1,1-dicarboxylic acid",C18 H16 O5,312.317,23,,,ZN,HOH,RESERVE,r_free_above_0.28;multiple_protein_chains_3;metal_present
352,9PN1,2026-06-10,Crystal structure of Q108K:K40L:T51V:T53C:R58W:T29L:Y19W:Q4A mutant of cellular retinol binding protein II complex with 15-cis-retinal,1.26,0.2205,1,2,B;C,,ACT;RET;GOL;HOH,1,RET,RET,RETINAL,C20 H28 O,284.436,21,LYS;RET,,,ACT;GOL;HOH,EXCLUDE,candidate_may_be_covalent;multiple_protein_chains_2
353,9S84,2026-06-10,Crystal structure of KRAS G12D D38C (GDP-bound),1.64,0.1852,1,1,A,,GDP;MG;EDO;NO3;HOH,0,,,,,,,,GDP,MG,EDO;NO3;HOH,EXCLUDE,no_druglike_organic_ligand;cofactor_present;metal_present
354,9T48,2026-06-10,"Human Diphosphoinositol Polyphosphate Phosphohydrolase 1 (DIPP1) R89S mutant in complex with 1,5-(PCP)-IP5 (PCP-IP8)",1.5,0.1954,1,1,A,,4WZ;MG;CL;HOH,1,4WZ,4WZ,"{[(1R,3S,4S,5R,6S)-2,4,5,6-tetrakis(phosphonooxy)cyclohexane-1,3-diyl]bis[oxy(hydroxyphosphoryl)methanediyl]}bis(phosphonic acid)",C8 H24 O28 P8,816.049,44,,,MG,CL;HOH,RESERVE,metal_present
355,9T49,2026-06-10,"Human Diphosphoinositol Polyphosphate Phosphohydrolase 1 (DIPP1) in complex with 1,5-(PCP)-IP5 (PCP-IP8)",1.5,0.1792,1,1,A,,4WZ;MG;CL;HOH,1,4WZ,4WZ,"{[(1R,3S,4S,5R,6S)-2,4,5,6-tetrakis(phosphonooxy)cyclohexane-1,3-diyl]bis[oxy(hydroxyphosphoryl)methanediyl]}bis(phosphonic acid)",C8 H24 O28 P8,816.049,44,,,MG,CL;HOH,RESERVE,metal_present
356,9T4A,2026-06-10,"Human Diphosphoinositol Polyphosphate Phosphohydrolase 1 (DIPP1) in complex with 1,5-(PCP)-IP5 (PCP-IP8)",1.697,0.21,1,1,A,,4WZ;EDO;MG;CL;PO4;HOH,1,4WZ,4WZ,"{[(1R,3S,4S,5R,6S)-2,4,5,6-tetrakis(phosphonooxy)cyclohexane-1,3-diyl]bis[oxy(hydroxyphosphoryl)methanediyl]}bis(phosphonic acid)",C8 H24 O28 P8,816.049,44,,,MG,EDO;CL;PO4;HOH,RESERVE,metal_present
357,9T4B,2026-06-10,"Human Diphosphoinositol Polyphosphate Phosphohydrolase 1 (DIPP1) R89S mutant in complex with 1,5-(PCP)-IP5 (PCP-IP8)",1.63,0.2183,1,1,A,,4WZ;EDO;MG;CL;HOH,1,4WZ,4WZ,"{[(1R,3S,4S,5R,6S)-2,4,5,6-tetrakis(phosphonooxy)cyclohexane-1,3-diyl]bis[oxy(hydroxyphosphoryl)methanediyl]}bis(phosphonic acid)",C8 H24 O28 P8,816.049,44,,,MG,EDO;CL;HOH,RESERVE,metal_present
358,9T4C,2026-06-10,"Human Diphosphoinositol Polyphosphate Phosphohydrolase 1 (DIPP1) H91E mutant in complex with 1,5-(PCP)-IP5 (PCP-IP8)",1.213,0.1887,1,1,A,,4WZ;MN;PO4;CL;HOH,1,4WZ,4WZ,"{[(1R,3S,4S,5R,6S)-2,4,5,6-tetrakis(phosphonooxy)cyclohexane-1,3-diyl]bis[oxy(hydroxyphosphoryl)methanediyl]}bis(phosphonic acid)",C8 H24 O28 P8,816.049,44,,,MN,PO4;CL;HOH,RESERVE,metal_present
359,9T4D,2026-06-10,Human Diphosphoinositol Polyphosphate Phosphohydrolase 1 (DIPP1) R41A mutant in complex with 5-(PP)-IP5 (5-IP7),1.5,0.1848,1,1,A,,I7P;MG;PO4;CL;F;HOH,1,I7P,I7P,"(1r,2R,3S,4s,5R,6S)-2,3,4,5,6-pentakis(phosphonooxy)cyclohexyl trihydrogen diphosphate",C6 H19 O27 P7,740.015,40,,,MG,PO4;CL;F;HOH,RESERVE,metal_present
360,9T4E,2026-06-10,Human Diphosphoinositol Polyphosphate Phosphohydrolase 1 (DIPP1/NUDT3),1.541,0.2339,1,1,A,,PO4;CL;HOH,0,,,,,,,,,,PO4;CL;HOH,EXCLUDE,no_druglike_organic_ligand
361,9T4F,2026-06-10,Human Diphosphoinositol Polyphosphate Phosphohydrolase 1 (DIPP1/NUDT3) E108N mutant,1.426,0.2185,1,1,A,,PO4;CL;HOH,0,,,,,,,,,,PO4;CL;HOH,EXCLUDE,no_druglike_organic_ligand
362,9T4G,2026-06-10,Human Diphosphoinositol Polyphosphate Phosphohydrolase 1 (DIPP1) in complex with IP6,1.28,0.1923,1,1,A,,IHP;MG;PO4;CL;HOH,1,IHP,IHP,INOSITOL HEXAKISPHOSPHATE,C6 H18 O24 P6,660.035,36,,,MG,PO4;CL;HOH,RESERVE,metal_present
363,9T4H,2026-06-10,Human Diphosphoinositol Polyphosphate Phosphohydrolase 1 (DIPP1) R41A mutant in complex with IP6,1.24,0.206,1,1,A,,IHP;EDO;PO4;MG;CL;HOH,1,IHP,IHP,INOSITOL HEXAKISPHOSPHATE,C6 H18 O24 P6,660.035,36,,,MG,EDO;PO4;CL;HOH,RESERVE,metal_present
364,9T4I,2026-06-10,Human Diphosphoinositol Polyphosphate Phosphohydrolase 1 (DIPP1) R89S mutant in complex with IP6,1.408,0.2113,1,1,A,,IHP;EDO;MG;CL;HOH,1,IHP,IHP,INOSITOL HEXAKISPHOSPHATE,C6 H18 O24 P6,660.035,36,,,MG,EDO;CL;HOH,RESERVE,metal_present
365,9T4J,2026-06-10,Human Diphosphoinositol Polyphosphate Phosphohydrolase 1 (DIPP1) H91E mutant in complex with IP6,1.324,0.2056,1,1,A,,MG;CL;SO3;EDO;IHP;HOH,1,IHP,IHP,INOSITOL HEXAKISPHOSPHATE,C6 H18 O24 P6,660.035,36,,,MG,CL;SO3:no_carbon;EDO;HOH,RESERVE,metal_present
366,9T4K,2026-06-10,Human Diphosphoinositol Polyphosphate Phosphohydrolase 1 (DIPP1) H91M mutant in complex with IP6,1.394,0.2271,1,1,A,,IHP;PO4;EDO;MG;CL;HOH,1,IHP,IHP,INOSITOL HEXAKISPHOSPHATE,C6 H18 O24 P6,660.035,36,,,MG,PO4;EDO;CL;HOH,RESERVE,metal_present
367,9T4L,2026-06-10,HumanDiphosphoinositol Polyphosphate Phosphohydrolase 1 (DIPP1) E108N mutant in complex with IP6,1.13,0.2035,1,1,A,,IHP;MG;CL;HOH,1,IHP,IHP,INOSITOL HEXAKISPHOSPHATE,C6 H18 O24 P6,660.035,36,,,MG,CL;HOH,RESERVE,metal_present
368,9T4M,2026-06-10,Human Diphosphoinositol Polyphosphate Phosphohydrolase 1 (DIPP1) N112S mutant in complex with IP6,1.78,0.2421,1,1,A,,EDO;IHP;MG;CL;HOH,1,IHP,IHP,INOSITOL HEXAKISPHOSPHATE,C6 H18 O24 P6,660.035,36,,,MG,EDO;CL;HOH,RESERVE,metal_present
369,9V13,2026-06-10,Crystal structure of ACAT2 in complex with ZH-2-077,2.5,0.23721,1,2,A;B,,A1L9R;HOH,1,A1L9R,A1L9R,~{N}-(2-phenylethyl)-4-purin-7-ylsulfonyl-benzamide,C20 H17 N5 O3 S,407.446,29,,,,HOH,RESERVE,multiple_protein_chains_2
370,9V6G,2026-06-10,Human Pin1 (Peptidyl-prolyl cis-trans isomerase) catalytic domain in complex with a covalent inhibitor,2.0,0.2173,1,2,A;B,,A1ERC;A1ERA;HOH,2,A1ERC;A1ERA,,,,,,A1ERC;CYS,,,HOH,MANUAL_REVIEW,multiple_candidate_ligands;multiple_protein_chains_2
371,9V6I,2026-06-10,Human Pin1 (Peptidyl-prolyl cis-trans isomerase) catalytic domain in complex with a covalent inhibitor,2.46,0.2632,1,2,A;B,,A1ERB;A1ERA;HOH,2,A1ERB;A1ERA,,,,,,A1ERB;CYS,,,HOH,MANUAL_REVIEW,multiple_candidate_ligands;multiple_protein_chains_2
372,9V6P,2026-06-10,Human Pin1 (Peptidyl-prolyl cis-trans isomerase) catalytic domain in complex with a covalent inhibitor,1.99,0.226,1,2,A;B,,A1ERF;A1ERA;HOH,2,A1ERF;A1ERA,,,,,,A1ERF;CYS,,,HOH,MANUAL_REVIEW,multiple_candidate_ligands;multiple_protein_chains_2
373,9V6W,2026-06-10,Human Pin1 (Peptidyl-prolyl cis-trans isomerase) catalytic domain in complex with a covalent inhibitor,2.1,0.2419,1,2,A;B,,A1ERK;A1ERA;HOH,2,A1ERK;A1ERA,,,,,,A1ERK;CYS,,,HOH,MANUAL_REVIEW,multiple_candidate_ligands;multiple_protein_chains_2
374,9VBR,2026-06-10,Farnesoid X Receptor Agonists_FXR fused with a HD3 peptide,2.5,0.251,1,2,A;B,,A1ERI;FMT;HOH,1,A1ERI,A1ERI,"5-azanyl-2-[(2~{S})-1-[(2~{S},4~{R})-2,6-dimethyl-4-phenylazanyl-3,4-dihydro-2~{H}-quinolin-1-yl]-1-oxidanylidene-propan-2-yl]isoindole-1,3-dione",C28 H28 N4 O3,468.547,35,,,,FMT;HOH,RESERVE,multiple_protein_chains_2
375,9VOC,2026-06-10,"Crystal strucrue of HuHF-C2, a variant of HuHF",2.2,0.2242,1,1,A,,MG;FE;CL;HOH,0,,,,,,,,,MG;FE,CL;HOH,EXCLUDE,no_druglike_organic_ligand;metal_present
376,9VOD,2026-06-10,Crystal strucrue of HuHF-C2-Cur complex 1,1.92,0.1923,1,1,A,,CC9;MG;CA;FE;HOH,1,CC9,CC9,curcumin,C21 H20 O6,368.38,27,,,MG;CA;FE,HOH,RESERVE,metal_present
377,9VOE,2026-06-10,Crystal strucrue of HuHF-C2-Cur complex 2,2.0,0.2197,1,1,A,,CC9;MG;CA;FE;CL;HOH,1,CC9,CC9,curcumin,C21 H20 O6,368.38,27,,,MG;CA;FE,CL;HOH,RESERVE,metal_present
378,9VOF,2026-06-10,Crystal strucrue of HuHF-C2-ALY complex,1.9,0.1938,1,1,A,,A1ES1;MG;CA;FE;CL;HOH,1,A1ES1,A1ES1,4-[(E)-(4-nitrophenyl)diazenyl]-2-oxidanyl-benzoic acid,C13 H9 N3 O5,287.228,21,,,MG;CA;FE,CL;HOH,RESERVE,metal_present
379,9VOM,2026-06-10,Crystal strucrue of HuHF-C2-AZB complex,2.0,0.199,1,1,A,,A1ES0;MG;FE;HOH,1,A1ES0,A1ES0,3-[(E)-phenyldiazenyl]aniline,C12 H11 N3,197.236,15,,,MG;FE,HOH,RESERVE,metal_present
380,9VON,2026-06-10,Crystal strucrue of HuHF-71-Cur complex,2.5,0.2366,1,8,A;B;C;D;E;F;G;H,,CC9;FE;HOH,1,CC9,CC9,curcumin,C21 H20 O6,368.38,27,,,FE,HOH,RESERVE,multiple_protein_chains_8;metal_present
381,9YSM,2026-06-10,Human DCTPP1 bound to MPD,1.81,0.2232,1,4,A;B;C;D,,MPD;MG;HOH,0,,,,,,,,,MG,MPD;HOH,EXCLUDE,no_druglike_organic_ligand;multiple_protein_chains_4;metal_present
382,9YSN,2026-06-10,Human DCTPP1 bound to a Class I inhibitor,2.3,0.2277,1,8,A;B;C;D;E;F;G;H,,A1C0E;MG;HOH,1,A1C0E,A1C0E,"2-{[7-(4-cyclohexylpiperazin-1-yl)-4-nitro-2,1,3-benzoxadiazol-5-yl]amino}ethan-1-ol",C18 H26 N6 O4,390.437,28,,,MG,HOH,RESERVE,multiple_protein_chains_8;metal_present
383,9YSO,2026-06-10,Human DCTPP1 bound to a Class II inhibitor,1.7,0.2143,1,8,A;B;C;D;E;F;G;H,,A1C0D;MG;PRO;HOH,1,A1C0D,A1C0D,"(6-methoxypyridin-3-yl)[(3S)-3-{4-[3-(propan-2-yl)-1,2,4-oxadiazol-5-yl]-1H-1,2,3-triazol-1-yl}piperidin-1-yl]methanone",C19 H23 N7 O3,397.431,29,,,MG,PRO:heavy_atoms_8;HOH,RESERVE,multiple_protein_chains_8;metal_present
384,9YSP,2026-06-10,Human DCTPP1 bound to a Class III inhibitor,1.75,0.1907,1,4,A;B;C;D,,A1C0C;MG;HOH,1,A1C0C,A1C0C,4-(4-chlorophenyl)-6-[4-(2-hydroxyethyl)piperazin-1-yl]-2-(methylsulfanyl)pyrimidine-5-carbonitrile,C18 H20 Cl N5 O S,389.902,26,,,MG,HOH,RESERVE,multiple_protein_chains_4;metal_present
385,9ZLI,2026-06-10,Crystal structure of DCAF1 in complex with SDIPTAC C11,2.07,0.2784,1,6,A;B;C;D;E;F,,A1C24;A1C27;HOH,1,A1C24,A1C24,(4P)-N-[(1S)-3-amino-1-(3-chloro-4-fluorophenyl)-3-oxopropyl]-4-(4-chloro-2-fluorophenyl)-1H-pyrrole-3-carboxamide,C20 H15 Cl2 F2 N3 O2,438.255,29,,,,A1C27:mw_1525.2;HOH,RESERVE,multiple_protein_chains_6
386,10SB,2026-06-03,PCSK9 in complex with cyclic peptide 21,1.828,0.2385,3,3,A;B;D,,GOL;A1C8P;GOA;HOH,1,A1C8P,A1C8P,N-{[4-(2-aminoethyl)phenyl]methyl}hexan-1-amine,C15 H26 N2,234.38,17,0A1;2RA;3WX;A1C8P;A1CHA;ALA;FTR;GOA;PRO;SIN;THR,,,GOL;GOA:heavy_atoms_5;HOH,EXCLUDE,candidate_may_be_covalent;multiple_protein_chains_3
387,13FL,2026-06-03,Structure of FabS1CE2_P2a in complex with the N-terminal domain of PD-L1,2.22,0.2386,3,3,A;B;C,,EDO;CL;NAG;HOH,0,,,,,,,ASN;NAG,,,EDO;CL;NAG;HOH,EXCLUDE,no_druglike_organic_ligand;multiple_protein_chains_3
388,9QRO,2026-06-03,HINT1 complexed with GS-441524-MP,1.58,0.2122,1,2,A;B,,F86;MES;HOH,1,F86,F86,"[(2~{R},3~{S},4~{R},5~{R})-5-(4-azanylpyrrolo[2,1-f][1,2,4]triazin-7-yl)-5-cyano-3,4-bis(oxidanyl)oxolan-2-yl]methyl dihydrogen phosphate",C12 H14 N5 O7 P,371.243,25,,,,MES;HOH,RESERVE,multiple_protein_chains_2
389,9QTC,2026-06-03,HINT1 complexed with GS-441524,1.3,0.1883,1,2,A;B,,U08;MES;HOH,1,U08,U08,"(2~{R},3~{R},4~{S},5~{R})-2-(4-azanylpyrrolo[2,1-f][1,2,4]triazin-7-yl)-5-(hydroxymethyl)-3,4-bis(oxidanyl)oxolane-2-carbonitrile",C12 H13 N5 O4,291.263,21,,,,MES;HOH,RESERVE,multiple_protein_chains_2
390,9R9C,2026-06-03,Crystal structure of TRIM24 PHD-bromodomain with XS839112,1.59,0.195692941113,1,2,A;B,,ZN;EDO;GOL;DMS;A1JDW;PG4;HOH,1,A1JDW,A1JDW,"(4~{S})-6-[[1-(3-chloranyl-4-fluoranyl-phenyl)-1,2,3-triazol-4-yl]methylamino]-1,4-dimethyl-3,4-dihydroquinolin-2-one",C20 H19 Cl F N5 O,399.849,28,,,ZN,EDO;GOL;DMS;PG4;HOH,RESERVE,multiple_protein_chains_2;metal_present
391,9RAK,2026-06-03,E-selectin complexed with glycomimetic ligand GMI-1077,1.9,0.2333,1,2,A;B,,NAG;A1JDT;CA;CL;HOH,1,A1JDT,A1JDT,"(2~{S})-3-cyclohexyl-2-[(2~{R},3~{S},4~{S},5~{R},6~{R})-2-(hydroxymethyl)-6-[(1~{R},2~{R},3~{S})-3-methyl-2-[(2~{S},3~{S},4~{R},5~{S},6~{S})-6-methyl-3,4,5-tris(oxidanyl)oxan-2-yl]oxy-cyclohexyl]oxy-3-oxidanyl-5-(phenylcarbonyloxy)oxan-4-yl]oxy-propanoic acid",C35 H52 O14,696.779,49,ASN;NAG,,CA,NAG;CL;HOH,RESERVE,multiple_protein_chains_2;metal_present
392,9RAL,2026-06-03,E-selectin complexed with glycomimetic ligand MZ2139,2.4,0.2673,1,1,A,,NAG;CA;A1JDV;HOH,1,A1JDV,A1JDV,"(2~{R},7~{a}~{R},8~{R},10~{R},11~{S},11~{a}~{S})-10-(hydroxymethyl)-8-[(1~{R},2~{R},3~{S})-3-methyl-2-[(2~{S},3~{S},4~{R},5~{S},6~{S})-6-methyl-3,4,5-tris(oxidanyl)oxan-2-yl]oxy-cyclohexyl]oxy-11-oxidanyl-2,3,4,5,6,7~{a},8,10,11,11~{a}-decahydropyrano[3,4-b][1,4]dioxonine-2-carboxylic acid",C25 H42 O13,550.593,38,ASN;NAG,,CA,NAG;HOH,RESERVE,metal_present
393,9RT3,2026-06-03,Structure of Choline O-acetyltransferase in complex with (E)-4-(2-((2-acetamidoethyl)thio)-2-(naphthalen-1-yl)vinyl)-1-methylpyridin-1-ium,1.8,0.2117,1,1,A,,A1JJI;EDO;PEG;NA;HOH,1,A1JJI,A1JJI,~{N}-[2-[(~{E})-2-(1-methylpyridin-4-yl)-1-naphthalen-1-yl-ethenyl]sulfanylethyl]ethanamide,C22 H23 N2 O S 1,363.496,26,,,NA,EDO;PEG;HOH,RESERVE,metal_present
394,9S89,2026-06-03,N-terminal 40kDa fragment of human PMS2 with covalent ligand NP1867,2.0,0.2293,1,1,A,,EDO;DMS;A1JMJ;HOH,1,A1JMJ,A1JMJ,"~{N}-[2-[2-(cyclohexylmethoxy)-3-methyl-4,6-bis(oxidanyl)phenyl]carbonyl-1,3-dihydroisoindol-4-yl]-4-(dimethylamino)butanamide",C29 H39 N3 O5,509.637,37,A1JMJ;CYS,,,EDO;DMS;HOH,EXCLUDE,candidate_may_be_covalent
395,9SCK,2026-06-03,"Structure of Carnitine-O-acetyltransferase in complex with 6-benzyl-2-(naphthalen-1-yl)thieno[2,3-c]pyridin-6-ium",1.4,0.1676,1,1,A,,A1JM7;ACT;DMS;PEG;EDO;NA;HOH,1,A1JM7,A1JM7,"2-naphthalen-2-yl-6-(phenylmethyl)thieno[2,3-c]pyridin-6-ium",C24 H18 N S 1,352.471,26,,,NA,ACT;DMS;PEG;EDO;HOH,RESERVE,metal_present
396,9TP9,2026-06-03,Crystal structure of integrin-linked kinase (ILK) in complex with Alpha-Parvin and dihydroPelitinib,1.45,0.2194,2,2,A;B,,A1JW8;EPE;EDO;HOH,2,A1JW8;EPE,,,,,,,,,EDO;HOH,MANUAL_REVIEW,multiple_candidate_ligands;multiple_protein_chains_2
397,9TPD,2026-06-03,Crystal structure of integrin-linked kinase (ILK) in complex with alpha-parvin and a cyano-quinoline ligand,1.5,0.215,2,2,A;B,,A1JW7;EDO;EPE;NA;HOH,2,A1JW7;EPE,,,,,,,,NA,EDO;HOH,MANUAL_REVIEW,multiple_candidate_ligands;multiple_protein_chains_2;metal_present
398,9V5K,2026-06-03,"Crystal Structure of Nur77 LBD in complex with N-(2'-(methyl(pentyl)amino)-[4,4'-bipyridin]-2-yl)cinnamamide",2.37,0.2618,1,2,A;B,,A1D6A;HOH,1,A1D6A,A1D6A,(~{E})-~{N}-[4-[2-[methyl(pentyl)amino]pyridin-4-yl]pyridin-2-yl]-3-phenyl-prop-2-enamide,C25 H28 N4 O,400.516,30,,,,HOH,RESERVE,multiple_protein_chains_2
399,9V5M,2026-06-03,The crystal structure of RBBP4-H3 complex,2.1,0.2109,2,2,A;D,,BTN;HOH,1,BTN,BTN,BIOTIN,C10 H16 N2 O3 S,244.311,16,BTN;LYS,,,HOH,EXCLUDE,candidate_may_be_covalent;multiple_protein_chains_2
400,9V5O,2026-06-03,Crystal Structure of anti-HIV scFv against MPER region of the envelope protein,2.42,0.2521,1,1,A,,GOL;SO4;PEG;HOH,0,,,,,,,,,,GOL;SO4;PEG;HOH,EXCLUDE,no_druglike_organic_ligand
401,9V6D,2026-06-03,Human Ecto-5'-nucleotidase (CD73) in complex with LB10,2.32,0.2448,1,2,A;B,,NAG;ZN;A1EQY;CA;HOH,1,A1EQY,A1EQY,"5-[6-chloranyl-5-(2-phenylethoxy)pyridazin-3-yl]-1~{H}-pyrimidine-2,4-dione",C16 H13 Cl N4 O3,344.752,24,ASN;BMA;MAN;NAG,,ZN;CA,NAG;HOH,RESERVE,multiple_protein_chains_2;metal_present
402,9VZQ,2026-06-03,Crystal structure of RORgamma in complex with novel inverse agonist,2.18,0.25093,2,2,A;B,,YUV;HOH,1,YUV,YUV,"(25R)-14beta,17beta-spirost-5-en-3beta-ol",C27 H42 O3,414.621,30,,,,HOH,RESERVE,multiple_protein_chains_2
403,9W28,2026-06-03,Structure of Au3+ bound to human heavy chain ferritin nanocage.,1.52,0.215,1,1,A,,AU;MG;NA;HOH,0,,,,,,,,,AU;MG;NA,HOH,EXCLUDE,no_druglike_organic_ligand;metal_present
404,9W29,2026-06-03,Structure of Au bound to human heavy chain ferritin nanocage.,1.99,0.2465,1,1,A,,AU;MG;HOH,0,,,,,,,,,AU;MG,HOH,EXCLUDE,no_druglike_organic_ligand;metal_present
405,9WW1,2026-06-03,Oxy-bound rHb0.1WT beta homotetramer human hemoglobin,2.0,0.2329,1,4,A;B;C;D,,HEM;OXY;EDO;HOH,0,,,,,,,,HEM,,OXY:no_carbon;EDO;HOH,EXCLUDE,no_druglike_organic_ligand;multiple_protein_chains_4;cofactor_present
406,9X7O,2026-06-03,Lansoprazole derivative in complex with CRM1-Ran-RanBP1,2.0,0.21788,3,3,A;B;C,,GTP;MG;MPO;CL;DMS;GOL;A1E63;HOH,2,MPO;A1E63,,,,,,,GTP,MG,CL;DMS;GOL;HOH,MANUAL_REVIEW,multiple_candidate_ligands;multiple_protein_chains_3;cofactor_present;metal_present
407,9Z5W,2026-06-03,Crystal structure of HRAS in complex with N-LHY affibody,1.8,0.22385,2,2,A;B,,GDP;EDO;HOH,0,,,,,,,,GDP,,EDO;HOH,EXCLUDE,no_druglike_organic_ligand;multiple_protein_chains_2;cofactor_present
408,9Z9E,2026-06-03,Structure of FabS1CE2_ER-3c in complex with the extracellular region of EGFR,2.4,0.2426,3,3,A;D;E,,NAG;SCN;CL;NA;K;PEG;PGE;EDO;HOH,0,,,,,,,ASN;BMA;MAN;NAG,,NA;K,NAG;SCN;CL;PEG;PGE;EDO;HOH,EXCLUDE,no_druglike_organic_ligand;multiple_protein_chains_3;metal_present
409,9ZPA,2026-06-03,KRAS G12V Mutant in Complex with GDP and Compound 12.,1.68,0.2554,1,2,A;B,,MG;A1C3N;GDP;SO4;HOH,1,A1C3N,A1C3N,"(10R,14S,21P)-3,25-difluoro-16-{[(2R,4R,7aS)-2-fluorotetrahydro-1H-pyrrolizin-7a(5H)-yl]methoxy}-23-hydroxy-10-methyl-5,6,10,11,12,13-hexahydro-4H-10,14-methano-21,18-(metheno)naphtho[1,8-no]pyrimido[4,5-i][1,3,8,12]oxatriazacyclononadecin-8(9H)-one",C35 H37 F3 N6 O4,662.701,48,,GDP,MG,SO4;HOH,RESERVE,multiple_protein_chains_2;cofactor_present;metal_present
410,9ZPE,2026-06-03,KRAS G12V Mutant in Complex with GDP and Compound 8.,1.91,0.244,1,2,A;B,,MG;A1C3O;GDP;HOH,1,A1C3O,A1C3O,"methyl {(3R)-1-[(7P)-7-(7,8-difluoro-3-hydroxynaphthalen-1-yl)-8-fluoro-2-{[(2R,4R,7aS)-2-fluorotetrahydro-1H-pyrrolizin-7a(5H)-yl]methoxy}pyrido[4,3-d]pyrimidin-4-yl]-3-methylpiperidin-3-yl}carbamate",C33 H34 F4 N6 O4,654.654,47,,GDP,MG,HOH,RESERVE,multiple_protein_chains_2;cofactor_present;metal_present
411,21NH,2026-05-27,structure of NMI NID domain dimer form,1.6,0.2356,1,5,A;B;C;D;E,,SO4;HOH,0,,,,,,,,,,SO4;HOH,EXCLUDE,no_druglike_organic_ligand;multiple_protein_chains_5
412,24HR,2026-05-27,Human KRAS G12D (GDP-bound) in complex with macrocyclic peptide inhibitor AP6252,2.07,0.2701,2,8,A;B;C;D;I;J;K;L,,GDP;EDO;FMT;MG;HOH,0,,,,,,,7T2;A1MFG;AC5;ILE;MLE;PIP;PRO;SAR;SOQ,GDP,MG,EDO;FMT;HOH,EXCLUDE,no_druglike_organic_ligand;multiple_protein_chains_8;cofactor_present;metal_present
413,24HT,2026-05-27,Human KRAS G12D (GDP-bound) in complex with macrocyclic peptide inhibitor AP2527,1.7,0.2393,2,2,A;I,,GDP;EDO;ACY;MG;HOH,0,,,,,,,7T2;A1MFI;IAE;ILE;MAA;MEA;MLE;SAR,GDP,MG,EDO;ACY;HOH,EXCLUDE,no_druglike_organic_ligand;multiple_protein_chains_2;cofactor_present;metal_present
414,28WL,2026-05-27,"Crystal structure of human Monoamine Oxidase B (MAO B) in complex with 7-[(4-{[(3,4-dimethoxybenzyl(methyl)amino]methyl}benzyl)oxy]-4-(hydroxymethyl)-2H-chromen-2-one) (LP1488)",1.6,0.183,1,2,A;B,,FAD;A1JF0;C15;GOL;HOH,2,A1JF0;C15,,,,,,,FAD,,GOL;HOH,MANUAL_REVIEW,multiple_candidate_ligands;multiple_protein_chains_2;cofactor_present
415,35UI,2026-05-27,Crystal structure of TFPI K2 domain in complex with TFPI-24 Fab fragment,1.75,0.2269,3,3,H;L;T,,GOL;HOH,0,,,,,,,,,,GOL;HOH,EXCLUDE,no_druglike_organic_ligand;multiple_protein_chains_3
416,9LRN,2026-05-27,The crystal structure of PDE2A with 13t,2.5,0.3004,1,4,A;B;C;D,,ZN;MG;A1EK7;HOH,1,A1EK7,A1EK7,6-fluoranyl-~{N}-[(1~{S})-2-oxidanyl-1-[4-(trifluoromethyloxy)phenyl]ethyl]quinoline-8-carboxamide,C19 H14 F4 N2 O3,394.32,28,,,ZN;MG,HOH,RESERVE,r_free_above_0.28;multiple_protein_chains_4;metal_present
417,9PLL,2026-05-27,TRIM21-NUP98 Molecular Glue Complex (MAN-056),1.6,0.2137,2,2,B;C,,A1BLD;GOL;HOH,1,A1BLD,A1BLD,(3P)-3-(4-chloro-2-ethoxyphenyl)-6-fluoro-2-[(piperazin-1-yl)methyl]quinazolin-4(3H)-one,C21 H22 Cl F N4 O2,416.876,29,,,,GOL;HOH,RESERVE,multiple_protein_chains_2
418,9PLM,2026-05-27,TRIM21-NUP98 Molecular Glue Complex (MAN-021),1.32,0.1781,2,2,B;C,,A1CI1;GOL;HOH,1,A1CI1,A1CI1,(3P)-3-{4-chloro-2-[2-(dimethylamino)ethoxy]phenyl}-6-fluoro-2-[(piperazin-1-yl)methyl]quinazolin-4(3H)-one,C23 H27 Cl F N5 O2,459.944,32,,,,GOL;HOH,RESERVE,multiple_protein_chains_2
419,9RBL,2026-05-27,Three dimensional structure of human carbonic anhydrase IX in complex with sulfonamide MKV558,2.05,0.21435,1,4,A;B;C;D,,ZN;A1H92;HOH,1,A1H92,A1H92,"3-(Cyclooctylamino)-5-ethoxy-2,6-difluoro-4-((3-hydroxypropyl)sulfonyl)benzenesulfonamide",C19 H30 F2 N2 O6 S2,484.578,31,,,ZN,HOH,RESERVE,multiple_protein_chains_4;metal_present
420,9RBM,2026-05-27,Three dimensional structure of human carbonic anhydrase IX in complex with sulfonamide MKV466,1.95,0.2324,1,4,A;B;C;D,,ZN;A1H89;HOH,1,A1H89,A1H89,"3-(cyclooctylamino)-2,6-difluoro-4-((3-hydroxypropyl)sulfonyl)-5- methoxybenzenesulfonamide",C18 H28 F2 N2 O6 S2,470.552,30,,,ZN,HOH,RESERVE,multiple_protein_chains_4;metal_present
421,9RGC,2026-05-27,"Recombinant Human Butyrylcholinesterase in complex with LP1488 (7-[(4-{[(3,4-dimethoxybenzyl)(methyl)amino]methyl}benzyl)oxy]-4-(hydroxymethyl)-2H-chromen-2-one)",2.36,0.2158,1,1,A,,NAG;GOL;MES;SIA;SO4;A1JF0;NA;CL;HOH,1,A1JF0,A1JF0,"7-[[4-[[(3,4-dimethoxyphenyl)methyl-methyl-amino]methyl]phenyl]methoxy]-4-(hydroxymethyl)chromen-2-one",C28 H29 N O6,475.533,35,ASN;FUC;NAG,,NA,NAG;GOL;MES;SIA;SO4;CL;HOH,RESERVE,metal_present
422,9RMV,2026-05-27,Crystal Structure of the ERH SAFB2 complex,1.7,0.2058,2,4,A;B;C;D,,1PE;PGE;OXM;MES;HOH,0,,,,,,,,,,1PE;PGE;OXM:heavy_atoms_6;MES;HOH,EXCLUDE,no_druglike_organic_ligand;multiple_protein_chains_4
423,9S17,2026-05-27,WRN helicase in complex with molecule 81,1.91,0.2476,1,2,A;B,,ZN;EDO;A1JKV;SO4;DMS;PEG;HOH,1,A1JKV,A1JKV,"(2~{R},4~{R})-4-ethyl-~{N}-[(2~{S})-4-methylsulfonylbutan-2-yl]-2-phenyl-piperidine-1-carboxamide",C19 H30 N2 O3 S,366.518,25,A1JKV;CYS,,ZN,EDO;SO4;DMS;PEG;HOH,EXCLUDE,candidate_may_be_covalent;multiple_protein_chains_2;metal_present
424,9S18,2026-05-27,WRN helicase in complex with HRO761,1.995,0.2509,1,1,A,,FLC;EDO;YHC;DMS;PEG;ZN;HOH,2,FLC;YHC,,,,,,,,ZN,EDO;DMS;PEG;HOH,MANUAL_REVIEW,multiple_candidate_ligands;metal_present
425,9S19,2026-05-27,WRN helicase in complex with ATPgS and ssDNA,2.3,0.2565,1,2,A;B,,ZN;AGS;EDO;DMS;HOH,1,AGS,AGS,PHOSPHOTHIOPHOSPHORIC ACID-ADENYLATE ESTER,C10 H16 N5 O12 P3 S,523.247,31,,,ZN,EDO;DMS;HOH,RESERVE,multiple_protein_chains_2;metal_present
426,9S1A,2026-05-27,WRN helicase in the absence of nucleotide or DNA,1.956,0.2472,1,2,A;B,,ZN;SO4;EDO;DMS;GOL;HOH,0,,,,,,,,,ZN,SO4;EDO;DMS;GOL;HOH,EXCLUDE,no_druglike_organic_ligand;multiple_protein_chains_2;metal_present
427,9S1B,2026-05-27,WRN helicase in complex with covalent inhibitor GSK_WRN3,2.218,0.2939,1,1,A,,ZN;A1JKU;EDO;HOH,1,A1JKU,A1JKU,"~{N}-[(3~{R})-1,1-bis(oxidanylidene)thiolan-3-yl]-5-oxidanyl-2-oxidanylidene-6-phenyl-1~{H}-pyridine-3-carboxamide",C16 H16 N2 O5 S,348.374,24,A1JKU;CYS,,ZN,EDO;HOH,EXCLUDE,candidate_may_be_covalent;metal_present
428,9SUK,2026-05-27,p53-R282W Core Domain Covalently Bound to a Vinyl-Sulfone Fragment,1.56,0.2062,1,2,A;B,,EPE;PEG;A1JQW;GOL;EDO;ZN;HOH,2,EPE;A1JQW,,,,,,A1JQW;CYS,,ZN,PEG;GOL;EDO;HOH,MANUAL_REVIEW,multiple_candidate_ligands;multiple_protein_chains_2;metal_present
429,9SUV,2026-05-27,Structure of an inhibitor of Human TGF-beta Type I Receptor,1.5,0.211,1,1,A,,A1JQO;GOL;HOH,1,A1JQO,A1JQO,~{N}-[4-[[6-(5-chloranyl-2-fluoranyl-phenyl)-3-(2-hydroxyethylsulfanyl)pyridazin-4-yl]amino]pyridin-2-yl]-3-(4-methylpiperazin-1-yl)propanamide,C25 H29 Cl F N7 O2 S,546.06,37,,,,GOL;HOH,INCLUDE,
430,9SZY,2026-05-27,PCSK9 CTD fragment structure,1.759,0.2362,2,2,A;B,,A1JSM;HOH,1,A1JSM,A1JSM,~{N}-(2-methylpropyl)pyrimidin-2-amine,C8 H13 N3,151.209,11,,,,HOH,RESERVE,multiple_protein_chains_2
431,9SZZ,2026-05-27,p53-Y220C Core Domain Covalently Bound to a Vinyl-Sulfone Fragment,1.7,0.2128,1,2,A;B,,A1JQW;EPE;ZN;PGE;PEG;EDO;HOH,2,A1JQW;EPE,,,,,,A1JQW;CYS,,ZN,PGE;PEG;EDO;HOH,MANUAL_REVIEW,multiple_candidate_ligands;multiple_protein_chains_2;metal_present
432,9T0T,2026-05-27,Crystal Structure of the correct enantiomer bound to the PH domain of Btk,1.73,0.3015,1,4,A;C;G;J,,A1JS1;A1JS0;MG;ZN;HOH,2,A1JS1;A1JS0,,,,,,A1JS0;LYS,,MG;ZN,HOH,MANUAL_REVIEW,multiple_candidate_ligands;multiple_protein_chains_4;metal_present
433,9T1V,2026-05-27,Crystal Structure of 17 bound to the PH domain of Btk,2.41,0.3286,1,4,A;B;C;D,,A1JS4;ZN;MG;HOH,1,A1JS4,A1JS4,"(6~{R})-6-(2-chloranyl-6-fluoranyl-phenyl)-4,5,6,7-tetrahydro-1-benzofuran-3-carboxylic acid",C15 H12 Cl F O3,294.705,20,A1JS4;LYS,,ZN;MG,HOH,EXCLUDE,candidate_may_be_covalent;multiple_protein_chains_4;metal_present
434,9T21,2026-05-27,Crystal Structure of 29 bound to the ph domain of Btk,1.869,0.307,1,4,A;C;G;J,,A1JS7;ZN;MG;HOH,1,A1JS7,A1JS7,"(6~{S})-6-thiophen-2-yl-4,5,6,7-tetrahydro-1-benzofuran-3-carboxylic acid",C13 H12 O3 S,248.298,17,A1JS7;LYS,,ZN;MG,HOH,EXCLUDE,candidate_may_be_covalent;multiple_protein_chains_4;metal_present
435,9UX6,2026-05-27,SARS-CoV2 Main protease(Mpro) complexed with RIP1 peptide,1.95,0.2281,2,6,A;B;C;D;E;F,,PEG;HOH,0,,,,,,,,,,PEG;HOH,EXCLUDE,no_druglike_organic_ligand;multiple_protein_chains_6
436,9UYS,2026-05-27,Tyrosine-protein phosphatase non-receptor type 2,2.04,0.2253,1,2,A;B,,A1EQP;HOH,1,A1EQP,A1EQP,"5-[3-fluoranyl-5-oxidanyl-4-[1,1,4-tris(oxidanylidene)-1,2,5-thiadiazolidin-2-yl]phenyl]-~{N}-(3-methylbutyl)furan-2-carboxamide",C18 H20 F N3 O6 S,425.431,29,,,,HOH,RESERVE,multiple_protein_chains_2
437,9V0H,2026-05-27,Crystal structure of human SIRT5 in complex with inhibitor 0904,1.665,0.241,1,2,A;B,,ZN;A1EQQ;HOH,1,A1EQQ,A1EQQ,3-[[(~{E})-1-[3-[[2-(6-ethoxypyridin-3-yl)-5-[[(1~{R})-1-phenylpropyl]carbamoyl]pyrimidin-4-yl]amino]propylamino]-2-nitro-ethenyl]amino]propanoic acid,C29 H36 N8 O6,592.646,43,,,ZN,HOH,RESERVE,multiple_protein_chains_2;metal_present
438,9V34,2026-05-27,Crystal structure of DHODH inhibitor HL6 in complex with DHODH,1.6,0.203,1,1,A,,ORO;FMN;A1EZL;SO4;HOH,2,ORO;A1EZL,,,,,,,FMN,,SO4;HOH,MANUAL_REVIEW,multiple_candidate_ligands;cofactor_present
439,9VGT,2026-05-27,Crystal structure of Peroxiredoxin I in complex with compound 19-150,1.79,0.1875,1,2,A;B,,A1ESV;HOH,1,A1ESV,A1ESV,"methyl (2~{S})-2-[[(2~{R},4~{a}~{S},6~{a}~{S},6~{a}~{R},13~{S},14~{a}~{S},14~{b}~{R})-13-bromanyl-2,4~{a},6~{a},6~{a},9,14~{a}-hexamethyl-10-oxidanyl-11-oxidanylidene-1,3,4,5,6,13,14,14~{b}-octahydropicen-2-yl]carbamoylamino]propanoate",C33 H45 Br N2 O5,629.625,41,,,,HOH,RESERVE,multiple_protein_chains_2
440,9VZS,2026-05-27,X-ray structure of human PPARalpha ligand binding domain-10-hydroxystearic acid (10-HSA) co-crystals obtained by cross-seeding,1.455,0.2012,1,1,A,,GOL;WAD;HOH,1,WAD,WAD,(10R)-10-hydroxyoctadecanoic acid,C18 H36 O3,300.477,21,,,,GOL;HOH,INCLUDE,
441,9VZT,2026-05-27,X-ray structure of human PPARalpha ligand binding domain-10-oxostearic acid (10-oxoSA) co-crystals obtained by cross-seeding,1.475,0.2019,1,1,A,,GOL;KTC;HOH,1,KTC,KTC,10-oxooctadecanoic acid,C18 H34 O3,298.461,21,,,,GOL;HOH,INCLUDE,
442,9ZL3,2026-05-27,Crystal structure of PRMT5:MEP50 in complex with MTA and oxamide compound 18,1.71,0.239,2,2,A;B,,MTA;A1C37;PEG;EDO;CL;HOH,1,A1C37,A1C37,"N~2~-(4-amino-1H-pyrazolo[4,3-c]pyridin-7-yl)-N~1~-{(1R)-1-[2-fluoro-4-(trifluoromethyl)phenyl]ethyl}-N~1~-methylethanediamide",C18 H16 F4 N6 O2,424.352,30,,MTA,,PEG;EDO;CL;HOH,RESERVE,multiple_protein_chains_2;cofactor_present
443,9ZL4,2026-05-27,Crystal structure of PRMT5:MEP50 in complex with MTA and TNG456,1.95,0.2361,2,2,A;B,,A1C4I;MTA;PEG;CL;EDO;HOH,1,A1C4I,A1C4I,"N~2~-(4-amino-1H-pyrazolo[4,3-c]pyridin-7-yl)-N~1~-methyl-N~1~-{(1R)-1-[4-(trifluoromethyl)phenyl]ethyl}ethanediamide",C18 H17 F3 N6 O2,406.362,29,,MTA,,PEG;CL;EDO;HOH,RESERVE,multiple_protein_chains_2;cofactor_present
444,9ZME,2026-05-27,Structure of PTP1b complexed with difluoromethylphosphonate inhibitor Compound 2,1.73,0.2029,1,1,A,,A1C3A;HOH,1,A1C3A,A1C3A,{[3-bromo-7-(3-hydroxy-3-methylbutoxy)naphthalen-2-yl]di(fluoro)methyl}phosphonic acid,C16 H18 Br F2 O5 P,439.186,25,,,,HOH,INCLUDE,
445,9ZMG,2026-05-27,Structure of PTP1b complexed with difluoromethylphosphonate inhibitor Compound 15,2.15,0.2537,1,1,A,,A1C3C;DMS;HOH,1,A1C3C,A1C3C,[(3-bromo-5-{[(pyridazin-3-yl)methyl]carbamoyl}-1-benzothiophen-2-yl)di(fluoro)methyl]phosphonic acid,C15 H11 Br F2 N3 O4 P S,478.205,27,,,,DMS;HOH,INCLUDE,
446,9ZMH,2026-05-27,Structure of PTP1b complexed with difluoromethylphosphonate inhibitor Compound 30,1.939,0.2356,1,1,A,,A1C3D;HOH,1,A1C3D,A1C3D,{[3-bromo-7-(3-hydroxy-3-methylbutoxy)-5-{[(pyridazin-3-yl)methyl]carbamoyl}-1-benzothiophen-2-yl]di(fluoro)methyl}phosphonic acid,C20 H21 Br F2 N3 O6 P S,580.337,34,,,,HOH,INCLUDE,
447,10LW,2026-05-20,"Final Adduct of Human Ornithine Aminotransferase Inactivated by (1R,4S)-4-Amino-3-(trifluoromethyl)cyclopent-2-ene-1-carboxylic Acid",1.93,0.2166,1,3,A;B;C,,RMT;GOL;HOH,1,RMT,RMT,"(3R,4E)-4-[({3-hydroxy-2-methyl-5-[(phosphonooxy)methyl]pyridin-4-yl}methyl)imino]cyclopent-1-ene-1,3-dicarboxylic acid",C15 H17 N2 O9 P,400.277,27,,,,GOL;HOH,RESERVE,multiple_protein_chains_3
448,10LX,2026-05-20,"High Stable Quinonoid Intermediate of Human Ornithine Aminotransferase Complexed with (1R,4S)-4-Amino-3-(trifluoromethyl)cyclopent-2-ene-1-carboxylic Acid",1.83,0.2339,1,3,A;B;C,,A1C6V;HOH,1,A1C6V,A1C6V,"(1S,4R)-4-(difluoromethyl)-3-[({3-hydroxy-2-methyl-5-[(phosphonooxy)methyl]pyridin-4-yl}methyl)amino]cyclopent-2-ene-1-carboxylic acid",C15 H19 F2 N2 O7 P,408.291,27,,,,HOH,RESERVE,multiple_protein_chains_3
449,11GZ,2026-05-20,TEP1 TIR/DUF4062 domain,2.44,0.2869,1,1,A,,EDO;SO4;HOH,0,,,,,,,,,,EDO;SO4;HOH,EXCLUDE,no_druglike_organic_ligand
450,7I90,2026-05-20,Crystal Structure of 7 bound to the PH domain of Btk,1.993,0.3139,1,4,A;B;C;D,,A1B6F;ZN;MG;HOH,1,A1B6F,A1B6F,"(6S)-6-(2-bromophenyl)-4,5,6,7-tetrahydro-1-benzofuran-3-carboxylic acid",C15 H13 Br O3,321.166,19,A1B6F;LYS,,ZN;MG,HOH,EXCLUDE,candidate_may_be_covalent;multiple_protein_chains_4;metal_present
451,7I91,2026-05-20,Crystal Structure of 13 bound to the PH domain of Btk,1.93,0.3216,1,4,A;B;C;D,,A1B6S;ZN;MG;HOH,1,A1B6S,A1B6S,"(6~{R})-6-(1-oxidanylpyridin-2-yl)-4,5,6,7-tetrahydro-1-benzofuran-3-carboxylic acid",C14 H14 N O4,260.265,19,A1B6S;LYS,,ZN;MG,HOH,EXCLUDE,candidate_may_be_covalent;multiple_protein_chains_4;metal_present
452,7I93,2026-05-20,Crystal Structure of 27 bound to the PH domain of Btk,1.91,0.3173,1,4,A;B;C;D,,A1B6U;MG;ZN;HOH,1,A1B6U,A1B6U,"(6R)-6-(4-chloro-2-methoxyphenyl)-4,5,6,7-tetrahydro-1-benzofuran-3-carboxylic acid",C16 H15 Cl O4,306.741,21,A1B6U;LYS,,MG;ZN,HOH,EXCLUDE,candidate_may_be_covalent;multiple_protein_chains_4;metal_present
453,7I94,2026-05-20,Crystal Structure of 33 bound to the PH domain of Btk,1.828,0.3218,1,4,A;B;C;D,,A1B6X;MG;ZN;HOH,1,A1B6X,A1B6X,"(6S)-6-[(2S,4S)-4-bromothiolan-2-yl]-4,5,6,7-tetrahydro-1-benzofuran-3-carboxylic acid",C13 H15 Br O3 S,331.225,18,A1B6X;LYS,,MG;ZN,HOH,EXCLUDE,candidate_may_be_covalent;multiple_protein_chains_4;metal_present
454,7I95,2026-05-20,Crystal Structure of 25 bound to the PH domain of Btk,1.991,0.3157,1,4,A;C;H;K,,A1B6V;MG;ZN;HOH,1,A1B6V,A1B6V,"(6S)-6-(2-chloro-3-methoxyphenyl)-4,5,6,7-tetrahydro-1-benzofuran-3-carboxylic acid",C16 H15 Cl O4,306.741,21,A1B6V;LYS,,MG;ZN,HOH,EXCLUDE,candidate_may_be_covalent;multiple_protein_chains_4;metal_present
455,7I97,2026-05-20,Crystal Structure of 8 bound to the PH domain of Btk,1.692,0.2911,1,4,A;B;C;D,,A1B6P;ZN;MG;HOH,1,A1B6P,A1B6P,"(6R)-6-(2-fluorophenyl)-4,5,6,7-tetrahydro-1-benzofuran-3-carboxylic acid",C15 H13 F O3,260.26,19,A1B6P;LYS,,ZN;MG,HOH,EXCLUDE,candidate_may_be_covalent;multiple_protein_chains_4;metal_present
456,7I98,2026-05-20,Crystal Structure of 10 bound to the PH domain of Btk,2.07,0.3031,1,4,A;B;C;D,,A1B6Q;ZN;MG;HOH,1,A1B6Q,A1B6Q,"(6S)-6-{2-[(propan-2-yl)oxy]phenyl}-4,5,6,7-tetrahydro-1-benzofuran-3-carboxylic acid",C18 H20 O4,300.349,22,A1B6Q;LYS,,ZN;MG,HOH,EXCLUDE,candidate_may_be_covalent;multiple_protein_chains_4;metal_present
457,7I99,2026-05-20,Crystal Structure of 22 bound to the PH domain of Btk,1.97,0.3164,1,4,A;B;C;D,,A1B6W;ZN;MG;HOH,1,A1B6W,A1B6W,"(6S)-6-(2,3-dichlorophenyl)-4,5,6,7-tetrahydro-1-benzofuran-3-carboxylic acid",C15 H12 Cl2 O3,311.16,20,A1B6W;LYS,,ZN;MG,HOH,EXCLUDE,candidate_may_be_covalent;multiple_protein_chains_4;metal_present
458,7I9A,2026-05-20,Crystal Structure of 24 bound to the PH domain of Btk,2.11,0.3329,1,4,A;C;H;K,,A1B6R;ZN;MG;HOH,1,A1B6R,A1B6R,"(6S)-6-(4-chlorophenyl)-4,5,6,7-tetrahydro-1-benzofuran-3-carboxylic acid",C15 H13 Cl O3,276.715,19,A1B6R;LYS,,ZN;MG,HOH,EXCLUDE,candidate_may_be_covalent;multiple_protein_chains_4;metal_present
459,7I9C,2026-05-20,Crystal Structure of 30 bound to the PH domain of Btk,1.939,0.344,1,4,A;B;F;J,,A1B6L;ZN;MG;HOH,1,A1B6L,A1B6L,"(6R)-6-(3-bromothiophen-2-yl)-4,5,6,7-tetrahydro-1-benzofuran-3-carboxylic acid",C13 H11 Br O3 S,327.194,18,A1B6L;LYS,,ZN;MG,HOH,EXCLUDE,candidate_may_be_covalent;multiple_protein_chains_4;metal_present
460,7I9D,2026-05-20,Crystal Structure of 14 bound to the PH domain of Btk,1.8,0.2974,1,4,A;B;C;D,,A1B6M;ZN;MG;CL;HOH,1,A1B6M,A1B6M,"[(3S,3aS,6S,7aR)-6-(2-hydroxyphenyl)octahydro-1-benzofuran-3-yl]methanediol",C15 H20 O4,264.317,19,,,ZN;MG,CL;HOH,RESERVE,r_free_above_0.28;multiple_protein_chains_4;metal_present
461,7I9E,2026-05-20,Crystal Structure of 18 bound to the PH domain of Btk,1.91,0.3182,1,4,A;B;C;D,,A1B6N;ZN;MG;HOH,1,A1B6N,A1B6N,"(6S)-6-(2,6-dimethoxyphenyl)-4,5,6,7-tetrahydro-1-benzofuran-3-carboxylic acid",C17 H18 O5,302.322,22,A1B6N;LYS,,ZN;MG,HOH,EXCLUDE,candidate_may_be_covalent;multiple_protein_chains_4;metal_present
462,7I9F,2026-05-20,Crystal Structure of 16 bound to the PH domain of Btk,2.04,0.3229,1,4,A;B;C;D,,A1B6G;ZN;MG;HOH,1,A1B6G,A1B6G,"(6R)-6-(2-bromo-6-methoxyphenyl)-4,5,6,7-tetrahydro-1-benzofuran-3-carboxylic acid",C16 H15 Br O4,351.192,21,A1B6G;LYS,,ZN;MG,HOH,EXCLUDE,candidate_may_be_covalent;multiple_protein_chains_4;metal_present
463,7I9G,2026-05-20,Crystal Structure of 28 bound to the PH domain of Btk,1.698,0.285,1,4,A;C;G;J,,ZN;MG;A1B6H;HOH,1,A1B6H,A1B6H,"(6S)-6-(4-chloro-3-methoxyphenyl)-4,5,6,7-tetrahydro-1-benzofuran-3-carboxylic acid",C16 H15 Cl O4,306.741,21,A1B6H;LYS,,ZN;MG,HOH,EXCLUDE,candidate_may_be_covalent;multiple_protein_chains_4;metal_present
464,7I9I,2026-05-20,Crystal Structure of 2 bound to the PH domain of Btk,1.83,0.2919,1,4,A;B;C;D,,ZN;A1B6J;MG;HOH,1,A1B6J,A1B6J,"(6S)-6-phenyl-4,5,6,7-tetrahydro-1-benzofuran-3-carboxylic acid",C15 H14 O3,242.27,18,A1B6J;LYS,,ZN;MG,HOH,EXCLUDE,candidate_may_be_covalent;multiple_protein_chains_4;metal_present
465,7IN1,2026-05-20,Crystal structure of A2A in complex with TEP for 21h,2.49,0.279,1,1,A,,NA;CLR;OLA;OLC;HOH,3,CLR;OLA;OLC,,,,,,,,NA,HOH,MANUAL_REVIEW,multiple_candidate_ligands;metal_present
466,7IN2,2026-05-20,Crystal structure of A2A in complex with 1 mM ZM241385 for 21h,2.43,0.2673,1,1,A,,NA;CLR;OLA;OLC;HOH,3,CLR;OLA;OLC,,,,,,,,NA,HOH,MANUAL_REVIEW,multiple_candidate_ligands;metal_present
467,7IN5,2026-05-20,Crystal structure of A2A in complex with TEP for 3h,2.49,0.2574,1,1,A,,NA;CLR;OLA;OLC;HOH,3,CLR;OLA;OLC,,,,,,,,NA,HOH,MANUAL_REVIEW,multiple_candidate_ligands;metal_present
468,7IN7,2026-05-20,Crystal structure of A2A in complex with 5 mM ZM241385 for 3h,2.43,0.271,1,1,A,,NA;CLR;OLA;OLC;HOH,3,CLR;OLA;OLC,,,,,,,,NA,HOH,MANUAL_REVIEW,multiple_candidate_ligands;metal_present
469,7INA,2026-05-20,Crystal structure of A2A in complex with F2,2.15,0.2839,1,1,A,,NA;CLR;OLA;OLC;A1CON;TEP;DMS;HOH,5,CLR;OLA;OLC;A1CON;TEP,,,,,,,,NA,DMS;HOH,MANUAL_REVIEW,multiple_candidate_ligands;metal_present
470,7INB,2026-05-20,Crystal structure of A2A in complex with F4,2.1,0.2655,1,1,A,,NA;CLR;OLA;OLC;8ZX;TEP;HOH,5,CLR;OLA;OLC;8ZX;TEP,,,,,,,,NA,HOH,MANUAL_REVIEW,multiple_candidate_ligands;metal_present
471,7INC,2026-05-20,Crystal structure of A2A in complex with F7,2.18,0.2455,1,1,A,,NA;CLR;OLA;OLC;A1COP;TEP;HOH,5,CLR;OLA;OLC;A1COP;TEP,,,,,,,,NA,HOH,MANUAL_REVIEW,multiple_candidate_ligands;metal_present
472,7INE,2026-05-20,Crystal structure of A2A in complex with F35,2.28,0.2574,1,1,A,,NA;CLR;OLA;OLC;VN9;TEP;HOH,5,CLR;OLA;OLC;VN9;TEP,,,,,,,,NA,HOH,MANUAL_REVIEW,multiple_candidate_ligands;metal_present
473,7INF,2026-05-20,Crystal structure of A2A in complex with F44,2.26,0.2468,1,1,A,,NA;CLR;OLA;OLC;A1COQ;TEP;DMS;HOH,5,CLR;OLA;OLC;A1COQ;TEP,,,,,,,,NA,DMS;HOH,MANUAL_REVIEW,multiple_candidate_ligands;metal_present
474,7ING,2026-05-20,Crystal structure of A2A in complex with F99,2.15,0.2376,1,1,A,,NA;CLR;OLA;OLC;ES2;TEP;HOH,5,CLR;OLA;OLC;ES2;TEP,,,,,,,,NA,HOH,MANUAL_REVIEW,multiple_candidate_ligands;metal_present
475,7INH,2026-05-20,Crystal structure of A2A in complex with F132,2.3,0.2822,1,1,A,,NA;CLR;OLA;OLC;A1COR;TEP;PEG;HOH,5,CLR;OLA;OLC;A1COR;TEP,,,,,,,,NA,PEG;HOH,MANUAL_REVIEW,multiple_candidate_ligands;metal_present
476,7INJ,2026-05-20,Crystal structure of A2A in complex with F148,2.1,0.2714,1,1,A,,NA;CLR;OLA;OLC;A1COW;TEP;HOH,5,CLR;OLA;OLC;A1COW;TEP,,,,,,,,NA,HOH,MANUAL_REVIEW,multiple_candidate_ligands;metal_present
477,7INK,2026-05-20,Crystal structure of A2A in complex with F163,2.19,0.248,1,1,A,,NA;CLR;OLA;OLC;A1COX;TEP;DMS;HOH,5,CLR;OLA;OLC;A1COX;TEP,,,,,,,,NA,DMS;HOH,MANUAL_REVIEW,multiple_candidate_ligands;metal_present
478,7INL,2026-05-20,Crystal structure of A2A in complex with F173,2.2,0.2497,1,1,A,,NA;CLR;OLA;OLC;A1COY;HOH,3,CLR;OLA;OLC,,,,,,,,NA,A1COY:heavy_atoms_9;HOH,MANUAL_REVIEW,multiple_candidate_ligands;metal_present
479,7INM,2026-05-20,Crystal structure of A2A in complex with F178,2.19,0.2409,1,1,A,,NA;CLR;OLA;OLC;U4D;TEP;DMS;PEG;HOH,5,CLR;OLA;OLC;U4D;TEP,,,,,,,,NA,DMS;PEG;HOH,MANUAL_REVIEW,multiple_candidate_ligands;metal_present
480,7INN,2026-05-20,Crystal structure of A2A in complex with F210,2.32,0.2335,1,1,A,,NA;CLR;OLA;OLC;A1COZ;TEP;HOH,5,CLR;OLA;OLC;A1COZ;TEP,,,,,,,,NA,HOH,MANUAL_REVIEW,multiple_candidate_ligands;metal_present
481,7INO,2026-05-20,Crystal structure of A2A in complex with F223,2.08,0.2276,1,1,A,,NA;CLR;OLA;OLC;A1CO0;TEP;HOH,5,CLR;OLA;OLC;A1CO0;TEP,,,,,,,,NA,HOH,MANUAL_REVIEW,multiple_candidate_ligands;metal_present
482,7INP,2026-05-20,Crystal structure of A2A in complex with F235,2.21,0.2422,1,1,A,,NA;CLR;OLA;OLC;YPN;TEP;HOH,5,CLR;OLA;OLC;YPN;TEP,,,,,,,,NA,HOH,MANUAL_REVIEW,multiple_candidate_ligands;metal_present
483,7INQ,2026-05-20,Crystal structure of A2A in complex with F242,2.19,0.2422,1,1,A,,NA;CLR;OLA;OLC;2O8;TEP;HOH,5,CLR;OLA;OLC;2O8;TEP,,,,,,,,NA,HOH,MANUAL_REVIEW,multiple_candidate_ligands;metal_present
484,7INR,2026-05-20,Crystal structure of A2A in complex with F273,2.13,0.2336,1,1,A,,NA;CLR;OLA;OLC;LR5;TEP;DMS;HOH,5,CLR;OLA;OLC;LR5;TEP,,,,,,,,NA,DMS;HOH,MANUAL_REVIEW,multiple_candidate_ligands;metal_present
485,7INT,2026-05-20,Crystal structure of A2A in complex with F293,2.25,0.2531,1,1,A,,NA;CLR;OLA;OLC;A1CO1;TEP;HOH,5,CLR;OLA;OLC;A1CO1;TEP,,,,,,,,NA,HOH,MANUAL_REVIEW,multiple_candidate_ligands;metal_present
486,7INU,2026-05-20,Crystal structure of A2A in complex with F336,2.46,0.279,1,1,A,,NA;CLR;OLA;OLC;A1CO2;TEP;HOH,5,CLR;OLA;OLC;A1CO2;TEP,,,,,,,,NA,HOH,MANUAL_REVIEW,multiple_candidate_ligands;metal_present
487,7INX,2026-05-20,Crystal structure of A2A in complex with FU2-57,2.31,0.2461,1,1,A,,NA;TEP;CLR;OLA;OLC;A1CO3;HOH,5,TEP;CLR;OLA;OLC;A1CO3,,,,,,,,NA,HOH,MANUAL_REVIEW,multiple_candidate_ligands;metal_present
488,7INY,2026-05-20,Crystal structure of A2A in complex with FU2-59,2.36,0.229,1,1,A,,NA;TEP;CLR;OLA;OLC;A1CS6;HOH,5,TEP;CLR;OLA;OLC;A1CS6,,,,,,,,NA,HOH,MANUAL_REVIEW,multiple_candidate_ligands;metal_present
489,7INZ,2026-05-20,Crystal structure of A2A in complex with FU4-40,2.41,0.2393,1,1,A,,NA;TEP;CLR;OLA;OLC;A1CO5;HOH,5,TEP;CLR;OLA;OLC;A1CO5,,,,,,,,NA,HOH,MANUAL_REVIEW,multiple_candidate_ligands;metal_present
490,7IO0,2026-05-20,Crystal structure of A2A in complex with FU4-54,2.05,0.2398,1,1,A,,NA;TEP;CLR;OLA;OLC;A1CO6;HOH,5,TEP;CLR;OLA;OLC;A1CO6,,,,,,,,NA,HOH,MANUAL_REVIEW,multiple_candidate_ligands;metal_present
491,7IO1,2026-05-20,Crystal structure of A2A in complex with FU7-1,2.25,0.2428,1,1,A,,NA;TEP;CLR;OLA;OLC;A1CO7;DMS;HOH,5,TEP;CLR;OLA;OLC;A1CO7,,,,,,,,NA,DMS;HOH,MANUAL_REVIEW,multiple_candidate_ligands;metal_present
492,7IO2,2026-05-20,Crystal structure of A2A in complex with FU7-15,1.96,0.2417,1,1,A,,NA;TEP;CLR;OLA;OLC;A1CO8;HOH,5,TEP;CLR;OLA;OLC;A1CO8,,,,,,,,NA,HOH,MANUAL_REVIEW,multiple_candidate_ligands;metal_present
493,7IO3,2026-05-20,Crystal structure of A2A in complex with FU7-29,2.22,0.2461,1,1,A,,NA;TEP;CLR;OLA;OLC;A1CO9;PEG;HOH,5,TEP;CLR;OLA;OLC;A1CO9,,,,,,,,NA,PEG;HOH,MANUAL_REVIEW,multiple_candidate_ligands;metal_present
494,7IO4,2026-05-20,Crystal structure of A2A in complex with FU12-19,2.1,0.2443,1,1,A,,NA;TEP;CLR;OLA;OLC;A1IGL;HOH,5,TEP;CLR;OLA;OLC;A1IGL,,,,,,,,NA,HOH,MANUAL_REVIEW,multiple_candidate_ligands;metal_present
495,7IO5,2026-05-20,Crystal structure of A2A in complex with FU12-45,1.84,0.237,1,1,A,,NA;TEP;CLR;OLA;OLC;A1CPA;DMS;HOH,5,TEP;CLR;OLA;OLC;A1CPA,,,,,,,,NA,DMS;HOH,MANUAL_REVIEW,multiple_candidate_ligands;metal_present
496,7IO6,2026-05-20,Crystal structure of A2A in complex with FU12-86,2.36,0.2357,1,1,A,,NA;TEP;CLR;OLA;OLC;A1CPB;PEG;HOH,5,TEP;CLR;OLA;OLC;A1CPB,,,,,,,,NA,PEG;HOH,MANUAL_REVIEW,multiple_candidate_ligands;metal_present
497,7IO7,2026-05-20,Crystal structure of A2A in complex with FU18-60,2.23,0.2433,1,1,A,,NA;TEP;CLR;OLA;OLC;A1CPC;PEG;DMS;HOH,5,TEP;CLR;OLA;OLC;A1CPC,,,,,,,,NA,PEG;DMS;HOH,MANUAL_REVIEW,multiple_candidate_ligands;metal_present
498,7IO8,2026-05-20,Crystal structure of A2A in complex with FU18-82,2.27,0.247,1,1,A,,NA;TEP;CLR;OLA;OLC;A1CPD;HOH,5,TEP;CLR;OLA;OLC;A1CPD,,,,,,,,NA,HOH,MANUAL_REVIEW,multiple_candidate_ligands;metal_present
499,7IO9,2026-05-20,Crystal structure of A2A in complex with FU35-2,1.91,0.2556,1,1,A,,NA;TEP;CLR;OLA;OLC;A1CPE;HOH,5,TEP;CLR;OLA;OLC;A1CPE,,,,,,,,NA,HOH,MANUAL_REVIEW,multiple_candidate_ligands;metal_present
500,7IOA,2026-05-20,Crystal structure of A2A in complex with FU35-5,2.1,0.2362,1,1,A,,NA;TEP;CLR;OLA;OLC;A1CPF;PEG;HOH,5,TEP;CLR;OLA;OLC;A1CPF,,,,,,,,NA,PEG;HOH,MANUAL_REVIEW,multiple_candidate_ligands;metal_present
501,7IOB,2026-05-20,Crystal structure of A2A in complex with FU35-42,2.11,0.2368,1,1,A,,NA;TEP;CLR;OLA;OLC;A1CPH;PEG;HOH,5,TEP;CLR;OLA;OLC;A1CPH,,,,,,,,NA,PEG;HOH,MANUAL_REVIEW,multiple_candidate_ligands;metal_present
502,7IOC,2026-05-20,Crystal structure of A2A in complex with FU18-82,2.07,0.2562,1,1,A,,NA;TEP;CLR;OLA;OLC;A1CPI;DMS;HOH,5,TEP;CLR;OLA;OLC;A1CPI,,,,,,,,NA,DMS;HOH,MANUAL_REVIEW,multiple_candidate_ligands;metal_present
503,7IOD,2026-05-20,Crystal structure of A2A in complex with FU35-78,2.4,0.2406,1,1,A,,NA;TEP;CLR;OLA;OLC;A1CPJ;PEG;DMS;HOH,5,TEP;CLR;OLA;OLC;A1CPJ,,,,,,,,NA,PEG;DMS;HOH,MANUAL_REVIEW,multiple_candidate_ligands;metal_present
504,7IOE,2026-05-20,Crystal structure of A2A in complex with FU44-18,2.08,0.2252,1,1,A,,NA;TEP;CLR;OLA;OLC;A1CPK;DMS;HOH,5,TEP;CLR;OLA;OLC;A1CPK,,,,,,,,NA,DMS;HOH,MANUAL_REVIEW,multiple_candidate_ligands;metal_present
505,7IOF,2026-05-20,Crystal structure of A2A in complex with FU99-31,1.9,0.2438,1,1,A,,NA;TEP;CLR;OLA;OLC;A1CPL;PEG;HOH,5,TEP;CLR;OLA;OLC;A1CPL,,,,,,,,NA,PEG;HOH,MANUAL_REVIEW,multiple_candidate_ligands;metal_present
506,7IOG,2026-05-20,Crystal structure of A2A in complex with FU99-89,1.98,0.2361,1,1,A,,NA;TEP;CLR;OLA;OLC;A1CPM;PEG;HOH,5,TEP;CLR;OLA;OLC;A1CPM,,,,,,,,NA,PEG;HOH,MANUAL_REVIEW,multiple_candidate_ligands;metal_present
507,7IOH,2026-05-20,Crystal structure of A2A in complex with FU99-91,2.07,0.238,1,1,A,,NA;TEP;CLR;OLA;OLC;A1CPN;HOH,5,TEP;CLR;OLA;OLC;A1CPN,,,,,,,,NA,HOH,MANUAL_REVIEW,multiple_candidate_ligands;metal_present
508,7IOI,2026-05-20,Crystal structure of A2A in complex with FU101-88,2.04,0.235,1,1,A,,NA;TEP;CLR;OLA;OLC;A1CPO;DMS;HOH,5,TEP;CLR;OLA;OLC;A1CPO,,,,,,,,NA,DMS;HOH,MANUAL_REVIEW,multiple_candidate_ligands;metal_present
509,7IOJ,2026-05-20,Crystal structure of A2A in complex with FU113-13,2.26,0.2385,1,1,A,,NA;TEP;CLR;OLA;OLC;A1CPP;HOH,5,TEP;CLR;OLA;OLC;A1CPP,,,,,,,,NA,HOH,MANUAL_REVIEW,multiple_candidate_ligands;metal_present
510,7IOK,2026-05-20,Crystal structure of A2A in complex with FU113-99,2.3,0.2417,1,1,A,,NA;TEP;CLR;OLA;OLC;A1CPQ;HOH,5,TEP;CLR;OLA;OLC;A1CPQ,,,,,,,,NA,HOH,MANUAL_REVIEW,multiple_candidate_ligands;metal_present
511,7IOM,2026-05-20,Crystal structure of A2A in complex with FU18-82,2.1,0.2814,1,1,A,,NA;TEP;CLR;OLA;OLC;A1CPS;HOH,5,TEP;CLR;OLA;OLC;A1CPS,,,,,,,,NA,HOH,MANUAL_REVIEW,multiple_candidate_ligands;metal_present
512,7ION,2026-05-20,Crystal structure of A2A in complex with FU132-90,2.14,0.2445,1,1,A,,NA;TEP;CLR;OLA;OLC;A1CPT;DMS;HOH,5,TEP;CLR;OLA;OLC;A1CPT,,,,,,,,NA,DMS;HOH,MANUAL_REVIEW,multiple_candidate_ligands;metal_present
513,7IOO,2026-05-20,"Crystal structure of A2A in complex with FU132,428-27",2.01,0.2363,1,1,A,,NA;TEP;CLR;OLA;OLC;A1CPU;PEG;HOH,5,TEP;CLR;OLA;OLC;A1CPU,,,,,,,,NA,PEG;HOH,MANUAL_REVIEW,multiple_candidate_ligands;metal_present
514,7IOP,2026-05-20,Crystal structure of A2A in complex with FU163-33,1.92,0.2296,1,1,A,,NA;TEP;CLR;OLA;OLC;A1CPV;DMS;HOH,5,TEP;CLR;OLA;OLC;A1CPV,,,,,,,,NA,DMS;HOH,MANUAL_REVIEW,multiple_candidate_ligands;metal_present
515,7IOQ,2026-05-20,Crystal structure of A2A in complex with FU163-51,2.26,0.2334,1,1,A,,NA;TEP;CLR;OLA;OLC;A1CPW;PEG;HOH,5,TEP;CLR;OLA;OLC;A1CPW,,,,,,,,NA,PEG;HOH,MANUAL_REVIEW,multiple_candidate_ligands;metal_present
516,7IOR,2026-05-20,Crystal structure of A2A in complex with FU163-53,1.89,0.2326,1,1,A,,NA;TEP;CLR;OLA;OLC;A1CPX;PEG;DMS;HOH,5,TEP;CLR;OLA;OLC;A1CPX,,,,,,,,NA,PEG;DMS;HOH,MANUAL_REVIEW,multiple_candidate_ligands;metal_present
517,7IOS,2026-05-20,Crystal structure of A2A in complex with FU163-58,2.38,0.2404,1,1,A,,NA;TEP;CLR;OLA;OLC;A1CPY;PEG;HOH,5,TEP;CLR;OLA;OLC;A1CPY,,,,,,,,NA,PEG;HOH,MANUAL_REVIEW,multiple_candidate_ligands;metal_present
518,7IOT,2026-05-20,Crystal structure of A2A in complex with FU163-67,2.31,0.2446,1,1,A,,NA;TEP;CLR;OLA;OLC;A1CPZ;PEG;HOH,5,TEP;CLR;OLA;OLC;A1CPZ,,,,,,,,NA,PEG;HOH,MANUAL_REVIEW,multiple_candidate_ligands;metal_present
519,7IOU,2026-05-20,Crystal structure of A2A in complex with FU163-75,2.17,0.234,1,1,A,,NA;TEP;CLR;OLA;OLC;A1CP0;PEG;HOH,5,TEP;CLR;OLA;OLC;A1CP0,,,,,,,,NA,PEG;HOH,MANUAL_REVIEW,multiple_candidate_ligands;metal_present
520,7IOV,2026-05-20,Crystal structure of A2A in complex with FU163-104,2.3,0.2361,1,1,A,,NA;TEP;CLR;OLA;OLC;A1CP1;PEG;HOH,5,TEP;CLR;OLA;OLC;A1CP1,,,,,,,,NA,PEG;HOH,MANUAL_REVIEW,multiple_candidate_ligands;metal_present
521,7IOW,2026-05-20,Crystal structure of A2A in complex with FU163-106,2.17,0.2249,1,1,A,,NA;TEP;CLR;OLA;OLC;A1CP2;PEG;HOH,5,TEP;CLR;OLA;OLC;A1CP2,,,,,,,,NA,PEG;HOH,MANUAL_REVIEW,multiple_candidate_ligands;metal_present
522,7IOX,2026-05-20,Crystal structure of A2A in complex with FU163-109,2.15,0.2496,1,1,A,,NA;TEP;CLR;OLA;OLC;A1CP3;DMS;HOH,5,TEP;CLR;OLA;OLC;A1CP3,,,,,,,,NA,DMS;HOH,MANUAL_REVIEW,multiple_candidate_ligands;metal_present
523,7IOY,2026-05-20,Crystal structure of A2A in complex with FU210-12,2.0,0.2444,1,1,A,,NA;TEP;CLR;OLA;OLC;A1CP4;DMS;HOH,5,TEP;CLR;OLA;OLC;A1CP4,,,,,,,,NA,DMS;HOH,MANUAL_REVIEW,multiple_candidate_ligands;metal_present
524,7IOZ,2026-05-20,Crystal structure of A2A in complex with FU223-7,1.88,0.2423,1,1,A,,NA;TEP;CLR;OLA;OLC;A1CP5;PEG;DMS;HOH,5,TEP;CLR;OLA;OLC;A1CP5,,,,,,,,NA,PEG;DMS;HOH,MANUAL_REVIEW,multiple_candidate_ligands;metal_present
525,7IP0,2026-05-20,Crystal structure of A2A in complex with FU223-43,1.99,0.2593,1,1,A,,NA;TEP;CLR;OLA;OLC;A1CP6;PEG;HOH,5,TEP;CLR;OLA;OLC;A1CP6,,,,,,,,NA,PEG;HOH,MANUAL_REVIEW,multiple_candidate_ligands;metal_present
526,7IP1,2026-05-20,Crystal structure of A2A in complex with FU235-66,2.29,0.2429,1,1,A,,NA;TEP;CLR;OLA;OLC;A1CP7;HOH,5,TEP;CLR;OLA;OLC;A1CP7,,,,,,,,NA,HOH,MANUAL_REVIEW,multiple_candidate_ligands;metal_present
527,7IP2,2026-05-20,Crystal structure of A2A in complex with FU242-98,2.13,0.2321,1,1,A,,NA;TEP;CLR;OLA;OLC;A1CP8;PEG;DMS;HOH,5,TEP;CLR;OLA;OLC;A1CP8,,,,,,,,NA,PEG;DMS;HOH,MANUAL_REVIEW,multiple_candidate_ligands;metal_present
528,7IP3,2026-05-20,Crystal structure of A2A in complex with FU273-23,2.11,0.2378,1,1,A,,NA;TEP;CLR;OLA;OLC;A1CP9;PEG;HOH,5,TEP;CLR;OLA;OLC;A1CP9,,,,,,,,NA,PEG;HOH,MANUAL_REVIEW,multiple_candidate_ligands;metal_present
529,7IP4,2026-05-20,Crystal structure of A2A in complex with FU273-77,2.04,0.2219,1,1,A,,NA;TEP;CLR;OLA;OLC;A1CQA;HOH,5,TEP;CLR;OLA;OLC;A1CQA,,,,,,,,NA,HOH,MANUAL_REVIEW,multiple_candidate_ligands;metal_present
530,7IP5,2026-05-20,Crystal structure of A2A in complex with FU293-69,1.95,0.239,1,1,A,,NA;TEP;CLR;OLA;OLC;A1CQB;PEG;HOH,5,TEP;CLR;OLA;OLC;A1CQB,,,,,,,,NA,PEG;HOH,MANUAL_REVIEW,multiple_candidate_ligands;metal_present
531,7IP6,2026-05-20,Crystal structure of A2A in complex with FU293-80,2.07,0.223,1,1,A,,NA;TEP;CLR;OLA;OLC;6N4;HOH,5,TEP;CLR;OLA;OLC;6N4,,,,,,,,NA,HOH,MANUAL_REVIEW,multiple_candidate_ligands;metal_present
532,7IP7,2026-05-20,Crystal structure of A2A in complex with FU293-87,2.32,0.238,1,1,A,,NA;TEP;CLR;OLA;OLC;A1CQC;DMS;HOH,5,TEP;CLR;OLA;OLC;A1CQC,,,,,,,,NA,DMS;HOH,MANUAL_REVIEW,multiple_candidate_ligands;metal_present
533,7IP8,2026-05-20,Crystal structure of A2A in complex with FU300-24,2.28,0.2516,1,1,A,,NA;TEP;CLR;OLA;OLC;A1CQD;PEG;HOH,5,TEP;CLR;OLA;OLC;A1CQD,,,,,,,,NA,PEG;HOH,MANUAL_REVIEW,multiple_candidate_ligands;metal_present
534,7IP9,2026-05-20,Crystal structure of A2A in complex with FU336-22,2.1,0.2385,1,1,A,,NA;TEP;CLR;OLA;OLC;A1CQE;HOH,5,TEP;CLR;OLA;OLC;A1CQE,,,,,,,,NA,HOH,MANUAL_REVIEW,multiple_candidate_ligands;metal_present
535,7IPA,2026-05-20,Crystal structure of A2A in complex with FU336-32,2.32,0.25,1,1,A,,NA;TEP;CLR;OLA;OLC;A1CQF;HOH,5,TEP;CLR;OLA;OLC;A1CQF,,,,,,,,NA,HOH,MANUAL_REVIEW,multiple_candidate_ligands;metal_present
536,7IPB,2026-05-20,Crystal structure of A2A in complex with FU336-34,2.09,0.2502,1,1,A,,NA;TEP;CLR;OLA;OLC;A1CQG;DMS;HOH,5,TEP;CLR;OLA;OLC;A1CQG,,,,,,,,NA,DMS;HOH,MANUAL_REVIEW,multiple_candidate_ligands;metal_present
537,7IPC,2026-05-20,Crystal structure of A2A in complex with FU336-61,1.87,0.2256,1,1,A,,NA;TEP;CLR;OLA;OLC;A1CQH;DMS;HOH,5,TEP;CLR;OLA;OLC;A1CQH,,,,,,,,NA,DMS;HOH,MANUAL_REVIEW,multiple_candidate_ligands;metal_present
538,7IPD,2026-05-20,Crystal structure of A2A in complex with FU379-101,2.19,0.2396,1,1,A,,NA;TEP;CLR;OLA;OLC;A1CQI;PEG;HOH,5,TEP;CLR;OLA;OLC;A1CQI,,,,,,,,NA,PEG;HOH,MANUAL_REVIEW,multiple_candidate_ligands;metal_present
539,7IPE,2026-05-20,Crystal structure of A2A in complex with FU428-8,1.84,0.2455,1,1,A,,NA;TEP;CLR;OLA;OLC;A1CQJ;HOH,5,TEP;CLR;OLA;OLC;A1CQJ,,,,,,,,NA,HOH,MANUAL_REVIEW,multiple_candidate_ligands;metal_present
540,7IPF,2026-05-20,Crystal structure of A2A in complex with FU428-16,1.9,0.2404,1,1,A,,NA;TEP;CLR;OLA;OLC;A1CQK;DMS;PEG;HOH,5,TEP;CLR;OLA;OLC;A1CQK,,,,,,,,NA,DMS;PEG;HOH,MANUAL_REVIEW,multiple_candidate_ligands;metal_present
541,7IPG,2026-05-20,Crystal structure of A2A in complex with FU428-36,2.06,0.2489,1,1,A,,NA;TEP;CLR;OLA;OLC;A1CS8;A1CQL;PEG;HOH,6,TEP;CLR;OLA;OLC;A1CS8;A1CQL,,,,,,,,NA,PEG;HOH,MANUAL_REVIEW,multiple_candidate_ligands;metal_present
542,9KI2,2026-05-20,apo- Carbonic Anhydrase II pH 7.8 1.5 atm CO2,1.2,0.13161,1,1,A,,GOL;HOH,0,,,,,,,,,,GOL;HOH,EXCLUDE,no_druglike_organic_ligand
543,9KI3,2026-05-20,apo- Carbonic Anhydrase II pH 7.8 2.5 atm CO2,1.2,0.13963,1,1,A,,GOL;HOH,0,,,,,,,,,,GOL;HOH,EXCLUDE,no_druglike_organic_ligand
544,9KI4,2026-05-20,apo- Carbonic Anhydrase II pH 7.8 5.0 atm CO2,1.2,0.14579,1,1,A,,GOL;CO2;HOH,0,,,,,,,,,,GOL;CO2:heavy_atoms_3;HOH,EXCLUDE,no_druglike_organic_ligand
545,9KI5,2026-05-20,apo- Carbonic Anhydrase II pH 7.8 7.0 atm CO2,1.2,0.13615,1,1,A,,GOL;CO2;HOH,0,,,,,,,,,,GOL;CO2:heavy_atoms_3;HOH,EXCLUDE,no_druglike_organic_ligand
546,9KI6,2026-05-20,apo- Carbonic Anhydrase II pH 7.8 15 atm CO2,1.2,0.13841,1,1,A,,GOL;CO2;HOH,0,,,,,,,,,,GOL;CO2:heavy_atoms_3;HOH,EXCLUDE,no_druglike_organic_ligand
547,9KI7,2026-05-20,Zn- Carbonic Anhydrase II pH 7.8 1.5 atm CO2,1.2,0.15638,1,1,A,,ZN;GOL;HOH,0,,,,,,,,,ZN,GOL;HOH,EXCLUDE,no_druglike_organic_ligand;metal_present
548,9KI8,2026-05-20,Zn- Carbonic Anhydrase II pH 7.8 2.5 atm CO2,1.2,0.12991,1,1,A,,ZN;CO2;GOL;HOH,0,,,,,,,,,ZN,CO2:heavy_atoms_3;GOL;HOH,EXCLUDE,no_druglike_organic_ligand;metal_present
549,9KI9,2026-05-20,Zn- Carbonic Anhydrase II pH 7.8 5.0 atm CO2,1.2,0.1364,1,1,A,,ZN;CO2;GOL;HOH,0,,,,,,,,,ZN,CO2:heavy_atoms_3;GOL;HOH,EXCLUDE,no_druglike_organic_ligand;metal_present
550,9KIA,2026-05-20,Zn- Carbonic Anhydrase II pH 7.8 7.0 atm CO2,1.2,0.14026,1,1,A,,ZN;CO2;GOL;HOH,0,,,,,,,,,ZN,CO2:heavy_atoms_3;GOL;HOH,EXCLUDE,no_druglike_organic_ligand;metal_present
551,9KIB,2026-05-20,Zn- Carbonic Anhydrase II pH 7.8 15 atm CO2,1.2,0.1289,1,1,A,,ZN;CO2;GOL;HOH,0,,,,,,,,,ZN,CO2:heavy_atoms_3;GOL;HOH,EXCLUDE,no_druglike_organic_ligand;metal_present
552,9KIC,2026-05-20,Zn- Carbonic Anhydrase II pH 11.0 1.5 atm CO2,1.2,0.14319,1,1,A,,ZN;GOL;HOH,0,,,,,,,,,ZN,GOL;HOH,EXCLUDE,no_druglike_organic_ligand;metal_present
553,9KID,2026-05-20,Zn- Carbonic Anhydrase II pH 11.0 2.5 atm CO2,1.2,0.14073,1,1,A,,ZN;GOL;HOH,0,,,,,,,,,ZN,GOL;HOH,EXCLUDE,no_druglike_organic_ligand;metal_present
554,9KIE,2026-05-20,Zn- Carbonic Anhydrase II pH 11.0 5.0 atm CO2,1.2,0.14776,1,1,A,,ZN;GOL;CO2;BCT;HOH,0,,,,,,,,,ZN,GOL;CO2:heavy_atoms_3;BCT:heavy_atoms_4;HOH,EXCLUDE,no_druglike_organic_ligand;metal_present
555,9KIF,2026-05-20,Zn- Carbonic Anhydrase II pH 11.0 7.0 atm CO2,1.2,0.14223,1,1,A,,ZN;CO2;GOL;HOH,0,,,,,,,,,ZN,CO2:heavy_atoms_3;GOL;HOH,EXCLUDE,no_druglike_organic_ligand;metal_present
556,9KIG,2026-05-20,Zn- Carbonic Anhydrase II pH 11.0 15 atm CO2,1.2,0.13243,1,1,A,,ZN;CO2;GOL;HOH,0,,,,,,,,,ZN,CO2:heavy_atoms_3;GOL;HOH,EXCLUDE,no_druglike_organic_ligand;metal_present
557,9KIH,2026-05-20,Co- Carbonic Anhydrase II pH 7.8 1.5 atm CO2,1.2,0.14836,1,1,A,,GOL;CO;BCT;HOH,0,,,,,,,,,CO,GOL;BCT:heavy_atoms_4;HOH,EXCLUDE,no_druglike_organic_ligand;metal_present
558,9KII,2026-05-20,Co- Carbonic Anhydrase II pH 7.8 2.5 atm CO2,1.2,0.14678,1,1,A,,GOL;CO;BCT;HOH,0,,,,,,,,,CO,GOL;BCT:heavy_atoms_4;HOH,EXCLUDE,no_druglike_organic_ligand;metal_present
559,9KIJ,2026-05-20,Co- Carbonic Anhydrase II pH 7.8 5.0 atm CO2,1.2,0.14748,1,1,A,,GOL;CO;BCT;HOH,0,,,,,,,,,CO,GOL;BCT:heavy_atoms_4;HOH,EXCLUDE,no_druglike_organic_ligand;metal_present
560,9KIK,2026-05-20,Co- Carbonic Anhydrase II pH 7.8 7.0 atm CO2,1.2,0.14126,1,1,A,,CO2;GOL;CO;BCT;HOH,0,,,,,,,,,CO,CO2:heavy_atoms_3;GOL;BCT:heavy_atoms_4;HOH,EXCLUDE,no_druglike_organic_ligand;metal_present
561,9KIL,2026-05-20,Co- Carbonic Anhydrase II pH 7.8 15 atm CO2,1.2,0.13662,1,1,A,,CO2;GOL;CO;BCT;HOH,0,,,,,,,,,CO,CO2:heavy_atoms_3;GOL;BCT:heavy_atoms_4;HOH,EXCLUDE,no_druglike_organic_ligand;metal_present
562,9KIM,2026-05-20,Co- Carbonic Anhydrase II pH 11.0 1.5 atm CO2,1.2,0.15156,1,1,A,,GOL;CO;HOH,0,,,,,,,,,CO,GOL;HOH,EXCLUDE,no_druglike_organic_ligand;metal_present
563,9KIN,2026-05-20,Co- Carbonic Anhydrase II pH 11.0 2.5 atm CO2,1.2,0.15566,1,1,A,,GOL;CO;BCT;HOH,0,,,,,,,,,CO,GOL;BCT:heavy_atoms_4;HOH,EXCLUDE,no_druglike_organic_ligand;metal_present
564,9KIO,2026-05-20,Co- Carbonic Anhydrase II pH 11.0 5.0 atm CO2,1.2,0.15607,1,1,A,,GOL;CO;BCT;HOH,0,,,,,,,,,CO,GOL;BCT:heavy_atoms_4;HOH,EXCLUDE,no_druglike_organic_ligand;metal_present
565,9KIP,2026-05-20,Co- Carbonic Anhydrase II pH 11.0 7.0 atm CO2,1.2,0.14572,1,1,A,,CO2;GOL;CO;BCT;HOH,0,,,,,,,,,CO,CO2:heavy_atoms_3;GOL;BCT:heavy_atoms_4;HOH,EXCLUDE,no_druglike_organic_ligand;metal_present
566,9KIQ,2026-05-20,Co- Carbonic Anhydrase II pH 11.0 15 atm CO2,1.2,0.13495,1,1,A,,CO2;GOL;CO;BCT;HOH,0,,,,,,,BCT;CO2,,CO,CO2:heavy_atoms_3;GOL;BCT:heavy_atoms_4;HOH,EXCLUDE,no_druglike_organic_ligand;metal_present
567,9KIR,2026-05-20,Ni- Carbonic Anhydrase II pH 7.8 1.5 atm CO2,1.2,0.14329,1,1,A,,GOL;NI;HOH,0,,,,,,,,,NI,GOL;HOH,EXCLUDE,no_druglike_organic_ligand;metal_present
568,9KIS,2026-05-20,Ni- Carbonic Anhydrase II pH 7.8 2.5 atm CO2,1.2,0.14962,1,1,A,,GOL;NI;BCT;HOH,0,,,,,,,,,NI,GOL;BCT:heavy_atoms_4;HOH,EXCLUDE,no_druglike_organic_ligand;metal_present
569,9KIT,2026-05-20,Ni- Carbonic Anhydrase II pH 7.8 5.0 atm CO2,1.2,0.1488,1,1,A,,GOL;NI;BCT;HOH,0,,,,,,,,,NI,GOL;BCT:heavy_atoms_4;HOH,EXCLUDE,no_druglike_organic_ligand;metal_present
570,9KIU,2026-05-20,Ni- Carbonic Anhydrase II pH 7.8 7.0 atm CO2,1.2,0.13968,1,1,A,,CO2;GOL;NI;BCT;HOH,0,,,,,,,,,NI,CO2:heavy_atoms_3;GOL;BCT:heavy_atoms_4;HOH,EXCLUDE,no_druglike_organic_ligand;metal_present
571,9KIV,2026-05-20,Ni- Carbonic Anhydrase II pH 7.8 15 atm CO2,1.2,0.13298,1,1,A,,CO2;GOL;NI;BCT;HOH,0,,,,,,,,,NI,CO2:heavy_atoms_3;GOL;BCT:heavy_atoms_4;HOH,EXCLUDE,no_druglike_organic_ligand;metal_present
572,9KIW,2026-05-20,Ni- Carbonic Anhydrase II pH 11.0 1.5 atm CO2,1.2,0.15564,1,1,A,,GOL;NI;HOH,0,,,,,,,,,NI,GOL;HOH,EXCLUDE,no_druglike_organic_ligand;metal_present
573,9KIX,2026-05-20,Ni- Carbonic Anhydrase II pH 11.0 2.5 atm CO2,1.2,0.14602,1,1,A,,GOL;NI;HOH,0,,,,,,,,,NI,GOL;HOH,EXCLUDE,no_druglike_organic_ligand;metal_present
574,9KIY,2026-05-20,Ni- Carbonic Anhydrase II pH 11.0 5.0 atm CO2,1.2,0.14305,1,1,A,,GOL;NI;BCT;HOH,0,,,,,,,,,NI,GOL;BCT:heavy_atoms_4;HOH,EXCLUDE,no_druglike_organic_ligand;metal_present
575,9KIZ,2026-05-20,Ni- Carbonic Anhydrase II pH 11.0 7.0 atm CO2,1.2,0.13732,1,1,A,,CO2;GOL;NI;BCT;HOH,0,,,,,,,,,NI,CO2:heavy_atoms_3;GOL;BCT:heavy_atoms_4;HOH,EXCLUDE,no_druglike_organic_ligand;metal_present
576,9KJ0,2026-05-20,Ni- Carbonic Anhydrase II pH 11.0 15 atm CO2,1.2,0.13593,1,1,A,,CO2;GOL;NI;BCT;HOH,0,,,,,,,,,NI,CO2:heavy_atoms_3;GOL;BCT:heavy_atoms_4;HOH,EXCLUDE,no_druglike_organic_ligand;metal_present
577,9KJ1,2026-05-20,Cu- Carbonic Anhydrase II pH 7.8 1.5 atm CO2,1.2,0.1388,1,1,A,,GOL;CU;HOH,0,,,,,,,,,CU,GOL;HOH,EXCLUDE,no_druglike_organic_ligand;metal_present
578,9KJ2,2026-05-20,Cu- Carbonic Anhydrase II pH 7.8 2.5 atm CO2,1.2,0.14465,1,1,A,,GOL;CU;HOH,0,,,,,,,,,CU,GOL;HOH,EXCLUDE,no_druglike_organic_ligand;metal_present
579,9KJ3,2026-05-20,Cu- Carbonic Anhydrase II pH 7.8 5.0 atm CO2,1.2,0.14798,1,1,A,,GOL;CU;HOH,0,,,,,,,,,CU,GOL;HOH,EXCLUDE,no_druglike_organic_ligand;metal_present
580,9KJ4,2026-05-20,Cu- Carbonic Anhydrase II pH 7.8 7.0 atm CO2,1.2,0.13433,1,1,A,,CO2;GOL;CU;HOH,0,,,,,,,,,CU,CO2:heavy_atoms_3;GOL;HOH,EXCLUDE,no_druglike_organic_ligand;metal_present
581,9KJ5,2026-05-20,Cu- Carbonic Anhydrase II pH 7.8 15 atm CO2,1.2,0.12947,1,1,A,,CO2;GOL;CU;HOH,0,,,,,,,,,CU,CO2:heavy_atoms_3;GOL;HOH,EXCLUDE,no_druglike_organic_ligand;metal_present
582,9OEL,2026-05-20,KRAS Wild Type 1-169 at 293 K,1.5,0.2121,1,2,A;B,,GDP;MG;HOH,0,,,,,,,,GDP,MG,HOH,EXCLUDE,no_druglike_organic_ligand;multiple_protein_chains_2;cofactor_present;metal_present
583,9OEX,2026-05-20,K-Ras G12V at 293 K,1.5,0.2208,1,2,A;B,,GDP;MG;HOH,0,,,,,,,,GDP,MG,HOH,EXCLUDE,no_druglike_organic_ligand;multiple_protein_chains_2;cofactor_present;metal_present
584,9PG4,2026-05-20,Structure of UBR2-AF23 complex,1.18,0.1895,2,2,A;C,,ZN;HOH,0,,,,,,,A1CH8;NH2;NIY;PHE,,ZN,HOH,EXCLUDE,no_druglike_organic_ligand;multiple_protein_chains_2;metal_present
585,9PG9,2026-05-20,Structure of UBR2-AF27 complex,1.22,0.1981,2,4,A;B;C;D,,ZN;HOH,0,,,,,,,0A1;A1CH8;NH2;PHE,,ZN,HOH,EXCLUDE,no_druglike_organic_ligand;multiple_protein_chains_4;metal_present
586,9R44,2026-05-20,Crystal structure of human caspase-9 CARD,2.46,0.2645,1,4,A;E;H;L,,SO4;CL;HOH,0,,,,,,,,,,SO4;CL;HOH,EXCLUDE,no_druglike_organic_ligand;multiple_protein_chains_4
587,9RL9,2026-05-20,Crystal Structure of 24 bound to the PH domain of Btk,2.11,0.3329,1,4,A;B;C;D,,MG;ZN;A1B6R;HOH,1,A1B6R,A1B6R,"(6S)-6-(4-chlorophenyl)-4,5,6,7-tetrahydro-1-benzofuran-3-carboxylic acid",C15 H13 Cl O3,276.715,19,A1B6R;LYS,,MG;ZN,HOH,EXCLUDE,candidate_may_be_covalent;multiple_protein_chains_4;metal_present
588,9RMO,2026-05-20,Crystal Structure of 31 bound to the PH domain of Btk,1.8,0.2933,1,4,A;B;C;D,,A1JIA;MG;ZN;HOH,1,A1JIA,A1JIA,"(6~{S})-6-(5-bromanylthiophen-2-yl)-6,7-dihydro-1-benzofuran-3-carboxylic acid",C13 H9 Br O3 S,325.178,18,A1JIA;LYS,,MG;ZN,HOH,EXCLUDE,candidate_may_be_covalent;multiple_protein_chains_4;metal_present
589,9SQS,2026-05-20,Human fumarylacetoacetate hydrolase (FAH) in complex with S2.2,2.1,0.2452,1,2,A;B,,CA;CL;GOL;A1AG4;HOH,1,A1AG4,A1AG4,"4-(3,4-dichlorobenzene-1-sulfonamido)-2-fluorobenzoic acid",C13 H8 Cl2 F N O4 S,364.176,22,,,CA,CL;GOL;HOH,RESERVE,multiple_protein_chains_2;metal_present
590,9SVW,2026-05-20,Human fumarylacetoacetate hydrolase (FAH) in complex with S2.6,2.15,0.2315,1,2,A;B,,GOL;A1JQ7;DMS;CA;NA;CL;HOH,1,A1JQ7,A1JQ7,4-[(4-methylphenyl)sulfamoyl]benzoic acid,C14 H13 N O4 S,291.322,20,,,CA;NA,GOL;DMS;CL;HOH,RESERVE,multiple_protein_chains_2;metal_present
591,9SW1,2026-05-20,Human fumarylacetoacetate hydrolase (FAH) in complex with A4,1.99,0.2179,1,2,A;B,,A1JQ6;GOL;CA;CL;HOH,1,A1JQ6,A1JQ6,4-[(4-carboxyphenyl)sulfonylamino]-2-oxidanyl-benzoic acid,C14 H11 N O7 S,337.305,23,,,CA,GOL;CL;HOH,RESERVE,multiple_protein_chains_2;metal_present
592,9SX4,2026-05-20,Human fumarylacetoacetate hydrolase (FAH) in complex with HT1.6,1.42,0.1941,1,2,A;B,,GOL;DMS;PEG;A1JRB;CA;NA;CL;HOH,1,A1JRB,A1JRB,"2,5-dimethyl-1-(4-methylpyridin-2-yl)pyrrole-3-carbaldehyde",C13 H14 N2 O,214.263,16,,,CA;NA,GOL;DMS;PEG;CL;HOH,RESERVE,multiple_protein_chains_2;metal_present
593,9SZM,2026-05-20,Human fumarylacetoacetate hydrolase (FAH) in complex with 3C10,1.8,0.2264,1,2,A;B,,GOL;A1JSI;PEG;CA;NA;CL;HOH,1,A1JSI,A1JSI,4-[(3-fluorophenyl)sulfonylamino]benzoic acid,C13 H10 F N O4 S,295.286,20,,,CA;NA,GOL;PEG;CL;HOH,RESERVE,multiple_protein_chains_2;metal_present
594,9SZN,2026-05-20,Crystal structure of the catalytic domain of USP7 in complex with Compound 43,1.99,0.2263,1,1,A,,A1JSJ;HOH,1,A1JSJ,A1JSJ,"3-((7-(3-((S)-3-aminopyrrolidine-1-carbonyl)-4-methyl-6-(trifluoromethyl)pyridin-2-yl)thieno[3,2-b]pyridin-2-yl)methyl)-6,6-dimethyl-3-azabicyclo[3.1.0]hexane-2,4-dione",C27 H26 F3 N5 O3 S,557.587,39,CSO;GLN;LYS;THR;TRP;TYR;VAL,,,HOH,INCLUDE,
595,9SZX,2026-05-20,Human fumarylacetoacetate hydrolase (FAH) in complex with 3C9,2.3,0.2394,1,2,E;F,,A1JSL;GOL;CA;NA;CL;PEG;HOH,1,A1JSL,A1JSL,3-[(6-methylnaphthalen-2-yl)sulfonylamino]propanoic acid,C14 H15 N O4 S,293.338,20,,,CA;NA,GOL;CL;PEG;HOH,RESERVE,multiple_protein_chains_2;metal_present
596,9T23,2026-05-20,Crystal Structure of 5 bound to the PH domain of Btk,1.845,0.3191,1,4,A;C;H;K,,ZN;MG;A1JS6;HOH,1,A1JS6,A1JS6,"(6~{R})-6-[3-(trifluoromethyl)phenyl]-4,5,6,7-tetrahydro-1-benzofuran-3-carboxylic acid",C16 H13 F3 O3,310.268,22,A1JS6;LYS,,ZN;MG,HOH,EXCLUDE,candidate_may_be_covalent;multiple_protein_chains_4;metal_present
597,9T27,2026-05-20,Human fumarylacetoacetate hydrolase (FAH) in complex with S1.1,1.789,0.2078,1,2,E;F,,A1JS5;GOL;CL;CA;NA;HOH,1,A1JS5,A1JS5,"2-[4-(3-methanoyl-2,5-dimethyl-pyrrol-1-yl)phenoxy]ethanoic acid",C15 H15 N O4,273.284,20,,,CA;NA,GOL;CL;HOH,RESERVE,multiple_protein_chains_2;metal_present
598,9T3M,2026-05-20,Crystal Structure of 11 bound to the PH domain of Btk,1.8,0.2977,1,4,A;B;C;D,,A1JTB;ZN;MG;HOH,1,A1JTB,A1JTB,"(6~{S})-6-(2-methoxyphenyl)-4,5,6,7-tetrahydro-1-benzofuran-3-carboxylic acid",C16 H16 O4,272.296,20,,,ZN;MG,HOH,RESERVE,r_free_above_0.28;multiple_protein_chains_4;metal_present
599,9T9E,2026-05-20,Crystal structure of human CHD1 tandem chromodomain in complex with the ethoxyquinoline-based inhibitor 2b,1.7,0.2208,1,1,A,,A1JUQ;DMS;HOH,1,A1JUQ,A1JUQ,"~{N}2-[3-(dimethylamino)propyl]-7-ethoxy-~{N}4-[1-(phenylmethyl)piperidin-4-yl]quinoline-2,4-diamine",C28 H39 N5 O,461.642,34,,,,DMS;HOH,INCLUDE,
600,9T9F,2026-05-20,Crystal structure of human CHD1 tandem chromodomain in complex with the ethoxyquinoline-based inhibitor 2l,1.35,0.2078,1,1,A,,EDO;A1JUR;DMS;HOH,1,A1JUR,A1JUR,2-[4-(dimethylamino)piperidin-1-yl]-7-ethoxy-~{N}-[1-(phenylmethyl)piperidin-4-yl]quinolin-4-amine,C30 H41 N5 O,487.679,36,,,,EDO;DMS;HOH,INCLUDE,
601,9T9G,2026-05-20,Crystal structure of human CHD1 tandem chromodomain in complex with the ethoxyquinazoline-based inhibitor 1q,1.7,0.2121,1,1,A,,A1JUO;DMS;EDO;BU3;HOH,1,A1JUO,A1JUO,2-[4-(dimethylamino)piperidin-1-yl]-7-ethoxy-~{N}-[1-(phenylmethyl)piperidin-4-yl]quinazolin-4-amine,C29 H40 N6 O,488.668,36,,,,DMS;EDO;BU3:heavy_atoms_6;HOH,INCLUDE,
602,9T9H,2026-05-20,Crystal structure of human CHD1 tandem chromodomain in complex with the ethoxyquinoline-based inhibitor 2n,1.45,0.208,1,1,A,,A1JUP;EDO;DMS;HOH,1,A1JUP,A1JUP,7-ethoxy-2-[4-[(4-methoxyphenyl)methylamino]piperidin-1-yl]-~{N}-[1-(phenylmethyl)piperidin-4-yl]quinolin-4-amine,C36 H45 N5 O2,579.775,43,,,,EDO;DMS;HOH,INCLUDE,
603,9T9I,2026-05-20,Crystal structure of human CHD1 tandem chromodomain in complex with the ethoxyquinoline-based inhibitor 2s,1.55,0.2174,1,1,A,,A1JUS;EDO;HOH,1,A1JUS,A1JUS,"7-ethoxy-2-[4-[[4-[[1-(2-methoxyethyl)-1,2,3-triazol-4-yl]methoxy]phenyl]methylamino]piperidin-1-yl]-~{N}-[1-(phenylmethyl)piperidin-4-yl]quinolin-4-amine",C41 H52 N8 O3,704.903,52,,,,EDO;HOH,INCLUDE,
604,9T9X,2026-05-20,Human fumarylacetoacetate hydrolase (FAH) in complex with Acetoacetate,1.81,0.2039,1,2,A;B,,AAE;PEG;GOL;CA;DMS;CL;HOH,0,,,,,,,,,CA,AAE:heavy_atoms_7;PEG;GOL;DMS;CL;HOH,EXCLUDE,no_druglike_organic_ligand;multiple_protein_chains_2;metal_present
605,9YCW,2026-05-20,Crystal structure of USP16 ZnF-UBP domain,1.8,0.172,1,3,A;B;C,,ZN;GOL;HOH,0,,,,,,,,,ZN,GOL;HOH,EXCLUDE,no_druglike_organic_ligand;multiple_protein_chains_3;metal_present
606,9YGS,2026-05-20,Crystal structure of GMPPNP bound KRAS-Y71H in complex with RBD domain of CRAF(RAF1),1.68,0.2331,2,2,A;B,,GNP;MG;HOH,1,GNP,GNP,PHOSPHOAMINOPHOSPHONIC ACID-GUANYLATE ESTER,C10 H17 N6 O13 P3,522.196,32,,,MG,HOH,RESERVE,multiple_protein_chains_2;metal_present
607,9YOW,2026-05-20,Crystal structure of GMPPNP bound KRAS G12C in complex with CYPA and RMC-4791,1.57,0.2455,2,4,A;B;C;D,,MG;GNP;A1CYT;HOH,2,GNP;A1CYT,,,,,,,,MG,HOH,MANUAL_REVIEW,multiple_candidate_ligands;multiple_protein_chains_4;metal_present
608,9YSI,2026-05-20,Covalent allosteric inhibitor of human DNA polymerase theta,2.0,0.2107,1,2,A;D,,MG;DG3;CL;GOL;A1CZ4;HOH,2,DG3;A1CZ4,,,,,,A1CZ4;CYS,,MG,CL;GOL;HOH,MANUAL_REVIEW,multiple_candidate_ligands;multiple_protein_chains_2;metal_present
609,9ZLG,2026-05-20,Crystal structure of DCAF1 in complex with SDIPTAC C9,2.3,0.2891,1,8,A;B;C;D;E;F;G;H,,A1C24;A1C26;HOH,1,A1C24,A1C24,(4P)-N-[(1S)-3-amino-1-(3-chloro-4-fluorophenyl)-3-oxopropyl]-4-(4-chloro-2-fluorophenyl)-1H-pyrrole-3-carboxamide,C20 H15 Cl2 F2 N3 O2,438.255,29,,,,A1C26:mw_1437.1;HOH,RESERVE,r_free_above_0.28;multiple_protein_chains_8
610,10AJ,2026-05-13,Crystal Structure of Human WRN helicase with compound 1,2.42,0.254,1,1,A,,ZN;A1C4J;EDO;HOH,1,A1C4J,A1C4J,"4-(4-methyl-4H-1,2,4-triazol-3-yl)-1-[4-(1H-pyrrol-1-yl)benzene-1-sulfonyl]piperidine",C18 H21 N5 O2 S,371.457,26,,,ZN,EDO;HOH,RESERVE,metal_present
611,10AK,2026-05-13,Crystal Structure of Human WRN helicase with compound 4,1.37,0.21414,1,1,A,,ZN;A1C4L;CL;EDO;HOH,1,A1C4L,A1C4L,"N-benzyl-N-[(3R)-1,1-dioxo-1lambda~6~-thiolan-3-yl]-2-[4-(1H-pyrrol-1-yl)phenyl]acetamide",C23 H24 N2 O3 S,408.513,29,A1C4L;CYS,,ZN,CL;EDO;HOH,EXCLUDE,candidate_may_be_covalent;metal_present
612,9O37,2026-05-13,The structure of PRMT4 in complex with YD1305,2.11,0.2329,1,1,A,,A1B7X;EPE;CA;HOH,2,A1B7X;EPE,,,,,,,,CA,HOH,MANUAL_REVIEW,multiple_candidate_ligands;metal_present
613,9O6H,2026-05-13,The Structure of PRMT4 in complex with SGC8172,1.97,0.2687,1,4,A;B;C;D,,A1B9W;HOH,1,A1B9W,A1B9W,"5'-S-(3-{[(4'-chloro[1,1'-biphenyl]-3-yl)methyl]amino}propyl)-5'-thioadenosine",C26 H29 Cl N6 O3 S,541.065,37,,,,HOH,RESERVE,multiple_protein_chains_4
614,9OFS,2026-05-13,Crystal structure of the human IGA2m2 FC fragment-FC-alpha receptor (CD89) complex,1.95,0.2533,2,2,A;C,,NAG;CL;HOH,0,,,,,,,ASN;MAN;NAG,,,NAG;CL;HOH,EXCLUDE,no_druglike_organic_ligand;multiple_protein_chains_2
615,9PC1,2026-05-13,Co-crystal structure of the cAMP-dependent protein kinase catalytic subunit alpha with the inhibitor BLU0588,1.552,0.2141,2,2,E;I,,MPD;A1CHQ;HOH,1,A1CHQ,A1CHQ,"(6M)-N-[(1R,2R)-2-(pyrrolidin-1-yl)-2,3-dihydro-1H-inden-1-yl]-6-(1H-pyrrolo[2,3-b]pyridin-4-yl)pyridine-3-carboxamide",C26 H25 N5 O,423.51,32,ILE;LEU;SEP;TPO;TRP;VAL,,,MPD;HOH,RESERVE,multiple_protein_chains_2
616,9RQP,2026-05-13,Human SMUG1 in complex with 5-fluorouracil,1.899,0.2333,1,1,A,,URF;DMS;PEG;PGR;HOH,0,,,,,,,,,,URF:heavy_atoms_9;DMS;PEG;PGR:heavy_atoms_5;HOH,EXCLUDE,no_druglike_organic_ligand
617,9S2X,2026-05-13,Crystal structure of the human RAGE ectodomain in complex with murine S100A6 mutant Y84C,2.35,0.2352,2,2,A;B,,ZN;CL;ACT;CA;NA;HOH,0,,,,,,,,,ZN;CA;NA,CL;ACT;HOH,EXCLUDE,no_druglike_organic_ligand;multiple_protein_chains_2;metal_present
618,9SGF,2026-05-13,Human UCK1 in complex with NHC,2.179,0.2495,1,4,A;B;C;D,,U56;PO4;HOH,1,U56,U56,N-hydroxycytidine,C9 H13 N3 O6,259.216,18,,,,PO4;HOH,RESERVE,multiple_protein_chains_4
619,9SGG,2026-05-13,Human UCK1 in complex with NHC and ATP,2.396,0.2535,1,4,A;B;C;D,,U56;ANP;MG;HOH,2,U56;ANP,,,,,,,,MG,HOH,MANUAL_REVIEW,multiple_candidate_ligands;multiple_protein_chains_4;metal_present
620,9SQ2,2026-05-13,H/D exchanged human SMUG1 in complex with deuterated uracil,1.54,0.179,1,1,A,,URA;BCN;HOH,1,BCN,BCN,BICINE,C6 H13 N O4,163.172,11,,,,URA:heavy_atoms_8;HOH,INCLUDE,
621,9T46,2026-05-13,Crystal structure of the Fab 40G5c in complex with a CD3 epsilon peptide,1.65,0.2245,3,3,H;L;P,,GOL;ACT;SO4;HOH,0,,,,,,,ASP;GLY;NH2;PCA,,,GOL;ACT;SO4;HOH,EXCLUDE,no_druglike_organic_ligand;multiple_protein_chains_3
622,9THX,2026-05-13,G14 variant of 57aBi scaffold crystallized in I212121,1.364,0.2103,1,1,A,,PEG;SO4;HOH,0,,,,,,,,,,PEG;SO4;HOH,EXCLUDE,no_druglike_organic_ligand
623,9TIA,2026-05-13,G14 variant of 57aBi scaffold crystallized in P6422,2.07,0.2869,1,1,A,,PGE;CA;HOH,0,,,,,,,,,CA,PGE;HOH,EXCLUDE,no_druglike_organic_ligand;metal_present
624,9TJQ,2026-05-13,G14 variant of 57aBi scaffold crystallized in P6422,2.19,0.2828,1,1,A,,PGE;CA;HOH,0,,,,,,,,,CA,PGE;HOH,EXCLUDE,no_druglike_organic_ligand;metal_present
625,9TNG,2026-05-13,Crystal Structure of the third PDZ domain of PSD-95 protein E401R mutant,0.95,0.1679,1,1,A,,ACT;HOH,0,,,,,,,,,,ACT;HOH,EXCLUDE,no_druglike_organic_ligand
626,9TYE,2026-05-13,Crystal structure of a phosphocoumarin derivative in complex with human carbonic anhydrase II,1.65,0.17179,1,1,A,,ZN;A1JX9;GOL;HOH,1,A1JX9,A1JX9,"7-methoxy-2-oxidanyl-3,4-dihydro-1,2$l^{5}-benzoxaphosphinine 2-oxide",C9 H9 O4 P,212.139,14,,,ZN,GOL;HOH,RESERVE,metal_present
627,9Y0T,2026-05-13,Crystal structure of human MAIT A-F7 TCR-MR1*02-5-OP-RU complex,2.3,0.2178,4,8,A;B;C;D;E;F;G;H,,Q87;ACT;CL;GOL;NA;HOH,1,Q87,Q87,"1-deoxy-1-({2,6-dioxo-5-[(E)-(2-oxopropylidene)amino]-1,2,3,6-tetrahydropyrimidin-4-yl}amino)-D-ribitol",C12 H18 N4 O7,330.294,23,LYS;Q87,,NA,ACT;CL;GOL;HOH,EXCLUDE,candidate_may_be_covalent;multiple_protein_chains_8;metal_present
628,9Y0U,2026-05-13,Crystal structure of human MAIT A-F7 TCR-MR1*03-5-OP-RU complex,2.1,0.1874,4,8,A;B;C;D;E;F;G;H,,ACY;Q87;GOL;CL;NA;HOH,1,Q87,Q87,"1-deoxy-1-({2,6-dioxo-5-[(E)-(2-oxopropylidene)amino]-1,2,3,6-tetrahydropyrimidin-4-yl}amino)-D-ribitol",C12 H18 N4 O7,330.294,23,LYS;Q87,,NA,ACY;GOL;CL;HOH,EXCLUDE,candidate_may_be_covalent;multiple_protein_chains_8;metal_present
629,9Y0W,2026-05-13,Crystal Structure of human MAIT A-F7 TCR-MR1*05-5-OP-RU complex,2.4,0.217,4,8,A;B;C;D;E;F;G;H,,Q87;GOL;NA;HOH,1,Q87,Q87,"1-deoxy-1-({2,6-dioxo-5-[(E)-(2-oxopropylidene)amino]-1,2,3,6-tetrahydropyrimidin-4-yl}amino)-D-ribitol",C12 H18 N4 O7,330.294,23,LYS;Q87,,NA,GOL;HOH,EXCLUDE,candidate_may_be_covalent;multiple_protein_chains_8;metal_present
630,9YKR,2026-05-13,Crystal structure of the GLP (EHMT1) SET domain in complex with SAM and TNG917,1.38,0.1542,1,2,A;B,,ZN;SAM;A1CXM;PEG;SO4;EDO;HOH,1,A1CXM,A1CXM,"N~2~-[(7M)-6-fluoro-7-(2,5,6,7-tetrahydro-1H-azepin-4-yl)-2,3-dihydro-1-benzofuran-5-yl]-N~4~,6-dimethylpyrimidine-2,4-diamine",C20 H24 F N5 O,369.436,27,,SAM,ZN,PEG;SO4;EDO;HOH,RESERVE,multiple_protein_chains_2;cofactor_present;metal_present
631,9YKS,2026-05-13,Crystal structure of the G9a (EHMT2) SET domain in complex with SAM and TNG917,1.79,0.2516,1,4,A;B;C;D,,ZN;SAM;A1CXM;EDO;GOL;HOH,1,A1CXM,A1CXM,"N~2~-[(7M)-6-fluoro-7-(2,5,6,7-tetrahydro-1H-azepin-4-yl)-2,3-dihydro-1-benzofuran-5-yl]-N~4~,6-dimethylpyrimidine-2,4-diamine",C20 H24 F N5 O,369.436,27,,SAM,ZN,EDO;GOL;HOH,RESERVE,multiple_protein_chains_4;cofactor_present;metal_present
632,10DV,2026-05-06,Room Temperature X-Ray Structure of SARS CoV-2 Main Protease Intermediate Precursor with Ensitrelvir (ESV),2.05,0.2345,1,2,A;B,,7YY;HOH,1,7YY,7YY,"6-[(6-chloranyl-2-methyl-indazol-5-yl)amino]-3-[(1-methyl-1,2,4-triazol-3-yl)methyl]-1-[[2,4,5-tris(fluoranyl)phenyl]methyl]-1,3,5-triazine-2,4-dione",C22 H17 Cl F3 N9 O2,531.878,37,,,,HOH,RESERVE,multiple_protein_chains_2
633,25VX,2026-05-06,Crystal Structure of MYST histone acetyltransferase KAT6A in complex with inhibitor Compound 9,2.29,0.26583,1,1,A,,A1MGC;HOH,1,A1MGC,A1MGC,"2,6-dimethoxy-~{N}-(5-phenyl-3,4-dihydro-2~{H}-pyrano[2,3-e][1,2]benzoxazol-9-yl)benzenesulfonamide",C24 H22 N2 O6 S,466.506,33,ALY;HIS;THR,,,HOH,INCLUDE,
634,28OD,2026-05-06,Crystal structure of C35 bound to Hem,1.73,0.2,2,4,A;B;C;D,,HEM;GOL;A1ITR;DMS;CMO;ACT;SO4;PGE;HOH,1,A1ITR,A1ITR,"4-[2-[[5-(1H-indol-3-yl)-1,3,4-oxadiazol-2-yl]sulfanyl]ethanoylamino]benzoic acid",C19 H14 N4 O4 S,394.404,28,,HEM,,GOL;DMS;CMO:heavy_atoms_2;ACT;SO4;PGE;HOH,RESERVE,multiple_protein_chains_4;cofactor_present
635,9I4L,2026-05-06,Galectin-1 in Complex with Methyl 2'-fluoro-N-acetyllactosaminide,1.425,0.22,1,2,A;B,,EDO;HOH,0,,,,,,,2FG;CME;GLU;ILE;LEU;LYS;MAG;VAL,,,EDO;HOH,EXCLUDE,no_druglike_organic_ligand;multiple_protein_chains_2
636,9I4O,2026-05-06,Galectin-3 in Complex with Methyl 2'-fluoro-N-acetyllactosaminide,0.989,0.158,1,1,A,,BR;CL;NA;HOH,0,,,,,,,2FG;MAG,,NA,BR;CL;HOH,EXCLUDE,no_druglike_organic_ligand;metal_present
637,9O3R,2026-05-06,Crystal Structure of I64A Variant of D-Dopachrome Tautomerase (D-DT),1.539,0.1983,1,18,AAA;BBB;CCC;DDD;EEE;FFF;GGG;HHH;III;JJJ;KKK;LLL;MMM;NNN;OOO;PPP;QQQ;RRR,,CA;HOH,0,,,,,,,,,CA,HOH,EXCLUDE,no_druglike_organic_ligand;multiple_protein_chains_18;metal_present
638,9O3T,2026-05-06,Crystal Structure of S63A Variant of D-Dopachrome Tautomerase (D-DT),1.529,0.1961,1,12,AAA;BBB;CCC;DDD;EEE;FFF;GGG;HHH;III;JJJ;KKK;LLL,,TRS;HOH,0,,,,,,,,,,TRS;HOH,EXCLUDE,no_druglike_organic_ligand;multiple_protein_chains_12
639,9O3U,2026-05-06,Crystal Structure of K109A Variant of D-Dopachrome Tautomerase (D-DT),1.49,0.2165,1,12,AAA;BBB;CCC;DDD;EEE;FFF;GGG;HHH;III;JJJ;KKK;LLL,,MLI;HOH,0,,,,,,,,,,MLI:heavy_atoms_7;HOH,EXCLUDE,no_druglike_organic_ligand;multiple_protein_chains_12
640,9O7R,2026-05-06,Crystal structure of human adenosine kinase (ADK) in complex with inhibitor BKI-1553,2.41,0.2584,1,1,A,,CL;UW5;SO4;HOH,1,UW5,UW5,"1-{4-amino-3-[6-(cyclopropyloxy)naphthalen-2-yl]-1H-pyrazolo[3,4-d]pyrimidin-1-yl}-2-methylpropan-2-ol",C22 H23 N5 O2,389.45,29,,,,CL;SO4;HOH,INCLUDE,
641,9QZA,2026-05-06,Room temperature fragment screening of soluble epoxide hydrolase by serial crystallography,1.93,0.2241,1,1,A,,SWX;EDO;HOH,1,SWX,SWX,(4-pyrimidin-5-ylphenyl)methanol,C11 H10 N2 O,186.21,14,,,,EDO;HOH,INCLUDE,
642,9QZG,2026-05-06,GID4 in complex with Compound 18,1.9,0.33584,1,1,A,,A1JCC;HOH,1,A1JCC,A1JCC,"~{N}-[3-fluoranyl-5-[4-(4-methoxypiperidin-1-yl)carbonyl-5-methyl-furan-2-yl]phenyl]-4,4-dimethyl-piperidine-1-carboximidamide",C26 H35 F N4 O3,470.58,34,,,,HOH,RESERVE,r_free_above_0.28
643,9QZH,2026-05-06,GID4 in complex with Compound 33,2.19,0.21967,1,4,A;B;C;D,,A1JCD,1,A1JCD,A1JCD,"~{N}-[3-fluoranyl-5-[4-[4-(methoxymethyl)piperidin-1-yl]carbonyl-5-methyl-furan-2-yl]phenyl]-4,4-dimethyl-piperidine-1-carboximidamide",C27 H37 F N4 O3,484.606,35,,,,,RESERVE,multiple_protein_chains_4
644,9QZI,2026-05-06,GID4 in complex with Compound 21,2.0,0.25298,1,1,A,,A1JCE;HOH,1,A1JCE,A1JCE,"~{N}-[3-fluoranyl-5-[4-[(3~{S})-3-[2-(2-methoxyethoxy)ethyl]piperidin-1-yl]carbonyl-5-methyl-furan-2-yl]phenyl]-4,4-dimethyl-piperidine-1-carboximidamide",C30 H43 F N4 O4,542.685,39,,,,HOH,INCLUDE,
645,9QZR,2026-05-06,Room temperature fragment screening of soluble epoxide hydrolase by serial crystallography,1.85,0.213,1,1,A,,X8D;EDO;HOH,1,X8D,X8D,"5-METHYL[1,2,4]TRIAZOLO[4,3-A]QUINOLIN-1(2H)-ONE",C11 H9 N3 O,199.209,15,,,,EDO;HOH,INCLUDE,
646,9QZS,2026-05-06,Room temperature fragment screening of soluble epoxide hydrolase by serial crystallography,2.04,0.2399,1,1,A,,TXW;SO4;HOH,1,TXW,TXW,"5-methyl-7-propyl-1,6-naphthyridin-2(1H)-one",C12 H14 N2 O,202.252,15,,,,SO4;HOH,INCLUDE,
647,9QZU,2026-05-06,Room temperature fragment screening of soluble epoxide hydrolase by serial crystallography,2.36,0.2574,1,1,A,,A1JBE;SO4;HOH,1,A1JBE,A1JBE,2-(4-~{tert}-butylphenoxy)acetamide,C12 H17 N O2,207.269,15,,,,SO4;HOH,INCLUDE,
648,9QZV,2026-05-06,Room temperature fragment screening of soluble epoxide hydrolase by serial crystallography,2.04,0.2297,1,1,A,,49N;SO4;HOH,1,49N,49N,1-[3-(trifluoromethyl)pyridin-2-yl]piperazine,C10 H12 F3 N3,231.218,16,,,,SO4;HOH,INCLUDE,
649,9QZW,2026-05-06,Room temperature fragment screening of soluble epoxide hydrolase by serial crystallography,2.28,0.2396,1,1,A,,V2Z;2HH;HOH,2,V2Z;2HH,,,,,,,,,HOH,MANUAL_REVIEW,multiple_candidate_ligands
650,9QZX,2026-05-06,Room temperature fragment screening of soluble epoxide hydrolase by serial crystallography,1.95,0.2309,1,1,A,,UMK;A1JBF;HOH,2,UMK;A1JBF,,,,,,,,,HOH,MANUAL_REVIEW,multiple_candidate_ligands
651,9QZZ,2026-05-06,Room temperature fragment screening of soluble epoxide hydrolase by serial crystallography,2.04,0.2235,1,1,A,,A1JBH;A1JBG;EDO;HOH,2,A1JBH;A1JBG,,,,,,,,,EDO;HOH,MANUAL_REVIEW,multiple_candidate_ligands
652,9R02,2026-05-06,Room temperature fragment screening of soluble epoxide hydrolase by serial crystallography,2.02,0.2169,1,1,A,,6SL;HOH,1,6SL,6SL,2-pyridin-3-yl-1~{H}-benzimidazole,C12 H9 N3,195.22,15,,,,HOH,INCLUDE,
653,9R25,2026-05-06,Sorafenib in complex with p38alpha (MAPK14),1.8,0.2099,1,1,A,,BAX;BOG;HOH,2,BAX;BOG,,,,,,,,,HOH,MANUAL_REVIEW,multiple_candidate_ligands
654,9R8Z,2026-05-06,METTL3/14 complex with switchable fragment,2.21,0.2271,2,2,A;B,,DMS;A1JDK;CL;HOH,1,A1JDK,A1JDK,1-(1~{H}-imidazol-2-yl)-2-phenyl-diazane,C9 H10 N4,174.202,13,,,,DMS;CL;HOH,RESERVE,multiple_protein_chains_2
655,9RVA,2026-05-06,Crystal structure of the extracellular part of human ACE2 in complex with the macrocyclic peptide WJL-63,2.2,0.2256,2,2,A;C,,NAG;ZN;EDO;IPA;CL;NA;SO4;2PE;HOH,1,2PE,2PE,NONAETHYLENE GLYCOL,C18 H38 O10,414.488,28,ALA;ASN;DTY;NAG;SER,,ZN;NA,NAG;EDO;IPA;CL;SO4;HOH,RESERVE,multiple_protein_chains_2;metal_present
656,9TDA,2026-05-06,"ERAP1 in complex with 1-[2-(5-bromo-7-fluoro-2-oxo-2,3-dihydro-1,3-benzothiazol-3-yl)acetamido]-4,4-difluorocyclohexane-1-carboxylic acid",1.55,0.2002,1,1,A,,ZN;SIN;PO4;EDO;A1JVE;HOH,1,A1JVE,A1JVE,"1-[2-(5-bromanyl-7-fluoranyl-2-oxidanylidene-1,3-benzothiazol-3-yl)ethanoylamino]-4,4-bis(fluoranyl)cyclohexane-1-carboxylic acid",C16 H14 Br F3 N2 O4 S,467.258,27,,,ZN,SIN:heavy_atoms_8;PO4;EDO;HOH,RESERVE,metal_present
657,9TKT,2026-05-06,Mapping the SHP2 allosteric pocket with target-biased covalent fragments,2.35,0.2831,1,2,A;B,,EDO;A1JWN;HOH,1,A1JWN,A1JWN,"3-[(1S)-1-azanylspiro[1,3-dihydroindene-2,4'-piperidine]-1'-yl]carbonylbenzenesulfonic acid",C20 H22 N2 O4 S,386.465,27,,,,EDO;HOH,RESERVE,r_free_above_0.28;multiple_protein_chains_2
658,9TTA,2026-05-06,Crystal Structure of S12 bound to Ck2a,1.91,0.28411,1,1,A,,A1JXM;ACT;HOH,1,A1JXM,A1JXM,3-[2-[4-[(3-chloranyl-4-phenyl-phenyl)methylamino]butyl-[2-oxidanylidene-2-[2-(2-prop-2-ynoxyethoxy)ethylamino]ethyl]amino]ethanoylamino]benzoic acid,C35 H41 Cl N4 O6,649.176,46,,,,ACT;HOH,RESERVE,r_free_above_0.28
659,9VDD,2026-05-06,The crystal structure of PDE4D with inhibitor LH17,2.3,0.2952,1,2,A;B,,ZN;MG;A1ERT;HOH,1,A1ERT,A1ERT,"7-methoxy-8-(4-methoxyphenyl)-2,2-dimethyl-5-(pyridin-4-ylmethoxy)pyrano[3,2-g]chromen-6-one",C28 H25 N O6,471.501,35,,,ZN;MG,HOH,RESERVE,r_free_above_0.28;multiple_protein_chains_2;metal_present
660,9VLJ,2026-05-06,Crystal structure of FGFR1 in complex with covalent inhibitor 10a,1.81,0.2146,1,2,A;B,,A1ESP;SO4;HOH,1,A1ESP,A1ESP,~{N}-[3-[2-[[3-[2-(dimethylamino)ethylsulfamoylmethyl]phenyl]amino]pyrimidin-4-yl]-1-methyl-indol-6-yl]propanamide,C27 H33 N7 O3 S,535.661,38,A1ESP;CYS,,,SO4;HOH,EXCLUDE,candidate_may_be_covalent;multiple_protein_chains_2
661,9VLM,2026-05-06,The X-RAY co-crystal structure of human FGFR2 and covalent inhibitor 10a,2.26,0.2537,1,2,A;B,,A1ESP;GOL;HOH,1,A1ESP,A1ESP,~{N}-[3-[2-[[3-[2-(dimethylamino)ethylsulfamoylmethyl]phenyl]amino]pyrimidin-4-yl]-1-methyl-indol-6-yl]propanamide,C27 H33 N7 O3 S,535.661,38,A1ESP;CYS,,,GOL;HOH,EXCLUDE,candidate_may_be_covalent;multiple_protein_chains_2
662,9VMB,2026-05-06,The X-RAY co-crystal structure of human FGFR3 and Compound 10t,1.97,0.2368,1,4,A;B;C;D,,A1ESX;MG;GOL;HOH,1,A1ESX,A1ESX,~{N}-[1-methyl-3-[2-[[3-methyl-1-(2-morpholin-4-ylethyl)pyrazol-4-yl]amino]pyrimidin-4-yl]indol-6-yl]propanamide,C26 H32 N8 O2,488.585,36,A1ESX;CYS,,MG,GOL;HOH,EXCLUDE,candidate_may_be_covalent;multiple_protein_chains_4;metal_present
663,9WPB,2026-05-06,Crystal structure of human transthyretin (TTR) with pryazole-based stabilizer,1.58,0.1797,1,8,A;B;C;D;E;F;G;H,,A1MB7;HOH,1,A1MB7,A1MB7,"4-[2-[3,5-bis(chloranyl)-1~{H}-pyrazol-4-yl]ethyl]benzoic acid",C12 H10 Cl2 N2 O2,285.126,18,,,,HOH,RESERVE,multiple_protein_chains_8
664,9Y3Z,2026-05-06,Crystal structure of hemagglutinin head domain from H3N2 Influenza A virus A/New York/631/1996 bound to the 3_H2 antibody,2.15,0.2264,3,3,A;H;L,,NAG;PO4;HOH,0,,,,,,,ASN;NAG,,,NAG;PO4;HOH,EXCLUDE,no_druglike_organic_ligand;multiple_protein_chains_3
665,9OBD,2026-04-29,Crystal structure of human Argonaute2 in complex with a fully modified siRNA with a 5'-phenylpropargyl phosphate,2.02,0.2672,1,1,A,,MG;IPH;IPA;HOH,0,,,,,,,A1CAK;A1CAL;AF2;F2T;GF2;OKT;OMG;RFJ;UFT,,MG,IPH:heavy_atoms_7;IPA;HOH,EXCLUDE,no_druglike_organic_ligand;metal_present
666,9OBE,2026-04-29,Crystal structure of human Argonaute2 in complex with a fully modified siRNA with a 5'-phenylpropyl phosphate,2.3,0.2524,1,1,A,,MG;IPH;HOH,0,,,,,,,A1CAK;A1CAM;AF2;F2T;GF2;OKT;OMG;RFJ;UFT,,MG,IPH:heavy_atoms_7;HOH,EXCLUDE,no_druglike_organic_ligand;metal_present
667,9QW8,2026-04-29,FKBP12 in complex with bifunctional ligand 1ad and the first bromodomain of BRD4,1.8,0.2428,2,4,A;B;C;D,,A1JAZ;HOH,1,A1JAZ,A1JAZ,"~{N}-[2-[2-[4-[[(1~{S},5~{S},6~{R})-10-[3,5-bis(chloranyl)phenyl]sulfonyl-2-oxidanylidene-3-(pyridin-2-ylmethyl)-3,10-diazabicyclo[4.3.1]decan-5-yl]methoxymethyl]-1,2,3-triazol-1-yl]ethoxy]ethyl]-2-[(9~{S})-7-(4-chlorophenyl)-4,5,13-trimethyl-3-thia-1,8,11,12-tetrazatricyclo[8.3.0.0^{2,6}]trideca-2(6),4,7,10,12-pentaen-9-yl]ethanamide",C47 H50 Cl3 N11 O6 S2,1035.459,69,,,,HOH,RESERVE,multiple_protein_chains_4
668,9QY8,2026-04-29,Crystal structure of apoform human USP18,1.919,0.2601,1,2,A;B,,ZN;HOH,0,,,,,,,,,ZN,HOH,EXCLUDE,no_druglike_organic_ligand;multiple_protein_chains_2;metal_present
669,9QYI,2026-04-29,Crystal structure of human S-adenosyl-L-homocysteine hydrolase complex with adenosine,1.59,0.2136,1,8,A;B;C;D;E;F;G;H,,NAD;ADN;K;SO4;MPD;HOH,1,ADN,ADN,ADENOSINE,C10 H13 N5 O4,267.241,19,,NAD,K,SO4;MPD;HOH,RESERVE,multiple_protein_chains_8;cofactor_present;metal_present
670,9QYJ,2026-04-29,Crystal structure of human S-adenosyl-L-homocysteine hydrolase in complex with adenosine and cadmium ions.,1.93,0.2441,1,8,A;B;C;D;E;F;G;H,,NAD;ADN;CD;K;HOH,1,ADN,ADN,ADENOSINE,C10 H13 N5 O4,267.241,19,,NAD,CD;K,HOH,RESERVE,multiple_protein_chains_8;cofactor_present;metal_present
671,9QYK,2026-04-29,"Crystal structure of human L-lactate Dehydrogenase B protein in complex with NADH, oxamate and sertraline",2.06,0.2156,1,4,A;B;C;D,,OXM;NAI;SRE;HOH,1,SRE,SRE,"(1S,4S)-4-(3,4-dichlorophenyl)-N-methyl-1,2,3,4-tetrahydronaphthalen-1-amine",C17 H17 Cl2 N,306.23,20,,NAI,,OXM:heavy_atoms_6;HOH,RESERVE,multiple_protein_chains_4;cofactor_present
672,9RCX,2026-04-29,Structure of protein kinase CK2alpha mutant T127M associated with the Okur-Chung Neurodevelopmental Syndrome,2.25,0.2449,1,2,A;B,,SO4;HOH,0,,,,,,,,,,SO4;HOH,EXCLUDE,no_druglike_organic_ligand;multiple_protein_chains_2
673,9RCY,2026-04-29,Structure of protein kinase CK2alpha mutant R21Q associated with the Okur-Chung Neurodevelopmental Syndrome,2.35,0.2584,1,2,A;B,,SO4;HOH,0,,,,,,,,,,SO4;HOH,EXCLUDE,no_druglike_organic_ligand;multiple_protein_chains_2
674,9RP6,2026-04-29,Crystal structure of covalent PDE6delta adduct modified by compound 13b,1.8,0.2279,1,1,A,,A1JIC;GOL;HOH,1,A1JIC,A1JIC,"4-[3,4-dimethyl-2-(4-methylphenyl)-7-oxidanylidene-pyrazolo[3,4-d]pyridazin-6-yl]-~{N}-(piperidin-4-ylmethyl)-~{N}-[(2,5,6-trimethylpyridin-3-yl)methyl]butane-1-sulfonamide",C33 H45 N7 O3 S,619.82,44,,,,GOL;HOH,INCLUDE,
675,9RP7,2026-04-29,Crystal structure of covalent PDE6delta adduct modified by Deltafluorine (22a),1.9,0.2224,1,1,B,,A1JIB;HOH,1,A1JIB,A1JIB,"~{N}1-[(4-chlorophenyl)methyl]-~{N}1-cyclopentyl-~{N}4-[[5-(fluoranylmethyl)-2,6-dimethyl-pyridin-3-yl]methyl]-~{N}4-(piperidin-4-ylmethyl)benzene-1,4-disulfonamide",C33 H42 Cl F N4 O4 S2,677.292,45,A1JIB;GLU,,,HOH,EXCLUDE,candidate_may_be_covalent
676,9UO0,2026-04-29,Crystal structure of nanobody Tnb165 with MERS-CoV RBD,2.5,0.2503,2,2,3;M,,NAG;HOH,0,,,,,,,ASN;NAG,,,NAG;HOH,EXCLUDE,no_druglike_organic_ligand;multiple_protein_chains_2
677,9UOJ,2026-04-29,WDR5 bound with P3,1.82,0.2537,1,1,A,,A1L9J;HOH,1,A1L9J,A1L9J,"~{N}-[5-[2-fluoranyl-5-[4-[[4-[oxidanyl(oxidanylidene)-$l^{4}-azanyl]-2,1,3-benzoxadiazol-7-yl]amino]butylcarbamoyl]phenyl]-2-[(3~{R},5~{S})-3,4,5-trimethylpiperazin-1-yl]phenyl]-6-oxidanylidene-4-(trifluoromethyl)-1~{H}-pyridine-3-carboxamide",C37 H38 F4 N9 O6 1,780.748,56,,,,HOH,INCLUDE,
678,9V90,2026-04-29,Crystal structure of the PDZ tandem of syntenin in complex with PDZ2 inhibitor,1.4,0.2202,1,2,A;B,,LKV;ACT;HOH,1,LKV,LKV,(2~{S})-2-[[(2~{S})-3-methyl-2-(3-oxidanylidene-1~{H}-isoindol-2-yl)butanoyl]amino]propanoic acid,C16 H20 N2 O4,304.341,22,,,,ACT;HOH,RESERVE,multiple_protein_chains_2
679,9WKU,2026-04-29,Wild-type Menin complexed with JNJ-75276617,1.9,0.20415,1,2,A;B,,9N6;EDO;MG;NA;HOH,1,9N6,9N6,"N-ethyl-5-fluoro-2-{[5-(2-{(3R)-6-[(2-methoxyethyl)(methyl)amino]-2-methylhexan-3-yl}-2,6-diazaspiro[3.4]octan-6-yl)-1,2,4-triazin-6-yl]oxy}-N-(propan-2-yl)benzamide",C32 H50 F N7 O3,599.783,43,,,MG;NA,EDO;HOH,RESERVE,multiple_protein_chains_2;metal_present
680,9WKV,2026-04-29,[M322I] Menin complexed with JNJ-75276617,1.8,0.19829,1,2,A;B,,9N6;EDO;MG;MES;HOH,1,9N6,9N6,"N-ethyl-5-fluoro-2-{[5-(2-{(3R)-6-[(2-methoxyethyl)(methyl)amino]-2-methylhexan-3-yl}-2,6-diazaspiro[3.4]octan-6-yl)-1,2,4-triazin-6-yl]oxy}-N-(propan-2-yl)benzamide",C32 H50 F N7 O3,599.783,43,,,MG,EDO;MES;HOH,RESERVE,multiple_protein_chains_2;metal_present
681,9WKW,2026-04-29,Wild-type Menin complexed with DS-1594,1.63,0.17634,1,2,A;B,,7IX;EDO;NA;MG;HOH,1,7IX,7IX,"(1R,2S,4R)-4-[[4-(5,6-dimethoxypyridazin-3-yl)phenyl]methylamino]-2-[methyl-[6-[2,2,2-tris(fluoranyl)ethyl]thieno[2,3-d]pyrimidin-4-yl]amino]cyclopentan-1-ol",C27 H29 F3 N6 O3 S,574.618,40,,,NA;MG,EDO;HOH,RESERVE,multiple_protein_chains_2;metal_present
682,9WKX,2026-04-29,[M322I] Menin complexed with DS-1594,2.25,0.23867,1,2,A;B,,7IX;EDO;MG;HOH,1,7IX,7IX,"(1R,2S,4R)-4-[[4-(5,6-dimethoxypyridazin-3-yl)phenyl]methylamino]-2-[methyl-[6-[2,2,2-tris(fluoranyl)ethyl]thieno[2,3-d]pyrimidin-4-yl]amino]cyclopentan-1-ol",C27 H29 F3 N6 O3 S,574.618,40,,,MG,EDO;HOH,RESERVE,multiple_protein_chains_2;metal_present
683,9WN9,2026-04-29,Wild-type Menin complexed with DSP-5336,1.5,0.2138,1,2,A;B,,2IZ;EDO;MG;GOL;HOH,1,2IZ,2IZ,"5-fluoro-2-[(4-{7-[(1S,3S,4R)-5-methylidene-2-azabicyclo[2.2.2]octane-3-carbonyl]-2,7-diazaspiro[3.5]nonan-2-yl}pyrimidin-5-yl)oxy]-N,N-di(propan-2-yl)benzamide",C33 H43 F N6 O3,590.731,43,,,MG,EDO;GOL;HOH,RESERVE,multiple_protein_chains_2;metal_present
684,9WNA,2026-04-29,[M322I] Menin complexed with DSP-5336,2.0,0.21241,1,2,A;B,,2IZ;EDO;MG;HOH,1,2IZ,2IZ,"5-fluoro-2-[(4-{7-[(1S,3S,4R)-5-methylidene-2-azabicyclo[2.2.2]octane-3-carbonyl]-2,7-diazaspiro[3.5]nonan-2-yl}pyrimidin-5-yl)oxy]-N,N-di(propan-2-yl)benzamide",C33 H43 F N6 O3,590.731,43,,,MG,EDO;HOH,RESERVE,multiple_protein_chains_2;metal_present
685,9WNI,2026-04-29,Wild-type Menin complexed with KO-539,2.4,0.27471,1,2,A;B,,K5O;MG;HOH,1,K5O,K5O,Ziftomenib,C33 H42 F3 N9 O2 S2,717.871,49,,,MG,HOH,RESERVE,multiple_protein_chains_2;metal_present
686,9WNJ,2026-04-29,[M322I] Menin complexed with KO-539,2.0,0.20691,1,2,A;B,,EDO;K5O;MG;HOH,1,K5O,K5O,Ziftomenib,C33 H42 F3 N9 O2 S2,717.871,49,,,MG,EDO;HOH,RESERVE,multiple_protein_chains_2;metal_present
687,9WQ1,2026-04-29,Crystal structure of CNOT6L and YL-333P complex,2.09,0.3186,1,1,A,,MG;A1EX4;HOH,1,A1EX4,A1EX4,"6-[4-[[4-azanyl-1-[7-[bis(fluoranyl)methyl]pyrrolo[2,3-d]pyrimidin-4-yl]piperidin-4-yl]methyl]phenyl]-2,3-dihydroisoindol-1-one",C27 H26 F2 N6 O,488.532,36,,,MG,HOH,RESERVE,r_free_above_0.28;metal_present
688,9WQ4,2026-04-29,Crystal structure of CNOT6L and Cpd1 complex,2.4,0.2543,1,1,A,,A1EX3;MG;HOH,1,A1EX3,A1EX3,"4-[(4-chlorophenyl)methyl]-1-furo[3,2-c]pyridin-4-yl-piperidin-4-amine",C19 H20 Cl N3 O,341.835,24,,,MG,HOH,RESERVE,metal_present
689,9XMJ,2026-04-29,A Potent and Selective ROR gamma Inhibitor for the Treatment of Autoimmune Diseases,2.18,0.2179,2,8,A;B;C;D;E;F;G;H,,A1MCM;HOH,1,A1MCM,A1MCM,"(4~{S})-4-[3-chloranyl-4-(2,2-dimethylpropoxy)phenyl]-~{N},~{N},6-trimethyl-2-oxidanylidene-3,4-dihydro-1~{H}-pyrimidine-5-carboxamide",C19 H26 Cl N3 O3,379.881,26,,,,HOH,RESERVE,multiple_protein_chains_8
690,9ZKG,2026-04-29,VRK1 in complex with the inhibitor MP-60,2.06,0.2159,1,4,A;B;C;D,,GOL;EDO;CL;PEG;ACN;GG0;A1C2O;SO4;HOH,1,A1C2O,A1C2O,"(5Z)-3-butyl-5-[(3,5-dichloro-4-hydroxyphenyl)methylidene]-1,3-thiazolidine-2,4-dione",C14 H13 Cl2 N O3 S,346.229,21,,,,GOL;EDO;CL;PEG;ACN:heavy_atoms_4;GG0:heavy_atoms_9;SO4;HOH,RESERVE,multiple_protein_chains_4
691,10RA,2026-04-22,Human SARM1 TIR domain bound to compound 6,1.79,0.2387,1,2,A;B,,A1C9A;HOH,1,A1C9A,A1C9A,"1-[(2R,3R,4S,5R)-5-({[(S)-{[(R)-{[(2R,3S,4R,5R)-5-(6-amino-9H-purin-9-yl)-3,4-dihydroxyoxolan-2-yl]methoxy}(hydroxy)phosphoryl]oxy}(hydroxy)phosphoryl]oxy}methyl)-3,4-dihydroxyoxolan-2-yl]-4-[(4S,6P)-6-(5-fluoro-1H-indol-2-yl)imidazo[1,2-a]pyrazin-2-yl]pyridin-1-ium (non-preferred name)",C34 H34 F N10 O13 P2 1,871.639,60,,,,HOH,RESERVE,multiple_protein_chains_2
692,10RB,2026-04-22,Human SARM1 TIR domain bound to compound 14,2.05,0.2541,1,2,A;B,,A1C9H;HOH,1,A1C9H,A1C9H,"1-[(2R,3R,4S,5R)-5-({[(S)-{[(S)-{[(2R,3S,4R,5R)-5-(6-amino-9H-purin-9-yl)-3,4-dihydroxyoxolan-2-yl]methoxy}(hydroxy)phosphoryl]oxy}(hydroxy)phosphoryl]oxy}methyl)-3,4-dihydroxyoxolan-2-yl]-4-[(6P)-7-{[2-(dimethylamino)ethyl]amino}-6-(5-fluoro-1H-indol-2-yl)-1-methyl-1H-imidazo[4,5-c]pyridin-2-yl]pyridin-1-ium (non-preferred name)",C39 H46 F N12 O13 P2 1,971.801,67,,,,HOH,RESERVE,multiple_protein_chains_2
693,10RC,2026-04-22,Human SARM1 TIR domain bound to compound 22,1.9,0.2451,1,2,A;B,,GOL;A1C9I;HOH,1,A1C9I,A1C9I,"1-[(2R,3R,4S,5R)-5-({[(S)-{[(S)-{[(2R,3S,4R,5R)-5-(6-amino-9H-purin-9-yl)-3,4-dihydroxyoxolan-2-yl]methoxy}(hydroxy)phosphoryl]oxy}(hydroxy)phosphoryl]oxy}methyl)-3,4-dihydroxyoxolan-2-yl]-4-{(6P)-7-{[2-(dimethylamino)ethyl]amino}-6-[6-fluoro-4-(pyrimidin-2-yl)-1H-indol-2-yl]-1-methyl-1H-imidazo[4,5-c]pyridin-2-yl}pyridin-1-ium (non-preferred name)",C43 H48 F N14 O13 P2 1,1049.873,73,,,,GOL;HOH,RESERVE,multiple_protein_chains_2
694,24AJ,2026-04-22,Crystal structure of nuclease MYG1 bound to Na+,1.83,0.2183,1,1,A,,NA;HOH,0,,,,,,,,,NA,HOH,EXCLUDE,no_druglike_organic_ligand;metal_present
695,24AN,2026-04-22,Crystal structure of nuclease MYG1 bound to Mn2+ and AMP,1.76,0.2254,1,1,A,,AMP;MN;HOH,0,,,,,,,,AMP,MN,HOH,EXCLUDE,no_druglike_organic_ligand;cofactor_present;metal_present
696,24AO,2026-04-22,Crystal structure of nuclease MYG1 bound to Mn2+ and GMP,1.81,0.2027,1,1,A,,5GP;MN;HOH,1,5GP,5GP,GUANOSINE-5'-MONOPHOSPHATE,C10 H14 N5 O8 P,363.221,24,,,MN,HOH,RESERVE,metal_present
697,24AP,2026-04-22,Crystal structure of nuclease MYG1 bound to Mn2+ and UMP,1.78,0.2378,1,1,A,,U5P;MN;HOH,1,U5P,U5P,URIDINE-5'-MONOPHOSPHATE,C9 H13 N2 O9 P,324.181,21,,,MN,HOH,RESERVE,metal_present
698,24AQ,2026-04-22,Crystal structure of nuclease MYG1 bound to Mn2+ and CMP,1.84,0.1938,1,1,A,,C5P;MN;HOH,1,C5P,C5P,CYTIDINE-5'-MONOPHOSPHATE,C9 H14 N3 O8 P,323.197,21,,,MN,HOH,RESERVE,metal_present
699,24AW,2026-04-22,Crystal structure of nuclease MYG1 bound to Mn2+ and dCMP,1.86,0.2003,1,1,A,,DNR;MN;HOH,1,DNR,DNR,2'-DEOXY-N3-PROTONATED CYTIDINE-5'-MONOPHOSPHATE,C9 H15 N3 O7 P 1,308.205,20,,,MN,HOH,RESERVE,metal_present
700,24AY,2026-04-22,Crystal structure of nuclease MYG1 bound to Mn2+ and dTMP,2.12,0.2229,1,1,A,,TMP;MN;HOH,1,TMP,TMP,THYMIDINE-5'-PHOSPHATE,C10 H15 N2 O8 P,322.208,21,,,MN,HOH,RESERVE,metal_present
701,24BD,2026-04-22,Crystal structure of nuclease MYG1(D57A) bound to Mn2+ and AMP,1.78,0.2049,1,1,A,,AMP;MN;HOH,0,,,,,,,,AMP,MN,HOH,EXCLUDE,no_druglike_organic_ligand;cofactor_present;metal_present
702,24BL,2026-04-22,Crystal structure of nuclease MYG1(E58A) bound to Mn2+ and AMP,1.81,0.2199,1,1,A,,AMP;MN;HOH,0,,,,,,,,AMP,MN,HOH,EXCLUDE,no_druglike_organic_ligand;cofactor_present;metal_present
703,24BM,2026-04-22,Crystal structure of nuclease MYG1(H107A) bound to Mn2+ and AMP,2.31,0.2402,1,1,A,,AMP;MN;HOH,0,,,,,,,,AMP,MN,HOH,EXCLUDE,no_druglike_organic_ligand;cofactor_present;metal_present
704,24BP,2026-04-22,Crystal structure of nuclease MYG1 bound to Mn2+ and dAC,2.2,0.2242,1,1,A,,MN;HOH,0,,,,,,,,,MN,HOH,EXCLUDE,no_druglike_organic_ligand;metal_present
705,24BQ,2026-04-22,Crystal structure of nuclease MYG1(H50A) bound to Mn2+ and dAC,2.3,0.2395,1,1,A,,MN;HOH,0,,,,,,,,,MN,HOH,EXCLUDE,no_druglike_organic_ligand;metal_present
706,24BR,2026-04-22,Crystal structure of nuclease MYG1(D57A) bound to Mn2+ and UUUU,2.1,0.2242,1,1,A,,MN;HOH,0,,,,,,,,,MN,HOH,EXCLUDE,no_druglike_organic_ligand;metal_present
707,24BS,2026-04-22,Crystal structure of nuclease MYG1 bound to Mn2+ and dAMP,2.0,0.1995,1,1,A,,D5M;MN;HOH,1,D5M,D5M,2'-DEOXYADENOSINE-5'-MONOPHOSPHATE,C10 H14 N5 O6 P,331.222,22,,,MN,HOH,RESERVE,metal_present
708,24BU,2026-04-22,Crystal structure of nuclease MYG1 bound to Mn2+ and dGMP,1.93,0.1968,1,1,A,,DGP;MN;HOH,1,DGP,DGP,2'-DEOXYGUANOSINE-5'-MONOPHOSPHATE,C10 H14 N5 O7 P,347.221,23,,,MN,HOH,RESERVE,metal_present
709,24BV,2026-04-22,Crystal structure of nuclease MYG1(D176A) bound to Mn2+ and AMP,2.45,0.2511,1,1,A,,AMP;MN;HOH,0,,,,,,,,AMP,MN,HOH,EXCLUDE,no_druglike_organic_ligand;cofactor_present;metal_present
710,24BW,2026-04-22,Crystal structure of nuclease MYG1(D93A) bound to Mn2+ and UU,1.82,0.2234,1,1,A,,MN;HOH,0,,,,,,,,,MN,HOH,EXCLUDE,no_druglike_organic_ligand;metal_present
711,24BX,2026-04-22,Crystal structure of nuclease MYG1(H50A) bound to Mn2+ and AMP,2.01,0.2094,1,1,A,,AMP;MN;HOH,0,,,,,,,,AMP,MN,HOH,EXCLUDE,no_druglike_organic_ligand;cofactor_present;metal_present
712,24BZ,2026-04-22,Crystal structure of nuclease MYG1(H55A) bound to Mn2+ and AMP,1.91,0.2164,1,1,A,,AMP;MN;HOH,0,,,,,,,,AMP,MN,HOH,EXCLUDE,no_druglike_organic_ligand;cofactor_present;metal_present
713,24CA,2026-04-22,Crystal structure of nuclease MYG1(D93A) bound to Mn2+ and AMP,1.93,0.2075,1,1,A,,AMP;MN;HOH,0,,,,,,,,AMP,MN,HOH,EXCLUDE,no_druglike_organic_ligand;cofactor_present;metal_present
714,9EC1,2026-04-22,The Structure of Human Dystrophin Spectrin Repeat 24,2.14,0.2545,1,8,A;B;C;D;E;F;G;H,,SO4;CL;HOH,0,,,,,,,,,,SO4;CL;HOH,EXCLUDE,no_druglike_organic_ligand;multiple_protein_chains_8
715,9IH5,2026-04-22,Crystal structure of the human METTL3-METTL14 in complex with small molecule inhibitor Compound 8,1.85,0.23994,2,2,A;B,,A1I4E;HOH,1,A1I4E,A1I4E,"(3~{R})-~{N}-(cyclobutylmethyl)-1-[6-[3-[4-(5-methoxypyridin-3-yl)-1,2,3-triazol-1-yl]oxetan-3-yl]pyridin-3-yl]piperidin-3-amine",C26 H33 N7 O2,475.586,35,,,,HOH,RESERVE,multiple_protein_chains_2
716,9MXK,2026-04-22,BRD4-BD1 in complex with cyclic peptide 4.1C,1.73,0.2129,2,6,A;B;D;E;I;J,,1PE;HOH,0,,,,,,,ACE;ALY;ARG;CYS;HIS;LYS;NH2;TRP,,,1PE;HOH,EXCLUDE,no_druglike_organic_ligand;multiple_protein_chains_6
717,9O3M,2026-04-22,K40F mutant of hCRBPII bound to fentanyl,1.42,0.2313,1,2,A;B,,ACT;GOL;7V7;HOH,1,7V7,7V7,N-phenyl-N-[1-(2-phenylethyl)piperidin-4-yl]propanamide,C22 H28 N2 O,336.471,25,,,,ACT;GOL;HOH,RESERVE,multiple_protein_chains_2
718,9O73,2026-04-22,Crystal Structure of Human DAPK1 Catalytic Subunit Complexed with Compound MW01-30-035SRM,1.49,0.1909,1,1,A,,86Q;SO4;HOH,1,86Q,86Q,"5,6-Dihydro-benzo[H]cinnolin-3-ylamine",C12 H11 N3,197.236,15,,,,SO4;HOH,INCLUDE,
719,9OLE,2026-04-22,Crystal Structure of PI5P4KIIAlpha complex with 066ATZ,2.404,0.2429,1,1,A,,SO4;A1CCL;HOH,1,A1CCL,A1CCL,"(7S)-8-cyclopentyl-5-methyl-7-[(pyridin-2-yl)methyl]-2-{[5-(1H-tetrazol-5-yl)-1,3-thiazol-2-yl]amino}-7,8-dihydropteridin-6(5H)-one",C22 H23 N11 O S,489.556,35,,,,SO4;HOH,INCLUDE,
720,9PU1,2026-04-22,HRAS complex with UM0140401 compound,1.4,0.1768,2,2,A;C,,GDP;MG;HOH,0,,,,,,,A1CK7;CYS;DPR;DTR;IIL;LYS;ORQ;TRP;TYR,GDP,MG,HOH,EXCLUDE,no_druglike_organic_ligand;multiple_protein_chains_2;cofactor_present;metal_present
721,9PU3,2026-04-22,HRAS complex with UM0140692 compound,1.7,0.2169,2,2,A;C,,GDP;MG;HOH,0,,,,,,,AIB;CYS;DPR;DTR;IIL;LYS;ORQ;TRP;TYR,GDP,MG,HOH,EXCLUDE,no_druglike_organic_ligand;multiple_protein_chains_2;cofactor_present;metal_present
722,9PU8,2026-04-22,HRAS complex with UM0140693 compound,1.4,0.1792,2,2,A;C,,GDP;MG;HOH,0,,,,,,,AIB;ALY;CYS;DPR;DTR;IIL;LYS;TRP;TYR,GDP,MG,HOH,EXCLUDE,no_druglike_organic_ligand;multiple_protein_chains_2;cofactor_present;metal_present
723,9PUL,2026-04-22,HRAS complex with UM0143525 compound,2.5,0.2673,2,8,A;B;C;D;E;F;G;H,,MG;GDP;HOH,0,,,,,,,AIB;C2A;DPR;DTR;GLU;IIL;LYS;TRP;TYR,GDP,MG,HOH,EXCLUDE,no_druglike_organic_ligand;multiple_protein_chains_8;cofactor_present;metal_present
724,9PUN,2026-04-22,HRAS complex with UM0148697 compound,2.4,0.2597,2,4,A;B;C;E,,GDP;MG;HOH,0,,,,,,,A1CK7;DPR;DTR;GLN;IIL;LYS;TRP;TY5,GDP,MG,HOH,EXCLUDE,no_druglike_organic_ligand;multiple_protein_chains_4;cofactor_present;metal_present
725,9PUQ,2026-04-22,HRAS complex with UM0152248 compound,2.0,0.2463,2,4,A;B;C;D,,GDP;MG;HOH,0,,,,,,,A1CK7;AIB;DLY;DTR;IIL;LYS;TRP;TYR,GDP,MG,HOH,EXCLUDE,no_druglike_organic_ligand;multiple_protein_chains_4;cofactor_present;metal_present
726,9PUT,2026-04-22,HRAS complex with UM0152535 compound,2.0,0.233,2,4,A;B;C;D,,GDP;MG;HOH,0,,,,,,,8G2;A1CK7;DPR;DTR;GLN;IIL;LYS;TRP;TYR,GDP,MG,HOH,EXCLUDE,no_druglike_organic_ligand;multiple_protein_chains_4;cofactor_present;metal_present
727,9PUZ,2026-04-22,HRAS complex with UM0153030 compound,2.0,0.2534,2,6,A;B;C;E;F;G,,MG;GDP;PO4;HOH,0,,,,,,,A1CK7;A1CLG;A1CLH;DPR;GLN;IIL;LYS;TRP;TYR,GDP,MG,PO4;HOH,EXCLUDE,no_druglike_organic_ligand;multiple_protein_chains_6;cofactor_present;metal_present
728,9PVE,2026-04-22,HRAS complex with UM0152533 compound,2.0,0.2425,2,8,A;B;C;D;I;J;K;L,,GDP;HOH,0,,,,,,,A1CK7;A1CLG;DPR;DTR;GLN;IIL;LYS;TRP;TYR,GDP,,HOH,EXCLUDE,no_druglike_organic_ligand;multiple_protein_chains_8;cofactor_present
729,9PVF,2026-04-22,KRAS complex with UM0152533 compound,2.0,0.2155,2,12,A;B;C;D;E;F;I;J;K;L;M;N,,GDP;MG;HOH,0,,,,,,,A1CK7;A1CLG;DPR;DTR;GLN;IIL;LYS;TRP;TYR,GDP,MG,HOH,EXCLUDE,no_druglike_organic_ligand;multiple_protein_chains_12;cofactor_present;metal_present
730,9Q89,2026-04-22,Crystal structure of the human METTL3-METTL14 in complex with small molecule inhibitor Compound 13,1.95,0.23788,2,2,A;B,,A1I4J;CA;HOH,1,A1I4J,A1I4J,"(3~{R})-~{N}-(cyclopropylmethyl)-1-[6-[3-[4-(6-pyrrolidin-1-ylpyrazin-2-yl)-1,2,3-triazol-1-yl]oxetan-3-yl]pyridin-3-yl]piperidin-3-amine",C27 H35 N9 O,501.627,37,,,CA,HOH,RESERVE,multiple_protein_chains_2;metal_present
731,9Q8A,2026-04-22,Crystal structure of the human METTL3-METTL14 in complex with small molecule inhibitor Compound 3,1.95,0.24469,2,2,A;B,,A1I4K;HOH,1,A1I4K,A1I4K,"(3~{R})-~{N}-(cyclopropylmethyl)-1-[6-[3-[4-(5-cyclopropylpyridin-3-yl)-1,2,3-triazol-1-yl]oxetan-3-yl]pyridin-3-yl]piperidin-3-amine",C27 H33 N7 O,471.597,35,,,,HOH,RESERVE,multiple_protein_chains_2
732,9Q8G,2026-04-22,Crystal structure of the human METTL3-METTL14 in complex with small molecule inhibitor Compound 4 / EP102,1.75,0.24499,2,2,A;B,,A1I4I;HOH,1,A1I4I,A1I4I,"(3~{R})-~{N}-(cyclopropylmethyl)-1-[6-[3-[5-(5-cyclopropylpyridin-3-yl)-1,3,4-thiadiazol-2-yl]oxetan-3-yl]pyridin-3-yl]piperidin-3-amine",C27 H32 N6 O S,488.648,35,CSO;CYS;ILE,,,HOH,RESERVE,multiple_protein_chains_2
733,9QVZ,2026-04-22,Adhiron-mediated Identification of a Novel and Selective Allosteric Pocket in Aurora Kinase A,2.39,0.3359,2,2,A;B,,ADP;PEG;LI,0,,,,,,,,ADP,,PEG;LI:no_carbon,EXCLUDE,no_druglike_organic_ligand;multiple_protein_chains_2;cofactor_present
734,9QYO,2026-04-22,Structural characterization of a mannose-binding site in human RNase2,1.02,0.1487,1,1,A,,MAN;FMT;BMA;NA;HOH,0,,,,,,,,,NA,MAN;FMT;BMA;HOH,EXCLUDE,no_druglike_organic_ligand;metal_present
735,9RKF,2026-04-22,Dark structure of beta-2 Adrenergic receptor with photoazolol in Dark state recorded at SwissFEL,2.45,0.2186,1,1,A,,SO4;CLR;12P;OLC;1PE;EDO;GOL;A1JHU;PLM;HOH,5,CLR;12P;OLC;A1JHU;PLM,,,,,,CYS;LEU;PHE;PLM;YCM,,,SO4;1PE;EDO;GOL;HOH,MANUAL_REVIEW,multiple_candidate_ligands
736,9RKG,2026-04-22,"Mixed model refinement of beta-2 Adrenergic receptor with photoazolol in dark state and Light state, 10 seconds after light activation, recorded at SwissFEL",2.45,0.2169,1,1,A,,SO4;ACM;CLR;PLM;12P;OLC;1PE;EDO;GOL;A1JHU;HOH,5,CLR;PLM;12P;OLC;A1JHU,,,,,,ACM;CYS;PLM,,,SO4;ACM:heavy_atoms_4;1PE;EDO;GOL;HOH,MANUAL_REVIEW,multiple_candidate_ligands
737,9RKH,2026-04-22,Dark structure of beta-2 Adrenergic receptor with photoazolol in Dark state recorded at LCLS,2.5,0.2183,1,1,A,,SO4;CLR;PLM;12P;A1JHU;OLC;EDO;GOL;HOH,5,CLR;PLM;12P;A1JHU;OLC,,,,,,CYS;LEU;PHE;PLM;YCM,,,SO4;EDO;GOL;HOH,MANUAL_REVIEW,multiple_candidate_ligands
738,9S2I,2026-04-22,"Ternary structure of 14-3-3, CRAF R256S NS mutant phosphopeptide (pS259), and compound 78 (1124378)",1.67,0.20103,2,2,A;P,,CL;MG;WQN;HOH,1,WQN,WQN,"1-[8-(4-bromophenyl)sulfonyl-5-oxa-2,8-diazaspiro[3.5]nonan-2-yl]-2-chloranyl-ethanone",C14 H16 Br Cl N2 O4 S,423.71,23,CYS;SEP;THR;WQN,,MG,CL;HOH,EXCLUDE,candidate_may_be_covalent;multiple_protein_chains_2;metal_present
739,9S2J,2026-04-22,"Ternary structure of 14-3-3s, CRAF S257L NS mutant phosphopeptide (pS259) and compound 78 (1084378)",1.5,0.20258,2,2,A;P,,CL;MG;WQN;HOH,1,WQN,WQN,"1-[8-(4-bromophenyl)sulfonyl-5-oxa-2,8-diazaspiro[3.5]nonan-2-yl]-2-chloranyl-ethanone",C14 H16 Br Cl N2 O4 S,423.71,23,CYS;SEP;THR;WQN,,MG,CL;HOH,EXCLUDE,candidate_may_be_covalent;multiple_protein_chains_2;metal_present
740,9S2K,2026-04-22,"Ternary structure of 14-3-3s, CRAF V263A NS mutant phosphopeptide (pS259), and compound 78 (1124378)",2.15,0.23324,2,2,A;P,,CL;MG;WQN;HOH,1,WQN,WQN,"1-[8-(4-bromophenyl)sulfonyl-5-oxa-2,8-diazaspiro[3.5]nonan-2-yl]-2-chloranyl-ethanone",C14 H16 Br Cl N2 O4 S,423.71,23,CSO;GLU;SEP;SER;THR;WQN,,MG,CL;HOH,EXCLUDE,candidate_may_be_covalent;multiple_protein_chains_2;metal_present
741,9S2L,2026-04-22,"Ternary structure of 14-3-3s, CRAF R256S NS mutant phosphopeptide (pS259), and compound 23 (1083848)",1.85,0.22343,2,4,B;H;K;S,,WQI;MG;CL;HOH,1,WQI,WQI,2-chloranyl-~{N}-[[1-(4-iodophenyl)sulfonylpiperidin-4-yl]methyl]ethanamide,C14 H18 Cl I N2 O3 S,456.727,22,CYS;SEP;THR;WQI,,MG,CL;HOH,EXCLUDE,candidate_may_be_covalent;multiple_protein_chains_4;metal_present
742,9S2M,2026-04-22,"Ternary structure of 14-3-3s, CRAF S257L NS mutant phosphopeptide (pS259), and compound 23 (1083848)",2.0,0.22656,2,4,B;H;K;S,,WQI;MG;CL;HOH,1,WQI,WQI,2-chloranyl-~{N}-[[1-(4-iodophenyl)sulfonylpiperidin-4-yl]methyl]ethanamide,C14 H18 Cl I N2 O3 S,456.727,22,CYS;SEP;THR;WQI,,MG,CL;HOH,EXCLUDE,candidate_may_be_covalent;multiple_protein_chains_4;metal_present
743,9S2N,2026-04-22,"Ternary structure of 14-3-3s, CRAF V263A NS mutant phosphopeptide (pS259), and compound 23 (1083848)",1.85,0.2386,2,4,B;H;K;S,,WQI;MG;CL;HOH,1,WQI,WQI,2-chloranyl-~{N}-[[1-(4-iodophenyl)sulfonylpiperidin-4-yl]methyl]ethanamide,C14 H18 Cl I N2 O3 S,456.727,22,CYS;SEP;THR;WQI,,MG,CL;HOH,EXCLUDE,candidate_may_be_covalent;multiple_protein_chains_4;metal_present
744,9S2O,2026-04-22,"Ternary structure of 14-3-3s, CRAF R256S NS mutant phosphopeptide (pS259), and compound 22 (1083853)",1.8,0.21318,2,4,B;H;K;S,,WPN;MG;CL;HOH,1,WPN,WPN,~{N}-[[1-(4-bromophenyl)sulfonylpiperidin-4-yl]methyl]-2-chloranyl-ethanamide,C14 H18 Br Cl N2 O3 S,409.726,22,CYS;SEP;THR;WPN,,MG,CL;HOH,EXCLUDE,candidate_may_be_covalent;multiple_protein_chains_4;metal_present
745,9S2P,2026-04-22,"Ternary structure of 14-3-3s, CRAF V263A NS mutant phosphopeptide (pS259), and compound 22 (1083853)",1.5,0.19714,2,2,A;P,,CL;MG;WPN;HOH,1,WPN,WPN,~{N}-[[1-(4-bromophenyl)sulfonylpiperidin-4-yl]methyl]-2-chloranyl-ethanamide,C14 H18 Br Cl N2 O3 S,409.726,22,CYS;SEP;THR;WPN,,MG,CL;HOH,EXCLUDE,candidate_may_be_covalent;multiple_protein_chains_2;metal_present
746,9SPM,2026-04-22,p53 cancer mutant V143A in complex with DARPin C10,1.71,0.21818881755,2,2,A;E,,EDO;ZN;HOH,0,,,,,,,,,ZN,EDO;HOH,EXCLUDE,no_druglike_organic_ligand;multiple_protein_chains_2;metal_present
747,9SPN,2026-04-22,p53 cancer mutant V157F in complex with DARPin C10,1.93,0.223066322316,2,2,A;E,,EDO;ZN;HOH,0,,,,,,,,,ZN,EDO;HOH,EXCLUDE,no_druglike_organic_ligand;multiple_protein_chains_2;metal_present
748,9SPO,2026-04-22,p53 cancer mutant Y220C in complex with DARPin C10,1.48,0.181835682072,2,2,A;E,,EDO;ZN;HOH,0,,,,,,,,,ZN,EDO;HOH,EXCLUDE,no_druglike_organic_ligand;multiple_protein_chains_2;metal_present
749,9SPP,2026-04-22,p53 cancer mutant Y234C in complex with DARPin C10,1.47,0.192066681359,2,2,A;E,,EDO;ZN;HOH,0,,,,,,,,,ZN,EDO;HOH,EXCLUDE,no_druglike_organic_ligand;multiple_protein_chains_2;metal_present
750,9SPQ,2026-04-22,p53 cancer mutant V272M in complex with DARPin C10,2.2,0.222426122,2,2,A;E,,ZN;EDO;HOH,0,,,,,,,,,ZN,EDO;HOH,EXCLUDE,no_druglike_organic_ligand;multiple_protein_chains_2;metal_present
751,9SPR,2026-04-22,p53 cancer mutant R282W in complex with DARPin C10,1.66,0.200692997263,2,2,A;E,,ZN;EDO;HOH,0,,,,,,,,,ZN,EDO;HOH,EXCLUDE,no_druglike_organic_ligand;multiple_protein_chains_2;metal_present
752,9SPS,2026-04-22,p53 cancer mutant E285K in complex with DARPin C10-H82R,1.42,0.177432285989,2,2,A;E,,EDO;SO4;ZN;HOH,0,,,,,,,,,ZN,EDO;SO4;HOH,EXCLUDE,no_druglike_organic_ligand;multiple_protein_chains_2;metal_present
753,9SZQ,2026-04-22,Crystal structure of the E336K mutant of human Apoptosis Inducing Factor,1.8,0.20285,1,1,A,,FAD;GOL;HOH,0,,,,,,,,FAD,,GOL;HOH,EXCLUDE,no_druglike_organic_ligand;cofactor_present
754,9TBM,2026-04-22,From KRASG12D to pan-KRAS inhibitors,1.6,0.25367,1,3,A;B;C,,MG;GDP;A1JU5;HOH,1,A1JU5,A1JU5,"4-[4-[(1~{S},5~{R})-3,8-diazabicyclo[3.2.1]octan-3-yl]-2-[[1-[(dimethylamino)methyl]cyclopropyl]methoxy]-6,8-bis(fluoranyl)quinazolin-7-yl]naphthalen-2-ol",C31 H33 F2 N5 O2,545.623,40,,GDP,MG,HOH,RESERVE,multiple_protein_chains_3;cofactor_present;metal_present
755,9TBR,2026-04-22,From KRASG12D to pan-KRAS inhibitors,1.65,0.21214,1,1,A,,GDP;MG;A1JU6;HOH,1,A1JU6,A1JU6,"4-[6,8-bis(fluoranyl)-2-[[(2~{R},8~{S})-2-fluoranyl-1,2,3,5,6,7-hexahydropyrrolizin-8-yl]methoxy]-4-[(1~{S},5~{R})-1-methyl-3,8-diazabicyclo[3.2.1]octan-3-yl]quinazolin-7-yl]naphthalen-2-ol",C33 H34 F3 N5 O2,589.651,43,,GDP,MG,HOH,RESERVE,cofactor_present;metal_present
756,9TBW,2026-04-22,From KRASG12D to pan-KRAS inhibitors,1.54,0.22946,1,1,A,,MG;GDP;CA;A1JU7;HOH,1,A1JU7,A1JU7,"4-[6,8-bis(fluoranyl)-2-[[(2~{R},8~{S})-2-fluoranyl-1,2,3,5,6,7-hexahydropyrrolizin-8-yl]methoxy]-4-(1,4-oxazepan-4-yl)quinazolin-7-yl]-5-chloranyl-naphthalen-2-ol",C31 H30 Cl F3 N4 O3,599.043,42,,GDP,MG;CA,HOH,RESERVE,cofactor_present;metal_present
757,9TC0,2026-04-22,From KRASG12D to pan-KRAS inhibitors,1.6,0.22745,1,1,A,,MG;GDP;A1JU8;HOH,1,A1JU8,A1JU8,"(6~{S})-4-[7-(8-ethynyl-3-oxidanyl-naphthalen-1-yl)-6,8-bis(fluoranyl)-2-[[(2~{R},8~{S})-2-fluoranyl-1,2,3,5,6,7-hexahydropyrrolizin-8-yl]methoxy]quinazolin-4-yl]-6-methyl-1,4-oxazepan-6-ol",C34 H33 F3 N4 O4,618.645,45,,GDP,MG,HOH,RESERVE,cofactor_present;metal_present
758,9TC2,2026-04-22,From KRASG12D to pan-KRAS inhibitors,1.3,0.19766,1,1,A,,GDP;MG;CA;ACT;A1JU3;HOH,1,A1JU3,A1JU3,"(6~{R})-1-[7-(8-chloranyl-3-oxidanyl-naphthalen-1-yl)-6,8-bis(fluoranyl)-2-[[(2~{R},8~{S})-2-fluoranyl-2,3,4,5,6,7-hexahydro-1~{H}-pyrrolizin-4-ium-8-yl]methoxy]quinazolin-4-yl]-6-methyl-1,4-diazepan-4-ium-6-ol",C32 H33 Cl F3 N5 O3,628.084,44,CSO;LEU;THR,GDP,MG;CA,ACT;HOH,RESERVE,cofactor_present;metal_present
759,9TC5,2026-04-22,From KRASG12D to pan-KRAS inhibitors,1.35,0.21212,1,1,A,,MG;GDP;A1JU9;HOH,1,A1JU9,A1JU9,"(1~{S},5~{S},6~{R})-3-[7-(8-ethynyl-3-oxidanyl-naphthalen-1-yl)-6,8-bis(fluoranyl)-2-[[(2~{R},8~{S})-2-fluoranyl-1,2,3,5,6,7-hexahydropyrrolizin-8-yl]methoxy]quinazolin-4-yl]-1,5-dimethyl-3,8-diazabicyclo[3.2.1]octan-6-ol",C36 H36 F3 N5 O3,643.698,47,,GDP,MG,HOH,RESERVE,cofactor_present;metal_present
760,9TC6,2026-04-22,From KRASG12D to pan-KRAS inhibitors,1.63,0.22153,1,1,A,,GDP;MG;A1JU2;HOH,1,A1JU2,A1JU2,"4-[6,8-bis(fluoranyl)-2-[[(2~{R},8~{S})-2-fluoranyl-1,2,3,5,6,7-hexahydropyrrolizin-8-yl]methoxy]-4-[(1~{S},5~{S},6~{R})-6-methoxy-1,5-dimethyl-3,8-diazabicyclo[3.2.1]octan-3-yl]quinazolin-7-yl]-5-ethynyl-naphthalen-2-ol",C37 H40 F3 N5 O3 2,659.74,48,,GDP,MG,HOH,RESERVE,cofactor_present;metal_present
761,9TD3,2026-04-22,"ERAP1 in complex with 1-[2-(6-bromo-2,2-difluoro-3-oxo-3,4-dihydro-2H-1,4-benzoxazin-4-yl)acetamido]cyclohexane-1-carboxylic acid",1.57,0.198,1,1,A,,ZN;PO4;EDO;A1JVD;HOH,1,A1JVD,A1JVD,"1-[2-[6-bromanyl-2,2-bis(fluoranyl)-3-oxidanylidene-1,4-benzoxazin-4-yl]ethanoylamino]cyclohexane-1-carboxylic acid",C17 H17 Br F2 N2 O5,447.228,27,,,ZN,PO4;EDO;HOH,RESERVE,metal_present
762,9TD4,2026-04-22,"ERAP1 in complex with 1-[2-(2-oxo-5-phenyl-2,3-dihydro-1,3-benzoxazol-3-yl)acetamido]cyclohexane-1-carboxylic acid",1.73,0.2,1,1,A,,ZN;MLT;EDO;A1JVG;HOH,1,A1JVG,A1JVG,"1-[2-(2-oxidanylidene-5-phenyl-1,3-benzoxazol-3-yl)ethanoylamino]cyclohexane-1-carboxylic acid",C22 H22 N2 O5,394.42,29,,,ZN,MLT:heavy_atoms_9;EDO;HOH,RESERVE,metal_present
763,9TD5,2026-04-22,"ERAP1 in complex with 1-[2-(5-chloro-2-oxo-2,3-dihydro-1,3-benzothiazol-3-yl)acetamido]cyclohexane-1-carboxylic acid",1.45,0.191,1,1,A,,ZN;PO4;EDO;A1JVH;HOH,1,A1JVH,A1JVH,"1-[2-(5-chloranyl-2-oxidanylidene-1,3-benzothiazol-3-yl)ethanoylamino]cyclohexane-1-carboxylic acid",C16 H17 Cl N2 O4 S,368.835,24,,,ZN,PO4;EDO;HOH,RESERVE,metal_present
764,9TD7,2026-04-22,"ERAP1 in complex with 1-[2-(3-oxo-6-phenyl-3,4-dihydro-2H-1,4-benzoxazin-4-yl)acetamido]cyclohexane-1-carboxylic acid",1.37,0.186,1,1,A,,ZN;PO4;EDO;A1JVF;HOH,1,A1JVF,A1JVF,"1-[2-(3-oxidanylidene-6-phenyl-1,4-benzoxazin-4-yl)ethanoylamino]cyclohexane-1-carboxylic acid",C23 H24 N2 O5,408.447,30,,,ZN,PO4;EDO;HOH,RESERVE,metal_present
765,9UIU,2026-04-22,Crystal structure of alpha-parvin CH1 dimer,2.355,0.2599,1,2,A;B,,FMT;GOL;HOH,0,,,,,,,,,,FMT;GOL;HOH,EXCLUDE,no_druglike_organic_ligand;multiple_protein_chains_2
766,9UJ1,2026-04-22,Crystal Structure of AKR1C3 in Complex with an Osthole-Derived Inhibitor,2.15,0.2431,1,2,A;B,,NAP;A1EPD;HOH,1,A1EPD,A1EPD,"(~{E})-4-(7-methoxy-2-oxidanylidene-chromen-8-yl)-2-methyl-~{N},~{N}-dipropyl-but-2-enamide",C21 H27 N O4,357.443,26,,NAP,,HOH,RESERVE,multiple_protein_chains_2;cofactor_present
767,9ULJ,2026-04-22,Phenylquinoline derivatives as soluble epoxide hydrolase inhibitor,2.4,0.2433,1,1,A,,MG;PO4;A1EPV;HOH,1,A1EPV,A1EPV,"1-[3-(3,5-dimethoxyphenyl)quinolin-7-yl]-3-[[4-(trifluoromethyloxy)phenyl]methyl]urea",C26 H22 F3 N3 O4,497.466,36,,,MG,PO4;HOH,RESERVE,metal_present
768,9VGR,2026-04-22,"Crystal Structure of the NUAK1-MARK3 kinase domain chimera bound with small molecule inhibitor 4-((5-((5-chloro-4-(((3R,3aR,6R,6aR)-6-methoxyhexahydrofuro[3,2-b]furan-3-yl)oxy)pyrimidin-2-yl)amino)-2-((2-(dimethylamino)ethyl)(methyl)amino)phenyl)carbamoyl)-1-methyl-3H-pyrazol-1-ium-3-ide",2.00000662781,0.197451811828,1,1,A,,A1ER9;HOH,1,A1ER9,A1ER9,"N-[5-[[4-[[(3R,3aR,6R,6aR)-3-methoxy-2,3,3a,5,6,6a-hexahydrofuro[3,2-b]furan-6-yl]oxy]-5-chloranyl-pyrimidin-2-yl]amino]-2-[2-(dimethylamino)ethyl-methyl-amino]phenyl]-1-methyl-pyrazole-4-carboxamide",C27 H35 Cl N8 O5,587.07,41,,,,HOH,INCLUDE,
769,9VPQ,2026-04-22,Crystal structure of METTL9 in complex with compound 15k,2.28,0.273,2,4,A;B;C;D,,A1ES7;HOH,1,A1ES7,A1ES7,~{N}-[2-fluoranyl-5-[8-fluoranyl-4-[(3-hydroxyphenyl)amino]quinazolin-6-yl]pyridin-3-yl]benzenesulfonamide,C25 H17 F2 N5 O3 S,505.496,36,,,,HOH,RESERVE,multiple_protein_chains_4
770,9ZF4,2026-04-22,The structure of human Vacuolar Protein Sorting 34 catalytic domain bound to RD-II-83,2.09,0.2237,1,1,A,,A1C15;GOL;PEG;DMS;MG;CL;K;HOH,1,A1C15,A1C15,"methyl 2-[(8R)-pyrazolo[1,5-a]pyrimidin-3-yl]-1,3-benzothiazole-6-carboxylate",C15 H10 N4 O2 S,310.331,22,,,MG;K,GOL;PEG;DMS;CL;HOH,RESERVE,metal_present
771,9ZYT,2026-04-22,Crystal Structure of BRD4 Bromodomain BD1 in Complex with Small Molecule PLX-3618,1.661,0.2017,1,2,AAA;BBB,,EDO;A1C4W;HOH,1,A1C4W,A1C4W,PLX-3618,C32 H27 N9 O2 S,601.681,44,,,,EDO;HOH,RESERVE,multiple_protein_chains_2
772,10NU,2026-04-15,Structure of kRas G12C bound to Inhibitor 13ab,1.5,0.2694,1,2,A;B,,CA;A1C6Y;GOL;GDP;HOH,1,A1C6Y,A1C6Y,"1-((2R,5S)-4-((S)-6-chloro-7-(1,6-dimethyl-1H-indazol-7-yl)-8-fluoro-2-(((S)-1-methylpyrrolidin-2-yl)methoxy)quinazolin-4-yl)-2,5-dimethylpiperazin-1-yl)prop-2-en-1-one",C32 H39 Cl F N7 O2,608.149,43,A1C6Y;CYS,GDP,CA,GOL;HOH,EXCLUDE,candidate_may_be_covalent;multiple_protein_chains_2;cofactor_present;metal_present
773,10NV,2026-04-15,Structure of kRas G12C Bound to Inhibitor 13ba,1.52,0.2031,1,2,A;B,,GDP;A1C60;CA;HOH,1,A1C60,A1C60,"4-((2S,5R)-4-Acryloyl-2,5-dimethylpiperazin-1-yl)-7-(1,6-dimethyl-1H-indazol-7-yl)-8-fluoro-2-(((S)-1-methylpyrrolidin-2-yl)methoxy)quinazoline-6-carbonitrile",C33 H39 F N8 O2,598.714,44,A1C60;CYS,GDP,CA,HOH,EXCLUDE,candidate_may_be_covalent;multiple_protein_chains_2;cofactor_present;metal_present
774,10OO,2026-04-15,FGFR2 mutant D650V with compound 4 (AZD3463),1.85,0.25576,1,2,A;B,,A1C65;GOL;SO4;HOH,1,A1C65,A1C65,(4P)-N-[4-(4-aminopiperidin-1-yl)-2-methoxyphenyl]-5-chloro-4-(1H-indol-3-yl)pyrimidin-2-amine,C24 H25 Cl N6 O,448.948,32,,,,GOL;SO4;HOH,RESERVE,multiple_protein_chains_2
775,10OQ,2026-04-15,FGFR2 mutant D650V with compound 6,1.98,0.25144,1,2,A;B,,A1C66;GOL;SO4;HOH,1,A1C66,A1C66,N-[(3M)-3-{5-chloro-2-[4-(morpholin-4-yl)anilino]pyrimidin-4-yl}-1-methyl-1H-indol-6-yl]propanamide,C26 H27 Cl N6 O2,490.985,35,A1C66;CYS,,,GOL;SO4;HOH,EXCLUDE,candidate_may_be_covalent;multiple_protein_chains_2
776,10OU,2026-04-15,FGFR2 mutant D650V with compound 12,1.77,0.2126,1,2,A;B,,A1C67;EDO;GOL;SO4;HOH,1,A1C67,A1C67,N-[(3M)-3-{2-[(1-ethyl-1H-pyrazol-4-yl)amino]pyrimidin-4-yl}-1-methyl-1H-indol-6-yl]propanamide,C21 H23 N7 O,389.454,29,A1C67;CYS,,,EDO;GOL;SO4;HOH,EXCLUDE,candidate_may_be_covalent;multiple_protein_chains_2
777,25HF,2026-04-15,SFX crystal structure of insulin aspart,2.2,0.2895,2,4,A;B;C;D,,CRS;ZN;CL;HOH,0,,,,,,,,,ZN,CRS:heavy_atoms_8;CL;HOH,EXCLUDE,no_druglike_organic_ligand;multiple_protein_chains_4;metal_present
778,9GZD,2026-04-15,Androgen Receptor ligand-binding domain in complex with 11-ketodihydrotestosterone,1.91,0.25761,1,1,A,,A1IQ9;SPD;SO4;GOL;IMD;HOH,2,A1IQ9;SPD,,,,,,,,,SO4;GOL;IMD:heavy_atoms_5;HOH,MANUAL_REVIEW,multiple_candidate_ligands
779,9NWG,2026-04-15,Crystal Structure of the Third Immunoglobulin-Like Domain of Human Muscle-Specific Kinase,1.7,0.216,1,10,A;B;C;D;E;F;G;H;I;J,,BR;K;PEG;PG4;PGE;HOH,0,,,,,,,,,K,BR;PEG;PG4;PGE;HOH,EXCLUDE,no_druglike_organic_ligand;multiple_protein_chains_10;metal_present
780,9NZ8,2026-04-15,Crystal structure of human OGG1 in a DNA-free state,1.85,0.1986,1,1,A,,SO4;HOH,0,,,,,,,,,,SO4;HOH,EXCLUDE,no_druglike_organic_ligand
781,9NZ9,2026-04-15,Crystal structure of product-bound human OGG1(WT),2.0,0.2424,1,1,A,,EDO;HOH,0,,,,,,,A1C6T;DC,,,EDO;HOH,EXCLUDE,no_druglike_organic_ligand
782,9NZA,2026-04-15,Crystal structure of human OGG1 (WT) in a product bound state in the presence of the agonist F01,2.5,0.2463,1,1,A,,OXG;HOH,1,OXG,OXG,8-OXOGUANINE,C5 H3 N5 O2,165.11,12,A1C6T;DC,,,HOH,INCLUDE,
783,9OK4,2026-04-15,GID4 in complex with CLEO4-88 and ACAA1,2.28,0.2295,2,4,A;B;C;D,,L6U;EDO;HOH,1,L6U,L6U,"(2S)-2-{[(2S)-2-({N-[(2,4-dimethoxyphenyl)methyl]glycyl}amino)-2-(thiophen-2-yl)acetyl]amino}-N-methyl-4-phenylbutanamide",C28 H34 N4 O5 S,538.658,38,,,,EDO;HOH,RESERVE,multiple_protein_chains_4
784,9ORM,2026-04-15,The structure of human Vacuolar Protein Sorting 34 catalytic domain bound to RD-I-137,2.06,0.2271,1,1,A,,A1CD6;GOL;PEG;CL;HOH,1,A1CD6,A1CD6,"ethyl 2-[(8S)-pyrazolo[1,5-a]pyrimidin-3-yl]-1,3-benzothiazole-6-carboxylate",C16 H12 N4 O2 S,324.357,23,,,,GOL;PEG;CL;HOH,INCLUDE,
785,9OVX,2026-04-15,CRYSTAL STRUCTURE OF UBIQUITIN K27M MUTANT,1.5,0.15367,1,1,A,,CD;CL;HOH,0,,,,,,,,,CD,CL;HOH,EXCLUDE,no_druglike_organic_ligand;metal_present
786,9QQ2,2026-04-15,Crystal structure of human carbonic anhydrase VII in complex with a benzenesulfonamide derivative containing the duloxetine moiety.,1.35,0.18906,1,1,A,,ZN;A1I9B;HOH,1,A1I9B,A1I9B,1-methyl-1-[(3~{S})-3-naphthalen-1-yloxy-3-thiophen-2-yl-propyl]-3-[(4-sulfamoylphenyl)methyl]thiourea,C26 H27 N3 O3 S3,525.706,35,,,ZN,HOH,RESERVE,metal_present
787,9QQ3,2026-04-15,Crystal structure of human carbonic anhydrase VII in complex with a benzenesufonamide derivative containing the duloxetine moiety,1.6,0.22388,1,1,A,,ZN;A1I9C;HOH,1,A1I9C,A1I9C,[4-[(4-sulfamoylphenyl)carbamothioylamino]phenyl] ~{N}-methyl-~{N}-[(3~{S})-3-naphthalen-1-yloxy-3-thiophen-2-yl-propyl]carbamate,C32 H30 N4 O5 S3,646.799,44,,,ZN,HOH,RESERVE,metal_present
788,9QQU,2026-04-15,Crystal structure of an engineered TPR domain in complex with the HSP90 peptide MEEVD,2.13,0.2561,2,2,A;B,,SO4;HOH,0,,,,,,,ACE;MET,,,SO4;HOH,EXCLUDE,no_druglike_organic_ligand;multiple_protein_chains_2
789,9QRK,2026-04-15,"Structure of BromoCatch: Brd2BD2 L383A,D434C in complex with MR116.",1.3,0.163,1,1,A,,A1I9R;EDO;HOH,1,A1I9R,A1I9R,"methyl (2R)-2-[4,5,13-trimethyl-7-[4-(propanoylamino)phenyl]-3-thia-1,8,11,12-tetrazatricyclo[8.3.0.0^{2,6}]trideca-2(6),4,7,10,12-pentaen-9-yl]butanoate",C25 H29 N5 O3 S,479.594,34,A1I9R;CYS,,,EDO;HOH,EXCLUDE,candidate_may_be_covalent
790,9TPH,2026-04-15,Survivin 1-127 in complex with a molecular tweezer-Histone-H3-peptide conjugate,2.0,0.2629,2,4,A;B;C;D,,ZN;CA;A1JXR;HOH,1,A1JXR,A1JXR,Molecular tweezer (BIRC5),C46 H37 N3 O8 P2,821.749,59,A1JXR;ARG;EE0;LYS;NH2;TPO,,ZN;CA,HOH,EXCLUDE,candidate_may_be_covalent;multiple_protein_chains_4;metal_present
791,9TPI,2026-04-15,Survivin 1-122 in complex with a molecular tweezer-Histone-H3-peptide conjugate,1.8,0.2347,2,4,A;B;C;D,,ZN;CA;A1JXR;HOH,1,A1JXR,A1JXR,Molecular tweezer (BIRC5),C46 H37 N3 O8 P2,821.749,59,A1JXR;ARG;EE0;LYS;NH2;TPO,,ZN;CA,HOH,EXCLUDE,candidate_may_be_covalent;multiple_protein_chains_4;metal_present
792,9UG4,2026-04-15,Crystal structure of human galectin-3 in complex with N-galactoside 5,1.05,0.177,1,1,A,,A1L84;SO4;HOH,1,A1L84,A1L84,"(2~{R},3~{R},4~{S},5~{R},6~{R})-2-[[3-[bis(oxidanyl)amino]phenyl]methoxy-methyl-amino]-6-(hydroxymethyl)-4-[5-[3,4,5-tris(fluoranyl)phenyl]-1,2-dihydro-1,2,3-triazol-3-yl]oxane-3,5-diol",C22 H26 F3 N5 O7,529.466,37,,,,SO4;HOH,INCLUDE,
793,9UGF,2026-04-15,CDK2 small molecule F05,1.64,0.2523,1,1,A,,A1EO5;HOH,1,A1EO5,A1EO5,"2-[(1-methylsulfonylpiperidin-4-yl)amino]-8-[1-[[1-[(1~{S})-2-oxidanyl-1-phenyl-ethyl]-1,2,3-triazol-4-yl]methyl]piperidin-4-yl]pyrido[2,3-d]pyrimidin-7-one",C29 H37 N9 O4 S,607.727,43,,,,HOH,INCLUDE,
794,9UVL,2026-04-15,Crystal structure of AGAP1-GDP complex,2.49,0.268,1,8,A;B;C;D;E;F;G;H,,GDP;MG;HOH,0,,,,,,,,GDP,MG,HOH,EXCLUDE,no_druglike_organic_ligand;multiple_protein_chains_8;cofactor_present;metal_present
795,9XS1,2026-04-15,Crystal structure of FOXM1 DNA binding domain to specific dsDNA substrate,2.5,0.2486,1,3,A;D;G,,GOL;PO4;HOH,0,,,,,,,,,,GOL;PO4;HOH,EXCLUDE,no_druglike_organic_ligand;multiple_protein_chains_3
796,10HY,2026-04-08,"Structure of CHK1 10-pt. mutant complex with macrocyclic LRRK2 inhibitor compound 1 ((11R)-8-chloro-3,11-dimethyl-2-(oxan-4-yl)-2,4,10,11,12,13-hexahydro-9,5-(azeno)pyrazolo[3,4-b][1,4,6,10]oxatriazacyclotridecine)",2.03,0.218,1,1,A,,A1C5F;HOH,1,A1C5F,A1C5F,"(11R)-8-chloro-3,11-dimethyl-2-(oxan-4-yl)-2,4,10,11,12,13-hexahydro-9,5-(azeno)pyrazolo[3,4-b][1,4,6,10]oxatriazacyclotridecine",C17 H23 Cl N6 O2,378.857,26,,,,HOH,INCLUDE,
797,10HZ,2026-04-08,"Structure of CHK1 10-pt. mutant complex with macrocyclic LRRK2 inhibitor compound 7 ((10aS,13aS)-3-cyclobutyl-1-methyl-8-(trifluoromethyl)-3,4,10a,11,13a,14-hexahydro-10H,13H-9,5-(azeno)furo[3,4-k]pyrazolo[4,3-b][1,4,6,10]oxatriazacyclotridecine)",1.666,0.2241,1,1,A,,A1C5G;HOH,1,A1C5G,A1C5G,"(10aS,13aS)-3-cyclobutyl-1-methyl-8-(trifluoromethyl)-3,4,10a,11,13a,14-hexahydro-10H,13H-9,5-(azeno)furo[3,4-k]pyrazolo[4,3-b][1,4,6,10]oxatriazacyclotridecine",C18 H21 F3 N6 O2,410.394,29,,,,HOH,INCLUDE,
798,10IA,2026-04-08,"Structure of CHK1 10-pt. mutant complex with macrocyclic LRRK2 inhibitor compound 12 ((10aS,13aS)-3-cyclopropyl-1-methyl-8-(trifluoromethyl)-3,4,10a,11,13a,14-hexahydro-10H,13H-9,5-(azeno)furo[3,4-k]pyrazolo[4,3-b][1,4,6,10]oxatriazacyclotridecine)",1.739,0.2277,1,1,A,,A1C5H;HOH,1,A1C5H,A1C5H,"(10aS,13aS)-3-cyclopropyl-1-methyl-8-(trifluoromethyl)-3,4,10a,11,13a,14-hexahydro-10H,13H-9,5-(azeno)furo[3,4-k]pyrazolo[4,3-b][1,4,6,10]oxatriazacyclotridecine",C17 H19 F3 N6 O2,396.367,28,,,,HOH,INCLUDE,
799,11OY,2026-04-08,Crystal structure of Human p38 alpha MAPK in Complex with MW01-18-122SRM,2.022,0.2338,1,1,A,,GG5;A1C99;ZN;HOH,2,GG5;A1C99,,,,,,,,ZN,HOH,MANUAL_REVIEW,multiple_candidate_ligands;metal_present
800,28KD,2026-04-08,ACE2 extracellular domain in complex with the macrocyclic peptide GR3.1.2,2.02,0.27275,2,4,A;B;C;D,,ZN;HOH,0,,,,,,,,,ZN,HOH,EXCLUDE,no_druglike_organic_ligand;multiple_protein_chains_4;metal_present
801,29MP,2026-04-08,Crystal structure of human CLK3 in complex with RNAZ88,2.5,0.27228,1,2,A;D,,SO4;A1J3B;HOH,1,A1J3B,A1J3B,"1^{7}-methoxy-4,7,10-trioxa-2-aza-1(4,6)-quinolina-3(1,2)-benzenacyclodecaphane-1^{3}-carbonitrile",C21 H19 N3 O4,377.393,28,,,,SO4;HOH,RESERVE,multiple_protein_chains_2
802,9GUA,2026-04-08,NCS-1 bound to FDA ligand 5,1.65,0.2172,1,2,B;D,,CA;0LI;NA;ACY;HOH,1,0LI,0LI,"3-(imidazo[1,2-b]pyridazin-3-ylethynyl)-4-methyl-N-{4-[(4-methylpiperazin-1-yl)methyl]-3-(trifluoromethyl)phenyl}benzam ide",C29 H27 F3 N6 O,532.559,39,,,CA;NA,ACY;HOH,RESERVE,multiple_protein_chains_2;metal_present
803,9GUZ,2026-04-08,NCS-1 bound to FDA ligand 2,2.28,0.2587,1,2,A;B,,CA;NA;ACY;A1IO4;P6G;1PE;HOH,2,A1IO4;P6G,,,,,,,,CA;NA,ACY;1PE;HOH,MANUAL_REVIEW,multiple_candidate_ligands;multiple_protein_chains_2;metal_present
804,9MPG,2026-04-08,BRD2-BD1 in complex with cyclic peptide 2.1A,1.8,0.2178,2,6,A;B;C;D;E;F,,GOL;HOH,0,,,,,,,ACE;ALY;CYS;GLY;ILE;LEU;NH2;TRP,,,GOL;HOH,EXCLUDE,no_druglike_organic_ligand;multiple_protein_chains_6
805,9QKQ,2026-04-08,Crystal structure of hTEAD4 YAP binding domain (hTEAD4-YBD) in complex with peptide 6,1.74,0.22103,2,4,A;B;C;D,,EDO;MYR;PO4;HOH,1,MYR,MYR,MYRISTIC ACID,C14 H28 O2,228.371,16,6CW;ACE;ALN;ARG;LYS;NH2;NLE;PHE;PRO,,,EDO;PO4;HOH,RESERVE,multiple_protein_chains_4
806,9QN5,2026-04-08,Crystal structure of human SUMO E1 with small unit cell parameters in the P1 21 1 space group.,1.97,0.24392,2,4,A;B;C;D,,ATP;MG;ZN;HOH,0,,,,,,,,ATP,MG;ZN,HOH,EXCLUDE,no_druglike_organic_ligand;multiple_protein_chains_4;cofactor_present;metal_present
807,9QTG,2026-04-08,Simkania negevensis CE-clan virulence factor SnCE1 in complex with hsSUMO1,1.55,0.2163,2,2,A;B,,ACT;CA;AYE;HOH,0,,,,,,,AYE;CME;CYS;GLN;GLY;TYR,,CA,ACT;AYE:heavy_atoms_4;HOH,EXCLUDE,no_druglike_organic_ligand;multiple_protein_chains_2;metal_present
808,9RAP,2026-04-08,VDR complex with UG-635,2.2,0.2486,2,2,A;B,,ACT;A1JD0;HOH,1,A1JD0,A1JD0,"(1~{R},3~{S},5~{Z})-5-[(2~{E})-2-[(1~{R},3~{a}~{S},7~{a}~{R})-1-[(2~{S})-6-[bis(oxidanyl)amino]-6-methyl-heptan-2-yl]-7~{a}-methyl-2,3,3~{a},5,6,7-hexahydro-1~{H}-inden-4-ylidene]ethylidene]-4-methylidene-cyclohexane-1,3-diol",C27 H45 N O4,447.651,32,,,,ACT;HOH,RESERVE,multiple_protein_chains_2
809,9RDF,2026-04-08,Liver Pyruvate kinase in complex with a phthalazine-based fluorescent probe IV,1.62,0.2772,1,4,A;B;C;D,,MG;A1JEB;OXL;FBP;PEG;HOH,2,A1JEB;FBP,,,,,,,,MG,OXL:heavy_atoms_6;PEG;HOH,MANUAL_REVIEW,multiple_candidate_ligands;multiple_protein_chains_4;metal_present
810,9RFQ,2026-04-08,Structure of liver pyruvate kinase in complex with Liver pyruvate kinase in complex with fluorescent probe I,2.385,0.2417,1,8,A;B;C;D;E;F;G;H,,FBP;OXL;MG;K;A1JFN;HOH,2,FBP;A1JFN,,,,,,,,MG;K,OXL:heavy_atoms_6;HOH,MANUAL_REVIEW,multiple_candidate_ligands;multiple_protein_chains_8;metal_present
811,9RFT,2026-04-08,Structure of liver pyruvate kinase in complex with Liver pyruvate kinase in complex with fluorescent probe II,2.274,0.245,1,8,A;B;C;D;E;F;G;H,,FBP;OXL;MG;K;A1JFT;HOH,2,FBP;A1JFT,,,,,,,,MG;K,OXL:heavy_atoms_6;HOH,MANUAL_REVIEW,multiple_candidate_ligands;multiple_protein_chains_8;metal_present
812,9SFS,2026-04-08,Human PPAR alpha ligand binding domain in complex with 10-HSA ligand,2.0,0.28488,1,1,A,,A1J4E;EDO;HOH,1,A1J4E,A1J4E,(S)-10-Hydroxystearic acid,C18 H36 O3,300.477,21,,,,EDO;HOH,RESERVE,r_free_above_0.28
813,9SPA,2026-04-08,Apo ACE2 extracellular domain,1.79,0.2384,1,1,C,,MLA;ZN;HOH,0,,,,,,,,,ZN,MLA;HOH,EXCLUDE,no_druglike_organic_ligand;metal_present
814,9SYA,2026-04-08,Crystal structure of HERV-K envelope glycoprotein surface subunit with cholates and sulfates bound,2.25,0.2672,1,2,A;B,,CPS;NAG;SO4;CHD;HOH,2,CPS;CHD,,,,,,ASN;BMA;MAN;NAG,,,NAG;SO4;HOH,MANUAL_REVIEW,multiple_candidate_ligands;multiple_protein_chains_2
815,9T9W,2026-04-08,Crystal structure of beta-TrCP bound by diphosphorylated I-kappa-B-alpha degron peptide,1.162,0.2126,2,2,A;C,,EDO;HOH,0,,,,,,,ASP;GLY;MET;SEP,,,EDO;HOH,EXCLUDE,no_druglike_organic_ligand;multiple_protein_chains_2
816,9TDZ,2026-04-08,Crystal structure of beta-TrCP bound by diphosphorylated claspin degron peptide,1.346,0.2036,2,2,A;B,,EDO;MG;HOH,0,,,,,,,ASP;GLY;SEP;TYR,,MG,EDO;HOH,EXCLUDE,no_druglike_organic_ligand;multiple_protein_chains_2;metal_present
817,9TES,2026-04-08,Crystal structure of beta-TrCP bound by diphosphorylated PDCD4 degron peptide,1.217,0.2404,2,2,A;B,,MG;EDO;HOH,0,,,,,,,ASP;GLY;SEP;VAL,,MG,EDO;HOH,EXCLUDE,no_druglike_organic_ligand;multiple_protein_chains_2;metal_present
818,9UAU,2026-04-08,CDK2_LL-DA-3,1.47,0.2188,1,1,A,,A1EOM;HOH,1,A1EOM,A1EOM,"1-[2-[6-cyano-2-[(1-methylsulfonylpiperidin-4-yl)amino]-7-oxidanylidene-pyrido[2,3-d]pyrimidin-8-yl]ethyl]guanidine",C17 H23 N9 O3 S,433.488,30,,,,HOH,INCLUDE,
819,9UAW,2026-04-08,LL-DA-4-cdk2 protein,1.72,0.2489,1,1,A,,A1EOO;HOH,1,A1EOO,A1EOO,"1-[3-[6-cyano-2-[(1-methylsulfonylpiperidin-4-yl)amino]-7-oxidanylidene-pyrido[2,3-d]pyrimidin-8-yl]propyl]guanidine",C18 H25 N9 O3 S,447.515,31,,,,HOH,INCLUDE,
820,9UB2,2026-04-08,Crystal structure of human DHODH in complex with inhibitor 006,1.9,0.2217,1,1,A,,ORO;FMN;A1EOU;SO4;HOH,2,ORO;A1EOU,,,,,,,FMN,,SO4;HOH,MANUAL_REVIEW,multiple_candidate_ligands;cofactor_present
821,9UD7,2026-04-08,Crystal structure of human glutaminyl cyclase in complex with Inhibitor CL7,2.49,0.2299,1,6,A;B;C;D;E;F,,ZN;A1EOY;MG;GOL;TRS;HOH,1,A1EOY,A1EOY,6-[(5-methylimidazol-1-yl)methyl]-3-phenyl-1H-pyridin-2-one,C16 H15 N3 O,265.31,20,,,ZN;MG,GOL;TRS;HOH,RESERVE,multiple_protein_chains_6;metal_present
822,9UYY,2026-04-08,"Crystal structure of the indoleamine 2,3-dioxygenagse 2 (IDO2) complexed with L-Trp",2.25,0.3005,1,1,A,,PEG;EDO;HEM;TRP;CYN;NA;HOH,1,TRP,TRP,TRYPTOPHAN,C11 H12 N2 O2,204.225,15,GLC,HEM,NA,PEG;EDO;CYN:heavy_atoms_2;HOH,RESERVE,r_free_above_0.28;cofactor_present;metal_present
823,9UYZ,2026-04-08,"Crystal structure of the indoleamine 2,3-dioxygenagse 2 (IDO2) complexed with 5-HT",2.45,0.2636,1,1,A,,SRO;EDO;PEG;HEM;CYN;NA;HOH,1,SRO,SRO,SEROTONIN,C10 H12 N2 O,176.215,13,GLC,HEM,NA,EDO;PEG;CYN:heavy_atoms_2;HOH,RESERVE,cofactor_present;metal_present
824,9UZ0,2026-04-08,"Crystal structure of the indoleamine 2,3-dioxygenagse 2 (IDO2) as resting state",2.45,0.2476,1,1,A,,EDO;CIT;HEM;NA;HOH,0,,,,,,,GLC,HEM,NA,EDO;CIT;HOH,EXCLUDE,no_druglike_organic_ligand;cofactor_present;metal_present
825,9UZ1,2026-04-08,"Crystal structure of the indoleamine 2,3-dioxygenagse 2 (IDO2) H143Y mutant complexed with L-Trp",2.35,0.2359,1,1,A,,TRP;PEG;CIT;EDO;HEM;CYN;NA;HOH,1,TRP,TRP,TRYPTOPHAN,C11 H12 N2 O2,204.225,15,GLC,HEM,NA,PEG;CIT;EDO;CYN:heavy_atoms_2;HOH,RESERVE,cofactor_present;metal_present
826,9UZ3,2026-04-08,"Crystal structure of the indoleamine 2,3-dioxygenagse 2 (IDO2) complexed with D-Trp",2.5,0.2745,1,1,A,,HEM;CYN;DTR;EDO;NA;HOH,1,DTR,DTR,D-TRYPTOPHAN,C11 H12 N2 O2,204.225,15,GLC,HEM,NA,CYN:heavy_atoms_2;EDO;HOH,RESERVE,cofactor_present;metal_present
827,9UZ4,2026-04-08,"Crystal structure of the indoleamine 2,3-dioxygenagse 2 (IDO2) complexed with 5-methoxy-L-Trp",2.5,0.2801,1,1,A,,A1A2Y;EDO;HEM;CYN;HOH,1,A1A2Y,A1A2Y,5-methoxy-L-tryptophan,C12 H14 N2 O3,234.251,17,GLC,HEM,,EDO;CYN:heavy_atoms_2;HOH,RESERVE,r_free_above_0.28;cofactor_present
828,9UZ5,2026-04-08,"Crystal structure of the indoleamine 2,3-dioxygenagse 2 (IDO2) complexed with 5-methyl-L-Trp",2.5,0.2289,1,1,A,,EDO;HEM;CYN;D0Q;NA;HOH,1,D0Q,D0Q,5-methyl-L-tryptophan,C12 H14 N2 O2,218.252,16,GLC,HEM,NA,EDO;CYN:heavy_atoms_2;HOH,RESERVE,cofactor_present;metal_present
829,9Y8K,2026-04-08,Crystal structure of the Kelch domain of human KLHL12 with compound 7k,1.27,0.1914,1,1,A,,A1CTR;HOH,1,A1CTR,A1CTR,"2-(2-amino-4-methyl-1H-1,3-benzimidazol-1-yl)-N-(2,4,6-trichlorophenyl)acetamide",C16 H13 Cl3 N4 O,383.66,24,,,,HOH,INCLUDE,
830,9Y8L,2026-04-08,Crystal structure of the Kelch domain of human KLHL12 with compound 8e,1.27,0.1927,1,1,A,,A1CTQ;HOH,1,A1CTQ,A1CTQ,"2-(2-amino-5,6-dimethyl-1H-1,3-benzimidazol-1-yl)-N-(2,4,6-trichlorophenyl)acetamide",C17 H15 Cl3 N4 O,397.686,25,,,,HOH,INCLUDE,
831,9Y8M,2026-04-08,Crystal structure of the Kelch domain of human KLHL12 with compound 8i,1.334,0.1785,1,1,A,,A1CTE;HOH,1,A1CTE,A1CTE,"2-(2-amino-5-fluoro-4-methyl-1H-1,3-benzimidazol-1-yl)-N-(2,4,6-trichlorophenyl)acetamide",C16 H12 Cl3 F N4 O,401.65,25,,,,HOH,INCLUDE,
832,9Y8N,2026-04-08,Crystal structure of the Kelch domain of human KLHL12 with compound 8m,1.308,0.2038,1,1,A,,A1CTL;HOH,1,A1CTL,A1CTL,"2-(4-methyl-1H-imidazo[4,5-c]pyridin-1-yl)-N-(2,4,6-trichlorophenyl)acetamide",C15 H11 Cl3 N4 O,369.633,23,,,,HOH,INCLUDE,
833,9Y8O,2026-04-08,Crystal structure of the Kelch domain of human KLHL12 with compound 9c,1.286,0.1772,1,1,A,,A1CTM;HOH,1,A1CTM,A1CTM,"2-(2-amino-4-methyl-1H-1,3-benzimidazol-1-yl)-N-[2,6-dichloro-4-(phenoxyacetyl)phenyl]acetamide",C24 H20 Cl2 N4 O3,483.347,33,,,,HOH,INCLUDE,
834,9Y8Q,2026-04-08,Crystal structure of the Kelch domain of human KLHL12 with compound 9e,1.2,0.1521,1,1,A,,A1CTO;GOL;HOH,1,A1CTO,A1CTO,"2-(2-amino-4-methyl-1H-1,3-benzimidazol-1-yl)-N-(2,6-dichloro-4-{[(propan-2-yl)oxy]methyl}phenyl)acetamide",C20 H22 Cl2 N4 O2,421.32,28,,,,GOL;HOH,INCLUDE,
835,9Y8R,2026-04-08,Crystal structure of the Kelch domain of human KLHL12 with compound 9h,1.334,0.1727,1,1,A,,A1CTP;HOH,1,A1CTP,A1CTP,"2-(2-amino-4-methyl-1H-1,3-benzimidazol-1-yl)-N-[2-chloro-4-(hydroxymethyl)-3-methylphenyl]acetamide",C18 H19 Cl N4 O2,358.822,25,,,,HOH,INCLUDE,
836,9Y8S,2026-04-08,Crystal structure of the Kelch domain of human KLHL12 with compound 9k,1.286,0.1701,1,1,A,,A1CTN;HOH,1,A1CTN,A1CTN,"4-[2-(2-amino-4-methyl-1H-1,3-benzimidazol-1-yl)acetamido]-N-benzyl-3-chloro-2-methylbenzamide",C25 H24 Cl N5 O2,461.943,33,,,,HOH,INCLUDE,
837,9Y8T,2026-04-08,Crystal structure of the Kelch domain of human KLHL12 with compound 10b,1.4,0.20841,1,1,A,,A1CTJ;HOH,1,A1CTJ,A1CTJ,"2-{2-amino-4-[(morpholin-4-yl)methyl]-1H-1,3-benzimidazol-1-yl}-N-(2,4,6-trichlorophenyl)acetamide",C20 H20 Cl3 N5 O2,468.764,30,,,,HOH,INCLUDE,
838,9Y8U,2026-04-08,Crystal structure of the Kelch domain of human KLHL12 with compound 10j,1.01,0.14108,1,1,A,,A1CTK;HOH,1,A1CTK,A1CTK,"2-(4-{[(3S)-3-(4-cyanopiperidin-1-yl)pyrrolidin-1-yl]methyl}-2-methyl-1H-1,3-benzimidazol-1-yl)-N-(2,4,6-trichlorophenyl)acetamide",C27 H29 Cl3 N6 O,559.918,37,,,,HOH,INCLUDE,
839,9Y8V,2026-04-08,Crystal structure of the Kelch domain of human KLHL12 with compound 10q,1.271,0.1994,1,1,A,,A1CTF;HOH,1,A1CTF,A1CTF,"2-{4-[(1R,2S)-2-{[(3S)-3-(1,1-dioxo-1lambda~6~-thiomorpholin-4-yl)pyrrolidin-1-yl]methyl}cyclopropyl]-2-methyl-1H-1,3-benzimidazol-1-yl}-N-(2,4,6-trichlorophenyl)acetamide",C28 H32 Cl3 N5 O3 S,625.009,40,,,,HOH,INCLUDE,
840,9YR9,2026-04-08,Structure of human MARK3 in complex with inhibitor,2.402,0.2528,1,2,A;B,,A1CZY;HOH,1,A1CZY,A1CZY,3-({5-chloro-2-[2-(difluoromethoxy)-4-(4-methylpiperazin-1-yl)anilino]pyrimidin-4-yl}amino)thiophene-2-carboxamide,C21 H22 Cl F2 N7 O2 S,509.96,34,,,,HOH,RESERVE,multiple_protein_chains_2
841,9YSQ,2026-04-08,Structure of a human NUAK1-MARK3 kinase domain chimera in complex with inhibitor,2.4,0.2479,1,2,A;B,,A1CZY;HOH,1,A1CZY,A1CZY,3-({5-chloro-2-[2-(difluoromethoxy)-4-(4-methylpiperazin-1-yl)anilino]pyrimidin-4-yl}amino)thiophene-2-carboxamide,C21 H22 Cl F2 N7 O2 S,509.96,34,,,,HOH,RESERVE,multiple_protein_chains_2
842,9Z2H,2026-04-08,Crystal structure of A10 Fab in complex with the EGFR peptide,2.45,0.2227,3,6,A;E;H;HH;L;LL,,ACT;HOH,0,,,,,,,,,,ACT;HOH,EXCLUDE,no_druglike_organic_ligand;multiple_protein_chains_6
843,9ZXM,2026-04-08,DDB1 delta with compound 6,2.195,0.2461,1,1,A,,A1C4E;GOL;HOH,1,A1C4E,A1C4E,"(3S,5S)-1-{(4P)-4-(2,2-difluoro-2H-1,3-benzodioxol-4-yl)-3-[(propan-2-yl)oxy]benzene-1-carbonyl}-N-methyl-5-phenylpiperidine-3-carboxamide",C30 H30 F2 N2 O5,536.566,39,,,,GOL;HOH,INCLUDE,
844,9ZXN,2026-04-08,DDB1 delta with compound 26,2.07,0.2353,1,1,A,,A1C4F;GOL;HOH,1,A1C4F,A1C4F,"(3S,5S)-1-{(4P)-4-(2,2-difluoro-2H-1,3-benzodioxol-4-yl)-1-methyl-5-[(propan-2-yl)oxy]-1H-1,3-benzimidazole-7-carbonyl}-N-methyl-5-phenylpiperidine-3-carboxamide",C32 H32 F2 N4 O5,590.617,43,,,,GOL;HOH,INCLUDE,
845,10MV,2026-04-01,"N-Alkyl &amp; N-Aryl Aminopyrazole Spirocarbamates: A Two-Pronged Lead Optimization Strategy to Identify Orally Bioavailable Plasma Kallikrein Inhibitors complex with Compound 15 ((3'R)-1'-(5-amino-1-phenyl-1H-pyrazole-4-carbonyl)-6-chloro-5-fluorospiro[[3,1]benzoxazine-4,3'-piperidin]-2(1H)-one)",1.66,0.2263,1,1,A,,MES;A1C6X;NAG;HOH,1,A1C6X,A1C6X,"(3'R)-1'-(5-amino-1-phenyl-1H-pyrazole-4-carbonyl)-6-chloro-5-fluorospiro[[3,1]benzoxazine-4,3'-piperidin]-2(1H)-one",C22 H19 Cl F N5 O3,455.869,32,ASN;NAG,,,MES;NAG;HOH,INCLUDE,
846,12AK,2026-04-01,Q108K:K40L:T51V:T53S:R58W:Y19W:L117E mutant of hCRBPII bound to fluorophore TD-1V-6,1.37,0.2,1,1,A,,A1CKY;ACT;EDO;HOH,1,A1CKY,A1CKY,"(2Z)-3-{5-[4-(dimethylamino)phenyl]thiophen-2-yl}-4,4,4-trifluorobut-2-enal",C16 H14 F3 N O S,325.349,22,A1CKY;LYS,,,ACT;EDO;HOH,EXCLUDE,candidate_may_be_covalent
847,24OK,2026-04-01,Crystal structure of human dUTPase complexed with Zinc.,2.01,0.2335,1,1,A,,EDO;ZN;HOH,0,,,,,,,,,ZN,EDO;HOH,EXCLUDE,no_druglike_organic_ligand;metal_present
848,28OQ,2026-04-01,Protein Kinaze domain PAK1 complexed with NVS inhibitor,2.28,0.2655,1,2,A;B,,CL;A1JZR;GOL;HOH,1,A1JZR,A1JZR,"(3~{S})-3-[(~{Z})-[11-[2,2-bis(fluoranyl)ethyl]-8-chloranyl-3-fluoranyl-5~{H}-benzo[b][1,4]benzodiazepin-6-ylidene]amino]-~{N}-propan-2-yl-pyrrolidine-1-carboxamide",C23 H25 Cl F3 N5 O,479.926,33,MET;SER;TPO,,,CL;GOL;HOH,RESERVE,multiple_protein_chains_2
849,9RAY,2026-04-01,Crystal structure of human carbonic anhydrase I in complex with N-benzyl-2-(2-chloro-N-(3-chloro-4-methoxyphenyl)acetamido)-2-(4-sulfamoylphenyl)acetamide,1.31,0.2227,1,1,AAA,,ZN;A1JD1;HOH,1,A1JD1,A1JD1,N-benzyl-2-(2-chloro-N-(3-chloro-4-methoxyphenyl)acetamido)-2-(4-sulfamoylphenyl)acetamide,C24 H23 Cl2 N3 O5 S,536.428,35,,,ZN,HOH,RESERVE,metal_present
850,9U7G,2026-04-01,FGFR1 kinase domain with a macrocyclic compound 8g,1.66,0.2161,1,2,A;B,,A1EOH;SO4;HOH,1,A1EOH,A1EOH,"(E)-4-methyl-17-(1-methyl-1H-pyrazol-4-yl)-7,10-dioxa-4-aza-1(3,6)-imidazo[1,2-b]pyridazina-2(3,5)-pyridinacyclodecaphan-3-one",C21 H21 N7 O3,419.437,31,,,,SO4;HOH,RESERVE,multiple_protein_chains_2
851,9U8L,2026-04-01,Crystal structure of KRAS-G12D/Y96S mutant in complex with MRTX-1133,1.23,0.1762,1,1,A,,MG;GDP;6IC;HOH,1,6IC,6IC,"4-(4-[(1R,5S)-3,8-diazabicyclo[3.2.1]octan-3-yl]-8-fluoro-2-{[(2R,4R,7aS)-2-fluorotetrahydro-1H-pyrrolizin-7a(5H)-yl]methoxy}pyrido[4,3-d]pyrimidin-7-yl)-5-ethynyl-6-fluoronaphthalen-2-ol",C33 H31 F3 N6 O2,600.633,44,,GDP,MG,HOH,RESERVE,cofactor_present;metal_present
852,9VNG,2026-04-01,Small GTPase RhoA Y42C mutant in complex with covalent inhibitor,1.43,0.2206,1,1,A,,GDP;A1D9L;MG;HOH,1,A1D9L,A1D9L,4-(2-nitroethyl)-1~{H}-indole,C10 H10 N2 O2,190.199,14,A1D9L;CYS,GDP,MG,HOH,EXCLUDE,candidate_may_be_covalent;cofactor_present;metal_present
853,9VNH,2026-04-01,Structure of wild-type RhoA in complex with GDP and magnesium ion,1.79,0.2313,1,1,A,,GDP;MG;HOH,0,,,,,,,,GDP,MG,HOH,EXCLUDE,no_druglike_organic_ligand;cofactor_present;metal_present
854,9VNI,2026-04-01,Structure of the RhoA Y42C mutant featuring Thr37 coordination of magnesium ion,1.83,0.2471,1,1,A,,GDP;MG;HOH,0,,,,,,,,GDP,MG,HOH,EXCLUDE,no_druglike_organic_ligand;cofactor_present;metal_present
855,9XJ0,2026-04-01,Crystal structure of SOD1 by serial synchrotron crystallography,2.3,0.2102,1,2,A;B,,CU;ZN;HOH,0,,,,,,,,,CU;ZN,HOH,EXCLUDE,no_druglike_organic_ligand;multiple_protein_chains_2;metal_present
856,9XJI,2026-04-01,"Cryogenic structure of SOD1, determined as the SSX counterpart",2.37,0.2311,1,2,A;B,,CU;ZN;HOH,0,,,,,,,,,CU;ZN,HOH,EXCLUDE,no_druglike_organic_ligand;multiple_protein_chains_2;metal_present
857,9XRI,2026-04-01,Crystal structure of MTH1 in complex with acoramidis bound at the active site and protein-protein interface (molar ratio 1:24),1.08,0.1728,1,2,A;B,,16V;HOH,1,16V,16V,"3-[3-(3,5-dimethyl-1H-pyrazol-4-yl)propoxy]-4-fluorobenzoic acid",C15 H17 F N2 O3,292.305,21,,,,HOH,RESERVE,multiple_protein_chains_2
858,9XRJ,2026-04-01,Crystal structure of MTH1 in complex with acoramidis,1.86,0.2323,1,2,A;B,,16V;HOH,1,16V,16V,"3-[3-(3,5-dimethyl-1H-pyrazol-4-yl)propoxy]-4-fluorobenzoic acid",C15 H17 F N2 O3,292.305,21,,,,HOH,RESERVE,multiple_protein_chains_2
859,11QE,2026-03-25,Crystal structure of GDP-bound KRAS G12D/I55E: Suppressing G12D oncogenicity via second-site I55E mutation,1.23,0.2027,1,1,A,,GDP;MG;CL;HOH,0,,,,,,,,GDP,MG,CL;HOH,EXCLUDE,no_druglike_organic_ligand;cofactor_present;metal_present
860,11YC,2026-03-25,The structure of human Vacuolar Protein Sorting 34 catalytic domain bound to RD-II-123,2.41,0.2195,1,1,B,,A1DAY;EDO;PEG;CL;HOH,1,A1DAY,A1DAY,"(8S)-3-(6-butyl-1,3-benzothiazol-2-yl)pyrazolo[1,5-a]pyrimidine",C17 H16 N4 S,308.401,22,,,,EDO;PEG;CL;HOH,INCLUDE,
861,23ES,2026-03-25,Crystal structure of human PKMYT1 protein kinase domain with Naphthyridinone Inhibitor compound 11,1.74,0.2398,1,2,A;B,,A1E5A;SO4;HOH,1,A1E5A,A1E5A,"3-azanyl-5-chloranyl-4-(7-fluoranyl-2H-indazol-4-yl)-7-methyl-1H-1,6-naphthyridin-2-one",C16 H11 Cl F N5 O,343.743,24,,,,SO4;HOH,RESERVE,multiple_protein_chains_2
862,23FW,2026-03-25,Crystal structure of human PKMYT1 protein kinase domain with Naphthyridinone Inhibitor compound 16,1.59,0.195,1,2,A;B,,A1E5J;DMS;EDO;SO4;HOH,1,A1E5J,A1E5J,"9-azanyl-10-(7-fluoranyl-1H-indazol-4-yl)-6-methyl-2,3,4,7-tetrahydropyrano[2,3-f][1,7]naphthyridin-8-one",C19 H16 F N5 O2,365.361,27,,,,DMS;EDO;SO4;HOH,RESERVE,multiple_protein_chains_2
863,24OS,2026-03-25,Crystal Structure of BRD3 BD1 domain in complex with small molecule inhibitor IBET-762,1.83,0.31446,1,2,A;B,,EAM;HOH,1,EAM,EAM,"2-[(4S)-6-(4-chlorophenyl)-8-methoxy-1-methyl-4H-[1,2,4]triazolo[4,3-a][1,4]benzodiazepin-4-yl]-N-ethylacetamide",C22 H22 Cl N5 O2,423.895,30,,,,HOH,RESERVE,r_free_above_0.28;multiple_protein_chains_2
864,9JJS,2026-03-25,Crystal Structure of human Pin1 catalytic domain in complex with a covalent inhibitor,1.52,0.2104,1,2,A;B,,A1D9T;HOH,1,A1D9T,A1D9T,"methyl (~{E})-4-[[(3~{R})-1,1-bis(oxidanylidene)thiolan-3-yl]amino]-4-oxidanylidene-but-2-enoate",C9 H13 N O5 S,247.268,16,A1D9T;CYS,,,HOH,EXCLUDE,candidate_may_be_covalent;multiple_protein_chains_2
865,9JJZ,2026-03-25,Crystal Structure of human Pin1 catalytic domain in complex with a covalent inhibitor,1.61,0.2388,1,2,A;B,,A1ECA;HOH,1,A1ECA,A1ECA,"methyl 4-[[(3~{S})-1,1-bis(oxidanylidene)thiolan-3-yl]-(2,2-dimethylpropyl)amino]-4-oxidanylidene-but-2-enoate",C14 H23 N O5 S,317.401,21,,,,HOH,RESERVE,multiple_protein_chains_2
866,9KPG,2026-03-25,Crystal structure of human CASTOR2-arginine,1.85,0.2302,1,2,A;C,,ARG;K;HOH,1,ARG,ARG,ARGININE,C6 H15 N4 O2 1,175.209,12,,,K,HOH,RESERVE,multiple_protein_chains_2;metal_present
867,9NSN,2026-03-25,"Crystal structure of the ternary complex of DCAF1 and WDR5 with PROTAC, OICR-41059",1.85,0.2343,2,2,A;B,,A1B0X;HOH,0,,,,,,,,,,A1B0X:mw_1387.3;HOH,EXCLUDE,no_druglike_organic_ligand;multiple_protein_chains_2
868,9NSO,2026-03-25,"Crystal structure of the ternary complex of DCAF1 and WDR5 with PROTAC, OICR-41060",1.85,0.2182,2,2,A;B,,A1B0Y;HOH,0,,,,,,,,,,A1B0Y:mw_1476.4;HOH,EXCLUDE,no_druglike_organic_ligand;multiple_protein_chains_2
869,9QFZ,2026-03-25,Human PPAR-gamma ligand binding domain in complex with LW132,2.1,0.2649,1,2,A;B,,A1I6M;HOH,1,A1I6M,A1I6M,4-[5-chloranyl-1-[2-chloranyl-6-(trifluoromethyl)phenyl]carbonyl-indazol-3-yl]-3-[(phenylmethyl)amino]benzoic acid,C29 H18 Cl2 F3 N3 O3,584.373,40,,,,HOH,RESERVE,multiple_protein_chains_2
870,9QG0,2026-03-25,Human PPAR-gamma ligand binding domain in complex with LW128,2.1,0.2498,1,2,A;B,,A1I6U;HOH,1,A1I6U,A1I6U,5-[5-chloranyl-1-[2-chloranyl-6-(trifluoromethyl)phenyl]carbonyl-indazol-3-yl]-6-phenylmethoxy-pyridine-2-carboxylic acid,C28 H16 Cl2 F3 N3 O4,586.346,40,,,,HOH,RESERVE,multiple_protein_chains_2
871,9QG2,2026-03-25,Human PPAR-gamma ligand binding domain in complex with LW86,2.0,0.2419,1,2,A;B,,A1I6S;HOH,1,A1I6S,A1I6S,4-[5-chloranyl-1-[2-chloranyl-6-(trifluoromethyl)phenyl]carbonyl-indazol-3-yl]-3-(cyclopentylmethoxy)benzoic acid,C28 H21 Cl2 F3 N2 O4,577.379,39,,,,HOH,RESERVE,multiple_protein_chains_2
872,9QG3,2026-03-25,Human PPAR-gamma ligand binding domain in complex with LW129,2.3,0.2549,1,2,A;B,,A1I6T;HOH,1,A1I6T,A1I6T,4-[5-chloranyl-1-[2-chloranyl-6-(trifluoromethyl)phenyl]carbonyl-indazol-3-yl]-2-fluoranyl-3-phenylmethoxy-benzoic acid,C29 H16 Cl2 F4 N2 O4,603.348,41,,,,HOH,RESERVE,multiple_protein_chains_2
873,9QG4,2026-03-25,Human PPAR-gamma ligand binding domain in complex with LW130,1.9,0.2338,1,2,A;B,,A1I6O;HOH,1,A1I6O,A1I6O,4-[5-chloranyl-1-[2-chloranyl-6-(trifluoromethyl)phenyl]carbonyl-indazol-3-yl]-3-[[3-(ethylcarbamoyl)phenyl]methoxy]benzoic acid,C32 H22 Cl2 F3 N3 O5,656.435,45,,,,HOH,RESERVE,multiple_protein_chains_2
874,9QG5,2026-03-25,Human PPAR-gamma ligand binding domain in complex with LW112,2.3,0.2436,1,2,A;B,,A1I6P;HOH,1,A1I6P,A1I6P,4-[5-chloranyl-1-[2-chloranyl-6-(trifluoromethyl)phenyl]carbonyl-indazol-3-yl]-3-[[(3~{S})-piperidin-3-yl]methoxy]benzoic acid,C28 H22 Cl2 F3 N3 O4,592.393,40,,,,HOH,RESERVE,multiple_protein_chains_2
875,9QGJ,2026-03-25,Human PPAR-gamma ligand binding domain in complex with LW90,2.2,0.2554,1,2,A;B,,A1I6R;HOH,1,A1I6R,A1I6R,4-[5-chloranyl-1-[2-chloranyl-6-(trifluoromethyl)phenyl]carbonyl-indazol-3-yl]-3-[[(3~{S})-1-[(2-methylpropan-2-yl)oxycarbonyl]piperidin-3-yl]methoxy]benzoic acid,C33 H30 Cl2 F3 N3 O6,692.509,47,,,,HOH,RESERVE,multiple_protein_chains_2
876,9U64,2026-03-25,Crystal structure of human glutaminyl cyclase in complex with Inhibitor CL21,2.266,0.2099,1,1,A,,A1EN4;ZN;MG;GOL;HOH,1,A1EN4,A1EN4,"3-(2,4-dimethoxyphenyl)-6-[(5-methylimidazol-1-yl)methyl]-1H-pyridin-2-one",C18 H19 N3 O3,325.362,24,,,ZN;MG,GOL;HOH,RESERVE,metal_present
877,9U8T,2026-03-25,Crystal structure of KRAS-G12D/R68M mutant in complex with MRTX-1133,1.4,0.1827,1,1,A,,GDP;6IC;MG;HOH,1,6IC,6IC,"4-(4-[(1R,5S)-3,8-diazabicyclo[3.2.1]octan-3-yl]-8-fluoro-2-{[(2R,4R,7aS)-2-fluorotetrahydro-1H-pyrrolizin-7a(5H)-yl]methoxy}pyrido[4,3-d]pyrimidin-7-yl)-5-ethynyl-6-fluoronaphthalen-2-ol",C33 H31 F3 N6 O2,600.633,44,,GDP,MG,HOH,RESERVE,cofactor_present;metal_present
878,9U8U,2026-03-25,Crystal structure of KRAS-G12D/Q61H mutant in complex with MRTX-1133,1.32,0.1796,1,1,A,,GDP;6IC;MG;HOH,1,6IC,6IC,"4-(4-[(1R,5S)-3,8-diazabicyclo[3.2.1]octan-3-yl]-8-fluoro-2-{[(2R,4R,7aS)-2-fluorotetrahydro-1H-pyrrolizin-7a(5H)-yl]methoxy}pyrido[4,3-d]pyrimidin-7-yl)-5-ethynyl-6-fluoronaphthalen-2-ol",C33 H31 F3 N6 O2,600.633,44,,GDP,MG,HOH,RESERVE,cofactor_present;metal_present
879,9U8V,2026-03-25,Crystal structure of KRAS-G12D/Y96S mutant in complex with GDP,1.57,0.1946,1,1,A,,GDP;MG;HOH,0,,,,,,,,GDP,MG,HOH,EXCLUDE,no_druglike_organic_ligand;cofactor_present;metal_present
880,9U8W,2026-03-25,Crystal structure of KRAS-G12D/Q99L mutant in complex with GDP,1.5,0.2102,1,2,A;B,,GDP;MG;HOH,0,,,,,,,,GDP,MG,HOH,EXCLUDE,no_druglike_organic_ligand;multiple_protein_chains_2;cofactor_present;metal_present
881,9U8X,2026-03-25,Crystal structure of KRAS-G12D/R68M mutant in complex with GDP,1.65,0.2563,1,1,A,,GDP;MG;HOH,0,,,,,,,,GDP,MG,HOH,EXCLUDE,no_druglike_organic_ligand;cofactor_present;metal_present
882,9U8Y,2026-03-25,Crystal structure of KRAS-G12D/G13D mutant in complex with GDP,1.73,0.2657,1,1,A,,GDP;MG;HOH,0,,,,,,,,GDP,MG,HOH,EXCLUDE,no_druglike_organic_ligand;cofactor_present;metal_present
883,9U8Z,2026-03-25,Crystal structure of KRAS-G12D/Q61H mutant in complex with GDP,1.2,0.1963,1,1,A,,GDP;MG;EDO;HOH,0,,,,,,,,GDP,MG,EDO;HOH,EXCLUDE,no_druglike_organic_ligand;cofactor_present;metal_present
884,9U90,2026-03-25,Crystal structure of KRAS-G12D/E62K mutant in complex with GDP,1.2,0.2024,1,1,A,,GDP;MG;HOH,0,,,,,,,,GDP,MG,HOH,EXCLUDE,no_druglike_organic_ligand;cofactor_present;metal_present
885,9U95,2026-03-25,Crystal structure of KRAS-G12D/Q99L mutant in complex with MRTX-1133,1.75,0.2014,1,2,A;B,,6IC;MG;GDP;GOL;EDO;HOH,1,6IC,6IC,"4-(4-[(1R,5S)-3,8-diazabicyclo[3.2.1]octan-3-yl]-8-fluoro-2-{[(2R,4R,7aS)-2-fluorotetrahydro-1H-pyrrolizin-7a(5H)-yl]methoxy}pyrido[4,3-d]pyrimidin-7-yl)-5-ethynyl-6-fluoronaphthalen-2-ol",C33 H31 F3 N6 O2,600.633,44,,GDP,MG,GOL;EDO;HOH,RESERVE,multiple_protein_chains_2;cofactor_present;metal_present
886,9U97,2026-03-25,Crystal structure of KRAS-G12D/G13D mutant in complex with MRTX-1133,1.79,0.2352,1,1,A,,6IC;GDP;MG;HOH,1,6IC,6IC,"4-(4-[(1R,5S)-3,8-diazabicyclo[3.2.1]octan-3-yl]-8-fluoro-2-{[(2R,4R,7aS)-2-fluorotetrahydro-1H-pyrrolizin-7a(5H)-yl]methoxy}pyrido[4,3-d]pyrimidin-7-yl)-5-ethynyl-6-fluoronaphthalen-2-ol",C33 H31 F3 N6 O2,600.633,44,,GDP,MG,HOH,RESERVE,cofactor_present;metal_present
887,9U99,2026-03-25,Crystal structure of KRAS-G12D/E62K mutant in complex with MRTX-1133,2.5,0.2501,1,4,A;B;C;D,,6IC;GDP;MG;HOH,1,6IC,6IC,"4-(4-[(1R,5S)-3,8-diazabicyclo[3.2.1]octan-3-yl]-8-fluoro-2-{[(2R,4R,7aS)-2-fluorotetrahydro-1H-pyrrolizin-7a(5H)-yl]methoxy}pyrido[4,3-d]pyrimidin-7-yl)-5-ethynyl-6-fluoronaphthalen-2-ol",C33 H31 F3 N6 O2,600.633,44,,GDP,MG,HOH,RESERVE,multiple_protein_chains_4;cofactor_present;metal_present
888,9YKI,2026-03-25,Crystal structure of human PIM1 kinase bound with CSH-4044 inhibitor,1.95,0.1927,1,1,A,,A1CXP;GOL;MG;HOH,1,A1CXP,A1CXP,"(2,5-dihydroxy-4-methoxyphenyl)(6-hydroxy-5-methoxy-1,3-benzothiazol-2-yl)methanone",C16 H13 N O6 S,347.343,24,GLU;SEP;SER,,MG,GOL;HOH,RESERVE,metal_present
889,9ZG4,2026-03-25,5jc21/CG13250 bound to BRD4-BD1.,1.48,0.2279,2,2,A;B,,A1C14;HOH,1,A1C14,A1C14,"(4P)-4-[4-(benzylamino)-2-oxo-1,2-dihydroquinolin-6-yl]-3,5-dimethyl-2H-1,2-oxazol-1-ium",C21 H20 N3 O2 1,346.402,26,,,,HOH,RESERVE,multiple_protein_chains_2
890,10DJ,2026-03-18,Fyn Kinase Domain-Saracatinib Complex Structure,2.22,0.2681,1,2,A;B,,H8H;HOH,1,H8H,H8H,"N-(5-CHLORO-1,3-BENZODIOXOL-4-YL)-7-[2-(4-METHYLPIPERAZIN-1-YL)ETHOXY]-5-(TETRAHYDRO-2H-PYRAN-4-YLOXY)QUINAZOLIN-4-AMINE",C27 H32 Cl N5 O5,542.026,38,,,,HOH,RESERVE,multiple_protein_chains_2
891,24IB,2026-03-18,Crystal structure of human RIPK1 kinase domain in complex with compound HR10,2.05,0.2845,1,2,A;B,,A1E6Q;HOH,1,A1E6Q,A1E6Q,"methyl (3~{S})-5-methyl-4-oxidanylidene-3-[[3-(phenylmethyl)-1~{H}-1,2,4-triazol-5-yl]carbonylamino]-2,3-dihydro-1,5-benzoxazepine-7-carboxylate",C22 H21 N5 O5,435.433,32,,,,HOH,RESERVE,r_free_above_0.28;multiple_protein_chains_2
892,29AJ,2026-03-18,Crystal Structure of the human mARC1 M187K variant,1.63,0.2153,1,1,D,,MTE;B3P;MOO;EFK;CL;HOH,2,MTE;B3P,,,,,,,,,MOO:no_carbon;EFK:no_carbon;CL;HOH,MANUAL_REVIEW,multiple_candidate_ligands
893,8VZW,2026-03-18,Structure of humanized MS-Hu6 Fab fragment,2.5,0.2583,2,2,H;L,,SO4;HOH,0,,,,,,,ARG;ILE;SEP,,,SO4;HOH,EXCLUDE,no_druglike_organic_ligand;multiple_protein_chains_2
894,8ZV7,2026-03-18,PARP15 catalytic domain in complex with RBN012759,1.9,0.239460258194,1,2,A;B,,XBA;HOH,1,XBA,XBA,7-(cyclopropylmethoxy)-5-fluoro-2-{[(trans-4-hydroxycyclohexyl)sulfanyl]methyl}quinazolin-4(3H)-one,C19 H23 F N2 O3 S,378.461,26,,,,HOH,RESERVE,multiple_protein_chains_2
895,9D62,2026-03-18,Crystal structure of Human Galectin-3 CRD in complex with Lactose (native),1.1,0.151,1,1,A,,CL;PEG;HOH,0,,,,,,,BGC;GAL;GLC,,,CL;PEG;HOH,EXCLUDE,no_druglike_organic_ligand
896,9D63,2026-03-18,Crystal structure of Human Galectin-3 CRD in complex with Galactose (Galactose soak),1.15,0.1365,1,1,A,,GAL;CL;HOH,0,,,,,,,BGC;GAL,,,GAL;CL;HOH,EXCLUDE,no_druglike_organic_ligand
897,9D64,2026-03-18,Crystal structure of Human Galectin-3 CRD in complex with Galacturonic acid (Galacturonic acid soak),1.2,0.1642,1,1,A,,GTR;CL;HOH,1,GTR,GTR,beta-D-galactopyranuronic acid,C6 H10 O7,194.139,13,,,,CL;HOH,INCLUDE,
898,9GQP,2026-03-18,Structural characterization of a N-acetyl-beta-neuraminic acid-binding site in human RNase2,1.01,0.1507,1,1,A,,SLB;B3P;ACT;HOH,2,SLB;B3P,,,,,,,,,ACT;HOH,MANUAL_REVIEW,multiple_candidate_ligands
899,9MAH,2026-03-18,PPARG-Spermine analogs,2.1,0.2336,1,2,A;B,,A1ENO;IMD;GOL;HOH,1,A1ENO,A1ENO,"N'-methyl-N'-phenyl-propane-1,3-diamine",C10 H16 N2,164.247,12,,,,IMD:heavy_atoms_5;GOL;HOH,RESERVE,multiple_protein_chains_2
900,9MAT,2026-03-18,TopBP1 BRCT 7-8 Domain,1.65,0.2074,1,1,A,,MLA;HOH,0,,,,,,,,,,MLA;HOH,EXCLUDE,no_druglike_organic_ligand
901,9MAW,2026-03-18,Crystal structure of TOPBP1BRCT7-8 domain in complex with 1-Adamantaneacetic acid,2.45,0.2368,1,1,A,,A1ENP;HOH,1,A1ENP,A1ENP,1-Adamantylacetic acid,C12 H18 O2,194.27,14,,,,HOH,INCLUDE,
902,9NMU,2026-03-18,TCR156 bound to HLA A*02:01-PAP,2.1,0.2265,5,5,A;B;C;D;E,,GOL;NAG;HOH,0,,,,,,,ASN;NAG,,,GOL;NAG;HOH,EXCLUDE,no_druglike_organic_ligand;multiple_protein_chains_5
903,9NMV,2026-03-18,TCR156 S32Halpha bound to HLA A*02:01-PAP,1.97,0.2174,5,5,A;B;C;D;E,,GOL;NAG;HOH,0,,,,,,,ASN;NAG,,,GOL;NAG;HOH,EXCLUDE,no_druglike_organic_ligand;multiple_protein_chains_5
904,9NMW,2026-03-18,TCR156 S30Ealpha S32Qalpha bound to HLA A*02:01-PAP,2.11,0.2324,5,5,A;B;C;D;E,,GOL;NAG;SO4;HOH,0,,,,,,,ASN;NAG,,,GOL;NAG;SO4;HOH,EXCLUDE,no_druglike_organic_ligand;multiple_protein_chains_5
905,9NMX,2026-03-18,TCR156 S32Malpha variant bound to HLA A*02:01-PAP,2.19,0.2291,5,5,A;B;C;D;E,,MLI;GOL;NA;NAG;HOH,0,,,,,,,ASN;NAG,,NA,MLI:heavy_atoms_7;GOL;NAG;HOH,EXCLUDE,no_druglike_organic_ligand;multiple_protein_chains_5;metal_present
906,9NMY,2026-03-18,TCR156 S32Qalpha bound to HLA A*02:01-PAP,2.01,0.2274,5,5,A;B;C;D;E,,GOL;MLI;NAG;HOH,0,,,,,,,ASN;NAG,,,GOL;MLI:heavy_atoms_7;NAG;HOH,EXCLUDE,no_druglike_organic_ligand;multiple_protein_chains_5
907,9PBG,2026-03-18,TCR 19.2 complex with YEIH-HLA B*27:05,2.0,0.2579,5,5,A;B;C;D;E,,GOL;NAG;HOH,0,,,,,,,ASN;NAG,,,GOL;NAG;HOH,EXCLUDE,no_druglike_organic_ligand;multiple_protein_chains_5
908,9PBH,2026-03-18,AS19.2 TCR complex with PSG5-HLA B*27:05,2.13,0.2465,5,5,A;B;C;D;E,,GOL;NAG;HOH,0,,,,,,,ASN;NAG,,,GOL;NAG;HOH,EXCLUDE,no_druglike_organic_ligand;multiple_protein_chains_5
909,9QBS,2026-03-18,KEAP1 complexed to cyclic peptide 33,1.95,0.2011,2,4,A;B;C;D,,GOL;EDO;HOH,0,,,,,,,A1JAL;A1JAM;ABA;ASN;BAL,,,GOL;EDO;HOH,EXCLUDE,no_druglike_organic_ligand;multiple_protein_chains_4
910,9QBT,2026-03-18,KEAP1 complexed to cyclic peptide 34,2.334,0.2083,2,2,A;B,,GOL;CL;NA;HOH,0,,,,,,,A1I4F;A1I8R;A1JAK;ABA;ASN,,NA,GOL;CL;HOH,EXCLUDE,no_druglike_organic_ligand;multiple_protein_chains_2;metal_present
911,9QDU,2026-03-18,KEAP1 complexed to cyclic peptide 30,2.35,0.195,2,2,A;B,,FMT;CL;NA;HOH,0,,,,,,,A1I4F;A1I8Q;A1I8R;ABA;N9P,,NA,FMT;CL;HOH,EXCLUDE,no_druglike_organic_ligand;multiple_protein_chains_2;metal_present
912,9QDW,2026-03-18,Crystal structure of human PLA2G5 in complex with a SMOL inhibitor (compound 1),2.49,0.31969,1,2,A;B,,A1I5M;CA;CL;HOH,1,A1I5M,A1I5M,4-[4-(trifluoromethyl)phenoxy]piperidine-1-carboxamide,C13 H15 F3 N2 O2,288.266,20,,,CA,CL;HOH,RESERVE,r_free_above_0.28;multiple_protein_chains_2;metal_present
913,9QDY,2026-03-18,GID4 in complex with Compound 9,2.1,0.25414,1,1,A,,A1I6B;HOH,1,A1I6B,A1I6B,~{N}-[3-fluoranyl-5-(5-methylfuran-2-yl)phenyl]-4-methyl-piperidine-1-carboximidamide,C18 H22 F N3 O,315.385,23,,,,HOH,INCLUDE,
914,9QDZ,2026-03-18,GID4 in complex with Compound 14,1.8,0.24357,1,1,A,,A1I6F;GOL;HOH,1,A1I6F,A1I6F,"~{N}-[3-fluoranyl-5-(5-methyl-4-piperidin-1-ylcarbonyl-furan-2-yl)phenyl]-4,4-dimethyl-piperidine-1-carboximidamide",C25 H33 F N4 O2,440.554,32,,,,GOL;HOH,INCLUDE,
915,9RGK,2026-03-18,Human Transthyretin I107V Mutant,1.7,0.2175,1,2,A;B,,GOL;HOH,0,,,,,,,,,,GOL;HOH,EXCLUDE,no_druglike_organic_ligand;multiple_protein_chains_2
916,9RRY,2026-03-18,Crystal structure of the human METTL3-METTL14 in complex with compound 1 (AD-79),1.91,0.2508,2,2,A;B,,A1JJA;ACT;HOH,1,A1JJA,A1JJA,"8-[4-[(4,4-dimethylpiperidin-1-yl)methyl]phenyl]-2-[6-(methylamino)pyrimidin-4-yl]-2,5,8-triazaspiro[3.5]nonan-6-one",C25 H35 N7 O,449.592,33,,,,ACT;HOH,RESERVE,multiple_protein_chains_2
917,9RS0,2026-03-18,Crystal structure of the human METTL3-METTL14 in complex with compound 2 (T148),2.0,0.2407,2,2,A;B,,A1JI8;ACT;HOH,1,A1JI8,A1JI8,"4-[[[4-[(4,4-dimethylpiperidin-1-yl)methyl]-2-oxidanyl-phenyl]amino]methyl]-1-[6-[(phenylmethyl)amino]pyrimidin-4-yl]piperidin-4-ol",C31 H42 N6 O2,530.704,39,,,,ACT;HOH,RESERVE,multiple_protein_chains_2
918,9RS1,2026-03-18,Crystal structure of the human METTL3-METTL14 in complex with compound 2 (T148),1.73,0.2198,2,2,A;B,,SAH;ACT;A1JI8;HOH,1,A1JI8,A1JI8,"4-[[[4-[(4,4-dimethylpiperidin-1-yl)methyl]-2-oxidanyl-phenyl]amino]methyl]-1-[6-[(phenylmethyl)amino]pyrimidin-4-yl]piperidin-4-ol",C31 H42 N6 O2,530.704,39,,SAH,,ACT;HOH,RESERVE,multiple_protein_chains_2;cofactor_present
919,9RS3,2026-03-18,Crystal structure of the human METTL3-METTL14 in complex with compound 3,2.11,0.2353,2,2,A;B,,SAH;ACT;MG;CL;A1JI7;HOH,1,A1JI7,A1JI7,"4-[[[4-[(4,4-dimethylpiperidin-1-yl)methyl]-2-oxidanyl-phenyl]amino]methyl]-1-(4-phenylmethoxypyridin-2-yl)piperidin-4-ol",C32 H42 N4 O3,530.701,39,,SAH,MG,ACT;CL;HOH,RESERVE,multiple_protein_chains_2;cofactor_present;metal_present
920,9S9Q,2026-03-18,Crystal structure of p53 cancer mutant Y220N in complex with rezatapopt,1.87,0.242505439253,1,2,A;B,,ZN;A1JMR;EDO;PEG;HOH,1,A1JMR,A1JMR,"4-[3-[4-[[(3~{S},4~{R})-3-fluoranyl-1-methyl-piperidin-4-yl]amino]-1-[2,2,2-tris(fluoranyl)ethyl]indol-2-yl]prop-2-ynylamino]-3-methoxy-~{N}-methyl-benzamide",C28 H31 F4 N5 O2,545.572,39,,,ZN,EDO;PEG;HOH,RESERVE,multiple_protein_chains_2;metal_present
921,9SBB,2026-03-18,Monoclonal Antibodies from COVID-19 Convalescent Patients Target Cryptic Epitopes for Universal SARS-CoV-2 Neutralization,2.12,0.2302,3,3,H;L;R,,GOL;PEG;LI;NAG;HOH,0,,,,,,,ASN;NAG,,,GOL;PEG;LI:no_carbon;NAG;HOH,EXCLUDE,no_druglike_organic_ligand;multiple_protein_chains_3
922,9SCV,2026-03-18,Human bisphosphoglycerate mutase (hBPGM) complexed with citrate.,1.9,0.225,1,4,A;B;C;D,,CIT;EDO;ACT;GOL;HOH,0,,,,,,,,,,CIT;EDO;ACT;GOL;HOH,EXCLUDE,no_druglike_organic_ligand;multiple_protein_chains_4
923,9SCX,2026-03-18,The R90C clinical variant of human bisphosphoglycerate mutase (hBPGM).,2.35,0.2759,1,4,A;B;C;D,,GOL;EDO;HOH,0,,,,,,,,,,GOL;EDO;HOH,EXCLUDE,no_druglike_organic_ligand;multiple_protein_chains_4
924,9SCY,2026-03-18,The R90H clinical variant of human bisphosphoglycerate mutase (hBPGM),2.0,0.2245,1,4,A;B;C;D,,CIT;EDO;HOH,0,,,,,,,,,,CIT;EDO;HOH,EXCLUDE,no_druglike_organic_ligand;multiple_protein_chains_4
925,9SD0,2026-03-18,The Q102K clinical variant of human bisphosphoglycerate mutase (hBPGM).,1.65,0.209,1,2,A;B,,GOL;EDO;HOH,0,,,,,,,,,,GOL;EDO;HOH,EXCLUDE,no_druglike_organic_ligand;multiple_protein_chains_2
926,9SD1,2026-03-18,The R62Q clinical variant of human bisphosphoglycerate mutase (hBPGM).,2.5,0.2636,1,4,A;B;C;D,,PEG;EDO;HOH,0,,,,,,,,,,PEG;EDO;HOH,EXCLUDE,no_druglike_organic_ligand;multiple_protein_chains_4
927,9SUY,2026-03-18,"TPX2 7-20 fused to Aurora-A residues 116-389, covalently modified on Cys290 by F104 (7-((perfluorophenyl)sulfonyl)-3-(trifluoromethyl)-5,6,7,8-tetrahydro-[1,2,4]triazolo[4,3-a]pyrazine)",2.27,0.2506,1,1,A,,MG;ADP;A1JQV;GOL;PGE;MES;HOH,1,A1JQV,A1JQV,"7-[2,3,5,6-tetrakis(fluoranyl)phenyl]sulfonyl-3-(trifluoromethyl)-6,8-dihydro-5~{H}-[1,2,4]triazolo[4,3-a]pyrazine",C12 H7 F7 N4 O2 S,404.263,26,A1JQV;CYS,ADP,MG,GOL;PGE;MES;HOH,EXCLUDE,candidate_may_be_covalent;cofactor_present;metal_present
928,9W11,2026-03-18,Crystal Structure of the ER-alpha Ligand-binding Domain (Y537S) in Complex with beta-zearalenol,1.83,0.22573,1,2,A;B,,ZHB;PEG;SO4;EDO;HOH,1,ZHB,ZHB,"(3S,7S,11E)-7,14,16-trihydroxy-3-methyl-3,4,5,6,7,8,9,10-octahydro-1H-2-benzoxacyclotetradecin-1-one",C18 H24 O5,320.38,23,,,,PEG;SO4;EDO;HOH,RESERVE,multiple_protein_chains_2
929,9W12,2026-03-18,Crystal Structure of the ER-alpha Ligand-binding Domain (Y537S) in Complex with ZOL-P,1.75,0.19661,1,2,A;B,,A1ET8;PEG;EDO;SO4;HOH,1,A1ET8,A1ET8,"(4S,8S,11S,12E)-4-methyl-8,11,16,18-tetrakis(oxidanyl)-3-oxabicyclo[12.4.0]octadeca-1(14),12,15,17-tetraen-2-one",C18 H24 O6,336.38,24,,,,PEG;EDO;SO4;HOH,RESERVE,multiple_protein_chains_2
930,9W13,2026-03-18,Crystal Structure of the ER-alpha Ligand-binding Domain (Y537S) in Complex with ZEN-P,2.05,0.22396,1,2,A;B,,A1ET9;PEG;SO4;EDO;HOH,1,A1ET9,A1ET9,"(4S,6R,12E)-4-methyl-6,16,18-tris(oxidanyl)-3-oxabicyclo[12.4.0]octadeca-1(14),12,15,17-tetraene-2,8-dione",C18 H22 O6,334.364,24,,,,PEG;SO4;EDO;HOH,RESERVE,multiple_protein_chains_2
931,9YSF,2026-03-18,Crystal structure of EEPD1 EEP domain dimer with Mg(II),1.59,0.2043,1,1,A,,EDO;TRS;MG;CL;HOH,0,,,,,,,,,MG,EDO;TRS;CL;HOH,EXCLUDE,no_druglike_organic_ligand;metal_present
932,9YXY,2026-03-18,Crystal structure of EEPD1 EEP domain dimer at pH 5.5,2.0,0.2323,1,2,A;B,,GOL;EDO;IMD;HOH,0,,,,,,,,,,GOL;EDO;IMD:heavy_atoms_5;HOH,EXCLUDE,no_druglike_organic_ligand;multiple_protein_chains_2
933,9Z1L,2026-03-18,Structure of KIT V654A mutant with Compound 1,1.543,0.2062,1,1,A,,MRD;A1CZZ;HOH,1,A1CZZ,A1CZZ,"N~2~-methyl-N~4~-{(5P)-5-(1-methyl-1H-pyrazol-4-yl)-4-[(propan-2-yl)oxy]pyridin-2-yl}pyrimidine-2,4-diamine",C17 H21 N7 O,339.395,25,,,,MRD:heavy_atoms_8;HOH,INCLUDE,
934,9Z2S,2026-03-18,Structure of KIT V654A mutant with Compound 11,2.1,0.22993,1,1,A,,DMS;EDO;A1CZ3;HOH,1,A1CZ3,A1CZ3,6-[(6-amino-2-cyclopropylpyrimidin-4-yl)amino]-N-methyl-4-[(propan-2-yl)amino]pyridine-3-carboxamide,C17 H23 N7 O,341.411,25,,,,DMS;EDO;HOH,INCLUDE,
935,10KZ,2026-03-11,N-Alkyl & N-Aryl Aminopyrazole Spirocarbamates: A Two-Pronged Lead Optimization Strategy to Identify Orally Bioavailable Plasma Kallikrein Inhibitors,1.78,0.197,1,1,A,,A1C6O;HOH,1,A1C6O,A1C6O,"(3'R)-1'-(1-benzyl-1H-pyrazole-4-carbonyl)-6-chloro-5-fluorospiro[[3,1]benzoxazine-4,3'-piperidin]-2(1H)-one",C23 H20 Cl F N4 O3,454.881,32,,,,HOH,INCLUDE,
936,10LR,2026-03-11,"N-Alkyl &amp; N-Aryl Aminopyrazole Spirocarbamates: A Two-Pronged Lead Optimization Strategy to Identify Orally Bioavailable PlasmaKallikrein Inhibitors complex with Compound 4 ((3'R)-1'-(5-amino-1-benzyl-1H-pyrazole-4-carbonyl)-6-chloro-5-fluorospiro[[3,1]benzoxazine-4,3'-piperidin]-2(1H)-one)",1.583,0.261,1,1,A,,MES;A1C6Q;NAG;HOH,1,A1C6Q,A1C6Q,"(3'R)-1'-(5-amino-1-benzyl-1H-pyrazole-4-carbonyl)-6-chloro-5-fluorospiro[[3,1]benzoxazine-4,3'-piperidin]-2(1H)-one",C23 H21 Cl F N5 O3,469.896,33,ASN;NAG,,,MES;NAG;HOH,INCLUDE,
937,10MW,2026-03-11,"N-Alkyl &amp; N-Aryl Aminopyrazole Spirocarbamates: A Two-Pronged Lead Optimization Strategy to Identify Orally Bioavailable Plasma Kallikrein Inhibitors compound 25 ((3'R)-1'-{(1P)-5-amino-1-[2-(trifluoromethoxy)phenyl]-1H-pyrazole-4-carbonyl}-6-chloro-5-fluorospiro[[3,1]benzoxazine-4,3'-piperidin]-2(1H)-one)",1.62,0.234,1,1,A,,MES;A1C6Z;NAG;HOH,1,A1C6Z,A1C6Z,"(3'R)-1'-{(1P)-5-amino-1-[2-(trifluoromethoxy)phenyl]-1H-pyrazole-4-carbonyl}-6-chloro-5-fluorospiro[[3,1]benzoxazine-4,3'-piperidin]-2(1H)-one",C23 H18 Cl F4 N5 O4,539.867,37,ASN;NAG,,,MES;NAG;HOH,INCLUDE,
938,10QS,2026-03-11,"N-Alkyl &amp; N-Aryl Aminopyrazole Spirocarbamates: A Two-Pronged Lead Optimization Strategy to Identify Orally Bioavailable Plasma Kallikrein Inhibitors Compound 13 ((3'R)-1'-{5-amino-1-[(2S)-1,1,1-trifluorobutan-2-yl]-1H-pyrazole-4-carbonyl}-6-chloro-5-fluorospiro[[3,1]benzoxazine-4,3'-piperidin]-2(1H)-one)",1.733,0.2592,1,1,A,,MES;A1C7M;HOH,1,A1C7M,A1C7M,"(3'R)-1'-{5-amino-1-[(2S)-1,1,1-trifluorobutan-2-yl]-1H-pyrazole-4-carbonyl}-6-chloro-5-fluorospiro[[3,1]benzoxazine-4,3'-piperidin]-2(1H)-one",C20 H20 Cl F4 N5 O3,489.851,33,,,,MES;HOH,INCLUDE,
939,21JX,2026-03-11,Crystal structure of compound 1 bound to human Nicotinamide N-methyltransferase,2.34,0.27321,1,4,A;B;C;D,,A1MC7;HOH,1,A1MC7,A1MC7,"(3~{S})-1-(2-pyridin-2-ylethyl)-~{N}-(1,3-thiazol-2-yl)piperidine-3-carboxamide",C16 H20 N4 O S,316.421,22,,,,HOH,RESERVE,multiple_protein_chains_4
940,21NJ,2026-03-11,Crystal structure of compound 10 bound to human Nicotinamide N-methyltransferase,2.26,0.26673,1,2,A;B,,A1MDA;HOH,1,A1MDA,A1MDA,"(3~{S})-~{N}-(2-oxidanylidene-3~{H}-1,3-benzothiazol-7-yl)-1-(2-pyridin-2-ylethyl)piperidine-3-carboxamide",C20 H22 N4 O2 S,382.479,27,,,,HOH,RESERVE,multiple_protein_chains_2
941,21NL,2026-03-11,Crystal structure of compound 12 bound to human Nicotinamide N-methyltransferase,2.01,0.24772,1,2,A;B,,A1MDB;HOH,1,A1MDB,A1MDB,"3-[[[(1~{R},3~{S})-3-(1,3-thiazol-2-ylcarbamoyl)cyclohexyl]amino]methyl]benzamide",C18 H22 N4 O2 S,358.458,25,,,,HOH,RESERVE,multiple_protein_chains_2
942,22MJ,2026-03-11,Crystal structure of human INPP5K with an allosteric inhibitor reveals the structural basis for species specific potency,1.9,0.2462,1,1,A,,EDO;MLI;A1MDP;HOH,1,A1MDP,A1MDP,2-benzamido-4-phenyl-5-propan-2-yl-thiophene-3-carboxylic acid,C21 H19 N O3 S,365.445,26,,,,EDO;MLI:heavy_atoms_7;HOH,INCLUDE,
943,22TG,2026-03-11,Crystal Structure of MYST histone acetyltransferase KAT6A in complex with Compound 20,2.4,0.3725,1,2,A;C,,A1MDU;HOH,1,A1MDU,A1MDU,"2,6-dimethoxy-~{N}-[4-(pyrazol-1-ylmethyl)-2,3-dihydrofuro[2,3-e][1,2]benzoxazol-8-yl]benzenesulfonamide",C21 H20 N4 O6 S,456.472,32,ALY;HIS;THR,,,HOH,EXCLUDE,r_free_above_0.35;multiple_protein_chains_2
944,28MR,2026-03-11,X-ray structure of the adduct between human serum transferrin with Fe3+ bound at the C-lobe and diruthenium tetraacetate chloride,2.262,0.2344,1,1,A,,FE;MLI;GOL;ACT;RU;CL;HOH,0,,,,,,,,,FE,MLI:heavy_atoms_7;GOL;ACT;RU:no_carbon;CL;HOH,EXCLUDE,no_druglike_organic_ligand;metal_present
945,28MS,2026-03-11,X-ray structure of the adduct between human serum transferrin with Fe3+ bound at the C-lobe and dirhodium tetraacetate,2.37,0.2443,1,1,A,,FE;MLI;ACT;PEG;GOL;A1JZ3;HOH,1,A1JZ3,A1JZ3,Rhodium tetraacetate dihydrate,C8 H14 O10 Rh2 4,476.002,20,,,FE,MLI:heavy_atoms_7;ACT;PEG;GOL;HOH,RESERVE,metal_present
946,9GK0,2026-03-11,Human SMUG1 in complex with uracil,0.95,0.1457,1,1,A,,URA;DMS;HOH,0,,,,,,,,,,URA:heavy_atoms_8;DMS;HOH,EXCLUDE,no_druglike_organic_ligand
947,9LHP,2026-03-11,"Crystal structure of human thymine DNA glycosylase TDG in complex with a covalent inhibitor (1S, 5R)-C-2711",2.14,0.2426,2,2,A;B,,A1LYG;HOH,1,A1LYG,A1LYG,"(1~{S},2~{S})-2-[(2-methoxy-5-methyl-4-oxidanyl-phenyl)methyl]cyclopropane-1-carboxylic acid",C13 H16 O4,236.264,17,,,,HOH,RESERVE,multiple_protein_chains_2
948,9LRO,2026-03-11,The crystal structure of PDE4D with T3700,2.2000069689,0.246464038905,1,2,A;B,,ZN;MG;A1ELI;SO4;HOH,1,A1ELI,A1ELI,"6-bromanyl-3-(1-methylpyrazol-4-yl)-5-[(3~{S})-piperidin-3-yl]pyrazolo[1,5-a]pyrimidin-7-amine",C15 H18 Br N7,376.254,23,,,ZN;MG,SO4;HOH,RESERVE,multiple_protein_chains_2;metal_present
949,9LRP,2026-03-11,The crystal structure of PDE4D with 13c,2.10000722163,0.262873416595,1,2,A;B,,ZN;MG;A1ELB;HOH,1,A1ELB,A1ELB,"4-[[7-azanyl-6-bromanyl-3-(1-methylpyrazol-4-yl)pyrazolo[1,5-a]pyrimidin-5-yl]amino]-~{N}-oxidanyl-butanamide",C14 H17 Br N8 O2,409.241,25,,,ZN;MG,HOH,RESERVE,multiple_protein_chains_2;metal_present
950,9NCY,2026-03-11,Fab1392 in complex with the C-terminal alpha-TSR domain of the P. falciparum circumsporozoite protein,1.63,0.1943,3,3,A;H;L,,PEG;GOL;SO4;HOH,0,,,,,,,,,,PEG;GOL;SO4;HOH,EXCLUDE,no_druglike_organic_ligand;multiple_protein_chains_3
951,9NDU,2026-03-11,Crystal Structure of Ferric Human ADO C18S/C239S Variant in Complex with Hydralazine at 1.98 Angstrom Resolution,1.98,0.2641,1,2,A;B,,FE;HLZ;SO4;GOL;HOH,1,HLZ,HLZ,1-hydrazinophthalazine,C8 H8 N4,160.176,12,,,FE,SO4;GOL;HOH,RESERVE,multiple_protein_chains_2;metal_present
952,9NLR,2026-03-11,Crystal structure of human glutamine synthetase in complex with ADP and phosphate,2.3,0.2151,1,20,A;B;C;D;E;F;G;H;I;J;K;L;M;N;O;P;Q;R;S;T,,ADP;MN;PO4;NA;HOH,0,,,,,,,,ADP,MN;NA,PO4;HOH,EXCLUDE,no_druglike_organic_ligand;multiple_protein_chains_20;cofactor_present;metal_present
953,9NM5,2026-03-11,Crystal structure of human glutamine synthetase in complex with ADP and phosphinothricin phosphate,1.85,0.1594,2,10,A;B;C;D;E;F;G;H;I;J,,ADP;MN;P3P;MPD;CL;HOH,1,P3P,P3P,(2S)-2-AMINO-4-[METHYL(PHOSPHONOOXY)PHOSPHORYL]BUTANOIC ACID,C5 H13 N O7 P2,261.107,15,CSO;LYS;VAL,ADP,MN,MPD;CL;HOH,RESERVE,multiple_protein_chains_10;cofactor_present;metal_present
954,9PIZ,2026-03-11,"Structure of KRAS-G12C bound to 1-[(4aR,10P,13R)-10-[5-amino-4-fluoro-3-methyl-2-(trifluoromethyl)phenyl]-11-chloro-9-fluoro-1,2,4a,5-tetrahydropyrazino[1',2':4,5][1,4]oxazino[2,3-c]quinolin-3(4H)-yl]prop-2-en-1-one (compound 15)",1.94,0.2182,3,3,A;H;I,,MG;GDP;A1CII;PEG;GOL;DMS;ACT;HOH,1,A1CII,A1CII,"1-[(4aR,10P,13R)-10-[5-amino-4-fluoro-3-methyl-2-(trifluoromethyl)phenyl]-11-chloro-9-fluoro-1,2,4a,5-tetrahydropyrazino[1',2':4,5][1,4]oxazino[2,3-c]quinolin-3(4H)-yl]prop-2-en-1-one",C25 H20 Cl F5 N4 O2,538.897,37,A1CII;CYS,GDP,MG,PEG;GOL;DMS;ACT;HOH,EXCLUDE,candidate_may_be_covalent;multiple_protein_chains_3;cofactor_present;metal_present
955,9PZF,2026-03-11,Structure of KRAS G12C bound to Compound 4,1.84,0.2042,1,2,A;B,,A1CQ2;GDP;MG;HOH,1,A1CQ2,A1CQ2,1-(4-{(7M)-7-[6-amino-3-(trifluoromethyl)pyridin-2-yl]-6-chloroquinazolin-4-yl}piperazin-1-yl)propan-1-one,C21 H20 Cl F3 N6 O,464.871,32,A1CQ2;CYS,GDP,MG,HOH,EXCLUDE,candidate_may_be_covalent;multiple_protein_chains_2;cofactor_present;metal_present
956,9PZY,2026-03-11,Structure of KRAS G12C bound to Divarasib (GDC6036),2.17,0.2117,1,2,A;B,,GDP;MG;DMS;EDO;A1AWR;PEG;HOH,1,A1AWR,A1AWR,1-{(3S)-4-[(7M)-7-[6-amino-4-methyl-3-(trifluoromethyl)pyridin-2-yl]-6-chloro-8-fluoro-2-{[(2S)-1-methylpyrrolidin-2-yl]methoxy}quinazolin-4-yl]-3-methylpiperazin-1-yl}propan-1-one,C29 H34 Cl F4 N7 O2,624.073,43,A1AWR;CYS,GDP,MG,DMS;EDO;PEG;HOH,EXCLUDE,candidate_may_be_covalent;multiple_protein_chains_2;cofactor_present;metal_present
957,9Q8D,2026-03-11,CRYSTAL STRUCTURE OF HUMAN MONOGLYCERIDE LIPASE WITH LIGAND,1.54,0.2185,1,1,A,,A1I4L;EDO;HOH,1,A1I4L,A1I4L,"(4~{a}~{R},8~{a}~{S})-6-[[6-[[2,4-bis(fluoranyl)phenyl]methyl]-2-azaspiro[3.3]heptan-2-yl]carbonyl]-4,4~{a},5,7,8,8~{a}-hexahydropyrido[4,3-b][1,4]oxazin-3-one",C21 H25 F2 N3 O3,405.438,29,,,,EDO;HOH,INCLUDE,
958,9QBU,2026-03-11,Crystal structure of WRN in complex with (S)-27 (GSK5819992),2.1,0.24943,1,2,A;B,,A1I5L;EDO;ZN;HOH,1,A1I5L,A1I5L,1-[(2~{S})-2-(2-azaspiro[3.3]heptan-2-ylcarbonyl)-4-[2-[4-(trifluoromethyl)phenyl]ethanoyl]piperazin-1-yl]propan-1-one,C23 H28 F3 N3 O3,451.482,32,A1I5L;CYS,,ZN,EDO;HOH,EXCLUDE,candidate_may_be_covalent;multiple_protein_chains_2;metal_present
959,9QBV,2026-03-11,Crystal structure of WRN in complex with (R)-11 (GSK4766470),2.15,0.25839,1,1,A,,A1I5F;EDO;ZN;HOH,1,A1I5F,A1I5F,1-[(2~{R})-2-methyl-4-[2-[4-(trifluoromethyl)phenyl]ethanoyl]piperazin-1-yl]propan-1-one,C17 H21 F3 N2 O2,342.356,24,A1I5F;CYS,,ZN,EDO;HOH,EXCLUDE,candidate_may_be_covalent;metal_present
960,9R1C,2026-03-11,Keap1 - inhibitor complex - 1,1.69,0.2017,1,1,A,,DMS;A1JB1;HOH,1,A1JB1,A1JB1,"2-[(4-methoxyphenyl)sulfonyl-[4-[(4-methoxyphenyl)sulfonyl-(1~{H}-1,2,3,4-tetrazol-5-ylmethyl)amino]naphthalen-1-yl]amino]ethanoic acid",C28 H26 N6 O8 S2,638.671,44,,,,DMS;HOH,INCLUDE,
961,9R1Z,2026-03-11,Keap1 - inhibitor complex - 3,1.5,0.1911,1,1,A,,A1JB1;EDO;HOH,1,A1JB1,A1JB1,"2-[(4-methoxyphenyl)sulfonyl-[4-[(4-methoxyphenyl)sulfonyl-(1~{H}-1,2,3,4-tetrazol-5-ylmethyl)amino]naphthalen-1-yl]amino]ethanoic acid",C28 H26 N6 O8 S2,638.671,44,,,,EDO;HOH,INCLUDE,
962,9S9L,2026-03-11,Crystal structure of p53 cancer mutant Y220C in complex with rezatapopt precursor,1.38,0.174151258199,1,2,A;B,,ZN;A1JMS;EDO;GOL;HOH,1,A1JMS,A1JMS,~{N}-[3-[1-ethyl-5-(methylaminomethyl)indol-2-yl]prop-2-ynyl]aniline,C21 H23 N3,317.427,24,,,ZN,EDO;GOL;HOH,RESERVE,multiple_protein_chains_2;metal_present
963,9S9M,2026-03-11,Crystal structure of p53 cancer mutant Y220C in complex with rezatapopt analog 7,1.83,0.225517227347,1,2,A;B,,A1JMO;EDO;ZN;HOH,1,A1JMO,A1JMO,"2-[3-[(4-dimethylphosphorylphenyl)amino]prop-1-ynyl]-~{N}-(1-methylpiperidin-4-yl)-1-[2,2,2-tris(fluoranyl)ethyl]indol-4-amine",C27 H32 F3 N4 O P,516.538,36,,,ZN,EDO;HOH,RESERVE,multiple_protein_chains_2;metal_present
964,9S9N,2026-03-11,Crystal structure of p53 cancer mutant Y220C in complex with rezatapopt analog 8,1.72,0.206884372623,1,2,A;B,,A1JMP;EDO;ZN;HOH,1,A1JMP,A1JMP,"1-~{tert}-butyl-~{N}-[[3-[4-[[(3~{S},4~{R})-3-fluoranyl-1-methyl-piperidin-4-yl]amino]-1-[2,2,2-tris(fluoranyl)ethyl]indol-2-yl]-1,2,4-oxadiazol-5-yl]methyl]pyrazole-4-carboxamide",C27 H32 F4 N8 O2,576.589,41,,,ZN,EDO;HOH,RESERVE,multiple_protein_chains_2;metal_present
965,9S9O,2026-03-11,Crystal structure of p53 cancer mutant Y220C in complex with rezatapopt,1.49,0.185601878509,1,2,A;B,,ZN;A1JMR;EDO;HOH,1,A1JMR,A1JMR,"4-[3-[4-[[(3~{S},4~{R})-3-fluoranyl-1-methyl-piperidin-4-yl]amino]-1-[2,2,2-tris(fluoranyl)ethyl]indol-2-yl]prop-2-ynylamino]-3-methoxy-~{N}-methyl-benzamide",C28 H31 F4 N5 O2,545.572,39,,,ZN,EDO;HOH,RESERVE,multiple_protein_chains_2;metal_present
966,9S9P,2026-03-11,Crystal structure of p53 cancer mutant Y220S in complex with rezatapopt,1.4,0.188399780399,1,2,A;B,,ZN;A1JMR;EDO;NO3;HOH,1,A1JMR,A1JMR,"4-[3-[4-[[(3~{S},4~{R})-3-fluoranyl-1-methyl-piperidin-4-yl]amino]-1-[2,2,2-tris(fluoranyl)ethyl]indol-2-yl]prop-2-ynylamino]-3-methoxy-~{N}-methyl-benzamide",C28 H31 F4 N5 O2,545.572,39,,,ZN,EDO;NO3;HOH,RESERVE,multiple_protein_chains_2;metal_present
967,9S9R,2026-03-11,Crystal structure of p53 cancer mutant Y220N,1.7,0.228646175854,1,2,A;B,,ZN;EDO;HOH,0,,,,,,,,,ZN,EDO;HOH,EXCLUDE,no_druglike_organic_ligand;multiple_protein_chains_2;metal_present
968,9SYI,2026-03-11,Crystal structure of TEAD4 in complex with compound 9,2.102,0.2455,1,2,A;B,,U3O;A1ICN;PO4;HOH,2,U3O;A1ICN,,,,,,,,,PO4;HOH,MANUAL_REVIEW,multiple_candidate_ligands;multiple_protein_chains_2
969,9SYN,2026-03-11,Crystal structure of TEAD4 in complex with Vgll1-peptide and IAG933,1.3,0.2329,2,2,A;B,,MYR;WCF;HOH,2,MYR;WCF,,,,,,ASN;LYS;MYR;NH2,,,HOH,MANUAL_REVIEW,multiple_candidate_ligands;multiple_protein_chains_2
970,9T09,2026-03-11,X-ray structure of the catalytic domain of CDC25B C473S at 1.34 angstrom resolution,1.34,0.17544,1,1,A,,SO4;CL;ZN;GOL;HOH,0,,,,,,,,,ZN,SO4;CL;GOL;HOH,EXCLUDE,no_druglike_organic_ligand;metal_present
971,9T0A,2026-03-11,X-ray structure of the complex between the catalytic domain of CDC25B C473S and 3-O-methylfluorescein phosphate (3-OMFP),2.04,0.21425,1,1,A,,A1JSQ;A1JSP;CL;HOH,2,A1JSQ;A1JSP,,,,,,,,,CL;HOH,MANUAL_REVIEW,multiple_candidate_ligands
972,9T0H,2026-03-11,NCS-1 bound to a FDA-approved drug,1.91,0.2545,1,1,B,,CA;PEG;P6G;H9F;EOH;NA;HOH,2,P6G;H9F,,,,,,,,CA;NA,PEG;EOH;HOH,MANUAL_REVIEW,multiple_candidate_ligands;metal_present
973,9TOY,2026-03-11,Investigating the binding mechanism of Interferon Regulatory Factor 4 to DNA in the context of Multiple Myeloma,2.1,0.2578,1,4,A;B;D;F,,CA;HOH,0,,,,,,,,,CA,HOH,EXCLUDE,no_druglike_organic_ligand;multiple_protein_chains_4;metal_present
974,9U19,2026-03-11,Crystal structure of the NKX2.1 homeodomain in complex with a 12-bp DNA duplex containing a CACG motif variant,1.18,0.2113,1,2,C;F,,MG;HOH,0,,,,,,,,,MG,HOH,EXCLUDE,no_druglike_organic_ligand;multiple_protein_chains_2;metal_present
975,9W47,2026-03-11,Structure of protein O-glucosyltransferase 2 with UDP,1.79,0.2328,1,1,A,,UDP;GOL;HOH,0,,,,,,,,UDP,,GOL;HOH,EXCLUDE,no_druglike_organic_ligand;cofactor_present
976,9WA7,2026-03-11,Crystal Structure of Human NFIX in Complex with TGGCA(N3)TGCCA Palindromic DNA,2.31,0.258,1,1,A,,ZN;HOH,0,,,,,,,,,ZN,HOH,EXCLUDE,no_druglike_organic_ligand;metal_present
977,9YXD,2026-03-11,Crystal structure of recombinant human follicle stimulating hormone in complex with an anti-FSH alpha Fab,2.29,0.2351,5,5,A;B;C;D;K,,NAG;BTB;GOL;HOH,1,BTB,BTB,"2-[BIS-(2-HYDROXY-ETHYL)-AMINO]-2-HYDROXYMETHYL-PROPANE-1,3-DIOL",C8 H19 N O5,209.24,14,NAG,,,NAG;GOL;HOH,RESERVE,multiple_protein_chains_5
978,10JT,2026-03-04,"CRYSTAL STRUCTURE OF KIRSTEN RAT SARCOMA G12C COMPLEXED WITH GMPPNP AND COVALENTLY BOUND TO 1-[(2R,3R)-3-{[(7P)-7-(8-ethynyl-7-fluoronaphthalen-1-yl)-8-fluoro-2-{ [(2R,4R,7aS)-2-fluorotetrahydro-1H-pyrrolizin-7a(5H)-yl]methoxy}pyrido[4,3-d] pyrimidin-4-yl](methyl)amino}-2-methylpyrrolidin-1-yl]-3-(pyrazin-2-yl)propan-1-one",1.489,0.2268,1,2,A;B,,GDP;A1C5K;CA;HOH,1,A1C5K,A1C5K,"1-[(2R,3R)-3-{[(7P)-7-(8-ethynyl-7-fluoronaphthalen-1-yl)-8-fluoro-2-{[(2R,4R,7aS)-2-fluorotetrahydro-1H-pyrrolizin-7a(5H)-yl]methoxy}pyrido[4,3-d]pyrimidin-4-yl](methyl)amino}-2-methylpyrrolidin-1-yl]-3-(pyrazin-2-yl)propan-1-one",C40 H39 F3 N8 O2,720.785,53,A1C5K;CYS,GDP,CA,HOH,EXCLUDE,candidate_may_be_covalent;multiple_protein_chains_2;cofactor_present;metal_present
979,22RB,2026-03-04,Phosphoglycerate mutase 1 complexed with a novel scaffold inhibitor,1.75,0.2049,1,2,B;C,,GOL;CL;A1E4N;MES;HOH,1,A1E4N,A1E4N,"4-(4-chlorophenyl)-2-[[4-(3,6-dihydro-2~{H}-pyran-4-yl)phenyl]sulfonylamino]benzoic acid",C24 H20 Cl N O5 S,469.937,32,,,,GOL;CL;MES;HOH,RESERVE,multiple_protein_chains_2
980,28VP,2026-03-04,GAL-3 protein with lactose,1.52,0.2447,1,1,A,,IOD;HOH,0,,,,,,,GAL;GL0,,,IOD;HOH,EXCLUDE,no_druglike_organic_ligand
981,9GGS,2026-03-04,Human SMUG1,1.38,0.173,1,1,A,,BCN;PEG;HOH,1,BCN,BCN,BICINE,C6 H13 N O4,163.172,11,,,,PEG;HOH,INCLUDE,
982,9GHR,2026-03-04,Crystal Structure of EGFR-WT in Complex with Covalent Compound 10n,2.1,0.2017,1,1,A,,A1ILN;MES;HOH,1,A1ILN,A1ILN,(~{N}~{E})-2-isoquinolin-4-yl-~{N}-[3-[(3~{R})-1-propanoylazepan-3-yl]-1~{H}-benzimidazol-2-ylidene]pyridine-4-carboxamide,C31 H30 N6 O2,518.609,39,A1ILN;CYS,,,MES;HOH,EXCLUDE,candidate_may_be_covalent
983,9GHU,2026-03-04,Crystal Structure of EGFR-WT in Complex with Covalent Compound 10f,2.25,0.2184,1,1,A,,A1ILK;MES;HOH,1,A1ILK,A1ILK,"(~{N}~{E})-2-(1,3-dimethylpyrazol-4-yl)-~{N}-[3-[(3~{R})-1-propanoylazepan-3-yl]-1~{H}-benzimidazol-2-ylidene]pyridine-4-carboxamide",C27 H31 N7 O2,485.581,36,A1ILK;CYS,,,MES;HOH,EXCLUDE,candidate_may_be_covalent
984,9GHV,2026-03-04,Crystal Structure of EGFR-WT in Complex with Covalent Compound 13,2.5,0.2131,1,1,A,,A1ILI;MES;HOH,1,A1ILI,A1ILI,2-[[2-(1-methylpyrazol-4-yl)pyridin-4-yl]carbonylamino]-1-[(3~{R})-1-propanoylazepan-3-yl]-~{N}-prop-2-ynyl-benzimidazole-5-carboxamide,C30 H32 N8 O3,552.627,41,A1ILI;CYS,,,MES;HOH,EXCLUDE,candidate_may_be_covalent
985,9IFK,2026-03-04,Crystal structure of Kalirin/Rac1 in complex with DK-2,1.34,0.2347,2,2,A;B,,A1I32;HOH,1,A1I32,A1I32,2-chloranyl-~{N}-(2-oxidanylidene-1~{H}-quinolin-4-yl)ethanamide,C11 H9 Cl N2 O2,236.654,16,A1I32;CYS,,,HOH,EXCLUDE,candidate_may_be_covalent;multiple_protein_chains_2
986,9IG1,2026-03-04,Crystal structure of Kalirin/Rac1 in complex with DK-652,1.65,0.293,2,2,A;B,,A1I33;HOH,1,A1I33,A1I33,2-chloranyl-~{N}-(1-oxidanylidene-2~{H}-isoquinolin-7-yl)ethanamide,C11 H9 Cl N2 O2,236.654,16,A1I33;CYS,,,HOH,EXCLUDE,candidate_may_be_covalent;multiple_protein_chains_2
987,9IH9,2026-03-04,KEAP1 complexed to linear peptide 6,1.7,0.2029,4,6,A;B;C;X;Y;Z,,GOL;PEG;MG;EDO;CL;DHL;HOH,0,,,,,,,A1JAL;ABA;ASN;CME;CSO;CYS;DHL;GLU;ILE;MPT;TYR,,MG,GOL;PEG;EDO;CL;DHL:heavy_atoms_4;HOH,EXCLUDE,no_druglike_organic_ligand;multiple_protein_chains_6;metal_present
988,9LUW,2026-03-04,Enhancing Monodispersity and Thermal Stability of Human H-Ferritin for Improved Applications in Nanocarrier Systems,2.0,0.2092,1,8,A;B;C;D;E;F;G;H,,FE;HOH,0,,,,,,,,,FE,HOH,EXCLUDE,no_druglike_organic_ligand;multiple_protein_chains_8;metal_present
989,9LWY,2026-03-04,Crystal structure of human WDR5 in complex with compound 4,1.55,0.1905,1,1,A,,GOL;A1EMB;HOH,1,A1EMB,A1EMB,"4-[[2-(6-fluoranyl-2-methyl-pyridin-3-yl)-6-(5-methyl-1,3-thiazol-2-yl)pyridin-4-yl]methyl]-1-methyl-imidazol-2-amine",C20 H19 F N6 S,394.468,28,,,,GOL;HOH,INCLUDE,
990,9LZV,2026-03-04,Crystal structure of human glutaminyl cyclase in complex with Inhibitor M-42,2.33,0.2742,1,6,A;B;C;D;E;F,,ZN;A1EMG;HOH,1,A1EMG,A1EMG,"3-(1H-benzimidazol-5-yl)-5-[1-[2-(3,4-dimethoxyphenyl)ethanoyl]piperidin-4-yl]oxy-1H-benzimidazol-2-one",C29 H29 N5 O5,527.571,39,,,ZN,HOH,RESERVE,multiple_protein_chains_6;metal_present
991,9LZX,2026-03-04,Crystal structure of the OTU domain of OTULIN in complex with 11B6,2.0,0.2514,1,1,A,,A1EMF;HOH,1,A1EMF,A1EMF,"3-phenyl-5-prop-2-enylsulfanyl-4~{H}-1,2,4-triazole",C11 H11 N3 S,217.29,15,,,,HOH,INCLUDE,
992,9M1X,2026-03-04,X-ray structure of human heart fatty acid-binding protein at 0.80 A resolution (holo-FABP3),0.8,0.13993,1,1,A,,P6G;HOH,1,P6G,P6G,HEXAETHYLENE GLYCOL,C12 H26 O7,282.331,19,,,,HOH,INCLUDE,
993,9M22,2026-03-04,X-ray structure of human heart fatty acid-binding protein delipidated with Lipidex,0.8,0.14511,1,1,A,,P6G;HOH,1,P6G,P6G,HEXAETHYLENE GLYCOL,C12 H26 O7,282.331,19,,,,HOH,INCLUDE,
994,9M23,2026-03-04,FIH [Factor Inhibiting HIF (Hypoxia Inducible Factor)] in complex with Zn(II) and N-((4-(trifluoromethyl)phenyl)sulfonyl)picolinamide (SB133),2.16,0.226,1,1,A,,GOL;ZN;A1L8D;SO4;HOH,1,A1L8D,A1L8D,~{N}-[4-(trifluoromethyl)phenyl]sulfonylpyridine-2-carboxamide,C13 H9 F3 N2 O3 S,330.282,22,,,ZN,GOL;SO4;HOH,RESERVE,metal_present
995,9M2B,2026-03-04,X-ray structure of human heart fatty acid-binding protein (apo-FABP3),1.18,0.18808,1,2,A;B,,ACY;HOH,0,,,,,,,,,,ACY;HOH,EXCLUDE,no_druglike_organic_ligand;multiple_protein_chains_2
996,9M4M,2026-03-04,"Crystal structure of human DHODH in complex with Lapachol derivatives, 511-12",1.75,0.17603,1,1,A,,SO4;ACT;FMN;ORO;A1L8J;HOH,2,ORO;A1L8J,,,,,,,FMN,,SO4;ACT;HOH,MANUAL_REVIEW,multiple_candidate_ligands;cofactor_present
997,9M4O,2026-03-04,Crystal structure of human DHODH in complex with Lapachol,1.75,0.17077,1,1,A,,FMN;ORO;A1BIJ;SO4;ACT;HOH,2,ORO;A1BIJ,,,,,,,FMN,,SO4;ACT;HOH,MANUAL_REVIEW,multiple_candidate_ligands;cofactor_present
998,9NFS,2026-03-04,Structure of J-PKAc chimera in complex with Aplithianine j1,2.45,0.3335,2,4,A;B;C;D,,A1BX1,1,A1BX1,A1BX1,"(4P)-4-[4-(pyrimidin-4-yl)-3,4-dihydro-2H-1,4-thiazin-6-yl]-1H-pyrrolo[2,3-b]pyridine",C15 H13 N5 S,295.362,21,LEU;TPO;TRP,,,,RESERVE,r_free_above_0.28;multiple_protein_chains_4
999,9NIN,2026-03-04,The structure of human Vacuolar Protein Sorting 34 catalytic domain bound to RD-I-86,2.01,0.2117,1,1,A,,A1BYW;ACT;EDO;PEG;CL;K;HOH,1,A1BYW,A1BYW,"2-[(8R)-pyrazolo[1,5-a]pyrimidin-3-yl]-1,3-benzothiazol-6-ol",C13 H8 N4 O S,268.294,19,,,K,ACT;EDO;PEG;CL;HOH,RESERVE,metal_present
1000,9OCW,2026-03-04,A constitutively active construct of eukaryotic elongation factor 2 kinase,2.27,0.2567,1,1,A,,ADP;ZN;CA;MG;HOH,0,,,,,,,ILE;LYS;PHD;PRO;THR;TPO,ADP,ZN;CA;MG,HOH,EXCLUDE,no_druglike_organic_ligand;cofactor_present;metal_present
1001,9ON4,2026-03-04,Crystal structure of Zn2+ bound Calprotectin variant I73K,1.66,0.2212,2,16,A;B;C;D;E;F;G;H;IA;JA;KA;LA;MA;NA;OA;PA,,CA;ZN;CL;MG;HOH,0,,,,,,,,,CA;ZN;MG,CL;HOH,EXCLUDE,no_druglike_organic_ligand;multiple_protein_chains_16;metal_present
1002,9PCQ,2026-03-04,Phosphorylation of a Conserved Aspartate at the Eukaryotic Elongation Factor 2 Kinase Catalytic Site,2.3,0.2429,2,2,A;B00A,,ADP;MN;ZN;CA;HOH,0,,,,,,,ILE;LYS;PHD;PRO;THR;TPO,ADP,MN;ZN;CA,HOH,EXCLUDE,no_druglike_organic_ligand;multiple_protein_chains_2;cofactor_present;metal_present
1003,9QVU,2026-03-04,"Crystal structure of human lung surfactant protein D trimeric fragment with bound synthetic HepI-(1,5)-KdoI ligand",1.75,0.206,1,3,A;B;C,,CA;GMH;HOH,1,GMH,GMH,L-glycero-alpha-D-manno-heptopyranose,C7 H14 O7,210.182,14,,,CA,HOH,RESERVE,multiple_protein_chains_3;metal_present
1004,9QW2,2026-03-04,Crystal structure of human lung surfactant protein D trimeric fragment with bound synthetic HepII-HepI-PhosI ligand,1.92,0.2119,1,3,A;B;C,,CA;HOH,0,,,,,,,GM0;GMH,,CA,HOH,EXCLUDE,no_druglike_organic_ligand;multiple_protein_chains_3;metal_present
1005,9QW3,2026-03-04,Crystal structure of human lung surfactant protein D trimeric fragment with bound synthetic HepIII-HepII-HepI ligand,1.63,0.1991,1,3,A;B;C,,CA;A1JBO;HOH,1,A1JBO,A1JBO,"~{N}-[4-[2-[(2~{S},3~{S},4~{S},5~{R},6~{R})-6-[(1~{S})-1,2-bis(oxidanyl)ethyl]-4-[(2~{R},3~{S},4~{S},5~{S},6~{R})-6-[(1~{S})-1,2-bis(oxidanyl)ethyl]-3,4,5-tris(oxidanyl)oxan-2-yl]oxy-3,5-bis(oxidanyl)oxan-2-yl]oxyethyl]phenyl]-2,2,2-tris(fluoranyl)ethanamide",C24 H34 F3 N O14,617.52,42,GMH,,CA,HOH,RESERVE,multiple_protein_chains_3;metal_present
1006,9QW4,2026-03-04,Crystal structure of human lung surfactant protein D trimeric fragment with bound synthetic PhosII-HepII-HepI ligand,1.85,0.2008,1,3,A;B;C,,CA;A1JBS;GMH;HOH,2,A1JBS;GMH,,,,,,,,CA,HOH,MANUAL_REVIEW,multiple_candidate_ligands;multiple_protein_chains_3;metal_present
1007,9RXL,2026-03-04,SARS-CoV-2 nucleocapsid C-terminal domain in complex with BCY00018176,1.46,0.21449,2,4,A;B;C;D,,LFI;GOL;HOH,1,LFI,LFI,"1-[3,5-bis(3-bromanylpropanoyl)-1,3,5-triazinan-1-yl]-3-bromanyl-propan-1-one",C12 H18 Br3 N3 O3,492.002,21,ALA;CYS;LFI;NH2,,,GOL;HOH,EXCLUDE,candidate_may_be_covalent;multiple_protein_chains_4
1008,9S3N,2026-03-04,SARS-CoV-2 nucleocapsid N/C-terminal domain in complex with BCY17628,1.93,0.262,2,2,B;C,,KZ0;HOH,1,KZ0,KZ0,"2,4,6-tris(chloromethyl)-1,3,5-triazine",C6 H6 Cl3 N3,226.491,12,CYS;KZ0,,,HOH,EXCLUDE,candidate_may_be_covalent;multiple_protein_chains_2
1009,9UOH,2026-03-04,KRasG12C in complex with ASP2453,1.75,0.25868,1,1,A,,GDP;MG;A1L9E;SO4;HOH,1,A1L9E,A1L9E,ASP2453,C40 H48 F3 N7 O4,747.849,54,,GDP,MG,SO4;HOH,RESERVE,cofactor_present;metal_present
1010,9WH8,2026-03-04,Crystal Structure of Human STING bound to diABZI3,1.9,0.2625,1,1,B,,A1AZ0;HOH,1,A1AZ0,A1AZ0,"1-[(2E)-4-{5-carbamoyl-2-[(1-ethyl-3-methyl-1H-pyrazole-5-carbonyl)amino]-7-methoxy-1H-1,3-benzimidazol-1-yl}but-2-en-1-yl]-2-[(1-ethyl-3-methyl-1H-pyrazole-5-carbonyl)amino]-7-[3-(morpholin-4-yl)propoxy]-1H-1,3-benzimidazole-5-carboxamide",C42 H51 N13 O7,849.937,62,,,,HOH,INCLUDE,
1011,9YLL,2026-03-04,BCL11A ZF4-6 in Complex with a DNA Sequence Observed in the Human Globin Locus Containing Motif TGTCCA (20-mer),2.38,0.247,1,1,A,,ZN;HOH,0,,,,,,,,,ZN,HOH,EXCLUDE,no_druglike_organic_ligand;metal_present
1012,9YLM,2026-03-04,BCL11A ZF4-6 in Complex with a DNA Sequence Observed in the Human Globin Locus Containing Motif TGTCCA (12-mer),1.91,0.2441,1,1,A,,ZN;EDO;HOH,0,,,,,,,,,ZN,EDO;HOH,EXCLUDE,no_druglike_organic_ligand;metal_present
1013,9YLN,2026-03-04,BCL11A ZF4-6 in Complex with a DNA Sequence Observed in the Human Globin Locus Containing Motif TGGCCA (12-mer),2.15,0.2466,1,1,A,,ZN;EDO;HOH,0,,,,,,,,,ZN,EDO;HOH,EXCLUDE,no_druglike_organic_ligand;metal_present
1014,9YLO,2026-03-04,BCL11A ZF2-3 in Complex with a DNA Sequence Observed in the Human Globin Locus Containing Motif TGTCCA (P21212 crystal form),1.97,0.2415,1,1,A,,EDO;ZN;HOH,0,,,,,,,,,ZN,EDO;HOH,EXCLUDE,no_druglike_organic_ligand;metal_present
1015,9YLP,2026-03-04,BCL11A ZF2-3 in Complex with a DNA Sequence Observed in the Human Globin Locus Containing Motif TGTCCA (C2221 Crystal Form),2.04,0.2447,1,1,A,,ZN;MG;PGE;HOH,0,,,,,,,,,ZN;MG,PGE;HOH,EXCLUDE,no_druglike_organic_ligand;metal_present
1016,9ZUZ,2026-03-04,Translation Initiation Factor eIF-2B complex with the Isohexide Diamine GSK735,2.25,0.2372,3,3,A;B;D,,PRO;SO4;EDO;A1C32;HOH,1,A1C32,A1C32,"1,4:3,6-dianhydro-2,5-bis[2-(4-chlorophenoxy)acetamido]-2,5-dideoxy-D-glucitol",C22 H22 Cl2 N2 O6,481.326,32,,,,PRO:heavy_atoms_8;SO4;EDO;HOH,RESERVE,multiple_protein_chains_3
1017,9ZVU,2026-03-04,"The ubiquitin-associated domain of human thirty-eight negative kinase-1 rigidly fused to a double trigger variant of the 1TEL crystallization chaperone, alternate crystal form",1.964,0.2469,1,2,A;B,,TLA;NA;SO4;TAR;HOH,1,TLA,TLA,L(+)-TARTARIC ACID,C4 H6 O6,150.087,10,,,NA,SO4;TAR;HOH,RESERVE,multiple_protein_chains_2;metal_present
1018,9IGO,2026-02-25,PR3 S203A I221N W222N G223T mutant in complex with the extracellular domain of CD177,1.5,0.1839,2,2,A;B,,NAG;CL;GOL;ACT;HOH,0,,,,,,,ASN;NAG,,,NAG;CL;GOL;ACT;HOH,EXCLUDE,no_druglike_organic_ligand;multiple_protein_chains_2
1019,9N3L,2026-02-25,"Co-crystal structure of PCNA bound to HSP90alpha inhibitor, SNX2112",1.9,0.2331,1,1,A,,E0G;CL;SO4;HOH,1,E0G,E0G,"4-[6,6-dimethyl-4-oxidanylidene-3-(trifluoromethyl)-5,7-dihydroindazol-1-yl]-2-[(4-oxidanylcyclohexyl)amino]benzamide",C23 H27 F3 N4 O3,464.481,33,,,,CL;SO4;HOH,INCLUDE,
1020,9NF2,2026-02-25,KRAS G12D Mutant KRAS 1-169 at 298 K bound to MRTX-1133 and GMPPNP,1.7,0.213,1,1,A,,6IC;MG;HOH,1,6IC,6IC,"4-(4-[(1R,5S)-3,8-diazabicyclo[3.2.1]octan-3-yl]-8-fluoro-2-{[(2R,4R,7aS)-2-fluorotetrahydro-1H-pyrrolizin-7a(5H)-yl]methoxy}pyrido[4,3-d]pyrimidin-7-yl)-5-ethynyl-6-fluoronaphthalen-2-ol",C33 H31 F3 N6 O2,600.633,44,,,MG,HOH,RESERVE,metal_present
1021,9O4Y,2026-02-25,GAS41 YEATS domain in complex with DLG-1,2.3,0.2576,1,4,A;B;C;D,,PEG;SO4;A1B9P;HOH,1,A1B9P,A1B9P,"N-[5-(3-{(5M)-5-[3-(aminomethyl)phenyl]-1,3-thiazol-2-yl}azetidine-1-carbonyl)thiophen-2-yl]-L-prolinamide",C23 H25 N5 O2 S2,467.607,32,,,,PEG;SO4;HOH,RESERVE,multiple_protein_chains_4
1022,9QMO,2026-02-25,PLK1 PBD apo protein at 1.6A,1.6,0.2284,1,1,A,,PO4;GOL;HOH,0,,,,,,,,,,PO4;GOL;HOH,EXCLUDE,no_druglike_organic_ligand
1023,9T2I,2026-02-25,SP100 nuclear antigen with crystallization epitope mutations N816D:T820R,1.35,0.1852,1,2,A;B,,ZN;HOH,0,,,,,,,,,ZN,HOH,EXCLUDE,no_druglike_organic_ligand;multiple_protein_chains_2;metal_present
1024,9TRO,2026-02-25,"Factor VII Gla domain, X-ray structure",1.55,0.1707,1,2,A;L,,CA;NA;HOH,0,,,,,,,ALA;ARG;CGU;CYS;GLN;ILE;LEU;LYS;PHE,,CA;NA,HOH,EXCLUDE,no_druglike_organic_ligand;multiple_protein_chains_2;metal_present
1025,9TU0,2026-02-25,Crystal structure of human ERK1 in complex with the KIM1 motif of the T. gondii protein GRA24,2.17,0.292,2,2,A;D,,SO4;HOH,0,,,,,,,LYS;PRO;SEP,,,SO4;HOH,EXCLUDE,no_druglike_organic_ligand;multiple_protein_chains_2
1026,9Y0G,2026-02-25,Crystal structure of NRas-G12D in complex with GDP and compound 1,1.8,0.2147,1,2,A;B,,GDP;A1CRR;MG;CIT;HOH,1,A1CRR,A1CRR,"(5P)-3-chloro-4-cyclopropyl-5-(4-[(1R,5S)-3,8-diazabicyclo[3.2.1]octan-3-yl]-8-fluoro-2-{[(4s,7as)-tetrahydro-1H-pyrrolizin-7a(5H)-yl]methoxy}pyrido[4,3-d]pyrimidin-7-yl)phenol",C30 H34 Cl F N6 O2,565.081,40,,GDP,MG,CIT;HOH,RESERVE,multiple_protein_chains_2;cofactor_present;metal_present
1027,9Y1W,2026-02-25,Crystal structure of NRas-G12D in complex with GDP and compound 27,1.95,0.2253,1,2,A;B,,GDP;MG;A1CRV;CIT;HOH,1,A1CRV,A1CRV,"(3P)-3-{3-[(1R,5S,6s)-3-azabicyclo[3.1.0]hexan-6-yl]-1-cyclopropyl-7-fluoro-4-(propan-2-yl)-1H-pyrrolo[3,2-c]pyridin-6-yl}-5-chloro-4-(trifluoromethyl)aniline",C25 H25 Cl F4 N4,492.939,34,,GDP,MG,CIT;HOH,RESERVE,multiple_protein_chains_2;cofactor_present;metal_present
1028,9Y1X,2026-02-25,Crystal structure of NRas-G12D in complex with GDP and IACS-56676,1.72,0.2439,1,2,A;B,,GDP;A1CRW;MG;CIT;HOH,1,A1CRW,A1CRW,"N-({(6P)-6-[5-amino-3-chloro-2-(trifluoromethyl)phenyl]-3-[(1R,5S,6s)-3-azabicyclo[3.1.0]hexan-6-yl]-1,4-dicyclopropyl-7-fluoro-1H-pyrrolo[3,2-c]pyridin-2-yl}methyl)acetamide",C28 H28 Cl F4 N5 O,562.001,39,,GDP,MG,CIT;HOH,RESERVE,multiple_protein_chains_2;cofactor_present;metal_present
1029,9Y1Y,2026-02-25,Crystal structure of NRas-G12D in complex with GDP and compound 7,1.7,0.2497,1,2,A;B,,GDP;MG;A1CR1;CIT;HOH,1,A1CR1,A1CR1,"(4P)-4-{3-[(1R,5S,6r)-3-azabicyclo[3.1.0]hexan-6-yl]-7-fluoro-1-methyl-1H-pyrazolo[4,3-c]pyridin-6-yl}-5-ethynyl-6-fluoronaphthalen-2-ol",C24 H18 F2 N4 O,416.423,31,,GDP,MG,CIT;HOH,RESERVE,multiple_protein_chains_2;cofactor_present;metal_present
1030,9Y1Z,2026-02-25,Crystal structure of NRas-G12D in complex with GDP and compound 5,1.92,0.2818,1,2,A;B,,GDP;MG;A1CR2;CIT;HOH,1,A1CR2,A1CR2,"(4P)-4-{3-[(1S,4S)-2,5-diazabicyclo[2.2.2]octan-2-yl]-7-fluoro-1-methyl-1H-pyrazolo[4,3-c]pyridin-6-yl}-5-ethynyl-6-fluoronaphthalen-2-ol",C25 H21 F2 N5 O,445.464,33,,GDP,MG,CIT;HOH,RESERVE,r_free_above_0.28;multiple_protein_chains_2;cofactor_present;metal_present
1031,9Y3W,2026-02-25,Crystal structure of NRas-G12D in complex with GDP and compound 13,1.56,0.2093,1,2,A;B,,GDP;MG;A1CSD;CIT;HOH,1,A1CSD,A1CSD,"(4P)-4-{3-[(1R,5S,6r)-3-azabicyclo[3.1.0]hexan-6-yl]-1-cyclopropyl-7-fluoro-4-(propan-2-yl)-1H-pyrazolo[4,3-c]pyridin-6-yl}-5-ethynyl-6-fluoronaphthalen-2-ol",C29 H26 F2 N4 O,484.54,36,,GDP,MG,CIT;HOH,RESERVE,multiple_protein_chains_2;cofactor_present;metal_present
1032,9YK2,2026-02-25,Crystal structure of TEAD2 with non-covalent aryl ether inhibitor.,2.16,0.288,1,2,A;B,,A1CXJ;HOH,1,A1CXJ,A1CXJ,(3P)-N-methyl-3-(1-methyl-1H-pyrazol-4-yl)-4-[4-(trifluoromethyl)phenoxy]benzene-1-sulfonamide,C18 H16 F3 N3 O3 S,411.398,28,,,,HOH,RESERVE,r_free_above_0.28;multiple_protein_chains_2
1033,22TN,2026-02-18,Phosphoglycerate mutase 1 complexed with a novel scaffold inhibitor,2.03,0.2264,1,2,B;C,,GOL;CL;A1E4Q;MES;HOH,1,A1E4Q,A1E4Q,"~{N}-[5-(4-chlorophenyl)-2-(1~{H}-1,2,3,4-tetrazol-5-yl)phenyl]-4-phenyl-benzenesulfonamide",C25 H18 Cl N5 O2 S,487.961,34,,,,GOL;CL;MES;HOH,RESERVE,multiple_protein_chains_2
1034,9GC7,2026-02-18,Mineralocorticoid receptor in complex with acylurea antagonists.,1.46,0.2099,2,2,A;B,,MPD;NHE;A1IJ6;HOH,2,NHE;A1IJ6,,,,,,,,,MPD;HOH,MANUAL_REVIEW,multiple_candidate_ligands;multiple_protein_chains_2
1035,9GEM,2026-02-18,Crystal structure of human NUDT14 in complex with MA-12,2.015,0.2866,1,4,A;B;C;D,,A1IJI;HOH,1,A1IJI,A1IJI,"1-(1-methylpiperidin-4-yl)-3-[4-[(2-methylpropan-2-yl)oxy]phenyl]pyrazolo[3,4-d]pyrimidin-4-amine",C21 H28 N6 O,380.487,28,,,,HOH,RESERVE,r_free_above_0.28;multiple_protein_chains_4
1036,9I4N,2026-02-18,Galectin-3 in Complex with Methyl 6-fluoro-N-acetyllactosaminide,1.069,0.2323,1,1,A,,BR;HOH,0,,,,,,,A1I0L;GAL,,,BR;HOH,EXCLUDE,no_druglike_organic_ligand
1037,9I5Y,2026-02-18,Crystal structure of ADP-bound BiP ATPase domain in complex with CDNF C-terminal domain,1.5,0.1984,2,2,A;B,,ADP;PO4;MG;HOH,0,,,,,,,,ADP,MG,PO4;HOH,EXCLUDE,no_druglike_organic_ligand;multiple_protein_chains_2;cofactor_present;metal_present
1038,9I64,2026-02-18,Crystal structure of Casdatifan bound to HIF2a-B*:ARNT-B* complex,1.558,0.214,2,2,A;B,,A1I0H;FMT;MG;HOH,1,A1I0H,A1I0H,"(5~{R},6~{S},8~{R})-3,5,6-tris(fluoranyl)-8-[(1~{S},2~{R})-2-fluoranyl-7-methylsulfonyl-1-oxidanyl-2,3-dihydro-1~{H}-inden-4-yl]-5,6,7,8-tetrahydronaphthalene-1-carbonitrile",C21 H17 F4 N O3 S,439.423,30,,,MG,FMT;HOH,RESERVE,multiple_protein_chains_2;metal_present
1039,9I8W,2026-02-18,Beta-catenin armadillo with cyclic peptide and Compound 3,2.2,0.24436,2,2,A;B,,HHT;SO4;HOH,1,HHT,HHT,2-(4-bromanyl-2-methoxy-phenyl)ethanoic acid,C9 H9 Br O3,245.07,13,BAL;DPR;LEU;PHE;PRO;SER;VAL,,,SO4;HOH,RESERVE,multiple_protein_chains_2
1040,9I8X,2026-02-18,Beta-catenin armadillo with cyclic peptide and Compound 2,2.0,0.28596,2,2,A;B,,IJX;SO4;HOH,1,IJX,IJX,~{N}-(4-bromophenyl)ethanamide,C8 H8 Br N O,214.059,11,BAL;DPR;LEU;PHE;PRO;SER;VAL,,,SO4;HOH,RESERVE,r_free_above_0.28;multiple_protein_chains_2
1041,9I9G,2026-02-18,Crystal structure of human eIF4A1 C-terminal domain in complex with hippuristanol,1.7,0.1896,1,1,A,,A1I1L;HOH,1,A1I1L,A1I1L,Hippuristanol,C28 H46 O5,462.662,33,,,,HOH,INCLUDE,
1042,9I9X,2026-02-18,Human GABARAP in complex with artificial peptide IM-2,1.42,0.1968,2,2,A;B,,GOL;DMS;SO4;HOH,0,,,,,,,9KK;ALA;NH2;VAL,,,GOL;DMS;SO4;HOH,EXCLUDE,no_druglike_organic_ligand;multiple_protein_chains_2
1043,9IG2,2026-02-18,Crystal structure of human aldehyde dehydrogenase 3 A1 (ALDH3A1) bound to allyl-isothiocyanate,2.05,0.2149,1,2,A;B,,K;ACT;9AI;HOH,0,,,,,,,9AI;CYS,,K,ACT;9AI:heavy_atoms_6;HOH,EXCLUDE,no_druglike_organic_ligand;multiple_protein_chains_2;metal_present
1044,9LVQ,2026-02-18,Room temperature structure of the human heart fatty acid-binding protein complexed with octanoic acid,1.1,0.21087,1,1,A,,OCA;PGE;HOH,1,OCA,OCA,OCTANOIC ACID (CAPRYLIC ACID),C8 H16 O2,144.211,10,,,,PGE;HOH,INCLUDE,
1045,9N9N,2026-02-18,Crystal structure of KRAS(G12C) bound to the cyclic peptide UNC10415730A,1.24,0.1976,2,4,A;B;C;D,,GDP;MG;GOL;HOH,0,,,,,,,CYS;NH2;R3W;TYR,GDP,MG,GOL;HOH,EXCLUDE,no_druglike_organic_ligand;multiple_protein_chains_4;cofactor_present;metal_present
1046,9NAD,2026-02-18,Human GSTO1-1 complexed with C5-1,1.994,0.2485,1,1,A,,A1BWU;SO4;HOH,1,A1BWU,A1BWU,1-(4-benzylpiperidin-1-yl)-2-chloroethan-1-one,C14 H18 Cl N O,251.752,17,A1BWU;CYS,,,SO4;HOH,EXCLUDE,candidate_may_be_covalent
1047,9NCD,2026-02-18,Crystal structure of the peanut allergen Ara h 9 with bound Fab IGX-3103 and antiFab nanobody,1.6,0.1949,4,4,A;H;K;L,,EDO;CL;HOH,0,,,,,,,ASN;FUC;NAG,,,EDO;CL;HOH,EXCLUDE,no_druglike_organic_ligand;multiple_protein_chains_4
1048,9NQO,2026-02-18,Crystal structure of Galectin-3 in complex with FN3,2.04,0.4,1,1,A,,SO4;HOH,0,,,,,,,,,,SO4;HOH,EXCLUDE,no_druglike_organic_ligand;r_free_above_0.35
1049,9QSM,2026-02-18,small molecule inhibitor in complex with PD-L1,1.75,0.2702,1,6,A;B;C;D;E;F,,A1JAE;HOH,1,A1JAE,A1JAE,"~{N}-[2-chloranyl-3-[2-chloranyl-3-[4-[[[2-(hydroxymethyl)-1,3-bis(oxidanyl)propan-2-yl]amino]methyl]-3-methoxy-phenyl]phenyl]phenyl]-5-[[[2-(hydroxymethyl)-1,3-bis(oxidanyl)propan-2-yl]amino]methyl]pyridine-2-carboxamide",C35 H40 Cl2 N4 O8,715.62,49,,,,HOH,RESERVE,multiple_protein_chains_6
1050,9R6I,2026-02-18,Crystal structure of PPARgamma in complex with the bisphenol derivative BPS4BE,1.7,0.2288,1,1,A,,A1JDE;GOL;HOH,1,A1JDE,A1JDE,4-(4-phenylmethoxyphenyl)sulfonylphenol,C19 H16 O4 S,340.393,24,,,,GOL;HOH,INCLUDE,
1051,9R6K,2026-02-18,Crystal structure of PPARgamma in complex with the bisphenol derivative BPPH,2.3,0.2591,1,1,A,,A1JDD;HOH,1,A1JDD,A1JDD,4-[2-(4-oxidanyl-3-phenyl-phenyl)propan-2-yl]-2-phenyl-phenol,C27 H24 O2,380.478,29,,,,HOH,INCLUDE,
1052,9SS7,2026-02-18,Human angiotensin 1-converting enzyme C-domain in complex with rentiapril,1.95,0.2229,1,1,A,,NAG;ZN;A1JPY;MLI;BO3;IMD;EDO;CL;HOH,1,A1JPY,A1JPY,Rentiapril,C13 H15 N O4 S2,313.393,20,A1JPY;ASN;BMA;FUC;NAG,,ZN,NAG;MLI:heavy_atoms_7;BO3:no_carbon;IMD:heavy_atoms_5;EDO;CL;HOH,EXCLUDE,candidate_may_be_covalent;metal_present
1053,9SS8,2026-02-18,Human angiotensin 1-converting enzyme N-domain in complex with rentiapril,2.0,0.2171,1,2,A;B,,ZN;CA;A1JPY;PEG;EDO;DMS;ACT;PG4;NAG;CL;PGE;P33;HOH,2,A1JPY;P33,,,,,,ASN;BMA;FUC;NAG,,ZN;CA,PEG;EDO;DMS;ACT;PG4;NAG;CL;PGE;HOH,MANUAL_REVIEW,multiple_candidate_ligands;multiple_protein_chains_2;metal_present
1054,9SS9,2026-02-18,Human angiotensin 1-converting enzyme N-domain in complex with captopril,2.5,0.2268,1,2,A;B,,ZN;PEG;EDO;PGE;BCN;X8Z;NAG;CL;MCO;PG4;HOH,3,BCN;X8Z;MCO,,,,,,ASN;NAG,,ZN,PEG;EDO;PGE;NAG;CL;PG4;HOH,MANUAL_REVIEW,multiple_candidate_ligands;multiple_protein_chains_2;metal_present
1055,9SSA,2026-02-18,Human angiotensin 1-converting enzyme C-domain in complex with zofenoprilat,1.9,0.2178,1,1,A,,NAG;ZN;ZED;PEG;EDO;GOL;BO3;CL;IMD;HOH,1,ZED,ZED,"L-PROLINE, 1-[(2S)-3-MERCAPTO-2-METHYL-1-OXOPROPYL]-4-(PHENYLTHIO)-, 4S",C15 H19 N O3 S2,325.446,21,ASN;BMA;CSO;FUC;LEU;MAN;NAG;PRO,,ZN,NAG;PEG;EDO;GOL;BO3:no_carbon;CL;IMD:heavy_atoms_5;HOH,RESERVE,metal_present
1056,9SSB,2026-02-18,Human angiotensin 1-converting enzyme N-domain in complex with zofenoprilat,2.0,0.2257,1,4,A;B;C;D,,ZN;ZED;PEG;EDO;ACT;PGE;CA;NAG;CL;12P;PE8;TRS;XPE;PG4;HOH,4,ZED;12P;PE8;XPE,,,,,,ASN;FUC;MAN;NAG,,ZN;CA,PEG;EDO;ACT;PGE;NAG;CL;TRS;PG4;HOH,MANUAL_REVIEW,multiple_candidate_ligands;multiple_protein_chains_4;metal_present
1057,9SXJ,2026-02-18,Crystal structure of wild-type c-MET bound by capmatinib.,1.315,0.2308,1,1,A,,A1JRF;12P;HOH,2,A1JRF;12P,,,,,,,,,HOH,MANUAL_REVIEW,multiple_candidate_ligands
1058,9SZJ,2026-02-18,Crystal structure of Y1230H c-MET bound by capmatinib.,2.289,0.3037,1,1,A,,A1JRF;HOH,1,A1JRF,A1JRF,Capmatinib,C23 H17 F N6 O,412.419,31,,,,HOH,RESERVE,r_free_above_0.28
1059,9T08,2026-02-18,Crystal structure of wild-type c-MET bound by sitravatinib.,1.462,0.2425,1,1,A,,A1JSO;HOH,1,A1JSO,A1JSO,Sitravatinib,C33 H29 F2 N5 O4 S,629.676,45,,,,HOH,INCLUDE,
1060,9T0B,2026-02-18,Crystal structure of D1228V c-MET bound by sitravatinib.,1.539,0.2942,1,1,A,,A1JSO;HOH,1,A1JSO,A1JSO,Sitravatinib,C33 H29 F2 N5 O4 S,629.676,45,,,,HOH,RESERVE,r_free_above_0.28
1061,9T0D,2026-02-18,Crystal structure of wild-type c-MET bound by glesatinib,1.196,0.2213,1,1,A,,A1JSR;HOH,1,A1JSR,A1JSR,Glesatinib,C31 H27 F2 N5 O3 S2,619.705,43,,,,HOH,INCLUDE,
1062,9T1Q,2026-02-18,Crystal structure of D1228V c-MET bound by glesatinib.,1.942,0.27,1,1,A,,A1JSR;HOH,1,A1JSR,A1JSR,Glesatinib,C31 H27 F2 N5 O3 S2,619.705,43,,,,HOH,INCLUDE,
1063,9T2V,2026-02-18,Crystal structure of wild-type c-MET bound by cabozantinib.,1.665,0.226,1,1,A,,A1JS8;HOH,1,A1JS8,A1JS8,Cabozantinib,C28 H24 F N3 O5,501.506,37,,,,HOH,INCLUDE,
1064,9T3Q,2026-02-18,Crystal structure of D1228V c-MET bound by cabozantinib.,1.629,0.2382,1,1,A,,A1JS8;HOH,1,A1JS8,A1JS8,Cabozantinib,C28 H24 F N3 O5,501.506,37,,,,HOH,INCLUDE,
1065,9T6K,2026-02-18,Crystal structure of wild-type c-MET bound by glumetinib.,1.133,0.1966,1,1,A,,A1JT6;15P;PEG;HOH,1,A1JT6,A1JT6,Glumetinib,C21 H17 N9 O2 S,459.484,33,,,,15P:mw_1529.8;PEG;HOH,INCLUDE,
1066,9UWK,2026-02-18,Crystal structure of human galectin-10 produced by cell-free protein synthesis,1.6,0.2205,1,1,A,,EDO;HOH,0,,,,,,,,,,EDO;HOH,EXCLUDE,no_druglike_organic_ligand
1067,9UWN,2026-02-18,Crystal structure of E33A mutant of human galectin-10 produced by cell-free protein synthesis in complex with raffinose,1.57,0.2097,1,1,A,,EDO;HOH,0,,,,,,,FRU;GLA;GLC,,,EDO;HOH,EXCLUDE,no_druglike_organic_ligand
1068,9UWS,2026-02-18,Crystal structure of human galectin-10 produced by cell-free protein synthesis in complex with trehalose,1.78,0.248,1,1,A,,EDO;HOH,0,,,,,,,GLC,,,EDO;HOH,EXCLUDE,no_druglike_organic_ligand
1069,9UWU,2026-02-18,Crystal structure of human galectin-10 produced by cell-free protein synthesis in complex with melezitose,1.99,0.2479,1,1,A,,EDO;HOH,0,,,,,,,FRU;GLC,,,EDO;HOH,EXCLUDE,no_druglike_organic_ligand
1070,9WU2,2026-02-18,Crystal structure of cZ22-Fab in complex with left-handed dC(GC)3 DNA,2.35,0.2096,2,12,A;B;C;D;G;H;I;J;M;N;O;P,,GOL;HOH,0,,,,,,,LEU;PCA,,,GOL;HOH,EXCLUDE,no_druglike_organic_ligand;multiple_protein_chains_12
1071,9Y9N,2026-02-18,"PLK4 in complex with Compound 25 ((R)-7-hydroxy-N-(3-(1-(2,2,2-trifluoroethyl)-1H-pyrazolo[4,3-c]pyridin-6-yl)-1H-pyrazol-4-yl)-7-(trifluoromethyl)-4-azaspiro[2.5]octane-4-carboxamide)",1.81,0.2372,1,1,A,,A1CTV;SO4;HOH,1,A1CTV,A1CTV,"(7R)-7-hydroxy-N-{(5P)-5-[1-(2,2,2-trifluoroethyl)-1H-pyrazolo[4,3-c]pyridin-6-yl]-1H-pyrazol-4-yl}-7-(trifluoromethyl)-4-azaspiro[2.5]octane-4-carboxamide",C20 H19 F6 N7 O2,503.401,35,,,,SO4;HOH,INCLUDE,
1072,10DC,2026-02-11,H-Ras GTPase R68A bound to GppNHp,2.08,0.2149,1,1,A,,GNP;MG;HOH,1,GNP,GNP,PHOSPHOAMINOPHOSPHONIC ACID-GUANYLATE ESTER,C10 H17 N6 O13 P3,522.196,32,,,MG,HOH,RESERVE,metal_present
1073,22RH,2026-02-11,Phosphoglycerate mutase 1 complexed with a novel scaffold inhibitor,2.28,0.2336,1,2,B;C,,A1E4P;GOL;CL;MES;HOH,1,A1E4P,A1E4P,5-chloranyl-3-methyl-1~{H}-indole-2-carboxylic acid,C10 H8 Cl N O2,209.629,14,,,,GOL;CL;MES;HOH,RESERVE,multiple_protein_chains_2
1074,22WM,2026-02-11,Phosphoglycerate mutase 1 complexed with a fragment,1.91,0.2288,1,2,B;C,,A1E4R;GOL;CL;MES;HOH,1,A1E4R,A1E4R,4-(4-chlorophenyl)benzoic acid,C13 H9 Cl O2,232.662,16,,,,GOL;CL;MES;HOH,RESERVE,multiple_protein_chains_2
1075,9D6P,2026-02-11,Human p38alpha MAP Kinase in complex with (Naphthalen-1-yl)pyridazine derivative GDK767-7,2.13,0.2445,1,1,A,,A1IKD;GG5;HOH,2,A1IKD;GG5,,,,,,,,,HOH,MANUAL_REVIEW,multiple_candidate_ligands
1076,9D8G,2026-02-11,Human p38alpha MAP Kinase in complex with (Naphthalen-2-yl)pyridazine derivative; KES29,2.13,0.2489,1,1,A,,GG5;A1IKC;HOH,2,GG5;A1IKC,,,,,,,,,HOH,MANUAL_REVIEW,multiple_candidate_ligands
1077,9LSN,2026-02-11,hAGO2-MID in complex with a chemical modified uridine monophosphate,1.75,0.2176,1,3,A;B;C,,A1EL7;HOH,1,A1EL7,A1EL7,"[(2R,3S,4R,5R)-5-[2,4-bis(oxidanylidene)thieno[3,2-d]pyrimidin-1-yl]-3,4-bis(oxidanyl)oxolan-2-yl]methyl dihydrogen phosphate",C11 H13 N2 O9 P S,380.268,24,,,,HOH,RESERVE,multiple_protein_chains_3
1078,9LSO,2026-02-11,hAGO2-MID in complex with a chemical modified uridine monophosphate,2.13,0.2406,1,3,A;B;C,,A1EL8;ECC;HOH,1,A1EL8,A1EL8,"[(2R,3S,4R,5R)-5-[2,4-bis(oxidanylidene)thieno[3,4-d]pyrimidin-1-yl]-3,4-bis(oxidanyl)oxolan-2-yl]methyl dihydrogen phosphate",C11 H13 N2 O9 P S,380.268,24,,,,ECC:heavy_atoms_9;HOH,RESERVE,multiple_protein_chains_3
1079,9MXD,2026-02-11,Human E104A calmodulin:MLCK RM20 complex,1.17,0.178,2,2,A;B,,CA;HOH,0,,,,,,,,,CA,HOH,EXCLUDE,no_druglike_organic_ligand;multiple_protein_chains_2;metal_present
1080,9N4A,2026-02-11,Wild-type RhoA GTPase bound to GppNHp,1.947,0.2212,1,2,A;B,,DIO;MG;GNP;HOH,1,GNP,GNP,PHOSPHOAMINOPHOSPHONIC ACID-GUANYLATE ESTER,C10 H17 N6 O13 P3,522.196,32,,,MG,DIO:heavy_atoms_6;HOH,RESERVE,multiple_protein_chains_2;metal_present
1081,9N4C,2026-02-11,RhoA GTPase E102A bound to GTPgammaS,2.3,0.2196,1,4,A;B;C;D,,GSP;MG;IOD;CL;NA;HOH,1,GSP,GSP,5'-GUANOSINE-DIPHOSPHATE-MONOTHIOPHOSPHATE,C10 H16 N5 O13 P3 S,539.246,32,,,MG;NA,IOD;CL;HOH,RESERVE,multiple_protein_chains_4;metal_present
1082,9O1R,2026-02-11,Heparanase P6 in complex with fragment J4,1.9,0.2139,2,2,A;B,,ACT;PEG;EDO;46S;SO4;HOH,1,46S,46S,1-(6-methylpyrimidin-4-yl)azepane,C11 H17 N3,191.273,14,,,,ACT;PEG;EDO;SO4;HOH,RESERVE,multiple_protein_chains_2
1083,9O1S,2026-02-11,Heparanase P6 in complex with fragment J11,1.8,0.2255,2,2,A;B,,ACT;47B;EDO;PEG;DMS;SO4;HOH,1,47B,47B,"3-(3,4-difluorophenyl)imidazo[2,1-c][1,2,4]triazine",C11 H6 F2 N4,232.189,17,,,,ACT;EDO;PEG;DMS;SO4;HOH,RESERVE,multiple_protein_chains_2
1084,9O1T,2026-02-11,Heparanase P6 in complex with fragment J13,1.9,0.2158,2,2,A;B,,47J;ACT;EDO;SO4;HOH,0,,,,,,,,,,47J:heavy_atoms_9;ACT;EDO;SO4;HOH,EXCLUDE,no_druglike_organic_ligand;multiple_protein_chains_2
1085,9O1U,2026-02-11,Heparanase P6 in complex with fragment J16,1.9,0.2475,2,2,A;B,,AJO;ACT;EDO;PEG;SO4;DMS;HOH,1,AJO,AJO,2-[cyanomethyl(methyl)amino]-N-(6-methylpyridin-2-yl)ethanamide,C11 H14 N4 O,218.255,16,,,,ACT;EDO;PEG;SO4;DMS;HOH,RESERVE,multiple_protein_chains_2
1086,9O1V,2026-02-11,Heparanase P6 in complex with fragment J21,2.05,0.2702,2,2,A;B,,D86;EDO;SO4;HOH,0,,,,,,,,,,D86:heavy_atoms_9;EDO;SO4;HOH,EXCLUDE,no_druglike_organic_ligand;multiple_protein_chains_2
1087,9O1W,2026-02-11,Heparanase P6 in complex with fragment J25,1.9,0.2075,2,2,A;B,,46Y;EDO;PG4;SO4;HOH,1,46Y,46Y,"4,6-dimethyl-2-{[3-(morpholin-4-yl)propyl]amino}pyridine-3-carbonitrile",C15 H22 N4 O,274.361,20,,,,EDO;PG4;SO4;HOH,RESERVE,multiple_protein_chains_2
1088,9O1X,2026-02-11,Heparanase P6 in complex with fragment J28,1.9,0.2341,2,2,A;B,,45X;ACT;EDO;SO4;HOH,0,,,,,,,,,,45X:heavy_atoms_9;ACT;EDO;SO4;HOH,EXCLUDE,no_druglike_organic_ligand;multiple_protein_chains_2
1089,9O1Y,2026-02-11,Heparanase P6 in complex with fragment J29,2.0,0.2363,2,2,A;B,,TP5;EDO;SO4;HOH,0,,,,,,,,,,TP5:heavy_atoms_8;EDO;SO4;HOH,EXCLUDE,no_druglike_organic_ligand;multiple_protein_chains_2
1090,9O1Z,2026-02-11,Heparanase P6 in complex with fragment J31,2.5,0.244,2,2,A;B,,46H;SO4;EDO;HOH,1,46H,46H,(3S)-piperidin-3-yl(piperidin-1-yl)methanone,C11 H20 N2 O,196.289,14,,,,SO4;EDO;HOH,RESERVE,multiple_protein_chains_2
1091,9O20,2026-02-11,Heparanase P6 in complex with fragment J32,1.83,0.2333,2,2,A;B,,EDO;8G2;SO4;HOH,1,8G2,8G2,(4-methoxycarbonylphenyl)methylazanium,C9 H12 N O2 1,166.197,12,,,,EDO;SO4;HOH,RESERVE,multiple_protein_chains_2
1092,9O21,2026-02-11,Heparanase P6 in complex with fragment J34,1.82,0.2228,2,2,A;B,,A1B72;ACT;PEG;EDO;SO4;HOH,1,A1B72,A1B72,(2S)-2-(azepan-1-yl)-1-(1H-indol-3-yl)propan-1-one,C17 H22 N2 O,270.369,20,,,,ACT;PEG;EDO;SO4;HOH,RESERVE,multiple_protein_chains_2
1093,9O22,2026-02-11,Heparanase P6 in complex with fragment J36,2.1,0.225,2,2,A;B,,4AV;EDO;SO4;HOH,1,4AV,4AV,1-(2-chloro-5-nitrophenyl)-N-methylmethanamine,C8 H9 Cl N2 O2,200.622,13,,,,EDO;SO4;HOH,RESERVE,multiple_protein_chains_2
1094,9O23,2026-02-11,Heparanase P6 in complex with fragment J37,2.2,0.2377,2,2,A;B,,4AS;EDO;SO4;HOH,0,,,,,,,,,,4AS:heavy_atoms_9;EDO;SO4;HOH,EXCLUDE,no_druglike_organic_ligand;multiple_protein_chains_2
1095,9O25,2026-02-11,Heparanase P6 in complex with fragment J41,1.65,0.2165,2,2,A;B,,EDO;46L;ACT;PEG;SO4;HOH,1,46L,46L,6-(dimethylamino)pyridine-3-carboxylic acid,C8 H10 N2 O2,166.177,12,,,,EDO;ACT;PEG;SO4;HOH,RESERVE,multiple_protein_chains_2
1096,9O26,2026-02-11,Heparanase P6 in complex with fragment J51,2.35,0.234,2,2,A;B,,47Y;PEG;SO4;HOH,1,47Y,47Y,"3-[(4E)-4-imino-5,6-dimethylfuro[2,3-d]pyrimidin-3(4H)-yl]-N,N-dimethylpropan-1-amine",C13 H20 N4 O,248.324,18,,,,PEG;SO4;HOH,RESERVE,multiple_protein_chains_2
1097,9O27,2026-02-11,Heparanase P6 in complex with fragment J56,2.1,0.2225,2,2,A;B,,EDO;ACT;8KB;SO4;HOH,0,,,,,,,,,,EDO;ACT;8KB:heavy_atoms_8;SO4;HOH,EXCLUDE,no_druglike_organic_ligand;multiple_protein_chains_2
1098,9O28,2026-02-11,Heparanase P6 in complex with fragment J59,1.81,0.2096,2,2,A;B,,EDO;PEG;L3Q;SO4;HOH,1,L3Q,L3Q,"(8~{a}~{S})-1,5,6,7,8,8~{a}-hexahydro-[1,3]oxazolo[3,4-a]pyrazin-3-one",C6 H10 N2 O2,142.156,10,,,,EDO;PEG;SO4;HOH,RESERVE,multiple_protein_chains_2
1099,9O29,2026-02-11,Heparanase P6 in complex with fragment J61,2.2,0.2404,2,2,A;B,,SO4;NCA;HOH,0,,,,,,,,,,SO4;NCA:heavy_atoms_9;HOH,EXCLUDE,no_druglike_organic_ligand;multiple_protein_chains_2
1100,9O2A,2026-02-11,Heparanase P6 in complex with fragment J69,2.1,0.2607,2,2,A;B,,EDO;IJZ;SO4;HOH,1,IJZ,IJZ,"5-amino-2,6-dioxo-1,2,3,6-tetrahydropyrimidine-4-carboxylic acid",C5 H5 N3 O4,171.111,12,,,,EDO;SO4;HOH,RESERVE,multiple_protein_chains_2
1101,9O2B,2026-02-11,Heparanase P6 in complex with fragment J71 (caffeine),2.2,0.2327,2,2,A;B,,CFF;EDO;SO4;HOH,1,CFF,CFF,CAFFEINE,C8 H10 N4 O2,194.191,14,,,,EDO;SO4;HOH,RESERVE,multiple_protein_chains_2
1102,9O2C,2026-02-11,Heparanase P6 in complex with fragment J72,1.7,0.215,2,2,A;B,,EDO;GGB;SO4;HOH,1,GGB,GGB,L-CANAVANINE,C5 H12 N4 O3,176.174,12,,,,EDO;SO4;HOH,RESERVE,multiple_protein_chains_2
1103,9O2D,2026-02-11,Heparanase P6 in complex with fragment J74 (L-norepinephrine),2.3,0.2522,2,2,A;B,,PEG;SO4;LNR;HOH,1,LNR,LNR,L-NOREPINEPHRINE,C8 H11 N O3,169.178,12,,,,PEG;SO4;HOH,RESERVE,multiple_protein_chains_2
1104,9O2E,2026-02-11,Heparanase P6 in complex with fragment J82,2.1,0.2822,2,2,A;B,,4NC;SO4;HOH,1,4NC,4NC,4-NITROCATECHOL,C6 H5 N O4,155.108,11,,,,SO4;HOH,RESERVE,r_free_above_0.28;multiple_protein_chains_2
1105,9O2F,2026-02-11,Heparanase P6 in complex with fragment J85,2.5,0.2661,2,2,A;B,,EDO;3AB;SO4;HOH,1,3AB,3AB,3-aminobenzamide,C7 H8 N2 O,136.151,10,,,,EDO;SO4;HOH,RESERVE,multiple_protein_chains_2
1106,9O2G,2026-02-11,Heparanase P6 in complex with fragment J91,2.28,0.2546,2,2,A;B,,N7P;SO4;HOH,1,N7P,N7P,1-ACETYL-L-PROLINE,C7 H11 N O3,157.167,11,,,,SO4;HOH,RESERVE,multiple_protein_chains_2
1107,9O2H,2026-02-11,Heparanase P6 in complex with fragment J92,1.75,0.2107,2,2,A;B,,ACT;EDO;DNC;SO4;HOH,1,DNC,DNC,"3,5-DINITROCATECHOL",C6 H4 N2 O6,200.106,14,,,,ACT;EDO;SO4;HOH,RESERVE,multiple_protein_chains_2
1108,9O2I,2026-02-11,Heparanase P6 in complex with fragment C2,2.5,0.2708,2,2,A;B,,AUM;SO4;HOH,1,AUM,AUM,[nitroso(phosphonomethyl)amino]acetic acid,C3 H7 N2 O6 P,198.071,12,,,,SO4;HOH,RESERVE,multiple_protein_chains_2
1109,9O2J,2026-02-11,Heparanase P6 in complex with fragment C5,2.15,0.26,2,2,A;B,,AII;SO4;HOH,1,AII,AII,"2-propyl-1H-imidazole-4,5-dicarboxylic acid",C8 H10 N2 O4,198.176,14,,,,SO4;HOH,RESERVE,multiple_protein_chains_2
1110,9O2K,2026-02-11,Heparanase P6 in complex with fragment C12,1.73,0.2366,2,2,A;B,,NVU;ACT;PEG;EDO;PG4;SO4;HOH,1,NVU,NVU,"2-(1,2-benzoxazol-3-yl)ethanoic acid",C9 H7 N O3,177.157,13,,,,ACT;PEG;EDO;PG4;SO4;HOH,RESERVE,multiple_protein_chains_2
1111,9O2L,2026-02-11,Heparanase P6 in complex with fragment C17,1.9,0.2316,2,2,A;B,,AQF;EDO;PEG;SO4;HOH,1,AQF,AQF,2-(chloromethyl)-1H-benzimidazole,C8 H7 Cl N2,166.608,11,,,,EDO;PEG;SO4;HOH,RESERVE,multiple_protein_chains_2
1112,9O2M,2026-02-11,Heparanase P6 in complex with fragment C5A,2.0,0.1987,2,2,A;B,,4F8;HOH,1,4F8,4F8,"2-PHENYL-1H-IMIDAZOLE-4,5-DICARBOXYLIC ACID",C11 H8 N2 O4,232.192,17,,,,HOH,RESERVE,multiple_protein_chains_2
1113,9OO9,2026-02-11,Crystal structure of MYST acetyltransferase domain in complex with inhibitor 6,2.2,0.2385,1,1,A,,R7L;ZN;NA;GOL;HOH,1,R7L,R7L,"2,6-dimethoxy-N-{4-methoxy-6-[(1H-pyrazol-1-yl)methyl]-1,2-benzoxazol-3-yl}benzene-1-sulfonamide",C20 H20 N4 O6 S,444.461,31,ALY;HIS;THR,,ZN;NA,GOL;HOH,RESERVE,metal_present
1114,9OOA,2026-02-11,Crystal structure of MYST acetyltransferase domain in complex with inhibitor 7,1.389,0.2044,1,1,A,,ZN;SO4;NA;CL;GOL;A1CD4;A1CD3;HOH,2,A1CD4;A1CD3,,,,,,ALY;HIS;THR,,ZN;NA,SO4;CL;GOL;HOH,MANUAL_REVIEW,multiple_candidate_ligands;metal_present
1115,9OOB,2026-02-11,Crystal structure of MYST acetyltransferase domain in complex with inhibitor 8,1.83,0.2076,1,1,A,,A1CDK;ZN;CL;NA;GOL;HOH,1,A1CDK,A1CDK,6-(azetidin-1-yl)-N-(2-ethoxy-6-methoxybenzene-1-sulfonyl)-4-fluoro-1-benzofuran-2-carboxamide,C21 H21 F N2 O6 S,448.465,31,ALY;HIS;THR,,ZN;NA,CL;GOL;HOH,RESERVE,metal_present
1116,9OOC,2026-02-11,Crystal structure of MYST acetyltransferase domain in complex with inhibitor 10a,2.1,0.2298,1,1,A,,ZN;CL;GOL;A1CDJ;HOH,1,A1CDJ,A1CDJ,"4-fluoro-N'-[3-(methoxymethyl)benzene-1-sulfonyl]-5-methyl[1,1'-biphenyl]-3-carbohydrazide",C22 H21 F N2 O4 S,428.477,30,ALY;HIS;THR,,ZN,CL;GOL;HOH,RESERVE,metal_present
1117,9OOD,2026-02-11,Crystal structure of MYST acetyltransferase domain in complex with inhibitor 10c,2.2,0.2497,1,1,A,,ZN;CL;GOL;A1CDI;HOH,1,A1CDI,A1CDI,5-ethoxy-2-fluoro-N'-(1H-indole-6-sulfonyl)-3-methylbenzohydrazide,C18 H18 F N3 O4 S,391.417,27,ALY;HIS;THR,,ZN,CL;GOL;HOH,RESERVE,metal_present
1118,9OOE,2026-02-11,Crystal structure of MYST acetyltransferase domain in complex with inhibitor 10d,2.1,0.2416,1,1,A,,ZN;CL;GOL;A1CDH;HOH,1,A1CDH,A1CDH,N'-(1-benzothiophene-2-sulfonyl)-5-ethoxy-2-fluoro-3-methylbenzohydrazide,C18 H17 F N2 O4 S2,408.467,27,ALY;HIS;THR,,ZN,CL;GOL;HOH,RESERVE,metal_present
1119,9OOF,2026-02-11,Crystal structure of MYST acetyltransferase domain in complex with inhibitor 10e,1.681,0.1992,1,1,A,,ZN;CL;GOL;A1CDG;HOH,1,A1CDG,A1CDG,(5P)-3-fluoro-N'-(3-fluorothiophene-2-sulfonyl)-5-(pyridin-2-yl)benzohydrazide,C16 H11 F2 N3 O3 S2,395.404,26,ALY;HIS;THR,,ZN,CL;GOL;HOH,RESERVE,metal_present
1120,9OOH,2026-02-11,Crystal structure of MYST acetyltransferase domain in complex with inhibitor 10b,2.05,0.2472,1,1,A,,ZN;CL;GOL;A1CDF;HOH,1,A1CDF,A1CDF,5-ethoxy-2-fluoro-N'-[3-(2-hydroxyethoxy)benzene-1-sulfonyl]benzohydrazide,C17 H19 F N2 O6 S,398.406,27,ALY;HIS;THR,,ZN,CL;GOL;HOH,RESERVE,metal_present
1121,9OOJ,2026-02-11,Crystal structure of MYST acetyltransferase domain in complex with inhibitor 18c,1.82,0.2239,1,1,A,,ZN;CL;GOL;A1CDE;HOH,1,A1CDE,A1CDE,"N-[(2S)-2-(1,3-oxazol-2-yl)-2-phenylethyl]-1,1-dioxo-1,2-dihydro-1lambda~6~-thieno[3,2-e][1,2,4]thiadiazine-3-carboxamide",C17 H14 N4 O4 S2,402.447,27,ALY;HIS;THR,,ZN,CL;GOL;HOH,RESERVE,metal_present
1122,9SD4,2026-02-11,Human PGGHG crystal structure,2.39,0.29305,1,1,A,,CL;HOH,0,,,,,,,,,,CL;HOH,EXCLUDE,no_druglike_organic_ligand
1123,9SD5,2026-02-11,Crystal structure of the C-terminally truncated human E574Q-PGGHG mutant in complex with glucose,1.363,0.1573,1,1,A,,CL;GOL;BGC;GLC;PEG;HOH,1,BGC,BGC,beta-D-glucopyranose,C6 H12 O6,180.156,12,BGC;GLC,,,CL;GOL;GLC;PEG;HOH,EXCLUDE,candidate_may_be_covalent
1124,9SD6,2026-02-11,Crystal structure of the C-terminally truncated human E430Q/E574Q-PGGHG double mutant in complex with kojibiose,1.7,0.2114,1,1,A,,CL;GOL;HOH,0,,,,,,,BGC;GLC,,,CL;GOL;HOH,EXCLUDE,no_druglike_organic_ligand
1125,9SD7,2026-02-11,Crystal structure of C-terminally truncated human PGGHG in complex with glucose,1.39,0.17997,1,1,A,,CL;GOL;BGC;HOH,1,BGC,BGC,beta-D-glucopyranose,C6 H12 O6,180.156,12,,,,CL;GOL;HOH,INCLUDE,
1126,9SD8,2026-02-11,Crystal structure of C-terminally truncated human PGGHG in complex with glucose.,1.61,0.20937,1,2,A;B,,CL;GLC;BGC;GOL;PEG;HOH,1,BGC,BGC,beta-D-glucopyranose,C6 H12 O6,180.156,12,BGC;GLC,,,CL;GLC;GOL;PEG;HOH,EXCLUDE,candidate_may_be_covalent;multiple_protein_chains_2
1127,9SXI,2026-02-11,HUMAN CD38 ECTODOMAIN BOUND TO CVN14-ADPR ADDUCT,1.74,0.234,1,1,A,,A1JSF;GOL;HOH,1,A1JSF,A1JSF,"[[(2~{R},3~{S},4~{R},5~{R})-5-(6-aminopurin-9-yl)-3,4-bis(oxidanyl)oxolan-2-yl]methoxy-oxidanyl-phosphoryl] [(2~{R},3~{S},4~{R},5~{R})-5-[3-[4-methyl-6-[[4-[2,2,2-tris(fluoranyl)ethylamino]cyclohexyl]carbamoyl]pyrimidin-2-yl]imidazol-1-yl]-3,4-bis(oxidanyl)oxolan-2-yl]methyl hydrogen phosphate",C32 H43 F3 N11 O14 P2 1,924.692,62,,,,GOL;HOH,INCLUDE,
1128,9WGZ,2026-02-11,Tryptophan hydroxylase mutant - Y235S,1.857,0.2085,1,1,A,,FE;HOH,0,,,,,,,,,FE,HOH,EXCLUDE,no_druglike_organic_ligand;metal_present
1129,9WP5,2026-02-11,The crystal structure of PDE4D with Pinoresinol Dimethyl Ether,2.1,0.2555,1,2,A;B,,ZN;MG;A1EYL;HOH,1,A1EYL,A1EYL,"(3~{S},3~{a}~{R},6~{S},6~{a}~{R})-3,6-bis(3,4-dimethoxyphenyl)-1,3,3~{a},4,6,6~{a}-hexahydrofuro[3,4-c]furan",C22 H26 O6,386.438,28,,,ZN;MG,HOH,RESERVE,multiple_protein_chains_2;metal_present
1130,9Y0A,2026-02-11,Crystal structure of Bet v 1.0101 in complex with human IgE Fab 2H22,2.12,0.2183,3,3,A;B;C,,PEG;PG4;CL;HOH,0,,,,,,,ASN;NAG,,,PEG;PG4;CL;HOH,EXCLUDE,no_druglike_organic_ligand;multiple_protein_chains_3
1131,9Y0D,2026-02-11,Crystal structure of human IgE Fab 2H22,2.27,0.2435,2,2,A;B,,PEG;NAG;HOH,0,,,,,,,ASN;NAG,,,PEG;NAG;HOH,EXCLUDE,no_druglike_organic_ligand;multiple_protein_chains_2
1132,9CWY,2026-02-04,Crystal structure of HLA-A*03:02 in complex with a wild-type PIK3CA peptide,1.98,0.2236,3,3,A;B;C,,ACT;FMT;GOL;HOH,0,,,,,,,,,,ACT;FMT;GOL;HOH,EXCLUDE,no_druglike_organic_ligand;multiple_protein_chains_3
1133,9CWZ,2026-02-04,Crystal structure of HLA-A*03:02 in complex with a mutant PIK3CA peptide,2.05,0.2383,3,3,A;B;C,,GOL;HOH,0,,,,,,,,,,GOL;HOH,EXCLUDE,no_druglike_organic_ligand;multiple_protein_chains_3
1134,9CX0,2026-02-04,Crystal structure of HLA-A*03:01 E152V mutant in complex with a mutant PIK3CA peptide,1.92,0.2416,3,3,A;B;C,,GOL;HOH,0,,,,,,,,,,GOL;HOH,EXCLUDE,no_druglike_organic_ligand;multiple_protein_chains_3
1135,9CX1,2026-02-04,Crystal structure of HLA-A*03:01 L156Q mutant in complex with a mutant PIK3CA peptide,2.0,0.2212,3,3,A;B;C,,GOL;HOH,0,,,,,,,,,,GOL;HOH,EXCLUDE,no_druglike_organic_ligand;multiple_protein_chains_3
1136,9G6Y,2026-02-04,Crystal structure of NUDT5 bound to dNUDT5,1.9,0.2422,1,2,A;B,,A1IIY;MG;HOH,1,A1IIY,A1IIY,"4-[7-[[5-(3,4-dichlorophenyl)-1,3,4-oxadiazol-2-yl]methyl]-1,3-dimethyl-2,6-bis(oxidanylidene)purin-8-yl]piperazine-1-carboxamide",C21 H21 Cl2 N9 O4,534.355,36,,,MG,HOH,RESERVE,multiple_protein_chains_2;metal_present
1137,9I29,2026-02-04,Human Carbonic Anhydrase II in complex with N-(2-(benzylamino)-2-oxo-1-(4-sulfamoylphenyl)ethyl)-N-(3-chloro-4-methoxyphenyl)propiolamide,1.62,0.1962,1,1,AAA,,EDO;GOL;ZN;A1IZC;HOH,1,A1IZC,A1IZC,~{N}-(3-chloranyl-4-methoxy-phenyl)-~{N}-[(1~{S})-2-oxidanylidene-2-[(phenylmethyl)amino]-1-(4-sulfamoylphenyl)ethyl]prop-2-ynamide,C25 H22 Cl N3 O5 S,511.977,35,,,ZN,EDO;GOL;HOH,RESERVE,metal_present
1138,9I3W,2026-02-04,Structure of anti-EV71 human monoclonal antibody 16-2-8C Fab,1.14,0.1938,2,2,H;L,,BTB;EDO;HOH,1,BTB,BTB,"2-[BIS-(2-HYDROXY-ETHYL)-AMINO]-2-HYDROXYMETHYL-PROPANE-1,3-DIOL",C8 H19 N O5,209.24,14,,,,EDO;HOH,RESERVE,multiple_protein_chains_2
1139,9I41,2026-02-04,Structure of anti-EV71 human monoclonal antibody 16-3-3C Fab,1.32,0.1738,2,2,H;L,,CL;EDO;HOH,0,,,,,,,,,,CL;EDO;HOH,EXCLUDE,no_druglike_organic_ligand;multiple_protein_chains_2
1140,9I42,2026-02-04,Structure of anti-EV71 human monoclonal antibody 16-2-2D Fab,1.92,0.1918,2,4,A;B;H;L,,SO4;EDO;GOL;HOH,0,,,,,,,,,,SO4;EDO;GOL;HOH,EXCLUDE,no_druglike_organic_ligand;multiple_protein_chains_4
1141,9I43,2026-02-04,Structure of anti-EV71 human monoclonal antibody 16-2-9D Fab,1.18,0.1758,2,2,H;L,,EDO;HOH,0,,,,,,,,,,EDO;HOH,EXCLUDE,no_druglike_organic_ligand;multiple_protein_chains_2
1142,9I45,2026-02-04,Structure of anti-EV71 human monoclonal antibody 16-3-10B Fab,2.12,0.236,2,2,H;L,,SO4;EDO;HOH,0,,,,,,,,,,SO4;EDO;HOH,EXCLUDE,no_druglike_organic_ligand;multiple_protein_chains_2
1143,9I4E,2026-02-04,Structure of anti-EV71 human monoclonal antibody 34-1-6D Fab,1.63,0.20884,2,4,A;B;H;L,,EDO;HOH,0,,,,,,,,,,EDO;HOH,EXCLUDE,no_druglike_organic_ligand;multiple_protein_chains_4
1144,9I4W,2026-02-04,"Structure of carbamoylated recombinant human butyrylcholinesterase by the biscarbamte 5-(1-hydroxy-2-(piperidin-1-yl)ethyl)-1,3-phenylene bis(piperidine-1-carboxylate)",2.44,0.2381,1,1,A,,NAG;MES;GOL;A1I0D;A1I0F;SO4;HOH,2,A1I0D;A1I0F,,,,,,A1I0D;ASN;FUC;NAG;SER,,,NAG;MES;GOL;SO4;HOH,MANUAL_REVIEW,multiple_candidate_ligands
1145,9MLU,2026-02-04,FbaA with Factor H 6-7 domain,1.82,0.2757,2,4,A;B;C;D,,MES;HOH,0,,,,,,,,,,MES;HOH,EXCLUDE,no_druglike_organic_ligand;multiple_protein_chains_4
1146,9MMX,2026-02-04,M6 protein with Factor H 6-7 domain,1.9,0.3021,2,6,A;B;C;D;E;F,,EDO;HOH,0,,,,,,,,,,EDO;HOH,EXCLUDE,no_druglike_organic_ligand;multiple_protein_chains_6
1147,9MW1,2026-02-04,Structure of SARM1 TIR domain bound to G8758,2.1,0.297,1,2,A;B,,A1BTS;HOH,1,A1BTS,A1BTS,"[(2~{R},3~{S},4~{R},5~{R})-5-[4-[5-[(6~{R})-6-(4-chloranyl-3-fluoranyl-phenyl)-2-oxidanylidene-1,3-oxazinan-3-yl]-1~{H}-pyrazol-3-yl]pyridin-1-yl]-3,4-bis(oxidanyl)oxolan-2-yl]methyl phosphono hydrogen phosphate",C23 H25 Cl F N4 O12 P2 1,665.863,43,,,,HOH,RESERVE,r_free_above_0.28;multiple_protein_chains_2
1148,9MW2,2026-02-04,Structure of SARM1 TIR domain bound to G6831,1.75,0.2218,1,2,A;B,,A1BU7;HOH,1,A1BU7,A1BU7,"[[(2~{R},3~{S},4~{R},5~{R})-5-(6-aminopurin-9-yl)-3,4-bis(oxidanyl)oxolan-2-yl]methoxy-oxidanyl-phosphoryl] [(2~{R},3~{S},4~{R},5~{R})-5-[4-[3-[(4~{S})-4-(4-chloranyl-3-fluoranyl-phenyl)-2-oxidanylidene-piperidin-1-yl]-1-bicyclo[1.1.1]pentanyl]pyridin-1-yl]-3,4-bis(oxidanyl)oxolan-2-yl]methyl hydrogen phosphate",C36 H42 Cl F N7 O14 P2 1,913.156,61,,,,HOH,RESERVE,multiple_protein_chains_2
1149,9MW3,2026-02-04,Structure of SARM1 TIR domain bound to G2756,1.93,0.2002,1,2,A;B,,A1BTR;HOH,1,A1BTR,A1BTR,"[[(2~{R},3~{S},4~{R},5~{R})-5-(6-aminopurin-9-yl)-3,4-bis(oxidanyl)oxolan-2-yl]methoxy-oxidanyl-phosphoryl] [(2~{R},3~{S},4~{R},5~{R})-5-[4-[5-[(4~{S})-4-(4-fluorophenyl)-2-oxidanylidene-piperidin-1-yl]pyridin-2-yl]pyridin-1-yl]-3,4-bis(oxidanyl)oxolan-2-yl]methyl hydrogen phosphate",C36 H40 F N8 O14 P2 1,889.694,61,,,,HOH,RESERVE,multiple_protein_chains_2
1150,9N8I,2026-02-04,Pfs230 domain 1 bound by RUPA-39 Fab,1.85,0.2332,4,4,A;B;E;F,,EDO;CA;HOH,0,,,,,,,,,CA,EDO;HOH,EXCLUDE,no_druglike_organic_ligand;multiple_protein_chains_4;metal_present
1151,9N8N,2026-02-04,Tandem antigen chimera of Pfs230 and Pfs48/45 bound by potent mAbs,2.22,0.2097,5,5,A;B;E;F;I,,EDO;PGE;CL;PEG;TRS;ACT;CA;CAC;HOH,0,,,,,,,ASN;FUC;NAG,,CA,EDO;PGE;CL;PEG;TRS;ACT;CAC;HOH,EXCLUDE,no_druglike_organic_ligand;multiple_protein_chains_5;metal_present
1152,9P0Q,2026-02-04,"Structure of PYCR1 complexed with the allosteric inhibitor 1-benzyl-1H-1,3-benzodiazole-2-sulfonic acid",1.74,0.2247,1,5,A;B;C;D;E,,A1CFK;SO4;HOH,1,A1CFK,A1CFK,"1-benzyl-1H-1,3-benzimidazole-2-sulfonic acid",C14 H12 N2 O3 S,288.322,20,,,,SO4;HOH,RESERVE,multiple_protein_chains_5
1153,9P0R,2026-02-04,"Structure of PYCR1 complexed with the allosteric inhibitor 2-[(2,6-dichlorophenyl)amino]pyridine-3-sulfonic acid",1.49,0.2208,1,5,A;B;C;D;E,,A1CFJ;SO4;PEG;PGE;HOH,1,A1CFJ,A1CFJ,"2-(2,6-dichloroanilino)pyridine-3-sulfonic acid",C11 H8 Cl2 N2 O3 S,319.164,19,,,,SO4;PEG;PGE;HOH,RESERVE,multiple_protein_chains_5
1154,9P0S,2026-02-04,Structure of PYCR1 complexed with the allosteric inhibitor 4-hydroxy-7-(phenylamino)naphthalene-2-sulfonic acid,1.58,0.1973,1,5,A;B;C;D;E,,A1CFI;SO4;PGE;HOH,1,A1CFI,A1CFI,7-anilino-4-hydroxynaphthalene-2-sulfonic acid,C16 H13 N O4 S,315.344,22,,,,SO4;PGE;HOH,RESERVE,multiple_protein_chains_5
1155,9P0T,2026-02-04,"Structure of PYCR1 complexed with the allosteric inhibitor 4-hydroxy-7-(phenylamino)naphthalene-2-sulfonic acid in a remote site and NADH and (S)-(-)-2-Hydroxy-3,3-dimethylbutyric acid in the active site",1.79,0.223,1,5,A;B;C;D;E,,G8I;A1CFI;NAI;PEG;HOH,1,A1CFI,A1CFI,7-anilino-4-hydroxynaphthalene-2-sulfonic acid,C16 H13 N O4 S,315.344,22,,NAI,,G8I:heavy_atoms_9;PEG;HOH,RESERVE,multiple_protein_chains_5;cofactor_present
1156,9P0U,2026-02-04,Structure of PYCR1 complexed with the allosteric inhibitor 7-benzamido-4-hydroxynaphthalene-2-sulfonic acid,1.66,0.2034,1,5,A;B;C;D;E,,SO4;PEG;A1CFH;PGE;HOH,1,A1CFH,A1CFH,7-benzamido-4-hydroxynaphthalene-2-sulfonic acid,C17 H13 N O5 S,343.354,24,,,,SO4;PEG;PGE;HOH,RESERVE,multiple_protein_chains_5
1157,9P0V,2026-02-04,"Structure of PYCR1 complexed with the allosteric inhibitor 7-benzamido-4-hydroxynaphthalene-2-sulfonic acid in a remote site and NADH and (S)-(-)-2-Hydroxy-3,3-dimethylbutyric acid in the active site",1.8,0.2011,1,5,A;B;C;D;E,,G8I;A1CFH;NAI;HOH,1,A1CFH,A1CFH,7-benzamido-4-hydroxynaphthalene-2-sulfonic acid,C17 H13 N O5 S,343.354,24,,NAI,,G8I:heavy_atoms_9;HOH,RESERVE,multiple_protein_chains_5;cofactor_present
1158,9Q45,2026-02-04,"Quaternary complex of PYCR1 with the allosteric inhibitor 1-benzyl-1H-1,3-benzodiazole-2-sulfonic acid in a remote site and NADH and (S)-tetrahydrofuran-2-carboxylic acid in the active site",1.79,0.2253,1,5,A;B;C;D;E,,TFB;NAI;A1CFK;PEG;HOH,1,A1CFK,A1CFK,"1-benzyl-1H-1,3-benzimidazole-2-sulfonic acid",C14 H12 N2 O3 S,288.322,20,,NAI,,TFB:heavy_atoms_8;PEG;HOH,RESERVE,multiple_protein_chains_5;cofactor_present
1159,9Q46,2026-02-04,"Ternary complex of PYCR1 with the allosteric inhibitor 2-[(2,6-dichlorophenyl)amino]pyridine-3-sulfonic acid in two remote sites and the active site, and (S)-(-)-2-Hydroxy-3,3-dimethylbutyric acid in the active site",1.75,0.2166,1,5,A;B;C;D;E,,G8I;A1CFJ;SO4;HOH,1,A1CFJ,A1CFJ,"2-(2,6-dichloroanilino)pyridine-3-sulfonic acid",C11 H8 Cl2 N2 O3 S,319.164,19,,,,G8I:heavy_atoms_9;SO4;HOH,RESERVE,multiple_protein_chains_5
1160,9S64,2026-02-04,"Human TEAD1 in complex with 2-(4-chloro-3-{3-methyl-5-[4-(trifluoromethyl)phenoxy]phenyl}-1H-pyrrolo[3,2-c]pyridin-1-yl)ethan-1-ol",1.85,0.2546,1,4,A;B;C;D,,MYR;GOL;CL;A1JLZ;HOH,2,MYR;A1JLZ,,,,,,LYS;MYR,,,GOL;CL;HOH,MANUAL_REVIEW,multiple_candidate_ligands;multiple_protein_chains_4
1161,9TA5,2026-02-04,PITP covalently bound to microcolin H,2.1,0.2634,2,2,A;B,,IMD;NI;HOH,0,,,,,,,A1IG7;C9T;CYS;HZP;MLE;MVA;TH5,,NI,IMD:heavy_atoms_5;HOH,EXCLUDE,no_druglike_organic_ligand;multiple_protein_chains_2;metal_present
1162,9VQ3,2026-02-04,"Crystal structure of human phosphodiesterase 10A in complex with (6-fluoro-2-(1-(4-methylquinazolin-2-yl)azetidin-3-yl)imidazo[1,2-a]pyridin-3-yl)(4,7-diazaspiro[2.5]octan-7-yl)methanone",2.4,0.311,1,2,A;B,,A1ETB;MG;ZN;HOH,1,A1ETB,A1ETB,"4,7-diazaspiro[2.5]octan-7-yl-[6-fluoranyl-2-[1-(4-methylquinazolin-2-yl)azetidin-3-yl]imidazo[1,2-a]pyridin-3-yl]methanone",C26 H26 F N7 O,471.529,35,,,MG;ZN,HOH,RESERVE,r_free_above_0.28;multiple_protein_chains_2;metal_present
1163,9DM8,2026-01-28,EGFR wildtype in complex with BI-8128,2.13,0.2141,1,1,A,,A1A6K;MES;HOH,1,A1A6K,A1A6K,"(6M)-1-{2-[4-(2-methoxyethyl)piperazin-1-yl]-1-methyl-4-[(1S,4R)-2-oxa-5-azabicyclo[2.2.1]heptan-5-yl]-1H-imidazo[4,5-c]pyridin-6-yl}-6-(4-methoxypyridin-3-yl)-4-methyl-1H-pyrazolo[4,3-c]pyridine",C32 H38 N10 O3,610.709,45,,,,MES;HOH,INCLUDE,
1164,9I19,2026-01-28,Iron loaded human H-chain ferritin D131N mutant 5 minute oxygen soak,1.63,0.1922,1,1,A,,FE;MG;CL;HOH,0,,,,,,,,,FE;MG,CL;HOH,EXCLUDE,no_druglike_organic_ligand;metal_present
1165,9I1A,2026-01-28,Iron loaded human mitochondrial ferritin 20 minute oxygen soak,1.73,0.2171,1,1,A,,FE;CL;MG;HOH,0,,,,,,,,,FE;MG,CL;HOH,EXCLUDE,no_druglike_organic_ligand;metal_present
1166,9I1B,2026-01-28,Iron loaded human H-chain ferritin 20 minute oxygen soak,1.63,0.2141,1,1,A,,FE;CL;MG;HOH,0,,,,,,,,,FE;MG,CL;HOH,EXCLUDE,no_druglike_organic_ligand;metal_present
1167,9I1C,2026-01-28,Iron loaded human H-chain ferritin 5 minute oxygen soak,1.58,0.186,1,1,A,,FE;MG;CL;HOH,0,,,,,,,,,FE;MG,CL;HOH,EXCLUDE,no_druglike_organic_ligand;metal_present
1168,9I1D,2026-01-28,Iron loaded human mitochondrial ferritin D131N mutant 5 minute oxygen soak,1.65,0.1844,1,1,A,,FE;MG;CL;HOH,0,,,,,,,,,FE;MG,CL;HOH,EXCLUDE,no_druglike_organic_ligand;metal_present
1169,9I1E,2026-01-28,Iron loaded human H-chain ferritin D131N mutant 20 minute oxygen soak,1.76,0.1903,1,1,A,,FE;CL;MG;HOH,0,,,,,,,,,FE;MG,CL;HOH,EXCLUDE,no_druglike_organic_ligand;metal_present
1170,9I1F,2026-01-28,Iron loaded human mitochondrial ferritin D131N mutant 20 minute oxygen soak,1.72,0.1888,1,1,A,,FE;MG;CL;HOH,0,,,,,,,,,FE;MG,CL;HOH,EXCLUDE,no_druglike_organic_ligand;metal_present
1171,9I1L,2026-01-28,Crystal structure of Kalirin/Rac1 in complex with RS-009,1.68,0.2693,2,2,A;B,,A1IZQ;DMS;HOH,1,A1IZQ,A1IZQ,"2-chloranyl-~{N}-(6-oxidanylidene-1,7-dihydropyrrolo[2,3-b]pyridin-4-yl)ethanamide",C9 H8 Cl N3 O2,225.632,15,A1IZQ;CYS,,,DMS;HOH,EXCLUDE,candidate_may_be_covalent;multiple_protein_chains_2
1172,9LM7,2026-01-28,Crystal structrue of bvFP-Pr1-88.4,1.8,0.2212,1,2,A;B,,BLA;HOH,1,BLA,BLA,BILIVERDINE IX ALPHA,C33 H34 N4 O6,582.646,43,,,,HOH,RESERVE,multiple_protein_chains_2
1173,9LMZ,2026-01-28,hAGO2-MID in complex with a chemical modified uridine monophosphate,1.8,0.2061,1,3,A;B;C,,A1EY1;ECC;HOH,1,A1EY1,A1EY1,"[(2R,3S,4R,5R)-5-[2,4-bis(oxidanylidene)thieno[2,3-d]pyrimidin-1-yl]-3,4-bis(oxidanyl)oxolan-2-yl]methyl dihydrogen phosphate",C11 H13 N2 O9 P S,380.268,24,,,,ECC:heavy_atoms_9;HOH,RESERVE,multiple_protein_chains_3
1174,9NGP,2026-01-28,EGFR wildtype in complex with BI-4732,2.4,0.2378,1,1,A,,A1BX7;HOH,1,A1BX7,A1BX7,"(6M)-1-{2-[(5S,8aR)-hexahydropyrrolo[1,2-a]pyrazin-2(1H)-yl]-1-methyl-4-[(1R,4R)-2-oxa-5-azabicyclo[2.2.1]heptan-5-yl]-1H-imidazo[4,5-c]pyridin-6-yl}-6-(4-methoxypyridin-3-yl)-4-methyl-1H-pyrazolo[4,3-c]pyridine",C32 H36 N10 O2,592.694,44,,,,HOH,INCLUDE,
1175,9PSS,2026-01-28,IRAK4 in Complex with Compound 3,1.93,0.2826,1,2,A;B,,A1CKP;SO4;HOH,1,A1CKP,A1CKP,"(7P,8S)-7-{(5M)-5-[1-(oxan-4-yl)-1H-1,2,3-triazol-4-yl]-4-[(propan-2-yl)amino]pyridin-2-yl}pyrrolo[1,2-b]pyridazine-3-carbonitrile",C23 H24 N8 O,428.49,32,ARG;MET;SEP;TPO;VAL,,,SO4;HOH,RESERVE,r_free_above_0.28;multiple_protein_chains_2
1176,9PST,2026-01-28,IRAK4 in Complex with Compound 5,2.12,0.2692,1,4,A;B;C;D,,A1CKQ;SO4;HOH,1,A1CKQ,A1CKQ,"N-[(1R,4r)-4-(5-{(6P)-6-[(8R)-3-cyanopyrrolo[1,2-b]pyridazin-7-yl]-4-[(propan-2-yl)amino]pyridin-3-yl}-1,3,4-thiadiazol-2-yl)cyclohexyl]acetamide",C26 H28 N8 O S,500.619,36,ARG;MET;SEP;TPO;VAL,,,SO4;HOH,RESERVE,multiple_protein_chains_4
1177,9PSU,2026-01-28,IRAK4 in Complex with Compound 12,2.43,0.295,1,4,A;B;C;D,,A1CKS;SO4;HOH,1,A1CKS,A1CKS,"N-[(1R,5S,8R)-3-(5-{(6P)-6-[(8S)-3-cyanopyrrolo[1,2-b]pyridazin-7-yl]-4-[(propan-2-yl)amino]pyridin-3-yl}-1,3,4-thiadiazol-2-yl)-3-azabicyclo[3.2.1]octan-8-yl]acetamide",C27 H29 N9 O S,527.644,38,ARG;MET;SEP;TPO,,,SO4;HOH,RESERVE,r_free_above_0.28;multiple_protein_chains_4
1178,9R6V,2026-01-28,Crystal structure of the DOC domain of the E3 ligase HECTD3,1.61,0.2124,1,2,A;B,,MG;HOH,0,,,,,,,,,MG,HOH,EXCLUDE,no_druglike_organic_ligand;multiple_protein_chains_2;metal_present
1179,9RQQ,2026-01-28,Tankyrase 2 in complex with an inhibitor,1.89,0.2343,1,1,A,,A1JIF;PEG;ZN;SO4;HOH,1,A1JIF,A1JIF,"3-[(4-ethylphenyl)methyl]-7-fluoranyl-4~{H}-[1,2,3]triazolo[4,5-c]isoquinolin-5-one",C18 H15 F N4 O,322.336,24,,,ZN,PEG;SO4;HOH,RESERVE,metal_present
1180,9RRP,2026-01-28,Tankyrase 2 in complex with an inhibitor,2.05,0.2411,1,1,A,,GOL;PEG;A1JI1;ZN;SO4;HOH,1,A1JI1,A1JI1,"7-fluoranyl-3-[(4-methoxyphenyl)methyl]-4~{H}-[1,2,3]triazolo[4,5-c]isoquinolin-5-one",C17 H13 F N4 O2,324.309,24,,,ZN,GOL;PEG;SO4;HOH,RESERVE,metal_present
1181,9SIA,2026-01-28,Crystal structure of human Signal Regulatory Protein 2 (SIRP) alpha V2 in complex with L-Tryptophane,1.83,0.2565,1,3,A;B;C,,ZN;TRP;HOH,1,TRP,TRP,TRYPTOPHAN,C11 H12 N2 O2,204.225,15,,,ZN,HOH,RESERVE,multiple_protein_chains_3;metal_present
1182,9SIC,2026-01-28,Crystal structure of human Signal Regulatory Protein 2 (SIRP) alpha V2 - Q52A mutant,1.5,0.21625,1,3,A;B;C,,ZN;HOH,0,,,,,,,,,ZN,HOH,EXCLUDE,no_druglike_organic_ligand;multiple_protein_chains_3;metal_present
1183,9SID,2026-01-28,Crystal structure of human Signal Regulatory Protein 2 (SIRP) alpha V2 - Q52F mutant,1.69,0.2738,1,2,A;B,,ZN;MES;HOH,0,,,,,,,,,ZN,MES;HOH,EXCLUDE,no_druglike_organic_ligand;multiple_protein_chains_2;metal_present
1184,9T7F,2026-01-28,Crystal structure of human Signal Regulatory Protein 2 (SIRP) alpha V2 in complex with 5-Hydroxy-L-Tryptophan,1.5,0.25306,1,3,A;B;C,,ZN;4PQ;HOH,1,4PQ,4PQ,5-hydroxy-L-tryptophan,C11 H12 N2 O3,220.225,16,,,ZN,HOH,RESERVE,multiple_protein_chains_3;metal_present
1185,9TCB,2026-01-28,Catalytic domain of human PARP15 in complex with BAD,1.9,0.2197,1,2,A;B,,DQV;NCA;HOH,1,DQV,DQV,"[(2R,3S,4R,5R)-5-(6-amino-9H-purin-9-yl)-3,4-dihydroxytetrahydrofuran-2-yl]methyl [(2R,3S,4R,5S)-5-(3-carbamoylphenyl)-3,4-dihydroxytetrahydrofuran-2-yl]methyl dihydrogen diphosphate (non-preferred name)",C22 H28 N6 O14 P2,662.437,44,,,,NCA:heavy_atoms_9;HOH,RESERVE,multiple_protein_chains_2
1186,9TF5,2026-01-28,Structure of human wild-type signal regulatory protein alpha V2 variant (SIRPaV2) with zinc,1.63,0.2163,1,3,A;B;C,,ZN;SO4;HOH,0,,,,,,,,,ZN,SO4;HOH,EXCLUDE,no_druglike_organic_ligand;multiple_protein_chains_3;metal_present
1187,9THQ,2026-01-28,Crystal structure of the human serum transferrin with Fe(III) bound at the C-lobe only,2.44,0.2309,1,1,AAA,,FE;MLA;NAG;GOL;BCT;HOH,0,,,,,,,ASN;NAG,,FE,MLA;NAG;GOL;BCT:heavy_atoms_4;HOH,EXCLUDE,no_druglike_organic_ligand;metal_present
1188,9WRJ,2026-01-28,Crystal structure of CtBP1 in complex with PALI1,2.2,0.26192,2,2,A;B,,NAD;HOH,0,,,,,,,,NAD,,HOH,EXCLUDE,no_druglike_organic_ligand;multiple_protein_chains_2;cofactor_present
1189,9XWT,2026-01-28,Phosphoglycerate mutase 1 complexed with a novel scaffold inhibitor,2.28,0.2494,1,2,B;C,,A1E1M;GOL;CL;MES;HOH,1,A1E1M,A1E1M,7-bromanyl-5-chloranyl-1~{H}-indole-2-carboxylic acid,C9 H5 Br Cl N O2,274.499,14,,,,GOL;CL;MES;HOH,RESERVE,multiple_protein_chains_2
1190,9Y15,2026-01-28,"WT human DNA polymerase beta, Binary complex templating dA",1.85,0.2121,1,1,A,,NA;CL;HOH,0,,,,,,,,,NA,CL;HOH,EXCLUDE,no_druglike_organic_ligand;metal_present
1191,9Y16,2026-01-28,"WT human DNA polymerase beta, Binary complex templating dG",1.8,0.2091,1,1,A,,NA;CL;HOH,0,,,,,,,,,NA,CL;HOH,EXCLUDE,no_druglike_organic_ligand;metal_present
1192,9Y17,2026-01-28,"WT human DNA polymerase beta, Binary complex templating dT",1.85,0.2076,1,1,A,,NA;CL;HOH,0,,,,,,,,,NA,CL;HOH,EXCLUDE,no_druglike_organic_ligand;metal_present
1193,9Y18,2026-01-28,"WT human DNA polymerase beta, Binary complex templating dC",1.8,0.2048,1,1,A,,NA;CL;HOH,0,,,,,,,,,NA,CL;HOH,EXCLUDE,no_druglike_organic_ligand;metal_present
1194,9Y19,2026-01-28,"WT human DNA polymerase beta, Ternary complex dA:dUmpNpp",1.9,0.1971,1,1,A,,NA;MG;DUP;CL;HOH,1,DUP,DUP,"2'-DEOXYURIDINE 5'-ALPHA,BETA-IMIDO-TRIPHOSPHATE",C9 H16 N3 O13 P3,467.157,28,,,NA;MG,CL;HOH,RESERVE,metal_present
1195,9Y1A,2026-01-28,"WT human DNA polymerase beta, Ternary complex dT:dAmpCpp",1.93,0.2011,1,1,A,,NA;MG;F2A;CL;HOH,1,F2A,F2A,2'-deoxy-5'-O-[(S)-hydroxy{[(S)-hydroxy(phosphonooxy)phosphoryl]methyl}phosphoryl]adenosine,C11 H18 N5 O11 P3,489.209,30,,,NA;MG,CL;HOH,RESERVE,metal_present
1196,9Y1B,2026-01-28,"WT human DNA polymerase beta, Ternary complex dC:dGmpCpp",1.9,0.2248,1,1,A,,NA;MG;1GC;CL;HOH,1,1GC,1GC,2'-deoxy-5'-O-[(R)-hydroxy{[(S)-hydroxy(phosphonooxy)phosphoryl]methyl}phosphoryl]guanosine,C11 H18 N5 O12 P3,505.208,31,,,NA;MG,CL;HOH,RESERVE,metal_present
1197,9Y1C,2026-01-28,"WT human DNA polymerase beta, Ternary complex dG:dCmpCpp",1.9,0.1975,1,1,A,,NA;MG;XC5;CL;HOH,1,XC5,XC5,2'-deoxy-5'-O-[(S)-hydroxy{[(S)-hydroxy(phosphonooxy)phosphoryl]methyl}phosphoryl]cytidine,C10 H18 N3 O12 P3,465.184,28,,,NA;MG,CL;HOH,RESERVE,metal_present
1198,9Y1D,2026-01-28,"S180R human DNA polymerase beta, Binary complex templating dA",1.7,0.1951,1,1,A,,NA;CL;HOH,0,,,,,,,,,NA,CL;HOH,EXCLUDE,no_druglike_organic_ligand;metal_present
1199,9Y1E,2026-01-28,"S180R human DNA polymerase beta, Binary complex templating dG",1.6,0.2063,1,1,A,,NA;CL;HOH,0,,,,,,,,,NA,CL;HOH,EXCLUDE,no_druglike_organic_ligand;metal_present
1200,9Y1F,2026-01-28,"S180R human DNA polymerase beta, Binary complex templating dT",1.8,0.2024,1,1,A,,NA;CL;HOH,0,,,,,,,,,NA,CL;HOH,EXCLUDE,no_druglike_organic_ligand;metal_present
1201,9Y1G,2026-01-28,"S180R human DNA polymerase beta, Binary complex templating dC",1.6,0.2088,1,1,A,,NA;CL;HOH,0,,,,,,,,,NA,CL;HOH,EXCLUDE,no_druglike_organic_ligand;metal_present
1202,9Y1H,2026-01-28,"S180R human DNA polymerase beta, Ternary complex dA:dUmpNpp",1.96,0.202,1,1,A,,NA;MG;DUP;CL;HOH,1,DUP,DUP,"2'-DEOXYURIDINE 5'-ALPHA,BETA-IMIDO-TRIPHOSPHATE",C9 H16 N3 O13 P3,467.157,28,,,NA;MG,CL;HOH,RESERVE,metal_present
1203,9Y1I,2026-01-28,"S180R human DNA polymerase beta, Ternary complex dG:dCmpCpp",2.15,0.2126,1,1,A,,NA;MG;XC5;CL;HOH,1,XC5,XC5,2'-deoxy-5'-O-[(S)-hydroxy{[(S)-hydroxy(phosphonooxy)phosphoryl]methyl}phosphoryl]cytidine,C10 H18 N3 O12 P3,465.184,28,,,NA;MG,CL;HOH,RESERVE,metal_present
1204,9Y1J,2026-01-28,"S180R human DNA polymerase beta, Ternary complex dT:dAmpCpp",1.55,0.1825,1,1,A,,NA;MG;F2A;HOH,1,F2A,F2A,2'-deoxy-5'-O-[(S)-hydroxy{[(S)-hydroxy(phosphonooxy)phosphoryl]methyl}phosphoryl]adenosine,C11 H18 N5 O11 P3,489.209,30,,,NA;MG,HOH,RESERVE,metal_present
1205,9Y1K,2026-01-28,"S180R human DNA polymerase beta, Ternary complex dC:dGmpCpp",1.7,0.2171,1,1,A,,NA;MG;1GC;HOH,1,1GC,1GC,2'-deoxy-5'-O-[(R)-hydroxy{[(S)-hydroxy(phosphonooxy)phosphoryl]methyl}phosphoryl]guanosine,C11 H18 N5 O12 P3,505.208,31,,,NA;MG,HOH,RESERVE,metal_present
1206,9YDM,2026-01-28,Targeting PTPN22 at non-orthosteric binding sites - a fragment approach,1.99,0.2757,1,2,A;B,,EOH;GOL;SO4;A1CU3;HOH,1,A1CU3,A1CU3,N-(3-methyl-1H-pyrazol-5-yl)-3-phenylpropanamide,C13 H15 N3 O,229.278,17,,,,EOH;GOL;SO4;HOH,RESERVE,multiple_protein_chains_2
1207,9YG0,2026-01-28,Targeting PTPN22 at non-orthosteric binding sites - a fragment approach,1.76,0.2401,1,4,A;B;C;D,,GOL;EOH;MG;A1CWM;SO4;HOH,1,A1CWM,A1CWM,"1-[(3S)-3-amino-2,3-dihydro-1H-indol-1-yl]-3-phenylpropan-1-one",C17 H18 N2 O,266.338,20,,,MG,GOL;EOH;SO4;HOH,RESERVE,multiple_protein_chains_4;metal_present
1208,9YG1,2026-01-28,Targeting PTPN22 at non-orthosteric binding sites - a fragment approach,1.97,0.2244,1,2,A;B,,EOH;A1CWL;SO4;GOL;MG;HOH,1,A1CWL,A1CWL,1-phenyl-1H-pyrazol-4-ol,C9 H8 N2 O,160.173,12,,,MG,EOH;SO4;GOL;HOH,RESERVE,multiple_protein_chains_2;metal_present
1209,9YG2,2026-01-28,Targeting PTPN22 at non-orthosteric binding sites - a fragment approach,2.26,0.2423,1,2,A;B,,CL;EDO;GOL;A1CWK;MG;HOH,1,A1CWK,A1CWK,5-chloro-3-methyl-1-[(3R)-pyrrolidin-3-yl]-1H-indole,C13 H15 Cl N2,234.725,16,,,MG,CL;EDO;GOL;HOH,RESERVE,multiple_protein_chains_2;metal_present
1210,9YG3,2026-01-28,Targeting PTPN22 at non-orthosteric binding sites - a fragment approach,1.96,0.2414,1,2,A;B,,EDO;NA;MG;HOH,0,,,,,,,,,NA;MG,EDO;HOH,EXCLUDE,no_druglike_organic_ligand;multiple_protein_chains_2;metal_present
1211,9C5F,2026-01-21,Crystal Structure Analysis of human PRKCB,2.41,0.232,1,2,A;B,,CA;SO4;HOH,0,,,,,,,,,CA,SO4;HOH,EXCLUDE,no_druglike_organic_ligand;multiple_protein_chains_2;metal_present
1212,9HXZ,2026-01-21,crystal structure of human carbonic anhydrase II in complex with sonepiprazole,1.32,0.1529,1,1,AAA,,GOL;EDO;ZN;A1IS9;HOH,1,A1IS9,A1IS9,Sonepiprazole,C21 H27 N3 O3 S,401.522,28,,,ZN,GOL;EDO;HOH,RESERVE,metal_present
1213,9HY0,2026-01-21,Variant T321A of Orotidine 5'-monophosphate decarboxylase-domain of human UMPS in complex with the product UMP at 0.95 Angstrom resolution,0.95,0.1313,1,1,A,,U5P;PRO;HOH,1,U5P,U5P,URIDINE-5'-MONOPHOSPHATE,C9 H13 N2 O9 P,324.181,21,CSS;HIS;LYS,,,PRO:heavy_atoms_8;HOH,INCLUDE,
1214,9HYC,2026-01-21,Iron loaded human mitochondrial ferritin 5 minute oxygen soak,1.71,0.1945,1,1,A,,FE;MG;CL;HOH,0,,,,,,,,,FE;MG,CL;HOH,EXCLUDE,no_druglike_organic_ligand;metal_present
1215,9ID1,2026-01-21,Human Deoxyhypusine Synthase Fragment Screening Campaign - ligand VT00015,1.62,0.1954,1,2,A;B,,NAD;A1I28;MRD;HOH,1,A1I28,A1I28,piperazin-1-yl(pyridin-4-yl)methanone,C10 H13 N3 O,191.23,14,CSS;LYS;TYR,NAD,,MRD:heavy_atoms_8;HOH,RESERVE,multiple_protein_chains_2;cofactor_present
1216,9ID2,2026-01-21,Human Deoxyhypusine Synthase Fragment Screening Campaign - ligand VT00019,1.45,0.20687,1,2,A;B,,NAD;A1IGQ;MRD;EDO;HOH,1,A1IGQ,A1IGQ,"(4R)-4-phenyl-1,2-thiazolidine 1,1-dioxide",C9 H11 N O2 S,197.254,13,CSS;LYS;TYR,NAD,,MRD:heavy_atoms_8;EDO;HOH,RESERVE,multiple_protein_chains_2;cofactor_present
1217,9ID3,2026-01-21,Human Deoxyhypusine Synthase Fragment Screening Campaign - ligandT00025,1.39,0.2031,2,2,A;B,,NAD;EDO;A1IGP;MRD;HOH,1,A1IGP,A1IGP,(3-oxidanylazetidin-1-yl)-phenyl-methanone,C10 H11 N O2,177.2,13,CSS;LYS;THR;TYR,NAD,,EDO;MRD:heavy_atoms_8;HOH,RESERVE,multiple_protein_chains_2;cofactor_present
1218,9ID4,2026-01-21,Human Deoxyhypusine Synthase Fragment Screening Campaign - ligand VT00038,1.45,0.20517,1,2,A;B,,NAD;A1I2A;MRD;HOH,1,A1I2A,A1I2A,5-pyrrolidin-1-ylsulfonyl-1~{H}-pyridin-2-one,C9 H12 N2 O3 S,228.268,15,CSS;LYS;TYR,NAD,,MRD:heavy_atoms_8;HOH,RESERVE,multiple_protein_chains_2;cofactor_present
1219,9ID5,2026-01-21,Human Deoxyhypusine Synthase Fragment Screening Campaign - ligand VT00048,1.46,0.20491,1,2,A;B,,NAD;A1I14;MRD;HOH,1,A1I14,A1I14,"6-chloranyl-3~{H}-1,3-benzoxazol-2-one",C7 H4 Cl N O2,169.565,11,CSS;LYS;TYR,NAD,,MRD:heavy_atoms_8;HOH,RESERVE,multiple_protein_chains_2;cofactor_present
1220,9ID6,2026-01-21,Human Deoxyhypusine Synthase Fragment Screening Campaign - ligand VT00049,1.44,0.21824,1,2,A;B,,NAD;A1I20;MRD;HOH,1,A1I20,A1I20,2-(pyridin-4-ylmethyl)pyrazol-3-amine,C9 H10 N4,174.202,13,CSS;LYS;TYR,NAD,,MRD:heavy_atoms_8;HOH,RESERVE,multiple_protein_chains_2;cofactor_present
1221,9ID7,2026-01-21,Human Deoxyhypusine Synthase Fragment Screening Campaign - ligand VT00058,1.5,0.20227,1,2,A;B,,NAD;A1I13;MRD;HOH,1,A1I13,A1I13,4-methoxypyridine-2-carboxamide,C7 H8 N2 O2,152.151,11,CSS;LYS;TYR,NAD,,MRD:heavy_atoms_8;HOH,RESERVE,multiple_protein_chains_2;cofactor_present
1222,9ID8,2026-01-21,Human Deoxyhypusine Synthase Fragment Screening Campaign - ligand VT00065 covalently linked to the catalytic lysine (K329),1.52,0.20437,1,2,A;B,,NAD;A1I3P;MRD;HOH,0,,,,,,,A1I3P;CSS;LYS;TYR,NAD,,A1I3P:heavy_atoms_6;MRD:heavy_atoms_8;HOH,EXCLUDE,no_druglike_organic_ligand;multiple_protein_chains_2;cofactor_present
1223,9ID9,2026-01-21,Human Deoxyhypusine Synthase Fragment Screening Campaign - ligand VT00068,1.6,0.20635,2,2,A;B,,NAD;A1I2Z;MRD;HOH,1,A1I2Z,A1I2Z,2-methyl-4-(trifluoromethyl)-1~{H}-imidazole,C5 H5 F3 N2,150.102,10,CSS;LYS;THR;TYR,NAD,,MRD:heavy_atoms_8;HOH,RESERVE,multiple_protein_chains_2;cofactor_present
1224,9IDA,2026-01-21,Human Deoxyhypusine Synthase Fragment Screening Campaign - ligand VT00079,1.41,0.2181,1,2,A;B,,NAD;UYY;MRD;HOH,1,UYY,UYY,2-methoxybenzamide,C8 H9 N O2,151.163,11,CSS;LYS;TYR,NAD,,MRD:heavy_atoms_8;HOH,RESERVE,multiple_protein_chains_2;cofactor_present
1225,9IDB,2026-01-21,Human Deoxyhypusine Synthase Fragment Screening Campaign - ligand VT00082,1.46,0.19586,1,2,A;B,,NAD;MRD;A1I3D;HOH,1,A1I3D,A1I3D,"2-oxidanylidene-1,3-dihydroindole-5-carboxylic acid",C9 H7 N O3,177.157,13,CSS;LYS;TYR,NAD,,MRD:heavy_atoms_8;HOH,RESERVE,multiple_protein_chains_2;cofactor_present
1226,9IDC,2026-01-21,Human Deoxyhypusine Synthase Fragment Screening Campaign - ligand VT00086,1.56,0.2151,1,2,A;B,,NAD;A1I17;HOH,1,A1I17,A1I17,"(2~{R})-1,2,3,4-tetrahydroquinoline-2-carboxamide",C10 H12 N2 O,176.215,13,CSS;LYS;TYR,NAD,,HOH,RESERVE,multiple_protein_chains_2;cofactor_present
1227,9IDD,2026-01-21,Human Deoxyhypusine Synthase Fragment Screening Campaign - ligand VT00089,1.45,0.21035,1,2,A;B,,NAD;MRD;A1I2D;HOH,1,A1I2D,A1I2D,2~{H}-indazole-6-carboxamide,C8 H7 N3 O,161.161,12,CSS;LYS;TYR,NAD,,MRD:heavy_atoms_8;HOH,RESERVE,multiple_protein_chains_2;cofactor_present
1228,9IDE,2026-01-21,Human Deoxyhypusine Synthase Fragment Screening Campaign - ligand VT00096,1.47,0.20036,2,2,A;B,,NAD;MRD;A1I2F;HOH,0,,,,,,,CSS;LYS;THR;TYR,NAD,,MRD:heavy_atoms_8;A1I2F:heavy_atoms_9;HOH,EXCLUDE,no_druglike_organic_ligand;multiple_protein_chains_2;cofactor_present
1229,9IDF,2026-01-21,Human Deoxyhypusine Synthase Fragment Screening Campaign - ligand VT00127,1.43,0.20618,1,2,A;B,,NAD;A1I2O;HOH,1,A1I2O,A1I2O,"4-phenyl-1~{H}-1,2,4-triazol-5-one",C8 H7 N3 O,161.161,12,CSS;LYS;TYR,NAD,,HOH,RESERVE,multiple_protein_chains_2;cofactor_present
1230,9IDG,2026-01-21,Human Deoxyhypusine Synthase Fragment Screening Campaign - ligand VT00128,1.46,0.21285,1,2,A;B,,NAD;MRD;A1I22;HOH,1,A1I22,A1I22,2-(trifluoromethyl)-3~{H}-pyridin-6-one,C6 H4 F3 N O,163.097,11,CSS;LYS;TYR,NAD,,MRD:heavy_atoms_8;HOH,RESERVE,multiple_protein_chains_2;cofactor_present
1231,9IDH,2026-01-21,Human Deoxyhypusine Synthase Fragment Screening Campaign - ligand VT00143,1.56,0.207,1,2,A;B,,NAD;9NN;MRD;HOH,0,,,,,,,CSS;LYS;TYR,NAD,,9NN:heavy_atoms_9;MRD:heavy_atoms_8;HOH,EXCLUDE,no_druglike_organic_ligand;multiple_protein_chains_2;cofactor_present
1232,9IDI,2026-01-21,Human Deoxyhypusine Synthase Fragment Screening Campaign - ligand VT00154,1.47,0.22159,2,2,A;B,,NAD;A1I2S;MRD;HOH,1,A1I2S,A1I2S,"imidazo[1,2-a]pyridin-2-ylmethanamine",C8 H9 N3,147.177,11,CSS;LYS;THR;TYR,NAD,,MRD:heavy_atoms_8;HOH,RESERVE,multiple_protein_chains_2;cofactor_present
1233,9IDJ,2026-01-21,Human Deoxyhypusine Synthase Fragment Screening Campaign - ligand VT00155,1.5,0.22461,1,2,A;B,,NAD;PYQ;MRD;HOH,1,PYQ,PYQ,PYROQUILON,C11 H11 N O,173.211,13,CSS;LYS;TYR,NAD,,MRD:heavy_atoms_8;HOH,RESERVE,multiple_protein_chains_2;cofactor_present
1234,9IDK,2026-01-21,Human Deoxyhypusine Synthase Fragment Screening Campaign - ligand VT00165,1.6,0.20745,1,2,A;B,,NAD;A1I29;MRD;HOH,1,A1I29,A1I29,"5,6-dihydro-4~{H}-cyclopenta[b]thiophen-2-ylmethanamine",C8 H11 N S,153.245,10,CSS;LYS;TYR,NAD,,MRD:heavy_atoms_8;HOH,RESERVE,multiple_protein_chains_2;cofactor_present
1235,9IDL,2026-01-21,Human Deoxyhypusine Synthase Fragment Screening Campaign - ligand VT00173,1.5,0.20441,1,2,A;B,,NAD;A1I2M;MRD;HOH,1,A1I2M,A1I2M,pyridine-3-sulfonamide,C5 H6 N2 O2 S,158.178,10,CSS;LYS;TYR,NAD,,MRD:heavy_atoms_8;HOH,RESERVE,multiple_protein_chains_2;cofactor_present
1236,9IDM,2026-01-21,Human Deoxyhypusine Synthase Fragment Screening Campaign - ligand VT00175,1.43,0.20098,1,2,A;B,,NAD;OCH;MRD;HOH,1,OCH,OCH,QUINOLIN-2(1H)-ONE,C9 H7 N O,145.158,11,CSS;LYS;TYR,NAD,,MRD:heavy_atoms_8;HOH,RESERVE,multiple_protein_chains_2;cofactor_present
1237,9IDN,2026-01-21,Human Deoxyhypusine Synthase Fragment Screening Campaign - ligand VT00178,1.43,0.19299,2,2,A;B,,NAD;A1I3A;MRD;HOH,1,A1I3A,A1I3A,(3~{S})-3-azanyl-1-phenyl-pyrrolidin-2-one,C10 H12 N2 O,176.215,13,CSS;LYS;THR;TYR,NAD,,MRD:heavy_atoms_8;HOH,RESERVE,multiple_protein_chains_2;cofactor_present
1238,9IDO,2026-01-21,Human Deoxyhypusine Synthase Fragment Screening Campaign - UNLand VT00188,1.39,0.21528,1,2,A;B,,NAD;A1I2R;MRD;HOH,1,A1I2R,A1I2R,4-(trifluoromethyl)-3~{H}-pyridin-6-one,C6 H4 F3 N O,163.097,11,CSS;LYS;TYR,NAD,,MRD:heavy_atoms_8;HOH,RESERVE,multiple_protein_chains_2;cofactor_present
1239,9IDP,2026-01-21,Human Deoxyhypusine Synthase Fragment Screening Campaign - ligand VT00190,1.54,0.19629,1,2,A;B,,NAD;A1I11;MRD;HOH,1,A1I11,A1I11,2-(2-methylbenzimidazol-1-yl)ethanol,C10 H12 N2 O,176.215,13,CSS;LYS;TYR,NAD,,MRD:heavy_atoms_8;HOH,RESERVE,multiple_protein_chains_2;cofactor_present
1240,9IDQ,2026-01-21,Human Deoxyhypusine Synthase Fragment Screening Campaign - ligand VT00193,1.39,0.21201,1,2,A;B,,NAD;A1I2L;MRD;HOH,1,A1I2L,A1I2L,4-methylsulfonylmorpholine,C5 H11 N O3 S,165.211,10,CSS;LYS;TYR,NAD,,MRD:heavy_atoms_8;HOH,RESERVE,multiple_protein_chains_2;cofactor_present
1241,9IDR,2026-01-21,Human Deoxyhypusine Synthase Fragment Screening Campaign - ligand VT00204,1.44,0.20646,1,2,A;B,,NAD;A1I19;MRD;HOH,1,A1I19,A1I19,methyl (3~{R})-1-methyl-5-oxidanylidene-pyrrolidine-3-carboxylate,C7 H11 N O3,157.167,11,CSS;LYS;TYR,NAD,,MRD:heavy_atoms_8;HOH,RESERVE,multiple_protein_chains_2;cofactor_present
1242,9IDS,2026-01-21,Human Deoxyhypusine Synthase Fragment Screening Campaign - ligand VT00210,1.66,0.18539,1,2,A;B,,NAD;A1I3M;MRD;HOH,0,,,,,,,CSS;LYS;TYR,NAD,,A1I3M:heavy_atoms_9;MRD:heavy_atoms_8;HOH,EXCLUDE,no_druglike_organic_ligand;multiple_protein_chains_2;cofactor_present
1243,9IDT,2026-01-21,Human Deoxyhypusine Synthase Fragment Screening Campaign - ligand VT00213,1.33,0.19475,1,2,A;B,,NAD;A1I2W;MRD;HOH,1,A1I2W,A1I2W,"(3~{R},5~{S})-3-ethyl-1,2-oxazolidine-5-carboxylic acid",C6 H11 N O3,145.156,10,CSS;LYS;TYR,NAD,,MRD:heavy_atoms_8;HOH,RESERVE,multiple_protein_chains_2;cofactor_present
1244,9IDU,2026-01-21,Human Deoxyhypusine Synthase Fragment Screening Campaign - ligand VT00215,1.34,0.21313,1,2,A;B,,NAD;A1I2T;MRD;HOH,1,A1I2T,A1I2T,"methyl 3,5-dimethyl-1~{H}-pyrazole-4-carboxylate",C7 H10 N2 O2,154.166,11,CSS;LYS;TYR,NAD,,MRD:heavy_atoms_8;HOH,RESERVE,multiple_protein_chains_2;cofactor_present
1245,9IDV,2026-01-21,Human Deoxyhypusine Synthase Fragment Screening Campaign - ligand VT00216,1.33,0.20502,2,2,A;B,,NAD;MRD;A1IGM;HOH,0,,,,,,,CSS;LYS;THR;TYR,NAD,,MRD:heavy_atoms_8;A1IGM:heavy_atoms_9;HOH,EXCLUDE,no_druglike_organic_ligand;multiple_protein_chains_2;cofactor_present
1246,9IDW,2026-01-21,Human Deoxyhypusine Synthase Fragment Screening Campaign - ligand VT00217,1.34,0.2145,1,2,A;B,,NAD;A1I3E;MRD;HOH,1,A1I3E,A1I3E,"3,4-dihydroisochromen-1-one",C9 H8 O2,148.159,11,CSS;LYS;TYR,NAD,,MRD:heavy_atoms_8;HOH,RESERVE,multiple_protein_chains_2;cofactor_present
1247,9IDX,2026-01-21,Human Deoxyhypusine Synthase Fragment Screening Campaign - ligand VT00218,1.47,0.21804,1,2,A;B,,NAD;A1IGJ;MRD;HOH,0,,,,,,,CSS;LYS;TYR,NAD,,A1IGJ:heavy_atoms_9;MRD:heavy_atoms_8;HOH,EXCLUDE,no_druglike_organic_ligand;multiple_protein_chains_2;cofactor_present
1248,9IDY,2026-01-21,Human Deoxyhypusine Synthase Fragment Screening Campaign - ligand VT00219,1.37,0.20585,1,2,A;B,,NAD;A1IGN;MRD;HOH,1,A1IGN,A1IGN,1-methyl-1-(phenylmethyl)urea,C9 H12 N2 O,164.204,12,CSS;LYS;TYR,NAD,,MRD:heavy_atoms_8;HOH,RESERVE,multiple_protein_chains_2;cofactor_present
1249,9IDZ,2026-01-21,Human Deoxyhypusine Synthase Fragment Screening Campaign - ligand VT00221,1.44,0.21432,1,2,A;B,,NAD;MRD;2AQ;HOH,1,2AQ,2AQ,QUINOLIN-2-AMINE,C9 H8 N2,144.173,11,CSS;LYS;TYR,NAD,,MRD:heavy_atoms_8;HOH,RESERVE,multiple_protein_chains_2;cofactor_present
1250,9IE0,2026-01-21,Human Deoxyhypusine Synthase Fragment Screening Campaign - ligand VT00222,1.5,0.19599,1,2,A;B,,NAD;A1I3C;MRD;HOH,1,A1I3C,A1I3C,~{N}-methyl-~{N}-pyridin-2-yl-ethanamide,C8 H10 N2 O,150.178,11,CSS;LYS;TYR,NAD,,MRD:heavy_atoms_8;HOH,RESERVE,multiple_protein_chains_2;cofactor_present
1251,9IE1,2026-01-21,Human Deoxyhypusine Synthase Fragment Screening Campaign - ligand VT00223,1.35,0.20852,1,2,A;B,,NAD;A1I2G;MRD;HOH,1,A1I2G,A1I2G,"2-fluoranyl-~{N},~{N}-dimethyl-benzenesulfonamide",C8 H10 F N O2 S,203.234,13,CSS;LYS;TYR,NAD,,MRD:heavy_atoms_8;HOH,RESERVE,multiple_protein_chains_2;cofactor_present
1252,9IE2,2026-01-21,Human Deoxyhypusine Synthase Fragment Screening Campaign - ligand VT00224,1.39,0.21713,1,2,A;B,,NAD;X4P;MRD;HOH,1,X4P,X4P,2-chloropyridine-4-carboxamide,C6 H5 Cl N2 O,156.57,10,CSS;LYS;TYR,NAD,,MRD:heavy_atoms_8;HOH,RESERVE,multiple_protein_chains_2;cofactor_present
1253,9IE3,2026-01-21,Human Deoxyhypusine Synthase Fragment Screening Campaign - ligand VT00228,1.3,0.20339,1,2,A;B,,NAD;A1I3K;MRD;HOH,1,A1I3K,A1I3K,2-methoxypyridine-3-carboxylic acid,C7 H7 N O3,153.135,11,CSS;LYS;TYR,NAD,,MRD:heavy_atoms_8;HOH,RESERVE,multiple_protein_chains_2;cofactor_present
1254,9IE4,2026-01-21,Human Deoxyhypusine Synthase Fragment Screening Campaign - ligand VT00229,1.34,0.22071,1,2,A;B,,NAD;A1I3J;HOH,1,A1I3J,A1I3J,"[1-(phenylmethyl)-1,2,3-triazol-4-yl]methanol",C10 H11 N3 O,189.214,14,CSS;LYS;TYR,NAD,,HOH,RESERVE,multiple_protein_chains_2;cofactor_present
1255,9IE5,2026-01-21,Human Deoxyhypusine Synthase Fragment Screening Campaign - ligand VT00230,1.43,0.2224,1,2,A;B,,NAD;A1I10;MRD;HOH,1,A1I10,A1I10,4-(4-fluorophenyl)-1~{H}-pyrazol-3-amine,C9 H8 F N3,177.178,13,CSS;LYS;TYR,NAD,,MRD:heavy_atoms_8;HOH,RESERVE,multiple_protein_chains_2;cofactor_present
1256,9IE6,2026-01-21,Human Deoxyhypusine Synthase Fragment Screening Campaign - ligand VT00234,1.66,0.19184,1,2,A;B,,NAD;A1I23;MRD;HOH,1,A1I23,A1I23,(2-phenyl-1~{H}-imidazol-4-yl)methanol,C10 H10 N2 O,174.199,13,CSS;LYS;TYR,NAD,,MRD:heavy_atoms_8;HOH,RESERVE,multiple_protein_chains_2;cofactor_present
1257,9IE7,2026-01-21,Human Deoxyhypusine Synthase Fragment Screening Campaign - ligand VT00236,1.42,0.19923,1,2,A;B,,NAD;A1I27;MRD;HOH,1,A1I27,A1I27,methyl pyridazine-4-carboxylate,C6 H6 N2 O2,138.124,10,CSS;LYS;TYR,NAD,,MRD:heavy_atoms_8;HOH,RESERVE,multiple_protein_chains_2;cofactor_present
1258,9IE8,2026-01-21,Human Deoxyhypusine Synthase Fragment Screening Campaign - ligand VT00253,1.56,0.19815,1,2,A;B,,NAD;MRD;A1I3R;HOH,1,A1I3R,A1I3R,7-methyl-1-azaspiro[3.5]nonan-2-one,C9 H15 N O,153.221,11,CSS;LYS;TYR,NAD,,MRD:heavy_atoms_8;HOH,RESERVE,multiple_protein_chains_2;cofactor_present
1259,9IE9,2026-01-21,Human Deoxyhypusine Synthase Fragment Screening Campaign - ligand VT00254,1.39,0.20554,1,2,A;B,,NAD;A1I3L;MRD;HOH,1,A1I3L,A1I3L,"4-pyridin-3-yl-3~{H}-1,3-thiazol-2-one",C8 H6 N2 O S,178.211,12,CSS;LYS;TYR,NAD,,MRD:heavy_atoms_8;HOH,RESERVE,multiple_protein_chains_2;cofactor_present
1260,9IEA,2026-01-21,Human Deoxyhypusine Synthase Fragment Screening Campaign - ligand VT00257,1.3,0.25305,1,2,A;B,,NAD;A1I2P;MRD;HOH,1,A1I2P,A1I2P,"~{N},3,5-trimethyl-1,2-oxazole-4-sulfonamide",C6 H10 N2 O3 S,190.22,12,CSS;LYS;TYR,NAD,,MRD:heavy_atoms_8;HOH,RESERVE,multiple_protein_chains_2;cofactor_present
1261,9IEB,2026-01-21,Human Deoxyhypusine Synthase Fragment Screening Campaign - ligand VT00259,1.58,0.22126,1,2,A;B,,NAD;VSL;MRD;HOH,1,VSL,VSL,"methyl 4,5,6,7-tetrahydro-2H-indazole-3-carboxylate",C9 H12 N2 O2,180.204,13,CSS;LYS;TYR,NAD,,MRD:heavy_atoms_8;HOH,RESERVE,multiple_protein_chains_2;cofactor_present
1262,9IEC,2026-01-21,Human Deoxyhypusine Synthase Fragment Screening Campaign - ligand VT00261,1.46,0.21274,2,2,A;B,,NAD;A1I2N;MRD;HOH,1,A1I2N,A1I2N,2-morpholin-4-ylpyridine-3-carbonitrile,C10 H11 N3 O,189.214,14,CSS;LYS;THR;TYR,NAD,,MRD:heavy_atoms_8;HOH,RESERVE,multiple_protein_chains_2;cofactor_present
1263,9IED,2026-01-21,Human Deoxyhypusine Synthase Fragment Screening Campaign - ligand VT00268,1.4,0.20433,2,2,A;B,,NAD;A1I25;MRD;HOH,1,A1I25,A1I25,"4-phenyl-1,3-thiazol-2-amine",C9 H8 N2 S,176.238,12,CSS;LYS;THR;TYR,NAD,,MRD:heavy_atoms_8;HOH,RESERVE,multiple_protein_chains_2;cofactor_present
1264,9IEE,2026-01-21,Human Deoxyhypusine Synthase Fragment Screening Campaign - ligand VT00403,1.66,0.18697,1,2,A;B,,NAD;A1I24;MRD;HOH,0,,,,,,,CSS;LYS;TYR,NAD,,A1I24:heavy_atoms_9;MRD:heavy_atoms_8;HOH,EXCLUDE,no_druglike_organic_ligand;multiple_protein_chains_2;cofactor_present
1265,9IEF,2026-01-21,Human Deoxyhypusine Synthase Fragment Screening Campaign - ligand VT00405,1.46,0.20008,1,2,A;B,,NAD;MRD;L3N;HOH,1,L3N,L3N,"1~{H}-quinazoline-2,4-dione",C8 H6 N2 O2,162.145,12,CSS;LYS;TYR,NAD,,MRD:heavy_atoms_8;HOH,RESERVE,multiple_protein_chains_2;cofactor_present
1266,9IEG,2026-01-21,Human Deoxyhypusine Synthase Fragment Screening Campaign - ligand VT00407,1.27,0.2545,1,2,A;B,,NAD;A1I3G;HOH,1,A1I3G,A1I3G,"8-chloranyl-1,2,3,4-tetrahydroisoquinoline",C9 H10 Cl N,167.635,11,CSS;LYS;TYR,NAD,,HOH,RESERVE,multiple_protein_chains_2;cofactor_present
1267,9IEH,2026-01-21,Human Deoxyhypusine Synthase Fragment Screening Campaign - ligand VT00409,1.46,0.21826,1,2,A;B,,NAD;A1I3F;MRD;HOH,0,,,,,,,CSS;LYS;TYR,NAD,,A1I3F:heavy_atoms_9;MRD:heavy_atoms_8;HOH,EXCLUDE,no_druglike_organic_ligand;multiple_protein_chains_2;cofactor_present
1268,9IEI,2026-01-21,Human Deoxyhypusine Synthase Fragment Screening Campaign - ligand VT00416,1.58,0.19327,1,2,A;B,,NAD;A1I3H;MRD;HOH,1,A1I3H,A1I3H,"4,4-dimethyloxane-2,6-dione",C7 H10 O3,142.152,10,CSS;LYS;TYR,NAD,,MRD:heavy_atoms_8;HOH,RESERVE,multiple_protein_chains_2;cofactor_present
1269,9IEJ,2026-01-21,Human Deoxyhypusine Synthase Fragment Screening Campaign - ligand VT00417,1.9,0.19966,1,2,A;B,,NAD;A1I2X;HOH,0,,,,,,,CSS;LYS;TYR,NAD,,A1I2X:heavy_atoms_8;HOH,EXCLUDE,no_druglike_organic_ligand;multiple_protein_chains_2;cofactor_present
1270,9IEK,2026-01-21,Human Deoxyhypusine Synthase Fragment Screening Campaign - ligand VT00423,1.7,0.19706,1,2,A;B,,NAD;MRD;A1I3N;HOH,1,A1I3N,A1I3N,4-(1~{H}-imidazol-2-yl)phenol,C9 H8 N2 O,160.173,12,CSS;LYS;TYR,NAD,,MRD:heavy_atoms_8;HOH,RESERVE,multiple_protein_chains_2;cofactor_present
1271,9IEL,2026-01-21,Human Deoxyhypusine Synthase Fragment Screening Campaign - ligand VT00424,1.72,0.19462,1,2,A;B,,NAD;A1I21;MRD;HOH,1,A1I21,A1I21,isoquinoline-6-carboxylic acid,C10 H7 N O2,173.168,13,CSS;LYS;TYR,NAD,,MRD:heavy_atoms_8;HOH,RESERVE,multiple_protein_chains_2;cofactor_present
1272,9IEM,2026-01-21,Human Deoxyhypusine Synthase Fragment Screening Campaign - ligand VT00427,1.39,0.20379,1,2,A;B,,NAD;A1ED2;MRD;HOH,0,,,,,,,CSS;LYS;TYR,NAD,,A1ED2:heavy_atoms_8;MRD:heavy_atoms_8;HOH,EXCLUDE,no_druglike_organic_ligand;multiple_protein_chains_2;cofactor_present
1273,9IEN,2026-01-21,Human Deoxyhypusine Synthase Fragment Screening Campaign - ligand VT00428,1.37,0.20021,1,2,A;B,,NAD;A1I2E;MRD;HOH,1,A1I2E,A1I2E,"2-methyl-1,8-naphthyridine-3-carboxylic acid",C10 H8 N2 O2,188.183,14,CSS;LYS;THR;TYR,NAD,,MRD:heavy_atoms_8;HOH,RESERVE,multiple_protein_chains_2;cofactor_present
1274,9IEO,2026-01-21,Human Deoxyhypusine Synthase Fragment Screening Campaign - ligand VT00438,1.68,0.21072,1,2,A;B,,NAD;A1I3I;MRD;HOH,1,A1I3I,A1I3I,1-[(2~{R})-oxan-2-yl]pyrazole,C8 H12 N2 O,152.194,11,CSS;LYS;TYR,NAD,,MRD:heavy_atoms_8;HOH,RESERVE,multiple_protein_chains_2;cofactor_present
1275,9IEP,2026-01-21,Human Deoxyhypusine Synthase Fragment Screening Campaign - ligand VT00440,1.68,0.19647,1,2,A;B,,NAD;DH6;MRD;HOH,1,DH6,DH6,CINNAMIDE,C9 H9 N O,147.174,11,CSS;LYS;TYR,NAD,,MRD:heavy_atoms_8;HOH,RESERVE,multiple_protein_chains_2;cofactor_present
1276,9IEQ,2026-01-21,Human Deoxyhypusine Synthase Fragment Screening Campaign - ligand VT00441,1.41,0.20673,1,2,A;B,,NAD;A1I3O;MRD;HOH,1,A1I3O,A1I3O,[3-(piperidin-1-ylmethyl)phenyl]methanimine,C13 H18 N2,202.295,15,CSS;LYS;TYR,NAD,,MRD:heavy_atoms_8;HOH,RESERVE,multiple_protein_chains_2;cofactor_present
1277,9IER,2026-01-21,Human Deoxyhypusine Synthase Fragment Screening Campaign - ligand VT00442,1.47,0.20267,1,2,A;B,,NAD;MRD;A1I3T;HOH,1,A1I3T,A1I3T,"furo[3,4-c]pyridine-1,3-dione",C7 H3 N O3,149.104,11,CSS;LYS;TYR,NAD,,MRD:heavy_atoms_8;HOH,RESERVE,multiple_protein_chains_2;cofactor_present
1278,9IES,2026-01-21,Human Deoxyhypusine Synthase Fragment Screening Campaign - ligand VT00445,1.45,0.21095,1,2,A;B,,NAD;A1I12;MRD;HOH,1,A1I12,A1I12,[4-(aminomethyl)phenyl]-pyrrolidin-1-yl-methanone,C12 H16 N2 O,204.268,15,CSS;LYS;TYR,NAD,,MRD:heavy_atoms_8;HOH,RESERVE,multiple_protein_chains_2;cofactor_present
1279,9IET,2026-01-21,Human Deoxyhypusine Synthase Fragment Screening Campaign - ligand VT00446,1.44,0.2014,1,2,A;B,,NAD;A1I3S;MRD;HOH,1,A1I3S,A1I3S,"4,5,6,7-tetrahydro-1-benzothiophene-3-carboxylic acid",C9 H10 O2 S,182.239,12,CSS;LYS;TYR,NAD,,MRD:heavy_atoms_8;HOH,RESERVE,multiple_protein_chains_2;cofactor_present
1280,9IEU,2026-01-21,Human Deoxyhypusine Synthase Fragment Screening Campaign - ligand VT00447,1.45,0.21417,1,2,A;B,,NAD;A1I3B;MRD;HOH,0,,,,,,,CSS;LYS;TYR,NAD,,A1I3B:heavy_atoms_8;MRD:heavy_atoms_8;HOH,EXCLUDE,no_druglike_organic_ligand;multiple_protein_chains_2;cofactor_present
1281,9IEV,2026-01-21,Human Deoxyhypusine Synthase Fragment Screening Campaign - ligand VT00451,1.44,0.204,1,2,A;B,,NAD;A1I2U;MRD;HOH,1,A1I2U,A1I2U,(2~{S})-~{N}-methylpiperidine-2-carboxamide,C7 H14 N2 O,142.199,10,CSS;LYS;TYR,NAD,,MRD:heavy_atoms_8;HOH,RESERVE,multiple_protein_chains_2;cofactor_present
1282,9IEX,2026-01-21,Human Deoxyhypusine Synthase Fragment Screening Campaign - VT0155 follow-up ligand DMP7,1.95,0.1972,2,4,A;B;C;D,,A1I7E;HOH,1,A1I7E,A1I7E,"6-[2-oxidanylidene-2-(11-oxidanylidene-1-azatricyclo[6.3.1.0^{4,12}]dodeca-4(12),5,7-trien-6-yl)ethyl]-1-azatricyclo[6.3.1.0^{4,12}]dodeca-4,6,8(12)-trien-11-one",C24 H22 N2 O3,386.443,29,CSS;LYS;TYR,,,HOH,RESERVE,multiple_protein_chains_4
1283,9INN,2026-01-21,Human Pin1 (Peptidyl-prolyl cis-trans isomerase) catalytic domain complexed with a covalent inhibitor,2.08,0.2087,1,2,A;B,,A1D9T;HOH,1,A1D9T,A1D9T,"methyl (~{E})-4-[[(3~{R})-1,1-bis(oxidanylidene)thiolan-3-yl]amino]-4-oxidanylidene-but-2-enoate",C9 H13 N O5 S,247.268,16,A1D9T;CYS,,,HOH,EXCLUDE,candidate_may_be_covalent;multiple_protein_chains_2
1284,9INO,2026-01-21,Human Pin1 (Peptidyl-prolyl cis-trans isomerase) catalytic domain in complex with a covalent inhibitor,2.13,0.2135,1,2,A;B,,A1D9U;HOH,1,A1D9U,A1D9U,"2-methylpropyl (~{E})-4-[[(3~{R})-1,1-bis(oxidanylidene)thiolan-3-yl]amino]-4-oxidanylidene-but-2-enoate",C12 H19 N O5 S,289.348,19,A1D9U;CYS,,,HOH,EXCLUDE,candidate_may_be_covalent;multiple_protein_chains_2
1285,9INQ,2026-01-21,Crystal Structure of human Pin1 catalytic domain in complex with a covalent inhibitor,2.17,0.2541,1,2,A;B,,A1D9W;CIT;HOH,1,A1D9W,A1D9W,"~{N}-[(3~{R})-1,1-bis(oxidanylidene)thiolan-3-yl]-2-chloranyl-5-nitro-pyrimidin-4-amine",C8 H9 Cl N4 O4 S,292.699,18,A1D9W;CYS,,,CIT;HOH,EXCLUDE,candidate_may_be_covalent;multiple_protein_chains_2
1286,9LME,2026-01-21,Checkpoint regulator protein in complex with a nanobody,2.404,0.21,2,4,A;B;C;F,,EDO;GOL;PEG;MAN;MG;CA;PO4;HOH,0,,,,,,,ASN;FUC;MAN;NAG,,MG;CA,EDO;GOL;PEG;MAN;PO4;HOH,EXCLUDE,no_druglike_organic_ligand;multiple_protein_chains_4;metal_present
1287,9LOA,2026-01-21,Structural insights into the tumor suppressor ZMYND11 reveal diverse recognition mechanisms,1.8,0.17285,1,2,A;B,,MG;HOH,0,,,,,,,,,MG,HOH,EXCLUDE,no_druglike_organic_ligand;multiple_protein_chains_2;metal_present
1288,9LOM,2026-01-21,Study on the structure and function of tumor suppressor ZMYND11,1.63,0.17784,1,1,A,,ZN;HOH,0,,,,,,,,,ZN,HOH,EXCLUDE,no_druglike_organic_ligand;metal_present
1289,9MMJ,2026-01-21,Crystal Structure of 19b Fab bound to the third variable (V3) loop peptide from the HIV-1 JR-FL envelope (Env) glycoprotein,1.78,0.1989,3,3,A;B;D,,ACT;GOL;SO4;NA;HOH,0,,,,,,,,,NA,ACT;GOL;SO4;HOH,EXCLUDE,no_druglike_organic_ligand;multiple_protein_chains_3;metal_present
1290,9MVW,2026-01-21,Crystal structure of S101F calmodulin - CaM:RM20 analog complex,1.58,0.2372,2,2,A;B,,CA;HOH,0,,,,,,,ACE;ARG;MET;NH2,,CA,HOH,EXCLUDE,no_druglike_organic_ligand;multiple_protein_chains_2;metal_present
1291,9MZ6,2026-01-21,Crystal Structure of 19b Fab bound to the third variable (V3) loop peptide from the HIV-1 5768-p27 envelope (Env) glycoprotein,2.5,0.2407,3,3,A;B;D,,SO4;HOH,0,,,,,,,,,,SO4;HOH,EXCLUDE,no_druglike_organic_ligand;multiple_protein_chains_3
1292,9MZ7,2026-01-21,Crystal Structure of 19b Fab bound to the third variable (V3) loop peptide from the HIV-1 92BR020 envelope (Env) glycoprotein,1.94,0.2689,3,3,A;B;D,,SO4;NA;HOH,0,,,,,,,,,NA,SO4;HOH,EXCLUDE,no_druglike_organic_ligand;multiple_protein_chains_3;metal_present
1293,9MZ8,2026-01-21,Crystal Structure of 19b Fab bound to the third variable (V3) loop peptide from the HIV-1 5768x-p27 envelope (Env) glycoprotein,1.74,0.2258,3,3,A;B;D,,SO4;NA;HOH,0,,,,,,,GLY;HIS;NLE,,NA,SO4;HOH,EXCLUDE,no_druglike_organic_ligand;multiple_protein_chains_3;metal_present
1294,9N23,2026-01-21,Crystal structure of cIAP1-BIR3 with XB2 series SMAC mimetic ligand,1.8,0.2223,1,2,A;B,,ZN;A1BVC;HOH,1,A1BVC,A1BVC,N-methyl-L-alanyl-3-methyl-L-valyl-N-(2-fluoro-5-methoxyphenyl)-L-prolinamide,C22 H33 F N4 O4,436.52,31,,,ZN,HOH,RESERVE,multiple_protein_chains_2;metal_present
1295,9NPU,2026-01-21,"Pre-catalytic ternary complex of DNA Polymerase Lambda with bound 1-nt gapped SSB substrate containing template ribonucleotide opposite primer terminus, and incoming dUMPNPP",1.63,0.1992,1,1,A,,SO4;GOL;DUP;MG;NA;CL;HOH,1,DUP,DUP,"2'-DEOXYURIDINE 5'-ALPHA,BETA-IMIDO-TRIPHOSPHATE",C9 H16 N3 O13 P3,467.157,28,,,MG;NA,SO4;GOL;CL;HOH,RESERVE,metal_present
1296,9O0N,2026-01-21,Crystal structure of GDP-bound wild type KRAS in complex with MRTX1133,1.4,0.1975,1,1,A,,GDP;MG;6IC;MPD;CL;HOH,1,6IC,6IC,"4-(4-[(1R,5S)-3,8-diazabicyclo[3.2.1]octan-3-yl]-8-fluoro-2-{[(2R,4R,7aS)-2-fluorotetrahydro-1H-pyrrolizin-7a(5H)-yl]methoxy}pyrido[4,3-d]pyrimidin-7-yl)-5-ethynyl-6-fluoronaphthalen-2-ol",C33 H31 F3 N6 O2,600.633,44,,GDP,MG,MPD;CL;HOH,RESERVE,cofactor_present;metal_present
1297,9O0O,2026-01-21,Crystal structure of GMPPNP-bound wild type KRAS in complex with MRTX1133,1.9,0.207,1,1,A,,GNP;MG;6IC;GOL;SO4;CL;NA;HOH,2,GNP;6IC,,,,,,,,MG;NA,GOL;SO4;CL;HOH,MANUAL_REVIEW,multiple_candidate_ligands;metal_present
1298,9O0P,2026-01-21,Crystal structure of GDP-bound mutant MRAS in complex with MRTX1133,1.5,0.2214,1,2,A;B,,GDP;MG;6IC;CL;HOH,1,6IC,6IC,"4-(4-[(1R,5S)-3,8-diazabicyclo[3.2.1]octan-3-yl]-8-fluoro-2-{[(2R,4R,7aS)-2-fluorotetrahydro-1H-pyrrolizin-7a(5H)-yl]methoxy}pyrido[4,3-d]pyrimidin-7-yl)-5-ethynyl-6-fluoronaphthalen-2-ol",C33 H31 F3 N6 O2,600.633,44,,GDP,MG,CL;HOH,RESERVE,multiple_protein_chains_2;cofactor_present;metal_present
1299,9O0Q,2026-01-21,Crystal structure of GMPPNP-bound mutant MRAS in complex with MRTX1133,1.9,0.2071,1,3,A;B;C,,GNP;MG;6IC;SO4;GOL;CL;HOH,2,GNP;6IC,,,,,,,,MG,SO4;GOL;CL;HOH,MANUAL_REVIEW,multiple_candidate_ligands;multiple_protein_chains_3;metal_present
1300,9Q1L,2026-01-21,Crystal structure of the walnut allergen Jug r 2 bound to the human-derived Fab 6D12,1.56,0.1954,3,6,A;B;C;D;E;F,,EDO;CL;HOH,0,,,,,,,,,,EDO;CL;HOH,EXCLUDE,no_druglike_organic_ligand;multiple_protein_chains_6
1301,9Q5G,2026-01-21,Human prolyl endopeptidase (PREP) - apo form,1.63,0.1998,1,3,A;B;C,,GOL;SCN;PEG;B3P;HOH,1,B3P,B3P,"2-[3-(2-HYDROXY-1,1-DIHYDROXYMETHYL-ETHYLAMINO)-PROPYLAMINO]-2-HYDROXYMETHYL-PROPANE-1,3-DIOL",C11 H26 N2 O6,282.334,19,,,,GOL;SCN;PEG;HOH,RESERVE,multiple_protein_chains_3
1302,9Q5X,2026-01-21,Human prolyl endopeptidase (PREP) - complex with KT-2-74,1.41,0.1922,1,3,A;B;C,,A1CQT;PEG;SCN;GOL;B3P;HOH,2,A1CQT;B3P,,,,,,,,,PEG;SCN;GOL;HOH,MANUAL_REVIEW,multiple_candidate_ligands;multiple_protein_chains_3
1303,9Q5Y,2026-01-21,Human prolyl endopeptidase (PREP) - complex with YX45,1.49,0.2065,1,3,A;B;C,,B3P;A1CQR;GOL;PEG;HOH,2,B3P;A1CQR,,,,,,,,,GOL;PEG;HOH,MANUAL_REVIEW,multiple_candidate_ligands;multiple_protein_chains_3
1304,9Q5Z,2026-01-21,Human prolyl endopeptidase (PREP) - complex with KT-1-147,1.41,0.1866,1,3,A;B;C,,GOL;PEG;A1CQS;B3P;SCN;HOH,2,A1CQS;B3P,,,,,,,,,GOL;PEG;SCN;HOH,MANUAL_REVIEW,multiple_candidate_ligands;multiple_protein_chains_3
1305,9Q62,2026-01-21,Human prolyl endopeptidase (PREP) - complex with KT-2-108,1.83,0.2395,1,3,A;B;C,,K;B3P;A1CQQ;SCN;GOL;HOH,2,B3P;A1CQQ,,,,,,A1CQQ;CYS,,K,SCN;GOL;HOH,MANUAL_REVIEW,multiple_candidate_ligands;multiple_protein_chains_3;metal_present
1306,9Q64,2026-01-21,Human prolyl endopeptidase (PREP) - complex with KT-2-59,1.94,0.23309,1,3,A;B;C,,A1CQV;GOL;SCN;PEG;B3P;HOH,2,A1CQV;B3P,,,,,,A1CQV;CYS,,,GOL;SCN;PEG;HOH,MANUAL_REVIEW,multiple_candidate_ligands;multiple_protein_chains_3
1307,9Q65,2026-01-21,Human prolyl endopeptidase (PREP) - complex with KT-2-75,1.89,0.2954,1,3,B;D;F,,A1CQU;B3P;GOL;SCN;PEG;HOH,2,A1CQU;B3P,,,,,,A1CQU;CYS,,,GOL;SCN;PEG;HOH,MANUAL_REVIEW,multiple_candidate_ligands;multiple_protein_chains_3
1308,9Q66,2026-01-21,Human prolyl endopeptidase (PREP) - complex with JP-4-1-7,2.01,0.266,1,3,A;B;C,,A1CQP;B3P;GOL;SCN;HOH,2,A1CQP;B3P,,,,,,A1CQP;CYS,,,GOL;SCN;HOH,MANUAL_REVIEW,multiple_candidate_ligands;multiple_protein_chains_3
1309,9Q6J,2026-01-21,Human prolyl endopeptidase (PREP) - complex with KT-2-126,1.75,0.2261,1,3,A;B;C,,B3P;A1CQ0;GOL;PEG;SCN;HOH,2,B3P;A1CQ0,,,,,,A1CQ0;CYS,,,GOL;PEG;SCN;HOH,MANUAL_REVIEW,multiple_candidate_ligands;multiple_protein_chains_3
1310,9Q6K,2026-01-21,Human prolyl endopeptidase (PREP) - complex with JP-2-1-7,1.85,0.2716,1,3,A;B;C,,A1CQZ;B3P;GOL;PEG;SCN;HOH,2,A1CQZ;B3P,,,,,,A1CQZ;CYS,,,GOL;PEG;SCN;HOH,MANUAL_REVIEW,multiple_candidate_ligands;multiple_protein_chains_3
1311,9Q6L,2026-01-21,Human prolyl endopeptidase (PREP) - complex with KT-2-197,1.66,0.2159,1,3,A;B;C,,SCN;PEG;GOL;DMS;A1CQY;B3P;NA;HOH,2,A1CQY;B3P,,,,,,A1CQY;CYS,,NA,SCN;PEG;GOL;DMS;HOH,MANUAL_REVIEW,multiple_candidate_ligands;multiple_protein_chains_3;metal_present
1312,9Q6X,2026-01-21,Human prolyl endopeptidase (PREP) - complex with KT-2-186,1.66,0.21423,1,3,A;B;C,,SCN;PEG;GOL;DMS;A1CQ1;B3P;NA;HOH,2,A1CQ1;B3P,,,,,,A1CQ1;CYS,,NA,SCN;PEG;GOL;DMS;HOH,MANUAL_REVIEW,multiple_candidate_ligands;multiple_protein_chains_3;metal_present
1313,9QB9,2026-01-21,"CK2, catalytic subunit alpha' (CSNK2A2 gene product) in complex with a heparin-derived trisaccharide and the ATP-competitive inhibitor 4w",1.19,0.1748,1,1,A,,A1I5N;CL;HOH,1,A1I5N,A1I5N,"1,3-bis(bromanyl)-5-propan-2-yl-7,8-dihydro-6~{H}-indeno[1,2-b]indole-9,10-dione",C18 H15 Br2 N O2,437.125,23,IDS;SGN,,,CL;HOH,INCLUDE,
1314,9QUG,2026-01-21,Structure of a UBC-Ubiquitin conjugate,1.8,0.1916,2,2,A;C,,GOL;P4K;HOH,1,P4K,P4K,polyethylene glycol,C30 H62 O15,662.804,45,,,,GOL;HOH,RESERVE,multiple_protein_chains_2
1315,9U7E,2026-01-21,FGFR2 kinase domain with a macrocyclic compound 8g,2.2,0.3123,1,2,A;B,,A1EOH;SO4;HOH,1,A1EOH,A1EOH,"(E)-4-methyl-17-(1-methyl-1H-pyrazol-4-yl)-7,10-dioxa-4-aza-1(3,6)-imidazo[1,2-b]pyridazina-2(3,5)-pyridinacyclodecaphan-3-one",C21 H21 N7 O3,419.437,31,,,,SO4;HOH,RESERVE,r_free_above_0.28;multiple_protein_chains_2
1316,9U7S,2026-01-21,FGFR2 kinase domain with a macrocyclic compound 8r,1.99,0.225,1,2,A;B,,A1EOJ;SO4;HOH,1,A1EOJ,A1EOJ,"(E)-4-methyl-17-(1-(1-methylpiperidin-4-yl)-1H-pyrazol-4-yl)-7,10-dioxa-4-aza-1(3,6)-imidazo[1,2-b]pyridazina-2(1,3)-benzenacyclodecaphan-3-one",C27 H31 N7 O3,501.58,37,,,,SO4;HOH,RESERVE,multiple_protein_chains_2
1317,9V61,2026-01-21,Human Serum Albumin in I 1 2 1 space group,2.5,0.3201,1,3,A;B;C,,PO4;HOH,0,,,,,,,,,,PO4;HOH,EXCLUDE,no_druglike_organic_ligand;multiple_protein_chains_3
1318,9WRI,2026-01-21,Crystal structure of CtBP2 in complex with G9a,1.85,0.20158,2,3,A;B;C,,NAD;HOH,0,,,,,,,,NAD,,HOH,EXCLUDE,no_druglike_organic_ligand;multiple_protein_chains_3;cofactor_present
1319,9XYK,2026-01-21,Human prolyl endopeptidase (PREP) - complex with JP-7-1-7,1.73,0.2554,1,3,A;B;C,,SCN;PEG;GOL;DMS;A1CRL;B3P;NA;HOH,2,A1CRL;B3P,,,,,,A1CRL;CYS,,NA,SCN;PEG;GOL;DMS;HOH,MANUAL_REVIEW,multiple_candidate_ligands;multiple_protein_chains_3;metal_present
1320,9XYL,2026-01-21,Human prolyl endopeptidase (PREP) - complex with S17092,1.81,0.2489,1,6,A;B;C;D;E;F,,A1CRK;GOL;SCN;PEG;B3P;HOH,2,A1CRK;B3P,,,,,,,,,GOL;SCN;PEG;HOH,MANUAL_REVIEW,multiple_candidate_ligands;multiple_protein_chains_6
1321,9XZZ,2026-01-21,Human prolyl endopeptidase (PREP) - complex with KYP2047,1.58,0.2001,1,3,A;B;C,,2P6;GOL;SCN;B3P;HOH,2,2P6;B3P,,,,,,2P6;SER,,,GOL;SCN;HOH,MANUAL_REVIEW,multiple_candidate_ligands;multiple_protein_chains_3
1322,9ZN0,2026-01-21,Crystal structure of the Commd10 S50E HN domain mutant in domain swapped conformation,2.12,0.2433,1,4,A;B;C;D,,LEA;HOH,0,,,,,,,,,,LEA:heavy_atoms_7;HOH,EXCLUDE,no_druglike_organic_ligand;multiple_protein_chains_4
1323,7I7Y,2026-01-14,Crystal Structure of 30 bound to CK2a,1.15,0.218,1,1,A,,ACT;A1BZS;HOH,1,A1BZS,A1BZS,"5-({2-[(4-{[(2-chloro[1,1'-biphenyl]-4-yl)methyl]amino}butyl)amino]ethyl}amino)benzo[c][2,6]naphthyridine-8-carboxamide",C32 H33 Cl N6 O,553.097,40,,,,ACT;HOH,INCLUDE,
1324,7I7Z,2026-01-14,Crystal Structure of 31 bound to CK2a,1.35,0.236,1,1,A,,A1BZR;HOH,1,A1BZR,A1BZR,"5-({2-[(4-{[(2-chloro[1,1'-biphenyl]-4-yl)methyl]amino}butyl)amino]ethyl}amino)-N-hydroxybenzo[c][2,6]naphthyridine-8-carboxamide",C32 H33 Cl N6 O2,569.096,41,,,,HOH,INCLUDE,
1325,7I80,2026-01-14,Crystal Structure of 19 bound to CK2a,1.57,0.222,1,1,A,,ACT;A1BZ2;HOH,1,A1BZ2,A1BZ2,"5-({2-[(2-{[(2-chloro[1,1'-biphenyl]-4-yl)methyl]amino}ethyl)amino]ethyl}amino)benzo[c][2,6]naphthyridine-8-carboxylic acid",C30 H28 Cl N5 O2,526.029,38,,,,ACT;HOH,INCLUDE,
1326,7I81,2026-01-14,Crystal Structure of 22 bound to CK2a,2.33,0.304,1,1,A,,A1BZ1;HOH,1,A1BZ1,A1BZ1,"5-{[3-({N-[(2-chloro[1,1'-biphenyl]-4-yl)methyl]-beta-alanyl}amino)propyl]amino}benzo[c][2,6]naphthyridine-8-carboxylic acid",C32 H30 Cl N5 O3,568.065,41,,,,HOH,RESERVE,r_free_above_0.28
1327,7I82,2026-01-14,Crystal Structure of 20 bound to CK2a,1.73,0.221,1,1,A,,A1BZ0;ACT;HOH,1,A1BZ0,A1BZ0,"5-({2-[(3-{[(2-chloro[1,1'-biphenyl]-4-yl)methyl]amino}propyl)amino]ethyl}amino)benzo[c][2,6]naphthyridine-8-carboxylic acid",C31 H30 Cl N5 O2,540.055,39,,,,ACT;HOH,INCLUDE,
1328,7I83,2026-01-14,Crystal Structure of 33 bound to CK2a,1.51,0.223,1,1,A,,ACT;A1BZZ;HOH,1,A1BZZ,A1BZZ,"N~1~-[(2-chloro[1,1'-biphenyl]-4-yl)methyl]-N~4~-(2-{[(8P)-8-(1H-tetrazol-5-yl)benzo[c][2,6]naphthyridin-5-yl]amino}ethyl)butane-1,4-diamine",C32 H32 Cl N9,578.11,42,,,,ACT;HOH,INCLUDE,
1329,7I84,2026-01-14,Crystal Structure of APL1867 bound to CK2a,1.97,0.237,1,1,A,,A1BZY;ACT;HOH,1,A1BZY,A1BZY,"5-({2-[(4-{[(2-chloro[1,1'-biphenyl]-4-yl)methyl]amino}butyl)amino]ethyl}amino)-N-(methanesulfonyl)benzo[c][2,6]naphthyridine-8-carboxamide",C33 H35 Cl N6 O3 S,631.187,44,,,,ACT;HOH,INCLUDE,
1330,7I85,2026-01-14,Crystal Structure of 49 bound to CK2a,1.44,0.222,1,1,A,,A1B0C;HOH,1,A1B0C,A1B0C,"5-(ethylamino)benzo[c][2,6]naphthyridine-8-carboxamide",C15 H14 N4 O,266.298,20,,,,HOH,INCLUDE,
1331,7I86,2026-01-14,Crystal Structure of 23 bound to CK2a,1.32,0.217,1,1,A,,ACT;A1B0D;HOH,1,A1B0D,A1B0D,"5-{[(3E)-3-({(E)-N-[(2-chloro[1,1'-biphenyl]-4-yl)methyl]-beta-alanyl}imino)propyl]amino}benzo[c][2,6]naphthyridine-8-carboxamide",C32 H29 Cl N6 O2,565.065,41,,,,ACT;HOH,INCLUDE,
1332,7I87,2026-01-14,Crystal Structure of 44 bound to CK2a,1.47,0.209,1,1,A,,ACT;A1B0K;HOH,1,A1B0K,A1B0K,"5-{[2-(4-{[(2-chloro[1,1'-biphenyl]-4-yl)methyl]amino}butoxy)ethyl]amino}benzo[c][2,6]naphthyridine-8-carboxamide",C32 H32 Cl N5 O2,554.082,40,,,,ACT;HOH,INCLUDE,
1333,7I88,2026-01-14,Crystal Structure of 50 bound to CK2a,1.96,0.217,1,1,A,,A1B0J;HOH,1,A1B0J,A1B0J,"5-[(2-formamidoethyl)amino]benzo[c][2,6]naphthyridine-8-carboxamide",C16 H15 N5 O2,309.323,23,,,,HOH,INCLUDE,
1334,7I89,2026-01-14,Crystal Structure of 54a bound to CK2a,1.49,0.221,1,1,A,,ACT;A1B0E;HOH,1,A1B0E,A1B0E,"5-{[2-(4-{[(3-chlorophenyl)methyl]amino}butoxy)ethyl]amino}benzo[c][2,6]naphthyridine-8-carboxamide",C26 H28 Cl N5 O2,477.986,34,,,,ACT;HOH,INCLUDE,
1335,7I8A,2026-01-14,Crystal Structure of 54f bound to CK2a,1.84,0.234,1,1,A,,A1B0F;ACT;HOH,1,A1B0F,A1B0F,"5-({2-[4-({[3-fluoro-4-(trifluoromethoxy)phenyl]methyl}amino)butoxy]ethyl}amino)benzo[c][2,6]naphthyridine-8-carboxamide",C27 H27 F4 N5 O3,545.529,39,,,,ACT;HOH,INCLUDE,
1336,7I8B,2026-01-14,Crystal Structure of 54b bound to CK2a,1.73,0.215,1,1,A,,ACT;A1B0G;HOH,1,A1B0G,A1B0G,"5-{[2-(4-{[(3-chloro-4-cyclopropylphenyl)methyl]amino}butoxy)ethyl]amino}benzo[c][2,6]naphthyridine-8-carboxamide",C29 H32 Cl N5 O2,518.05,37,,,,ACT;HOH,INCLUDE,
1337,7I8C,2026-01-14,Crystal Structure of 54b bound to CK2a,1.57,0.217,1,1,A,,A1B0H;ACT;HOH,1,A1B0H,A1B0H,"5-({2-[4-({[3-chloro-4-(trifluoromethoxy)phenyl]methyl}amino)butoxy]ethyl}amino)benzo[c][2,6]naphthyridine-8-carboxylic acid",C27 H26 Cl F3 N4 O4,562.968,39,,,,ACT;HOH,INCLUDE,
1338,7I8D,2026-01-14,Crystal Structure of 61a bound to CK2a,1.38,0.216,1,1,A,,A1B0A;ACT;HOH,1,A1B0A,A1B0A,"5-{2-[4-({[3-chloro-4-(trifluoromethoxy)phenyl]methyl}amino)butoxy]ethoxy}benzo[c][2,6]naphthyridine-8-carboxylic acid",C27 H25 Cl F3 N3 O5,563.953,39,,,,ACT;HOH,INCLUDE,
1339,7I8E,2026-01-14,Crystal Structure of 58d bound to CK2a,1.66,0.244,1,1,A,,A1BZ9;ACT;HOH,1,A1BZ9,A1BZ9,"5-{3-[4-({[3-chloro-4-(trifluoromethoxy)phenyl]methyl}amino)butoxy]azetidin-1-yl}benzo[c][2,6]naphthyridine-8-carboxylic acid",C28 H26 Cl F3 N4 O4,574.979,40,,,,ACT;HOH,INCLUDE,
1340,7I8F,2026-01-14,Crystal Structure of 58e bound to CK2a,1.45,0.215,1,1,A,,A1BZ8;ACT;HOH,1,A1BZ8,A1BZ8,"5-{(3R)-3-[3-({[3-chloro-4-(trifluoromethoxy)phenyl]methyl}amino)propoxy]pyrrolidin-1-yl}benzo[c][2,6]naphthyridine-8-carboxylic acid",C28 H26 Cl F3 N4 O4,574.979,40,,,,ACT;HOH,INCLUDE,
1341,7I8G,2026-01-14,Crystal Structure of 58f bound to CK2a,1.23,0.201,1,1,A,,A1BZ7;ACT;HOH,1,A1BZ7,A1BZ7,"5-{(3S)-3-[3-({[3-chloro-4-(trifluoromethoxy)phenyl]methyl}amino)propoxy]pyrrolidin-1-yl}benzo[c][2,6]naphthyridine-8-carboxylic acid",C28 H26 Cl F3 N4 O4,574.979,40,,,,ACT;HOH,INCLUDE,
1342,7I8H,2026-01-14,Crystal Structure of 58b bound to CK2a,1.39,0.209,1,1,A,,A1BZ6;ACT;HOH,1,A1BZ6,A1BZ6,"5-({(2R)-1-[4-({[3-chloro-4-(trifluoromethoxy)phenyl]methyl}amino)butoxy]propan-2-yl}amino)benzo[c][2,6]naphthyridine-8-carboxylic acid",C28 H28 Cl F3 N4 O4,576.995,40,,,,ACT;HOH,INCLUDE,
1343,7I8I,2026-01-14,Crystal Structure of 61b bound to CK2a,1.47,0.208,1,1,A,,ACT;A1BZ5;ADP;HOH,1,A1BZ5,A1BZ5,"5-{2-[4-({[3-fluoro-4-(trifluoromethoxy)phenyl]methyl}amino)butoxy]ethoxy}benzo[c][2,6]naphthyridine-8-carboxylic acid",C27 H25 F4 N3 O5,547.498,39,,ADP,,ACT;HOH,RESERVE,cofactor_present
1344,7I8J,2026-01-14,Crystal Structure of 61g bound to CK2a,1.598,0.2536,1,1,A,,A1BZ4;HOH,1,A1BZ4,A1BZ4,"5-{2-[4-({[4-chloro-3-(trifluoromethoxy)phenyl]methyl}amino)butoxy]ethoxy}benzo[c][2,6]naphthyridine-8-carboxylic acid",C27 H25 Cl F3 N3 O5,563.953,39,,,,HOH,INCLUDE,
1345,7I8K,2026-01-14,Crystal Structure of 61f bound to CK2a,1.377,0.2297,1,1,A,,A1BZ3;ACT;HOH,1,A1BZ3,A1BZ3,"5-{2-[4-({[3,5-difluoro-4-(trifluoromethoxy)phenyl]methyl}amino)butoxy]ethoxy}benzo[c][2,6]naphthyridine-8-carboxylic acid",C27 H24 F5 N3 O5,565.489,40,,,,ACT;HOH,INCLUDE,
1346,7I8L,2026-01-14,Crystal Structure of 61c bound to CK2a,1.48,0.203,1,1,A,,A1B0I;ADP;ACT;HOH,1,A1B0I,A1B0I,"5-{2-[4-({[3-methyl-4-(trifluoromethoxy)phenyl]methyl}amino)butoxy]ethoxy}-1,4-dihydrobenzo[c][2,6]naphthyridine-8-carboxylic acid",C28 H30 F3 N3 O5,545.55,39,,ADP,,ACT;HOH,RESERVE,cofactor_present
1347,7I8M,2026-01-14,Crystal Structure of 14 bound to CK2a,1.31,0.216,1,1,A,,ACT;A1B0B;HOH,1,A1B0B,A1B0B,"4-{[3-({N-[(2-chloro[1,1'-biphenyl]-4-yl)methyl]-beta-alanyl}amino)propyl]amino}-1H-indazole-6-carboxylic acid",C27 H28 Cl N5 O3,505.996,36,,,,ACT;HOH,INCLUDE,
1348,7I8N,2026-01-14,Crystal Structure of 12 bound to CK2a,1.28,0.246,1,1,A,,ACT;A1BZX;HOH,1,A1BZX,A1BZX,"(4P)-3-{[3-({N-[(2-chloro[1,1'-biphenyl]-4-yl)methyl]-beta-alanyl}amino)propyl]amino}-4-(1H-pyrazol-5-yl)benzoic acid",C29 H30 Cl N5 O3,532.033,38,,,,ACT;HOH,INCLUDE,
1349,7I8O,2026-01-14,Crystal Structure of 18 bound to CK2a,1.31,0.221,1,1,A,,A1BZW;ACT;HOH,1,A1BZW,A1BZW,"5-({2-[(4-{[(2-chloro[1,1'-biphenyl]-4-yl)methyl]amino}butyl)amino]ethyl}amino)benzo[c][2,6]naphthyridine-8-carboxylic acid",C32 H32 Cl N5 O2,554.082,40,,,,ACT;HOH,INCLUDE,
1350,7I8P,2026-01-14,Crystal Structure of 21 bound to CK2a,1.25,0.236,1,1,A,,ACT;A1BZV;HOH,1,A1BZV,A1BZV,"5-({3-[(4-{[(2-chloro[1,1'-biphenyl]-4-yl)methyl]amino}butyl)amino]propyl}amino)benzo[c][2,6]naphthyridine-8-carboxylic acid",C33 H34 Cl N5 O2,568.108,41,,,,ACT;HOH,INCLUDE,
1351,7I8Q,2026-01-14,Crystal Structure of 54l bound to CK2a,1.66,0.22,1,1,A,,ACT;A1BZU;ADP;HOH,1,A1BZU,A1BZU,"5-[(2-{4-[({3-[(1,3-oxazol-5-yl)methyl]-5-(trifluoromethoxy)phenyl}methyl)amino]butoxy}ethyl)amino]benzo[c][2,6]naphthyridine-8-carboxamide",C31 H31 F3 N6 O4,608.611,44,,ADP,,ACT;HOH,RESERVE,cofactor_present
1352,7I8R,2026-01-14,Crystal Structure of 54m bound to CK2a,1.72,0.221,1,1,A,,ACT;A1BZT;HOH,1,A1BZT,A1BZT,"5-[(2-{4-[({3-[(1H-pyrazol-4-yl)methyl]-5-(trifluoromethoxy)phenyl}methyl)amino]butoxy}ethyl)amino]benzo[c][2,6]naphthyridine-8-carboxamide",C31 H32 F3 N7 O3,607.626,44,,,,ACT;HOH,INCLUDE,
1353,9FR5,2026-01-14,Crystal structure of human GSK3B in complex with ARN25697,2.3,0.2351,1,2,A;B,,A1IE8;HOH,1,A1IE8,A1IE8,"~{N}4-(3-cyclobutyl-1~{H}-pyrazol-5-yl)-~{N}2-(pyridin-3-ylmethyl)furo[3,2-d]pyrimidine-2,4-diamine",C19 H19 N7 O,361.4,27,,,,HOH,RESERVE,multiple_protein_chains_2
1354,9FR6,2026-01-14,Crystal structure of human GSK3B in complex with ARN25641,2.3,0.232,1,2,A;B,,A1IFO;HOH,1,A1IFO,A1IFO,"3-[[[4-[(3-cyclopropyl-1~{H}-pyrazol-5-yl)amino]thieno[3,2-d]pyrimidin-2-yl]amino]methyl]benzamide",C20 H19 N7 O S,405.476,29,,,,HOH,RESERVE,multiple_protein_chains_2
1355,9FR7,2026-01-14,Crystal structure of human GSK3B in complex with ARN25507,2.3,0.2289,1,2,A;B,,A1IFJ;HOH,1,A1IFJ,A1IFJ,"~{N}4-(5-cyclopropyl-1~{H}-pyrazol-3-yl)-~{N}2-(phenylmethyl)furo[3,2-d]pyrimidine-2,4-diamine",C19 H18 N6 O,346.386,26,,,,HOH,RESERVE,multiple_protein_chains_2
1356,9FR8,2026-01-14,Crystal structure of human GSK3B in complex with ARN25565,2.3,0.2209,1,2,A;B,,A1IE7;HOH,1,A1IE7,A1IE7,"~{N}4-(3-cyclobutyl-1~{H}-pyrazol-5-yl)-~{N}2-(pyridin-3-ylmethyl)thieno[3,2-d]pyrimidine-2,4-diamine",C19 H19 N7 S,377.466,27,,,,HOH,RESERVE,multiple_protein_chains_2
1357,9FRP,2026-01-14,Human PARP10 ART domain bound to a phthalazinone-based inhibitor.,1.4,0.17497,1,2,A;B,,A1IFB;CL;HOH,1,A1IFB,A1IFB,"4-[[4-fluoranyl-3-[[(5~{S})-5-methyl-3-(1,3-thiazol-2-yl)-6,8-dihydro-5~{H}-[1,2,4]triazolo[4,3-a]pyrazin-7-yl]carbonyl]phenyl]methyl]-2~{H}-phthalazin-1-one",C25 H20 F N7 O2 S,501.535,36,,,,CL;HOH,RESERVE,multiple_protein_chains_2
1358,9FRS,2026-01-14,Human PARP10 ART domain bound to a phthalazinone-based inhibitor,2.02,0.22403,1,2,A;B,,A1IFC;ACT;CL;HOH,1,A1IFC,A1IFC,"4-[[4-fluoranyl-3-[[(5~{R})-5-methyl-3-(1,3-thiazol-2-yl)-6,8-dihydro-5~{H}-[1,2,4]triazolo[4,3-a]pyrazin-7-yl]carbonyl]phenyl]methyl]-2~{H}-phthalazin-1-one",C25 H20 F N7 O2 S,501.535,36,,,,ACT;CL;HOH,RESERVE,multiple_protein_chains_2
1359,9GVN,2026-01-14,DEPEMOKIMAB FAB IN COMPLEX WITH INTERLEUKIN 5,1.933,0.2087,3,6,A;B;C;D;E;F,,EDO;GOL;HOH,0,,,,,,,ASN;FUC;MAN;NAG,,,EDO;GOL;HOH,EXCLUDE,no_druglike_organic_ligand;multiple_protein_chains_6
1360,9HU8,2026-01-14,Crystal structure of Kalirin/Rac1 in complex with MC-278.,1.48,0.2311,2,2,A;B,,A1IXV;HOH,1,A1IXV,A1IXV,"2-chloranyl-~{N}-(2-oxidanylidene-5,6,7,8-tetrahydro-1~{H}-1,8-naphthyridin-4-yl)ethanamide",C10 H12 Cl N3 O2,241.674,16,A1IXV;CYS,,,HOH,EXCLUDE,candidate_may_be_covalent;multiple_protein_chains_2
1361,9HWM,2026-01-14,Human carbonic anhydrase II in complex with methyl 3-((2-hydroxy-5-sulfamoylphenyl)amino)propanoate,1.15,0.17348,1,1,A,,ZN;DMS;A1IX5;HOH,1,A1IX5,A1IX5,methyl 3-[(2-oxidanyl-5-sulfamoyl-phenyl)amino]propanoate,C10 H14 N2 O5 S,274.294,18,,,ZN,DMS;HOH,RESERVE,metal_present
1362,9HWN,2026-01-14,Human carbonic anhydrase I in complex with methyl 3-((2-hydroxy-5-sulfamoylphenyl)amino)propanoate,1.6,0.24023,1,2,A;B,,A1IX5;ZN;EDO;HOH,1,A1IX5,A1IX5,methyl 3-[(2-oxidanyl-5-sulfamoyl-phenyl)amino]propanoate,C10 H14 N2 O5 S,274.294,18,,,ZN,EDO;HOH,RESERVE,multiple_protein_chains_2;metal_present
1363,9HXU,2026-01-14,Protein kinase CK2 catalytic subunit alpha (CSNK2A1 gene product) in complex with F2X-Entry screen fragment C02,2.2,0.2163,1,2,A;B,,SYA;SO4;CL;HOH,1,SYA,SYA,"2,4,5-tris(fluoranyl)-3-methoxy-benzoic acid",C8 H5 F3 O3,206.119,14,,,,SO4;CL;HOH,RESERVE,multiple_protein_chains_2
1364,9HYH,2026-01-14,Protein kinase CK2 catalytic subunit alpha (CSNK2A1 gene product) in complex with F2X-Entry screen fragment D02 and CX-4945 (Silmitasertib),1.96,0.241,1,2,A;B,,SY4;3NG;HOH,2,SY4;3NG,,,,,,,,,HOH,MANUAL_REVIEW,multiple_candidate_ligands;multiple_protein_chains_2
1365,9HZH,2026-01-14,Protein kinase CK2 catalytic subunit alpha (CSNK2A1 gene product) in complex with F2X-Entry screen fragment F02 and CX-4945 (Silmitasertib),2.07,0.2557,1,2,A;B,,SO4;3NG;T9Y;EDO;HOH,2,3NG;T9Y,,,,,,,,,SO4;EDO;HOH,MANUAL_REVIEW,multiple_candidate_ligands;multiple_protein_chains_2
1366,9IHG,2026-01-14,Protein kinase CK2 catalytic subunit alpha' (CSNK2A2 gene product) in complex with F2X-Entry screen fragment C02,1.08,0.1568,1,1,A,,SYA;CL;HOH,1,SYA,SYA,"2,4,5-tris(fluoranyl)-3-methoxy-benzoic acid",C8 H5 F3 O3,206.119,14,,,,CL;HOH,INCLUDE,
1367,9IHI,2026-01-14,Protein kinase CK2 catalytic subunit alpha' (CSNK2A2 gene product) in complex with F2X-Entry screen fragment D02,1.23,0.166,1,1,A,,SY4;3NG;HOH,2,SY4;3NG,,,,,,,,,HOH,MANUAL_REVIEW,multiple_candidate_ligands
1368,9LEP,2026-01-14,The co-crystal structure of BCAT2 with itaconate,2.0,0.2154,1,2,A;B,,ITN;HOH,0,,,,,,,LEU;LLP;TYR,,,ITN:heavy_atoms_9;HOH,EXCLUDE,no_druglike_organic_ligand;multiple_protein_chains_2
1369,9LH1,2026-01-14,Crystal Structures of Keap1-CD2 complexes,2.0,0.2247,1,1,A,,A1EJ5;HOH,1,A1EJ5,A1EJ5,"~{N}-[4-[(2-azanyl-2-oxidanylidene-ethyl)-[4-[(2-azanyl-2-oxidanylidene-ethyl)-(4-methoxyphenyl)sulfonyl-amino]naphthalen-1-yl]sulfamoyl]phenyl]-3-(2,7-diazaspiro[3.5]nonan-7-yl)propanamide",C37 H43 N7 O8 S2,777.909,54,,,,HOH,INCLUDE,
1370,9LTP,2026-01-14,Crystal structure of human RAB43 in GDP-AlF3 transition state complex with USP6NL TBC domain,2.49,0.2982,2,4,A;B;C;D,,MG;GDP;AF3;PEG;HOH,0,,,,,,,,GDP,MG,AF3:no_carbon;PEG;HOH,EXCLUDE,no_druglike_organic_ligand;multiple_protein_chains_4;cofactor_present;metal_present
1371,9LTQ,2026-01-14,Crystal structure of human RAB43 in complex with GppNHp,1.6,0.204,1,2,A;B,,GNP;MG;HOH,1,GNP,GNP,PHOSPHOAMINOPHOSPHONIC ACID-GUANYLATE ESTER,C10 H17 N6 O13 P3,522.196,32,,,MG,HOH,RESERVE,multiple_protein_chains_2;metal_present
1372,9M0U,2026-01-14,Structural insights into the tumor suppressor ZMYND11 reveal diverse recognition mechanisms,1.89,0.23804,1,2,A;B,,ZN;ACT;MPD;HOH,0,,,,,,,,,ZN,ACT;MPD;HOH,EXCLUDE,no_druglike_organic_ligand;multiple_protein_chains_2;metal_present
1373,9MJS,2026-01-14,Crystal structure of WRN helicase with bound AMPPNP,1.84,0.22518,1,1,A,,ZN;ANP;HOH,1,ANP,ANP,PHOSPHOAMINOPHOSPHONIC ACID-ADENYLATE ESTER,C10 H17 N6 O12 P3,506.196,31,,,ZN,HOH,RESERVE,metal_present
1374,9MJT,2026-01-14,Crystal structure of apo WRN helicase in Form D,1.73,0.25888,1,1,A,,ZN;CL;EDO;HOH,0,,,,,,,,,ZN,CL;EDO;HOH,EXCLUDE,no_druglike_organic_ligand;metal_present
1375,9MJU,2026-01-14,Crystal structure of WRN helicase with allosteric fragment 1,1.579,0.2431,1,1,A,,ZN;A1BL1;EDO;CL;HOH,1,A1BL1,A1BL1,N-[4-(trifluoromethyl)phenyl]acetamide,C9 H8 F3 N O,203.161,14,,,ZN,EDO;CL;HOH,RESERVE,metal_present
1376,9MJW,2026-01-14,Crystal structure of WRN helicase with bound allosteric fragment 3.,2.0,0.26336,1,1,A,,ZN;A1BL3;HOH,1,A1BL3,A1BL3,"6-chloro-7-methyl-1lambda~6~,2,4-benzothiadiazine-1,1,3(2H,4H)-trione",C8 H7 Cl N2 O3 S,246.671,15,,,ZN,HOH,RESERVE,metal_present
1377,9MJX,2026-01-14,Crystal structure of WRN helicase with bound allosteric fragment 4,1.73,0.22933,1,1,A,,ZN;A1BL4;A1BL5;SO4;CL;EDO;HOH,2,A1BL4;A1BL5,,,,,,,,ZN,SO4;CL;EDO;HOH,MANUAL_REVIEW,multiple_candidate_ligands;metal_present
1378,9MJY,2026-01-14,Crystal structure of WRN helicase with bound allosteric compound 1,1.63,0.2223,1,1,A,,ZN;A1BL0;CL;EDO;DMS;HOH,1,A1BL0,A1BL0,(3-{[4-(trifluoromethyl)phenyl]carbamoyl}furan-2-yl)acetic acid,C14 H10 F3 N O4,313.229,22,,,ZN,CL;EDO;DMS;HOH,RESERVE,metal_present
1379,9MJZ,2026-01-14,Crystal structure of WRN helicase with bound allosteric compound 3,1.7,0.26144,1,1,A,,ZN;A1BL6;EDO;GOL;DMS;HOH,1,A1BL6,A1BL6,"(2-anilino-5-{[4-(trifluoromethyl)phenyl]carbamoyl}-1,3-thiazol-4-yl)acetic acid",C19 H14 F3 N3 O3 S,421.393,29,,,ZN,EDO;GOL;DMS;HOH,RESERVE,metal_present
1380,9MK0,2026-01-14,Crystal structure of WRN helicase with bound allosteric compound 5,1.89,0.22987,1,1,A,,ZN;A1BL7;EDO;CL;HOH,1,A1BL7,A1BL7,(2-[4-(pyrimidine-4-carbonyl)piperazin-1-yl]-4-{[4-(trifluoromethyl)phenyl]carbamoyl}pyrimidin-5-yl)acetic acid,C23 H20 F3 N7 O4,515.445,37,,,ZN,EDO;CL;HOH,RESERVE,metal_present
1381,9MK1,2026-01-14,Crystal structure of WRN helicase with bound compound 6,2.12,0.26659,1,1,A,,ZN;A1BL8;EDO;HOH,1,A1BL8,A1BL8,"(2-[(2R)-2-(phenylcarbamoyl)-2,3-dihydro-1H-inden-4-yl]-5-{[4-(trifluoromethyl)phenyl]carbamoyl}-1,3-thiazol-4-yl)acetic acid",C29 H22 F3 N3 O4 S,565.563,40,,,ZN,EDO;HOH,RESERVE,metal_present
1382,9NRS,2026-01-14,Crystal structure of the H5 influenza virus hemagglutinin from A/duck/France/161108h/2016 (H5N8) clade 2.3.4.4b in complex with O-linked glycan 26,2.5,0.2079,3,10,A;B;C;D;E;F;G;H;I;l,,NAG;GOL;SO4;HOH,0,,,,,,,A2G;ASN;BMA;FUC;GAL;MAN;NAG;SIA;THR,,,NAG;GOL;SO4;HOH,EXCLUDE,no_druglike_organic_ligand;multiple_protein_chains_10
1383,9NRT,2026-01-14,Crystal structure of the H5 influenza virus hemagglutinin from A/duck/France/161108h/2016 (H5N8) clade 2.3.4.4b in complex with O-linked glycan 25,1.98,0.1888,3,10,A;B;C;D;E;F;G;H;I;J,,EDO;SO4;NAG;HOH,0,,,,,,,A2G;ASN;BMA;FUC;GAL;MAN;NAG;SIA;THR,,,EDO;SO4;NAG;HOH,EXCLUDE,no_druglike_organic_ligand;multiple_protein_chains_10
1384,9NRU,2026-01-14,Crystal structure of the H5 influenza virus hemagglutinin from A/duck/France/161108h/2016 (H5N8) clade 2.3.4.4b in complex with O-linked glycan 7,2.38,0.2059,3,10,A;B;C;D;E;F;G;H;I;l,,NAG;GOL;SO4;HOH,0,,,,,,,A2G;ASN;BMA;FUC;GAL;MAN;NAG;SIA;THR,,,NAG;GOL;SO4;HOH,EXCLUDE,no_druglike_organic_ligand;multiple_protein_chains_10
1385,9Q8C,2026-01-14,Protein kinase CK2 catalytic subunit alpha' (CSNK2A2 gene product) in complex with F2X-Entry screen fragment F02,0.9,0.1477,1,1,A,,T9Y;HOH,1,T9Y,T9Y,ethyl 5-(trifluoromethyl)-1H-pyrazole-4-carboxylate,C7 H7 F3 N2 O2,208.138,14,,,,HOH,INCLUDE,
1386,9Q8Q,2026-01-14,Protein kinase CK2 catalytic subunit alpha' (CSNK2A2 gene product) in complex with F2X-Entry screen fragment E03,0.98,0.1794,1,1,A,,A1I4N;HOH,1,A1I4N,A1I4N,"1-phenyl-1,3-diazinane-2,4-dione",C10 H10 N2 O2,190.199,14,,,,HOH,INCLUDE,
1387,9Q9A,2026-01-14,Protein kinase CK2 catalytic subunit alpha' (CSNK2A2 gene product) in complex with F2X-Entry screen fragment C06 and CX-4945 (Silmitasertib),1.03,0.1563,1,1,A,,3NG;A1I4V;CL;HOH,2,3NG;A1I4V,,,,,,,,,CL;HOH,MANUAL_REVIEW,multiple_candidate_ligands
1388,9Q9B,2026-01-14,Protein kinase CK2 catalytic subunit alpha' (CSNK2A2 gene product) in complex with F2X-Entry screen fragment C07 and CX-4945 (Silmitasertib),1.84,0.2062,1,1,A,,VN9;3NG;CL;HOH,2,VN9;3NG,,,,,,,,,CL;HOH,MANUAL_REVIEW,multiple_candidate_ligands
1389,9Q9C,2026-01-14,Protein kinase CK2 catalytic subunit alpha' (CSNK2A2 gene product) in complex with F2X-Entry screen fragment D04,1.66,0.2228,1,1,A,,R9D;EDO;HOH,1,R9D,R9D,methyl 4-fluoro-D-phenylalaninate,C10 H12 F N O2,197.206,14,,,,EDO;HOH,INCLUDE,
1390,9Q9D,2026-01-14,Protein kinase CK2 catalytic subunit alpha' (CSNK2A2 gene product) in complex with F2X-Entry screen fragment D06 and CX-4945 (Silmitasertib),0.89,0.1585,1,1,A,,3NG;R9G;CL;HOH,2,3NG;R9G,,,,,,,,,CL;HOH,MANUAL_REVIEW,multiple_candidate_ligands
1391,9Q9G,2026-01-14,Protein kinase CK2 catalytic subunit alpha' (CSNK2A2 gene product) in complex with F2X-Entry screen fragment D10,0.94,0.1571,1,1,A,,R9J;HOH,1,R9J,R9J,2-methyl-N-(4-methylphenyl)-L-alanine,C11 H15 N O2,193.242,14,,,,HOH,INCLUDE,
1392,9QAB,2026-01-14,Protein kinase CK2 catalytic subunit alpha' (CSNK2A2 gene product) in complex with F2X-Entry screen fragment E11 and CX-4945 (Silmitasertib),0.95,0.1413,1,1,A,,RA7;3NG;CL;HOH,2,RA7;3NG,,,,,,,,,CL;HOH,MANUAL_REVIEW,multiple_candidate_ligands
1393,9QAG,2026-01-14,Protein kinase CK2 catalytic subunit alpha' (CSNK2A2 gene product) in complex with F2X-Entry screen fragment F08 and CX-4945 (Silmitasertib),1.01,0.1617,1,1,A,,3NG;RBJ;CL;HOH,2,3NG;RBJ,,,,,,,,,CL;HOH,MANUAL_REVIEW,multiple_candidate_ligands
1394,9QAK,2026-01-14,Protein kinase CK2 catalytic subunit alpha' (CSNK2A2 gene product) in complex with F2X-Entry screen fragment G07,0.98,0.1752,1,1,A,,A1I5I;CL;HOH,1,A1I5I,A1I5I,"2-[(4-methyl-1,2,4-triazol-3-yl)sulfanyl]ethanoic acid",C5 H7 N3 O2 S,173.193,11,,,,CL;HOH,INCLUDE,
1395,9QB0,2026-01-14,Protein kinase CK2 catalytic subunit alpha' (CSNK2A2 gene product) in complex with F2X-Entry screen fragment H07,1.01,0.1558,1,1,A,,U8X;CL;HOH,1,U8X,U8X,~{N}-(4-hydroxyphenyl)-2-pyrazol-1-yl-ethanamide,C11 H11 N3 O2,217.224,16,,,,CL;HOH,INCLUDE,
1396,9QB6,2026-01-14,Protein kinase CK2 catalytic subunit alpha' (CSNK2A2 gene product) in complex with F2X-Entry screen fragment H02 and CX-4945 (Silmitasertib),1.05,0.1439,1,1,A,,RDV;3NG;HOH,2,RDV;3NG,,,,,,,,,HOH,MANUAL_REVIEW,multiple_candidate_ligands
1397,9R57,2026-01-14,"Crystal structure of human protein kinase CK2 catalytic subunit (isoenzyme ck2alpha'; CSNK2A2 gene product) in complex with 5,6-dibromo-1H-1,2,3-benzotriazole",1.1,0.15,1,1,A,,7M0;EDO;HOH,1,7M0,7M0,"5,6-DIBROMOBENZOTRIAZOLE",C6 H3 Br2 N3,276.916,11,,,,EDO;HOH,INCLUDE,
1398,9R5B,2026-01-14,"Crystal structure of human protein kinase CK2 catalytic subunit (isoenzyme ck2alpha'; CSNK2A2 gene product) in complex with 6,7-dibromo-4,5-difluoro-1H-1,2,3-benzotriazole",1.09,0.1675,1,1,A,,A1JCY;HOH,1,A1JCY,A1JCY,"6,7-bis(bromanyl)-4,5-bis(fluoranyl)-1~{H}-benzotriazole",C6 H Br2 F2 N3,312.897,13,,,,HOH,INCLUDE,
1399,9R5C,2026-01-14,"Crystal structure of human protein kinase CK2 catalytic subunit (isoenzyme ck2alpha'; CSNK2A2 gene product) in complex with 4,7-dibromo-5,6-difluoro-1H-1,2,3-benzotriazole",1.04,0.1639,1,1,A,,A1JCZ;4B0;HOH,2,A1JCZ;4B0,,,,,,,,,HOH,MANUAL_REVIEW,multiple_candidate_ligands
1400,9R5D,2026-01-14,"Crystal structure of human protein kinase CK2 catalytic subunit (isoenzyme ck2alpha'; CSNK2A2 gene product) in complex with 4,6-dibromo-5,7-difluoro-1H-1,2,3-benzotriazole",1.02,0.1927,1,1,A,,EDO;A1JC0;HOH,1,A1JC0,A1JC0,"4,6-bis(bromanyl)-5,7-bis(fluoranyl)-1~{H}-benzotriazole",C6 H Br2 F2 N3,312.897,13,,,,EDO;HOH,INCLUDE,
1401,9R5F,2026-01-14,"Crystal structure of human protein kinase CK2 catalytic subunit (isoenzyme ck2alpha'; CSNK2A2 gene product) in complex with 5,6-dibromo-4,7-difluoro-1H-1,2,3-benzotriazole",1.19,0.1547,1,1,A,,A1JCX;EDO;HOH,1,A1JCX,A1JCX,"5,6-bis(bromanyl)-4,7-bis(fluoranyl)-1~{H}-benzotriazole",C6 H Br2 F2 N3,312.897,13,,,,EDO;HOH,INCLUDE,
1402,9R6H,2026-01-14,Crystal Structure of the M18BP1 SANTA domain as a EGFP-SANTA-nanobody fusion,2.42,0.2618,1,2,A;B,,PG4;HOH,0,,,,,,,C12;LEU;VAL,,,PG4;HOH,EXCLUDE,no_druglike_organic_ligand;multiple_protein_chains_2
1403,9RXN,2026-01-14,Structure of the PDZ1 domain from human PDZK1 (NHERF3) with the C-terminal residues (KSTQF) of human URAT1 transporter (SLC22A12),1.36,0.1613,1,2,A;B,,NA;EDO;HOH,0,,,,,,,,,NA,EDO;HOH,EXCLUDE,no_druglike_organic_ligand;multiple_protein_chains_2;metal_present
1404,9RXO,2026-01-14,Structure of the PDZ2 domain from human PDZK1 (NHERF3) with the C-terminal residues (KSTQF) of human URAT1 transporter (SLC22A12),1.2,0.2035,1,2,A;B,,EDO;HOH,0,,,,,,,,,,EDO;HOH,EXCLUDE,no_druglike_organic_ligand;multiple_protein_chains_2
1405,9RXQ,2026-01-14,Structure of the PDZ1 domain from human NHERF1 with the C-terminal residues (KSTQF) of human URAT1 transporter (SLC22A12),1.38,0.1826,1,2,A;B,,ACT;HOH,0,,,,,,,,,,ACT;HOH,EXCLUDE,no_druglike_organic_ligand;multiple_protein_chains_2
1406,9RXS,2026-01-14,Structure of the PDZ4 domain from human PDZK1 (NHERF3) with the C-terminal residues (VLKSTQF) of human URAT1 transporter (SLC22A12),2.0,0.2416,1,2,A;B,,GOL;HOH,0,,,,,,,,,,GOL;HOH,EXCLUDE,no_druglike_organic_ligand;multiple_protein_chains_2
1407,9RXT,2026-01-14,"Structure of the PDZ1 domain from human NHERF1 with the C-terminal residues (NATRL) of the human sodium-dependent phosphate transporter 2A (NaPi-IIa, SLC34A1)",1.36,0.1975,1,1,A,,TOE;HOH,1,TOE,TOE,2-[2-(2-METHOXY-ETHOXY)-ETHOXY]-ETHOXYL,C7 H16 O4,164.2,11,,,,HOH,INCLUDE,
1408,9S3X,2026-01-14,"EGFR (T790M,L858R) in complex with NCL-26007",2.423,0.2461,1,1,A,,A1JLU;HOH,1,A1JLU,A1JLU,"2-[[4-[2-(dimethylamino)ethyl-methyl-amino]phenyl]amino]-5-ethenyl-8-phenyl-pyrido[2,3-d]pyrimidin-7-one",C26 H28 N6 O,440.54,33,A1JLU;CYS,,,HOH,EXCLUDE,candidate_may_be_covalent
1409,9S6M,2026-01-14,"Structure of BFL1 in complex with a covalent inhibitor, alternative series, cmpd25",1.427,0.2143,1,2,A;B,,A1JL2;HOH,1,A1JL2,A1JL2,"(1~{R},2~{R})-2-azanyl-~{N}-[4-[(1~{R})-1-[propanoyl-[4-(trifluoromethyloxy)phenyl]amino]ethyl]phenyl]cyclopentane-1-carboxamide",C24 H28 F3 N3 O3,463.493,33,A1JL2;CYS,,,HOH,EXCLUDE,candidate_may_be_covalent;multiple_protein_chains_2
1410,9SA9,2026-01-14,14-3-3sigma protein binding to macrocycle 2,1.6,0.20099,3,4,A;C;D;L,,CA;CL;HOH,0,,,,,,,A1JNX;B3S;BAL;NH2;PHE;PPN;SEP,,CA,CL;HOH,EXCLUDE,no_druglike_organic_ligand;multiple_protein_chains_4;metal_present
1411,9SAB,2026-01-14,14-3-3sigma protein binding to macrocycle 4,1.5,0.20202,2,4,A;B;F;G,,CL;CA;HOH,0,,,,,,,A1JND;B3S;BAL;NH2;PPN;SEP;TYR,,CA,CL;HOH,EXCLUDE,no_druglike_organic_ligand;multiple_protein_chains_4;metal_present
1412,9SAE,2026-01-14,14-3-3sigma protein binding to ChREBP peptide and macrocycle 4,2.3,0.2848,3,3,A;B;E,,CA;HOH,0,,,,,,,A1JND;B3S;BAL;NH2;PHE;PPN;SEP,,CA,HOH,EXCLUDE,no_druglike_organic_ligand;multiple_protein_chains_3;metal_present
1413,9Y4Q,2026-01-14,Crystal structure of the human DCAF1 WDR domain in complex with OICR-40102,1.48,0.19321,1,2,A;B,,A1CR9;HOH,1,A1CR9,A1CR9,(4P)-N-[(1S)-3-amino-1-(3-chloro-4-fluorophenyl)-3-oxopropyl]-4-(4-chloro-2-fluorophenyl)-5-(pyrimidin-5-yl)-1H-pyrrole-3-carboxamide,C24 H17 Cl2 F2 N5 O2,516.327,35,,,,HOH,RESERVE,multiple_protein_chains_2
1414,9ZNB,2026-01-14,Crystal Structure of a DARPin Fused to the 1TEL Crystallization Chaperone via a Direct Helical Fusion in a 3-Fold Crystal Form,1.771,0.2195,1,1,A,,ACY;CL;MG;HOH,0,,,,,,,,,MG,ACY;CL;HOH,EXCLUDE,no_druglike_organic_ligand;metal_present
1415,9EH9,2026-01-07,Crystal structure of unbound N-SH2 domain of SHP2,1.83,0.2549,1,1,A,,ACY;HOH,0,,,,,,,,,,ACY;HOH,EXCLUDE,no_druglike_organic_ligand
1416,9EHA,2026-01-07,Crystal structure of N-SH2 domain of SHP2 bound to phosphotyrosine,1.71,0.2461,1,1,A,,PTR;SO4;HOH,1,PTR,PTR,O-PHOSPHOTYROSINE,C9 H12 N O6 P,261.168,17,,,,SO4;HOH,INCLUDE,
1417,9EIC,2026-01-07,Crystal structure of unbound N-SH2 domain of SHP2 with T42A mutation,1.58,0.2184,1,1,A,,PO4;HOH,0,,,,,,,,,,PO4;HOH,EXCLUDE,no_druglike_organic_ligand
1418,9K6J,2026-01-07,Crystal structure of SARS-CoV-2 WT RBD bound with P5-1C8 Fab,2.39,0.2829,3,3,A;B;C,,NAG;HOH,0,,,,,,,ASN;NAG,,,NAG;HOH,EXCLUDE,no_druglike_organic_ligand;multiple_protein_chains_3
1419,9L64,2026-01-07,A novel allosteric covalent inhibitory site of fucosyltransferase 8 revealed by crystal structures,2.49,0.2347,1,2,A;B,,A1EI0;HOH,1,A1EI0,A1EI0,1-hexadecyl-2-methyl-3-(phenylmethyl)imidazol-3-ium,C27 H45 N2 1,397.66,29,,,,HOH,RESERVE,multiple_protein_chains_2
1420,9L65,2026-01-07,A novel allosteric covalent inhibitory site of fucosyltransferase 8 revealed by crystal structures,1.99,0.2092,1,2,A;B,,A1EJN;HOH,1,A1EJN,A1EJN,"[2,6-bis(oxidanylidene)piperidin-1-yl] 18-(2,3-dimethylimidazol-1-ium-1-yl)octadecanoate",C27 H46 N3 O4 1,476.672,34,A1EJN;LYS,,,HOH,EXCLUDE,candidate_may_be_covalent;multiple_protein_chains_2
1421,9MUQ,2026-01-07,Crystal structure of unbound N-SH2 domain of SHP2 (1AYD conditions),1.8,0.2655,1,1,A,,GOL;SO4;HOH,0,,,,,,,,,,GOL;SO4;HOH,EXCLUDE,no_druglike_organic_ligand
1422,9OC3,2026-01-07,Transcription factor DeltaFOSB/JUND bZIP domain in complex with an effector molecule,1.73,0.288,2,2,F;J,,A1CAO;CL;HOH,1,A1CAO,A1CAO,"(5M)-5-(3-amino-5-oxo-4,5-dihydro-1H-pyrazol-1-yl)-2-phenoxybenzene-1-sulfonic acid",C15 H13 N3 O5 S,347.346,24,,,,CL;HOH,RESERVE,r_free_above_0.28;multiple_protein_chains_2
1423,9PXZ,2026-01-07,PRMT5 Bound to Compound 6 and MTA,2.47,0.2694,2,2,A;B,,A1CMW;MTA;HOH,1,A1CMW,A1CMW,"4-amino-1-methyl-N-[(1R)-1-(pyrimidin-2-yl)ethyl]-N-{[5-(trifluoromethyl)pyridin-2-yl]methyl}-1H-pyrazolo[4,3-c]quinoline-8-carboxamide",C25 H21 F3 N8 O,506.482,37,,MTA,,HOH,RESERVE,multiple_protein_chains_2;cofactor_present
1424,9PY0,2026-01-07,PRMT5 Bound to Compound 12 and MTA,2.36,0.283,2,2,A;B,,A1CMZ;MTA;HOH,1,A1CMZ,A1CMZ,"4-amino-N'-(cyclopropanecarbonyl)-N',1-dimethyl-N-{[5-(trifluoromethyl)pyridin-2-yl]methyl}-1H-pyrazolo[4,3-c]quinoline-8-carbohydrazide",C24 H22 F3 N7 O2,497.472,36,,MTA,,HOH,RESERVE,r_free_above_0.28;multiple_protein_chains_2;cofactor_present
1425,9W7S,2026-01-07,Crystal Structure of NFIB Bound to TGGCA-Containing DNA,2.3,0.2672,1,1,A,,ZN;HOH,0,,,,,,,,,ZN,HOH,EXCLUDE,no_druglike_organic_ligand;metal_present
1426,9Y5X,2026-01-07,Crystal structure of shorter construct of SHP2 unbound N-SH2 domain,1.8,0.25,1,1,A,,MES;GOL;SO4;HOH,0,,,,,,,,,,MES;GOL;SO4;HOH,EXCLUDE,no_druglike_organic_ligand
1427,9Z28,2026-01-07,KHK Bound to Compound 7,2.15,0.2249,1,2,A;B,,A1C0G;SO4;HOH,1,A1C0G,A1C0G,"4-methyl-2-[(2S)-2-methylazetidin-1-yl]-6,7-dihydro-5H-cyclopenta[d]pyrimidine",C12 H17 N3,203.283,15,,,,SO4;HOH,RESERVE,multiple_protein_chains_2
1428,9Z29,2026-01-07,KHK Bound to Compound 9,1.97,0.2494,1,2,A;B,,A1C0I;FRU;SO4;GOL;HOH,2,A1C0I;FRU,,,,,,,,,SO4;GOL;HOH,MANUAL_REVIEW,multiple_candidate_ligands;multiple_protein_chains_2
1429,9Z2A,2026-01-07,KHK Bound to Compound 12,2.0,0.2369,1,2,A;B,,A1C0K;FRU;SO4;HOH,2,A1C0K;FRU,,,,,,,,,SO4;HOH,MANUAL_REVIEW,multiple_candidate_ligands;multiple_protein_chains_2
1430,9Z2B,2026-01-07,KHK Bound to Compound 18,2.11,0.25,1,2,A;B,,A1C0J;SO4;HOH,1,A1C0J,A1C0J,"(2S,3R)-1-{4-[4-(3-aminooxetan-3-yl)phenyl]-7,7-difluoro-6,7-dihydro-5H-cyclopenta[d]pyrimidin-2-yl}-2-methylazetidin-3-ol",C20 H22 F2 N4 O2,388.411,28,,,,SO4;HOH,RESERVE,multiple_protein_chains_2
1431,9Z2C,2026-01-07,KHK Bound to GS-1291269,2.02,0.2306,1,2,A;B,,A1C0H;FRU;HOH,2,A1C0H;FRU,,,,,,,,,HOH,MANUAL_REVIEW,multiple_candidate_ligands;multiple_protein_chains_2
1432,9L8Q,2025-12-31,Crystal Structures of Keap1-B4 complexes,2.35,0.2835,1,1,A,,A1EJB;HOH,1,A1EJB,A1EJB,"(S)-2,2'-(5,5,9,9-tetraoxido-2,12,17-trioxo-11-oxa-5,9-dithia-3,6,8-triaza-1(2,1)-pyrrolidina-7(1,4)-naphthalena-4(1,4),10(1,3)-dibenzenacycloheptadecaphane-6,8-diyl)diacetamide",C37 H38 N6 O10 S2,790.862,55,,,,HOH,RESERVE,r_free_above_0.28
1433,9PRU,2025-12-31,Complex of the 3G8 Fab bound to Fc gamma receptor 3a / CD16a F158 allotype,1.9,0.28,3,12,A;B;C;D;E;F;G;H;W;X;Y;Z,,GOL;NA;CL;NAG;HOH,0,,,,,,,ASN;BMA;NAG,,NA,GOL;CL;NAG;HOH,EXCLUDE,no_druglike_organic_ligand;multiple_protein_chains_12;metal_present
1434,9WWE,2025-12-31,Crystal structure of human tyrosylprotein sulfotransferase 2 (TPST2) in cation-bound state,1.75,0.1876,1,1,A,,NA;ZN;A3P;GOL;TLA;HOH,2,A3P;TLA,,,,,,,,NA;ZN,GOL;HOH,MANUAL_REVIEW,multiple_candidate_ligands;metal_present
1435,9WWF,2025-12-31,Crystal structure of human tyrosylprotein sulfotransferase 2 (TPST2) in Mn2+-bound state,2.0,0.2255,1,1,A,,MN;A3P;GOL;HOH,1,A3P,A3P,ADENOSINE-3'-5'-DIPHOSPHATE,C10 H15 N5 O10 P2,427.201,27,,,MN,GOL;HOH,RESERVE,metal_present
1436,9X2Q,2025-12-31,GSK3beta complexed with BiS-1,1.68,0.2023,2,4,A;B;C;D,,CL;PRO;PEG;HOH,0,,,,,,,A1MCG;ARG;ASP;TYR,,,CL;PRO:heavy_atoms_8;PEG;HOH,EXCLUDE,no_druglike_organic_ligand;multiple_protein_chains_4
1437,9X2U,2025-12-31,GSK3beta complexed with BiS-2,2.07,0.2334,2,4,A;B;C;D,,CL;MLI;HOH,0,,,,,,,A1MCG;ARG;GLU;TYR,,,CL;MLI:heavy_atoms_7;HOH,EXCLUDE,no_druglike_organic_ligand;multiple_protein_chains_4
1438,9X2V,2025-12-31,GSK3beta complexed with BiS-3,1.39,0.195,2,2,A;B,,CL;PG6;HOH,1,PG6,PG6,1-(2-METHOXY-ETHOXY)-2-{2-[2-(2-METHOXY-ETHOXY]-ETHOXY}-ETHANE,C12 H26 O6,266.331,18,A1MCG;ACE;ARG;CYS;DTY;NH2;PHE;SER,,,CL;HOH,RESERVE,multiple_protein_chains_2
1439,9X2W,2025-12-31,GSK3beta complexed with BiS-4,1.92,0.2095,2,4,A;B;C;D,,CL;MLI;HOH,0,,,,,,,A1MCG;ARG;LEU;SER,,,CL;MLI:heavy_atoms_7;HOH,EXCLUDE,no_druglike_organic_ligand;multiple_protein_chains_4
1440,9X2X,2025-12-31,GSK3beta complexed with BiS-5,1.79,0.2072,2,4,A;B;C;D,,CL;MLI;HOH,0,,,,,,,A1MCG;ACE;ARG;ASP;CYS;DTY;NH2;TYR,,,CL;MLI:heavy_atoms_7;HOH,EXCLUDE,no_druglike_organic_ligand;multiple_protein_chains_4
1441,9X2Y,2025-12-31,GSK3beta complexed with BiS-8,1.96,0.2046,2,4,A;B;C;D,,CL;MLI;PG4;HOH,0,,,,,,,A1MCG;ARG;ASN;PHE,,,CL;MLI:heavy_atoms_7;PG4;HOH,EXCLUDE,no_druglike_organic_ligand;multiple_protein_chains_4
1442,9XVO,2025-12-31,Crystal structure of NFIC monomer bound to DNA,2.5,0.2387,1,2,A;B,,ZN;GOL;HOH,0,,,,,,,,,ZN,GOL;HOH,EXCLUDE,no_druglike_organic_ligand;multiple_protein_chains_2;metal_present
1443,9YHU,2025-12-31,DNA ligase 1 E346A/E592A in complex with nick containing 3'-8oxorG:A captured at post-catalytic stage,1.96,0.2035,1,1,A,,AMP;HOH,0,,,,,,,8GM;DG;DT,AMP,,HOH,EXCLUDE,no_druglike_organic_ligand;cofactor_present
1444,8ZNN,2025-12-24,X-ray structure of human PPAR delta ligand binding domain in complex with a synthetic agonist 16a,1.95,0.227,1,1,A,,A1D86;HOH,1,A1D86,A1D86,6-[2-[[2-[4-(trifluoromethyloxy)phenyl]benzimidazol-1-yl]methyl]phenoxy]hexanoic acid,C27 H25 F3 N2 O4,498.494,36,,,,HOH,INCLUDE,
1445,9FVU,2025-12-24,"Aspartyl/Asparaginyl beta-hydroxylase (AspH) in complex with Fe, 2-oxoglutarate, thiocyanate and Factor X derived peptide fragment",1.7,0.1868,2,2,A;B,,AKG;FE;PEG;SCN;HOH,1,AKG,AKG,2-OXOGLUTARIC ACID,C5 H6 O5,146.098,10,,,FE,PEG;SCN;HOH,RESERVE,multiple_protein_chains_2;metal_present
1446,9FVV,2025-12-24,"Aspartyl/Asparaginyl beta-hydroxylase (AspH) in complex with Mn, 2OG, thiocyanate and Factor X peptide fragment (39mer-4Ser)",1.6,0.1912,2,2,A;B,,AKG;ACT;PEG;MN;SCN;HOH,1,AKG,AKG,2-OXOGLUTARIC ACID,C5 H6 O5,146.098,10,,,MN,ACT;PEG;SCN;HOH,RESERVE,multiple_protein_chains_2;metal_present
1447,9FVW,2025-12-24,"Aspartyl/Asparaginyl beta-hydroxylase (AspH) in complex with Fe, 2OG, SIN and hydroxylated product of Factor X peptide fragment (39mer-4Ser)",1.9,0.2235,2,2,A;B,,SIN;AKG;FE;HOH,1,AKG,AKG,2-OXOGLUTARIC ACID,C5 H6 O5,146.098,10,A1LUT;GLY;LYS,,FE,SIN:heavy_atoms_8;HOH,RESERVE,multiple_protein_chains_2;metal_present
1448,9FVX,2025-12-24,"Aspartyl/Asparaginyl beta-hydroxylase (AspH) in complex with Fe, 2-oxoglutarate and Factor X derived peptide fragment",1.9,0.2123,2,2,A;B,,AKG;PEG;CL;FE;HOH,1,AKG,AKG,2-OXOGLUTARIC ACID,C5 H6 O5,146.098,10,,,FE,PEG;CL;HOH,RESERVE,multiple_protein_chains_2;metal_present
1449,9FVY,2025-12-24,"Aspartyl/Asparaginyl beta-hydroxylase (AspH) in complex with Fe, 2-oxoglutarate, succinate and the hudroxylated product of Factor X derived peptide fragment after O2 exposure",1.9,0.1991,2,2,A;B,,AKG;SIN;PEG;FE;GOL;CL;HOH,1,AKG,AKG,2-OXOGLUTARIC ACID,C5 H6 O5,146.098,10,BH2;GLY;LYS,,FE,SIN:heavy_atoms_8;PEG;GOL;CL;HOH,RESERVE,multiple_protein_chains_2;metal_present
1450,9FVZ,2025-12-24,"Aspartyl/Asparaginyl beta-hydroxylase (AspH) in complex with Fe, 2-oxoglutarate and a Factor X derived peptide fragment",1.98,0.213,2,2,A;B,,AKG;PEG;GOL;FE;HOH,1,AKG,AKG,2-OXOGLUTARIC ACID,C5 H6 O5,146.098,10,,,FE,PEG;GOL;HOH,RESERVE,multiple_protein_chains_2;metal_present
1451,9FW0,2025-12-24,"Room temperature structure of Aspartyl/Asparaginyl beta-hydroxylase (AspH) in complex with Fe, 2-oxoglutarate and Factor X derived peptide fragment",1.95,0.2066,2,2,A;B,,AKG;FE;HOH,1,AKG,AKG,2-OXOGLUTARIC ACID,C5 H6 O5,146.098,10,,,FE,HOH,RESERVE,multiple_protein_chains_2;metal_present
1452,9HMC,2025-12-24,Crystal structure of PDE6D in complex with compound 5e,1.65,0.2234,1,2,A;B,,A1IWC;GOL;PEG;HOH,1,A1IWC,A1IWC,"4-[3,4-dimethyl-2-(4-methylphenyl)-7-oxidanylidene-pyrazolo[3,4-d]pyridazin-6-yl]-~{N}-heptyl-~{N}-(piperidin-4-ylmethyl)butane-1-sulfonamide",C31 H48 N6 O3 S,584.816,41,,,,GOL;PEG;HOH,RESERVE,multiple_protein_chains_2
1453,9HMD,2025-12-24,Crystal structure of PDE6D in complex with DeltaTag (6a),2.5,0.2829,1,2,A;B,,A1IWD;HOH,1,A1IWD,A1IWD,"4-[3,4-dimethyl-2-(4-methylphenyl)-7-oxidanylidene-pyrazolo[3,4-d]pyridazin-6-yl]-~{N}-[2-(3-ethylphenyl)ethyl]-~{N}-(piperidin-4-ylmethyl)butane-1-sulfonamide",C34 H46 N6 O3 S,618.832,44,,,,HOH,RESERVE,r_free_above_0.28;multiple_protein_chains_2
1454,9HMR,2025-12-24,KRAS-G12V-D92C covalently bound to BI-1830,1.5,0.2393,1,4,A;B;C;D,,GDP;EDO;A1IWE;HOH,1,A1IWE,A1IWE,1-[4-[2-[(4-bromanyl-2-methyl-phenyl)amino]ethanoyl]piperazin-1-yl]propan-1-one,C16 H22 Br N3 O2,368.269,22,A1IWE;CYS,GDP,,EDO;HOH,EXCLUDE,candidate_may_be_covalent;multiple_protein_chains_4;cofactor_present
1455,9HNX,2025-12-24,Crystal structure of human carbonic anhydrase II in complex with N-benzyl-2-(2-chloro-N-(4-sulfamoylphenethyl)acetamido)-2-phenylacetamide,1.35,0.1739,1,1,AAA,,GOL;EDO;ZN;A1IWH;HOH,1,A1IWH,A1IWH,(2~{R})-2-[2-chloranylethanoyl-[2-(4-sulfamoylphenyl)ethyl]amino]-2-phenyl-~{N}-(phenylmethyl)ethanamide,C25 H26 Cl N3 O4 S,500.01,34,,,ZN,GOL;EDO;HOH,RESERVE,metal_present
1456,9HNZ,2025-12-24,"Room temperature structure of Aspartyl/Asparaginyl beta-hydroxylase (AspH) in complex with Fe, 2-oxoglutarate and hydroxylated Factor X derived peptide fragment, 2 h O2 exposure",2.4,0.237,2,2,A;B,,SIN;FE;HOH,0,,,,,,,BH2;GLY;LYS,,FE,SIN:heavy_atoms_8;HOH,EXCLUDE,no_druglike_organic_ligand;multiple_protein_chains_2;metal_present
1457,9HO0,2025-12-24,"Aspartyl/Asparaginyl beta-hydroxylase (AspH) in complex with Fe, 2-oxoglutarate, succinate and the hydroxylated product of Factor X derived peptide fragment, 12 h O2 exposure",2.14,0.2323,2,2,A;B,,SIN;FE;HOH,0,,,,,,,BH2;GLY;LYS,,FE,SIN:heavy_atoms_8;HOH,EXCLUDE,no_druglike_organic_ligand;multiple_protein_chains_2;metal_present
1458,9HO1,2025-12-24,"Room temperature structure of Aspartyl/Asparaginyl beta-hydroxylase (AspH) in complex with Fe, 2-oxoglutarate, and hydroxylated Factor X derived peptide fragment, 1.5 s O2 exposure",1.85,0.2206,2,2,A;B,,AKG;SIN;FE;HOH,1,AKG,AKG,2-OXOGLUTARIC ACID,C5 H6 O5,146.098,10,BH2;GLY;LYS,,FE,SIN:heavy_atoms_8;HOH,RESERVE,multiple_protein_chains_2;metal_present
1459,9HO2,2025-12-24,"Room temperature structure of Aspartyl/Asparaginyl beta-hydroxylase (AspH) in complex with Fe, 2-oxoglutarate and Factor X derived peptide fragment, excess Fe removed",1.83,0.2187,2,2,A;B,,AKG;FE;HOH,1,AKG,AKG,2-OXOGLUTARIC ACID,C5 H6 O5,146.098,10,,,FE,HOH,RESERVE,multiple_protein_chains_2;metal_present
1460,9HO3,2025-12-24,"Aspartyl/Asparaginyl beta-hydroxylase (AspH) in complex with Fe, 2OG, nitric oxide, and Factor X peptide fragment",2.39,0.2422,2,2,A;B,,NA;K;FE;AKG;NO;HOH,1,AKG,AKG,2-OXOGLUTARIC ACID,C5 H6 O5,146.098,10,,,NA;K;FE,NO:no_carbon;HOH,RESERVE,multiple_protein_chains_2;metal_present
1461,9HQ0,2025-12-24,SARM1 TIR domain in complex with compound 7-ADPR,2.13,0.2411,1,2,A;B,,A1IW3;EDO;HOH,1,A1IW3,A1IW3,"[[(2~{R},3~{S},4~{R},5~{R})-5-(6-aminopurin-9-yl)-3,4-bis(oxidanyl)oxolan-2-yl]methoxy-oxidanyl-phosphoryl] [(2~{R},3~{S},4~{R},5~{R})-5-[4-[(1~{S})-1-[[(3~{R})-4,4-bis(fluoranyl)oxolan-3-yl]carbamoyl-methyl-amino]ethyl]pyridin-1-yl]-3,4-bis(oxidanyl)oxolan-2-yl]methyl hydrogen phosphate",C28 H39 F2 N8 O15 P2 1,827.598,55,,,,EDO;HOH,RESERVE,multiple_protein_chains_2
1462,9HQ3,2025-12-24,Crystal structure of human carbonic anhydrase II in complex with N-(2-(benzylamino)-2-oxo-1-(4-sulfamoylphenyl)ethyl)-N-(3-chloro-4-methoxyphenyl)-3-(trimethylsilyl)propiolamide,1.5,0.1846,1,1,AAA,,EDO;ZN;A1IWY;HOH,1,A1IWY,A1IWY,~{N}-(3-chloranyl-4-methoxy-phenyl)-~{N}-[(1~{S})-2-oxidanylidene-2-[(phenylmethyl)amino]-1-(4-sulfamoylphenyl)ethyl]-3-trimethylsilyl-prop-2-ynamide,C28 H30 Cl N3 O5 S Si,584.158,39,,,ZN,EDO;HOH,RESERVE,metal_present
1463,9HQF,2025-12-24,SARM1 TIR domain in complex with compound 7-ADPR,1.73,0.2563,1,2,A;B,,A1IWL;HOH,1,A1IWL,A1IWL,"[[(2~{R},3~{S},4~{R},5~{R})-5-(6-aminopurin-9-yl)-3,4-bis(oxidanyl)oxolan-2-yl]methoxy-oxidanyl-phosphoryl] [(2~{R},3~{S},4~{R},5~{R})-5-[(5~{S})-5-[[(3~{R})-4,4-bis(fluoranyl)oxolan-3-yl]carbamoyl-methyl-amino]-2,3,4,5-tetrahydrooxepino[2,3-c]pyridin-8-yl]-3,4-bis(oxidanyl)oxolan-2-yl]methyl hydrogen phosphate",C30 H41 F2 N8 O16 P2 1,869.635,58,,,,HOH,RESERVE,multiple_protein_chains_2
1464,9HQG,2025-12-24,Crystal structure of human carbonic anhydrase II in complex with 2-chloro-N-(3-chloro-4-methoxyphenyl)-N-(2-oxo-2-((4-sulfamoylphenethyl)amino)-1-(thiophen-2-yl)ethyl)acetamide,1.324,0.1744,1,1,AAA,,GOL;EDO;ZN;A1IWX;HOH,1,A1IWX,A1IWX,(2~{R})-2-[2-chloranylethanoyl-(3-chloranyl-4-methoxy-phenyl)amino]-~{N}-[2-(4-sulfamoylphenyl)ethyl]-2-thiophen-2-yl-ethanamide,C23 H23 Cl2 N3 O5 S2,556.482,35,,,ZN,GOL;EDO;HOH,RESERVE,metal_present
1465,9HQH,2025-12-24,SARM1 TIR domain in complex with compound 28-ADPR,1.988,0.24058,1,2,A;B,,A1IWN;HOH,1,A1IWN,A1IWN,"[[(2~{S},3~{S},4~{R},5~{R})-5-(6-aminopurin-9-yl)-3,4-bis(oxidanyl)oxolan-2-yl]methoxy-oxidanyl-phosphoryl] [(2~{R},3~{S},4~{R},5~{R})-5-[4-[(1~{R})-1-[[(3~{R})-4,4-bis(fluoranyl)oxolan-3-yl]carbamoyl-methyl-amino]-2-phenoxy-ethyl]pyridin-1-ium-1-yl]-3,4-bis(oxidanyl)oxolan-2-yl]methyl hydrogen phosphate",C34 H43 F2 N8 O16 P2 1,919.694,62,,,,HOH,RESERVE,multiple_protein_chains_2
1466,9HY9,2025-12-24,Crystal structure of an allosteric inhibitor bound to human RIPK1 kinase domain,2.29,0.2751,1,2,A;B,,A1IX9;IOD;PEG;HOH,1,A1IX9,A1IX9,~{N}-[(1~{S})-1-(2-chloranyl-6-fluoranyl-phenyl)ethyl]-4-fluoranyl-1-[2-fluoranyl-5-(1-methylpyrazol-4-yl)phenyl]carbonyl-piperidine-4-carboxamide,C25 H24 Cl F3 N4 O2,504.932,35,,,,IOD;PEG;HOH,RESERVE,multiple_protein_chains_2
1467,9JH2,2025-12-24,Crystal Structure of NFIA in Complex with DNA containing the TGGCA Motif,2.3,0.2832,1,1,A,,ZN;HOH,0,,,,,,,,,ZN,HOH,EXCLUDE,no_druglike_organic_ligand;metal_present
1468,9L5Q,2025-12-24,Crystal structure of PI5P4Kalpha N251S in apo form,2.5,0.2362,1,1,A,,BO3;HOH,0,,,,,,,,,,BO3:no_carbon;HOH,EXCLUDE,no_druglike_organic_ligand
1469,9L61,2025-12-24,Crystal Structure of BRD2 BD2 domain in complex with small molecule inhibitor Mivebresib ABBV-075,2.4,0.3038,1,2,A;B,,8NG;HOH,1,8NG,8NG,"N-[4-(2,4-difluorophenoxy)-3-(6-methyl-7-oxo-6,7-dihydro-1H-pyrrolo[2,3-c]pyridin-4-yl)phenyl]ethanesulfonamide",C22 H19 F2 N3 O4 S,459.466,32,,,,HOH,RESERVE,r_free_above_0.28;multiple_protein_chains_2
1470,9L6M,2025-12-24,Crystal Structure of BRD2 BD1 domain in complex with small molecule inhibitor Isoxazole azepine compound.,1.78,0.24845,1,3,A;B;C,,1XB;HOH,1,1XB,1XB,"2-[(6S)-4-(4-chlorophenyl)-2,3,9-trimethyl-6H-[1,2]oxazolo[5,4-c]thieno[2,3-e]azepin-6-yl]acetamide",C20 H18 Cl N3 O2 S,399.894,27,,,,HOH,RESERVE,multiple_protein_chains_3
1471,9MB3,2025-12-24,Crystal structure of YTHDC1 in complex with YL-5092,1.6,0.2256,1,2,A;B,,ND0;SO4;TRS;HOH,1,ND0,ND0,"N-[4-(1,3-thiazol-5-yl)phenyl]-4-[2-(trifluoromethyl)phenyl]carbonyl-1H-pyrrole-2-carboxamide",C22 H14 F3 N3 O2 S,441.426,31,,,,SO4;TRS;HOH,RESERVE,multiple_protein_chains_2
1472,9QWB,2025-12-24,X-ray structure of furin (PCSK3) in complex with the biphenyl-derived compound 26 (mi2456),1.6,0.1576,1,1,A,,A1JA6;CA;NA;CL;DMS;NAG;HOH,1,A1JA6,A1JA6,"~{N}-[[1-[[3-[3,5-bis(chloranyl)phenyl]-5-[[4-(1-methylpiperidin-4-yl)piperazin-1-yl]methyl]phenyl]methyl]piperidin-4-yl]methyl]ethanamide",C32 H45 Cl2 N5 O,586.639,40,ASN;NAG,,CA;NA,CL;DMS;NAG;HOH,RESERVE,metal_present
1473,9QWC,2025-12-24,X-ray structure of furin (PCSK3) in complex with the biphenyl-derived compound 42 (mi2464),1.5,0.1479,1,1,A,,CA;NA;CL;DMS;NAG;A1JA1;HOH,1,A1JA1,A1JA1,"~{N}-[[1-[[3-[[4-[1-(2-azanylethanoyl)piperidin-4-yl]piperidin-1-yl]methyl]-5-[3,5-bis(chloranyl)phenyl]phenyl]methyl]piperidin-4-yl]methyl]ethanamide",C34 H47 Cl2 N5 O2,628.675,43,ASN;NAG,,CA;NA,CL;DMS;NAG;HOH,RESERVE,metal_present
1474,9QWD,2025-12-24,X-ray structure of furin (PCSK3) in complex with the biphenyl-derived compound 34 (mi2470),1.6,0.1608,1,1,A,,CA;NA;CL;DMS;NAG;A1JA2;HOH,1,A1JA2,A1JA2,"1-[[3-[3,5-bis(chloranyl)phenyl]-5-[(4-pyridin-4-ylpiperazin-1-yl)methyl]phenyl]methyl]-4-pyridin-4-yl-piperazine",C32 H34 Cl2 N6,573.559,40,ASN;NAG,,CA;NA,CL;DMS;NAG;HOH,RESERVE,metal_present
1475,9QWE,2025-12-24,X-ray structure of furin (PCSK3) in complex with the biphenyl-derived compound 27 (mi2471),1.6,0.1854,1,1,A,,A1JA3;CA;NA;CL;DMS;NAG;HOH,1,A1JA3,A1JA3,"~{N}-[[1-[[3-[3,5-bis(chloranyl)phenyl]-5-[(4-pyridin-4-ylpiperazin-1-yl)methyl]phenyl]methyl]piperidin-4-yl]methyl]ethanamide",C31 H37 Cl2 N5 O,566.564,39,ASN;NAG,,CA;NA,CL;DMS;NAG;HOH,RESERVE,metal_present
1476,9QWF,2025-12-24,X-ray structure of furin (PCSK3) in complex with the biphenyl-derived compound 13 (mi3102),1.65,0.1681,1,1,A,,CA;NA;CL;DMS;NAG;A1JA5;HOH,1,A1JA5,A1JA5,"~{N}-[[1-[[3-[3,5-bis(chloranyl)phenyl]-5-[(4-piperidin-4-ylpiperidin-1-yl)methyl]phenyl]methyl]piperidin-4-yl]methyl]-2,2,2-tris(fluoranyl)ethanamide",C32 H41 Cl2 F3 N4 O,625.595,42,ASN;NAG,,CA;NA,CL;DMS;NAG;HOH,RESERVE,metal_present
1477,9QWG,2025-12-24,X-ray structure of furin (PCSK3) in complex with the biphenyl-derived compound 24 (mi3140),1.6,0.1833,1,1,A,,A1JA4;CA;NA;CL;DMS;NAG;HOH,1,A1JA4,A1JA4,"methyl 2-[1-[[3-[3,5-bis(chloranyl)phenyl]-5-[[4-(2-methoxy-2-oxidanylidene-ethyl)piperidin-1-yl]methyl]phenyl]methyl]piperidin-4-yl]ethanoate",C30 H38 Cl2 N2 O4,561.54,38,ASN;NAG,,CA;NA,CL;DMS;NAG;HOH,RESERVE,metal_present
1478,9RPO,2025-12-24,Crystal structure of DNPH1 bound by compound 3,2.019,0.2732,1,2,A;B,,A1JH5;HOH,1,A1JH5,A1JH5,"1-[4-[[(2~{E})-2-(4-chloranylcyclohexa-2,4-dien-1-ylidene)-1,3-dihydroimidazol-4-yl]carbonyl]piperazin-1-yl]-2,2-dimethyl-propan-1-one",C19 H25 Cl N4 O2,376.88,26,,,,HOH,RESERVE,multiple_protein_chains_2
1479,9S0O,2025-12-24,Crystal structure of DNPH1 bound by compound 6,1.514,0.2441,1,2,A;B,,A1JKT;EDO;HOH,1,A1JKT,A1JKT,"2-[[2-[methyl-[2-(4-phenylphenyl)ethyl]amino]-1,3-thiazol-4-yl]methyl]-3,4-dihydro-1~{H}-isoquinoline-7-carboxylic acid",C29 H29 N3 O2 S,483.624,35,,,,EDO;HOH,RESERVE,multiple_protein_chains_2
1480,9S1N,2025-12-24,Crystal structure of DNPH1 bound by compound 19,1.503,0.2289,1,1,A,,A1JKZ;HOH,1,A1JKZ,A1JKZ,"2-[[3-(7-bromanyl-1,2,4,5-tetrahydro-3-benzazepin-3-yl)-1,2,4-oxadiazol-5-yl]methyl]-3,4-dihydro-1~{H}-isoquinoline-7-carboxylic acid",C23 H23 Br N4 O3,483.358,31,,,,HOH,INCLUDE,
1481,9S1O,2025-12-24,Crystal structure of DNPH1 bound by compound 18,1.768,0.2584,1,2,A;B,,CL;A1JK6;HOH,1,A1JK6,A1JK6,"2-[[2-[(1~{R},5~{S})-7-phenyl-3,7-diazabicyclo[3.3.1]nonan-3-yl]-1,3-thiazol-4-yl]methyl]-3,4-dihydro-1~{H}-isoquinoline-7-carboxylic acid",C27 H30 N4 O2 S,474.618,34,,,,CL;HOH,RESERVE,multiple_protein_chains_2
1482,9V84,2025-12-24,Crystal structure of complex Hit-1 with YTHDC1,2.4,0.2671,1,8,A;B;C;D;E;F;G;H,,9N8;SO4;HOH,1,9N8,9N8,4-(2-bromanyl-6-fluoranyl-phenyl)carbonyl-~{N}-pyridin-3-yl-1~{H}-pyrrole-2-carboxamide,C17 H11 Br F N3 O2,388.191,24,,,,SO4;HOH,RESERVE,multiple_protein_chains_8
1483,9XV1,2025-12-24,"Crystal Structure of Fructose-1,6-bisphosphatase Complexed with a Covalent Inhibitor",1.96,0.213,1,4,A;B;C;D,,A1E1G;HOH,1,A1E1G,A1E1G,2-bromanyl-~{N}-[2-[4-[(3-phenylphenyl)carbamoylsulfamoyl]phenyl]ethyl]ethanamide,C23 H22 Br N3 O4 S,516.407,32,A1E1G;CYS,,,HOH,EXCLUDE,candidate_may_be_covalent;multiple_protein_chains_4
1484,9XVQ,2025-12-24,Crystal structure of the NFIA-N0 DNA complex,1.76,0.222,1,1,A,,ZN;HOH,0,,,,,,,,,ZN,HOH,EXCLUDE,no_druglike_organic_ligand;metal_present
1485,9Y6C,2025-12-24,X-ray structure analysis of human Complement Component 5 TE domain in complex with the peptide Ra30303,2.0,0.25289,2,2,A;B,,GOL;8VH;HOH,0,,,,,,,8VH;A1CTT;ACE;ASP;CYS;GLU;NH2;NVA;PRO;TBG;TRN;TYR,,,GOL;8VH:heavy_atoms_8;HOH,EXCLUDE,no_druglike_organic_ligand;multiple_protein_chains_2
1486,9YZZ,2025-12-24,Crystal structure of Trastuzumab Fab conjugated to Linker-Payload,2.42,0.2887,2,2,H;L,,CO;A1CZS,1,A1CZS,A1CZS,"N-({[4-({N-[3-(2,5-dioxopyrrolidin-1-yl)propanoyl]-L-alanyl-L-alanyl}amino)phenyl]methoxy}carbonyl)-N-methyl-L-valyl-N-[(3R,4S,5S)-1-{(2S)-2-[(1R,2R)-3-{[(1S,2R)-1-hydroxy-1-phenylpropan-2-yl]amino}-1-methoxy-2-methyl-3-oxopropyl]pyrrolidin-1-yl}-3-methoxy-5-methyl-1-oxoheptan-4-yl]-N-methyl-L-valinamide",C60 H91 N9 O14,1162.416,83,A1CZS;CYS,,CO,,EXCLUDE,candidate_may_be_covalent;multiple_protein_chains_2;metal_present
1487,9Z0F,2025-12-24,Crystal structure of Trastuzumab Fc conjugated to Linker-Payload,2.46,0.272,2,2,A;B,,A1CZS;HOH,1,A1CZS,A1CZS,"N-({[4-({N-[3-(2,5-dioxopyrrolidin-1-yl)propanoyl]-L-alanyl-L-alanyl}amino)phenyl]methoxy}carbonyl)-N-methyl-L-valyl-N-[(3R,4S,5S)-1-{(2S)-2-[(1R,2R)-3-{[(1S,2R)-1-hydroxy-1-phenylpropan-2-yl]amino}-1-methoxy-2-methyl-3-oxopropyl]pyrrolidin-1-yl}-3-methoxy-5-methyl-1-oxoheptan-4-yl]-N-methyl-L-valinamide",C60 H91 N9 O14,1162.416,83,A1CZS;ASN;BMA;CYS;FUC;MAN;NAG,,,HOH,EXCLUDE,candidate_may_be_covalent;multiple_protein_chains_2
1488,9ZJQ,2025-12-24,Human KLK3 following acylation by CDD-3290,2.2,0.23168,1,1,A,,A1C2U;EDO;HOH,1,A1C2U,A1C2U,"1H-1,3-benzimidazole-5-carbaldehyde",C8 H6 N2 O,146.146,11,A1C2U;SER,,,EDO;HOH,EXCLUDE,candidate_may_be_covalent
1489,9KZN,2025-12-17,Crystal structure of Tom1 in complex with Tollip,1.35,0.1869,1,1,A,,GOL;HOH,0,,,,,,,,,,GOL;HOH,EXCLUDE,no_druglike_organic_ligand
1490,9NXE,2025-12-17,Crystal Structure of Calcineurin Clinical Variant E282K,2.09,0.2431,3,3,A;B;C,,PEG;FE;ZN;CA;HOH,0,,,,,,,,,FE;ZN;CA,PEG;HOH,EXCLUDE,no_druglike_organic_ligand;multiple_protein_chains_3;metal_present
1491,9NXN,2025-12-17,Crystal structure of CN:RII alpha,2.1,0.25,3,3,A;B;C,,CA;HOH,0,,,,,,,,,CA,HOH,EXCLUDE,no_druglike_organic_ligand;multiple_protein_chains_3;metal_present
1492,9PE7,2025-12-17,CDK6 to CDK4 active site surrogate in complex with compound 6,2.05,0.2672,1,1,A,,A1CIF;HOH,1,A1CIF,A1CIF,"(3R,4R)-4-({(4M)-5-fluoro-4-[4-fluoro-2-methyl-1-(propan-2-yl)-1H-1,3-benzimidazol-6-yl]pyrimidin-2-yl}amino)-1-(methanesulfonyl)piperidin-3-ol",C21 H26 F2 N6 O3 S,480.531,33,,,,HOH,INCLUDE,
1493,9PE8,2025-12-17,CDK6 to CDK4 active site surrogate in complex with PF-07220060,1.8,0.2524,1,1,A,,A1AZ4;HOH,1,A1AZ4,A1AZ4,Atirmociclib,C22 H27 Cl F N5 O3,463.933,32,,,,HOH,INCLUDE,
1494,9PE9,2025-12-17,GSK3beta in complex with compound 6,2.11,0.2473,1,2,A;B,,A1CIF;HOH,1,A1CIF,A1CIF,"(3R,4R)-4-({(4M)-5-fluoro-4-[4-fluoro-2-methyl-1-(propan-2-yl)-1H-1,3-benzimidazol-6-yl]pyrimidin-2-yl}amino)-1-(methanesulfonyl)piperidin-3-ol",C21 H26 F2 N6 O3 S,480.531,33,ILE;PTR;SER,,,HOH,RESERVE,multiple_protein_chains_2
1495,9QXZ,2025-12-17,Structure of human NONO bound to (R)-SKBG-1 in p212121,2.5,0.2533,1,6,A;B;C;D;E;F,,A1JB9;HOH,1,A1JB9,A1JB9,4-(2-chloranylethanoyl)-~{N}-[(4-methoxyphenyl)methyl]-1-(4-methoxyphenyl)sulfonyl-piperazine-2-carboxamide,C22 H26 Cl N3 O6 S,495.976,33,A1JB9;CYS,,,HOH,EXCLUDE,candidate_may_be_covalent;multiple_protein_chains_6
1496,9SEB,2025-12-17,Crystal Structure of human exonuclease 1 (Exo1) with DNA and compound 20,1.9,0.2745,1,1,Z,,MG;NA;A1JNC;FMT;HOH,1,A1JNC,A1JNC,"1-(5-chloranyl-3-methyl-pyridin-2-yl)-5-oxidanyl-3-[(1~{S})-1-phenylethyl]-2~{H}-pyrido[2,1-f][1,2,4]triazine-4,6-dione",C21 H19 Cl N4 O3,410.854,29,DA;DC;DG;GS;SC,,MG;NA,FMT;HOH,RESERVE,metal_present
1497,9SMO,2025-12-17,Crystal Structure of human exonuclease 1 (Exo1) with DNA and compound ART5537,2.199,0.2706,1,1,A,,MG;A1JO0;NA;HOH,1,A1JO0,A1JO0,"1-(4-chloranyl-2,7-naphthyridin-1-yl)-5-oxidanyl-3-[(1~{S})-1-phenylethyl]-2~{H}-pyrido[2,1-f][1,2,4]triazine-4,6-dione",C23 H18 Cl N5 O3,447.874,32,DA;DC;DG;GS;SC,,MG;NA,HOH,RESERVE,metal_present
1498,9SQI,2025-12-17,Crystal structure of IL-17A in complex with compound 21,1.48,0.2261,1,4,A;B;C;D,,A1JPQ;SO4;HOH,1,A1JPQ,A1JPQ,"~{N}-[(~{S})-[3-[[(6~{R})-3-bromanyl-5,6,7,8-tetrahydroimidazo[1,2-a]pyridin-6-yl]methyl]-1~{H}-1,2,4-triazol-5-yl]-cyclohexyl-methyl]-4-methyl-1,2,5-oxadiazole-3-carboxamide",C21 H27 Br N8 O2,503.395,32,,,,SO4;HOH,RESERVE,multiple_protein_chains_4
1499,9SQX,2025-12-17,Crystal structure of IL-17A in complex with compound 19,1.413,0.2267,1,4,A;B;C;D,,A1JPS;SO4;HOH,1,A1JPS,A1JPS,"~{N}-[(~{S})-cyclohexyl-[3-[(4-oxidanylidene-3~{H}-phthalazin-1-yl)methyl]-1~{H}-1,2,4-triazol-5-yl]methyl]-4-methyl-1,2,5-oxadiazole-3-carboxamide",C22 H24 N8 O3,448.478,33,,,,SO4;HOH,RESERVE,multiple_protein_chains_4
1500,9T2F,2025-12-17,Crystal structure of human PRKCBP1 Zinc finger MYND-type containing 8 with pentaglutamate tag,1.68,0.2361,1,1,A,,EDO;ZN;HOH,0,,,,,,,,,ZN,EDO;HOH,EXCLUDE,no_druglike_organic_ligand;metal_present
1501,9T5S,2025-12-17,Crystal structure of human PPARalpha in complex with co-activator PGC-1 alpha peptide and bempedoic acid,1.74,0.2113,2,4,A;B;C;D,,A1JTY;HOH,1,A1JTY,A1JTY,Bempedoic acid,C19 H36 O5,344.486,24,,,,HOH,RESERVE,multiple_protein_chains_4
1502,9UZT,2025-12-17,Crystal structure of human PTPN2 with inhibitor K-38,2.17,0.2126,1,1,B,,A1EQR;HOH,1,A1EQR,A1EQR,"~{N}-cycloheptyl-4-[3-fluoranyl-5-oxidanyl-4-[1,1,4-tris(oxidanylidene)-1,2,5-thiadiazolidin-2-yl]phenyl]-1~{H}-imidazole-2-carboxamide",C19 H22 F N5 O5 S,451.472,31,,,,HOH,INCLUDE,
1503,9VRR,2025-12-17,Crystal structure of human PTPN2 with inhibitor WS3,1.95,0.2219,1,2,A;B,,A1ETL;HOH,1,A1ETL,A1ETL,"5-[2-fluoranyl-4-[1-(3-methylbutyl)azetidin-3-yl]-6-oxidanyl-phenyl]-1,1-bis(oxidanylidene)-1,2,5-thiadiazolidin-3-one",C16 H22 F N3 O4 S,371.427,25,,,,HOH,RESERVE,multiple_protein_chains_2
1504,9VRS,2025-12-17,Crystal structure of human PTPN2 with inhibitor WS19,2.0,0.2168,1,2,A;B,,A1ETK;HOH,1,A1ETK,A1ETK,"5-[2-fluoranyl-6-oxidanyl-4-(4,5,6,7-tetrahydropyrazolo[1,5-a]pyridin-3-yl)phenyl]-1,1-bis(oxidanylidene)-1,2,5-thiadiazolidin-3-one",C15 H15 F N4 O4 S,366.367,25,,,,HOH,RESERVE,multiple_protein_chains_2
1505,9ZB7,2025-12-17,A DARPin fused to the 1TEL crystallization chaperone via a direct helical fusion,1.24,0.1702,1,1,A,,AKG;NH4;GOL;EOH;K;CL;PO4;HOH,1,AKG,AKG,2-OXOGLUTARIC ACID,C5 H6 O5,146.098,10,,,K,NH4:no_carbon;GOL;EOH;CL;PO4;HOH,RESERVE,metal_present
1506,13RZ,2025-12-10,PanDDA analysis group deposition -- IDOL RING domain in complex with Z1118527729,1.66,0.2287,1,4,A;B;C;D,,ZN;A1CX8;DMS;HOH,1,A1CX8,A1CX8,"2-{[(1R,2R)-2-methylcyclopentyl]amino}ethan-1-ol",C8 H17 N O,143.227,10,,,ZN,DMS;HOH,RESERVE,multiple_protein_chains_4;metal_present
1507,13SA,2025-12-10,PanDDA analysis group deposition -- IDOL RING domain in complex with Z1251361039,1.569,0.2341,1,4,A;B;C;D,,ZN;ACT;A1CYA;DMS;HOH,1,A1CYA,A1CYA,(2R)-2-hydroxy-N-[(Z)-(pyridin-2-yl)methylidene]propanamide,C9 H10 N2 O2,178.188,13,,,ZN,ACT;DMS;HOH,RESERVE,multiple_protein_chains_4;metal_present
1508,13SB,2025-12-10,PanDDA analysis group deposition -- IDOL RING domain in complex with Z1456069604,1.48,0.2176,1,4,A;B;C;D,,ZN;KF8;DMS;HOH,1,KF8,KF8,N-[(3S)-piperidin-3-yl]benzamide,C12 H16 N2 O,204.268,15,,,ZN,DMS;HOH,RESERVE,multiple_protein_chains_4;metal_present
1509,13SC,2025-12-10,PanDDA analysis group deposition -- IDOL RING domain in complex with Z1491353358,1.475,0.2089,1,4,A;B;C;D,,ZN;WNM;HOH,1,WNM,WNM,(3S)-1-(phenylsulfonyl)pyrrolidin-3-amine,C10 H14 N2 O2 S,226.295,15,,,ZN,HOH,RESERVE,multiple_protein_chains_4;metal_present
1510,13SD,2025-12-10,PanDDA analysis group deposition -- IDOL RING domain in complex with Z1516316257,1.52,0.1924,1,4,A;B;C;D,,ZN;A1CYB;HOH,1,A1CYB,A1CYB,"3-ethyl-5-methyl-4-[(3-methyl-1H-pyrazol-1-yl)methyl]-1,2-oxazole",C11 H15 N3 O,205.256,15,,,ZN,HOH,RESERVE,multiple_protein_chains_4;metal_present
1511,13SE,2025-12-10,PanDDA analysis group deposition -- IDOL RING domain in complex with Z1587220559,1.44,0.1978,1,4,A;B;C;D,,ZN;T1J;HOH,1,T1J,T1J,2-{[(1H-benzimidazol-2-yl)amino]methyl}phenol,C14 H13 N3 O,239.273,18,,,ZN,HOH,RESERVE,multiple_protein_chains_4;metal_present
1512,13SF,2025-12-10,PanDDA analysis group deposition -- IDOL RING domain in complex with Z1685106505,1.708,0.2652,1,4,A;B;C;D,,ZN;TQC;HOH,1,TQC,TQC,"(3M)-5-cyclobutyl-3-(1-methyl-1H-imidazol-2-yl)-1,2,4-oxadiazole",C10 H12 N4 O,204.228,15,,,ZN,HOH,RESERVE,multiple_protein_chains_4;metal_present
1513,13SG,2025-12-10,PanDDA analysis group deposition -- IDOL RING domain in complex with Z1891773476,1.725,0.239,1,4,A;B;C;D,,ZN;DMS;A1BNE;HOH,1,A1BNE,A1BNE,"1-[(2R)-2,3-dihydro-1,4-benzodioxin-2-yl]-N-methylmethanamine",C10 H13 N O2,179.216,13,,,ZN,DMS;HOH,RESERVE,multiple_protein_chains_4;metal_present
1514,13SH,2025-12-10,PanDDA analysis group deposition -- IDOL RING domain in complex with Z234898049,1.6,0.2325,1,4,A;B;C;D,,ZN;A1CYF;HOH,1,A1CYF,A1CYF,"3-(5-methyl-1,2,4-oxadiazol-3-yl)aniline",C9 H9 N3 O,175.187,13,,,ZN,HOH,RESERVE,multiple_protein_chains_4;metal_present
1515,13SI,2025-12-10,PanDDA analysis group deposition -- IDOL RING domain in complex with Z2574937229,1.54,0.2113,1,4,A;B;C;D,,ZN;WJG;DMS;HOH,1,WJG,WJG,(S)-1-(4-methoxyphenyl)-1-phenylmethanamine,C14 H15 N O,213.275,16,,,ZN,DMS;HOH,RESERVE,multiple_protein_chains_4;metal_present
1516,13SJ,2025-12-10,PanDDA analysis group deposition -- IDOL RING domain in complex with Z2643472210,1.47,0.2043,1,4,A;B;C;D,,ZN;JGY;HOH,1,JGY,JGY,1-methyl-N-{[(2S)-oxolan-2-yl]methyl}-1H-pyrazole-3-carboxamide,C10 H15 N3 O2,209.245,15,,,ZN,HOH,RESERVE,multiple_protein_chains_4;metal_present
1517,13SK,2025-12-10,PanDDA analysis group deposition -- IDOL RING domain in complex with Z2692078340,1.536,0.2296,1,4,A;B;C;D,,ZN;W1Y;DMS;HOH,1,W1Y,W1Y,N-methyl-1-(1-phenyl-1H-pyrazol-4-yl)methanamine,C11 H13 N3,187.241,14,,,ZN,DMS;HOH,RESERVE,multiple_protein_chains_4;metal_present
1518,13SL,2025-12-10,PanDDA analysis group deposition -- IDOL RING domain in complex with Z275151340,1.339,0.2136,1,4,A;B;C;D,,ZN;JHP;HOH,1,JHP,JHP,4-chloro-N-cyclopentyl-1-methyl-1H-pyrazole-3-carboxamide,C10 H14 Cl N3 O,227.691,15,,,ZN,HOH,RESERVE,multiple_protein_chains_4;metal_present
1519,13SM,2025-12-10,PanDDA analysis group deposition -- IDOL RING domain in complex with Z275179946,1.4,0.2054,1,4,A;B;C;D,,ZN;GW1;HOH,1,GW1,GW1,(4-chloranyl-2-methyl-pyrazol-3-yl)-piperidin-1-yl-methanone,C10 H14 Cl N3 O,227.691,15,,,ZN,HOH,RESERVE,multiple_protein_chains_4;metal_present
1520,13SN,2025-12-10,PanDDA analysis group deposition -- IDOL RING domain in complex with Z2757439080,1.44,0.2037,1,4,A;B;C;D,,ZN;Q7L;HOH,1,Q7L,Q7L,"(3P)-3-(2H-1,3-benzodioxol-5-yl)-1H-pyrazole",C10 H8 N2 O2,188.183,14,,,ZN,HOH,RESERVE,multiple_protein_chains_4;metal_present
1521,13SO,2025-12-10,PanDDA analysis group deposition -- IDOL RING domain in complex with Z285233820,1.615,0.226,1,4,A;B;C;D,,ZN;KB3;DMS;HOH,1,KB3,KB3,"(5M)-5-(2-methoxyphenyl)-1,3,4-oxadiazol-2-amine",C9 H9 N3 O2,191.187,14,,,ZN,DMS;HOH,RESERVE,multiple_protein_chains_4;metal_present
1522,13SP,2025-12-10,PanDDA analysis group deposition -- IDOL RING domain in complex with Z364577298,1.69,0.2612,1,4,A;B;C;D,,ZN;A1CYC;HOH,1,A1CYC,A1CYC,1-[(3S)-3-methylmorpholin-4-yl]-2-[3-(trifluoromethyl)-1H-pyrazol-1-yl]ethan-1-one,C11 H14 F3 N3 O2,277.243,19,,,ZN,HOH,RESERVE,multiple_protein_chains_4;metal_present
1523,13SQ,2025-12-10,PanDDA analysis group deposition -- IDOL RING domain in complex with Z369936976,1.301,0.2002,1,4,A;B;C;D,,ZN;U0P;DMS;HOH,1,U0P,U0P,"N'-cyclopropyl-N-methyl-N-[(5-methyl-1,2-oxazol-3-yl)methyl]urea",C10 H15 N3 O2,209.245,15,,,ZN,DMS;HOH,RESERVE,multiple_protein_chains_4;metal_present
1524,13SR,2025-12-10,PanDDA analysis group deposition -- IDOL RING domain in complex with Z48852953,1.65,0.2302,1,4,A;B;C;D,,ZN;A1CYD;DMS;HOH,1,A1CYD,A1CYD,"4-methyl-N-{[(2S)-oxolan-2-yl]methyl}-1,3-thiazol-2-amine",C9 H14 N2 O S,198.285,13,,,ZN,DMS;HOH,RESERVE,multiple_protein_chains_4;metal_present
1525,13SS,2025-12-10,PanDDA analysis group deposition -- IDOL RING domain in complex with Z57475877,1.689,0.234,1,4,A;B;C;D,,ZN;S7S;DMS;HOH,1,S7S,S7S,"~{N}-(2-ethyl-1,2,3,4-tetrazol-5-yl)butanamide",C7 H13 N5 O,183.211,13,,,ZN,DMS;HOH,RESERVE,multiple_protein_chains_4;metal_present
1526,13ST,2025-12-10,PanDDA analysis group deposition -- IDOL RING domain in complex with Z608065044,1.37,0.2002,1,4,A;B;C;D,,ZN;DMS;A1H9V;HOH,1,A1H9V,A1H9V,"~{N},~{N}-dimethyl-1~{H}-pyrazole-4-sulfonamide",C5 H9 N3 O2 S,175.209,11,,,ZN,DMS;HOH,RESERVE,multiple_protein_chains_4;metal_present
1527,13SU,2025-12-10,PanDDA analysis group deposition -- IDOL RING domain in complex with Z68404778,1.502,0.2005,1,4,A;B;C;D,,ZN;B1A;DMS;HOH,1,B1A,B1A,~{N}-(4-phenylazanylphenyl)ethanamide,C14 H14 N2 O,226.274,17,,,ZN,DMS;HOH,RESERVE,multiple_protein_chains_4;metal_present
1528,13SV,2025-12-10,PanDDA analysis group deposition -- IDOL RING domain in complex with Z954606858,1.68,0.2329,1,4,A;B;C;D,,ZN;VW4;DMS;HOH,1,VW4,VW4,(2S)-2-phenylpropane-1-sulfonamide,C9 H13 N O2 S,199.27,13,,,ZN,DMS;HOH,RESERVE,multiple_protein_chains_4;metal_present
1529,13SW,2025-12-10,PanDDA analysis group deposition -- IDOL RING domain in complex with POB0087,1.371,0.2134,1,4,A;B;C;D,,ZN;A1AJM;HOH,1,A1AJM,A1AJM,(3S)-3-(4-fluorophenyl)piperidine-3-carboxamide,C12 H15 F N2 O,222.259,16,,,ZN,HOH,RESERVE,multiple_protein_chains_4;metal_present
1530,13SX,2025-12-10,PanDDA analysis group deposition -- IDOL RING domain in complex with POB0134,1.36,0.1986,1,4,A;B;C;D,,ZN;A1CYE;HOH,1,A1CYE,A1CYE,"methyl (3R,4R)-4-(3-methoxyphenyl)oxane-3-carboxylate",C14 H18 O4,250.29,18,,,ZN,HOH,RESERVE,multiple_protein_chains_4;metal_present
1531,13SY,2025-12-10,PanDDA analysis group deposition -- IDOL RING domain in complex with POB0041,1.291,0.2027,1,4,A;B;C;D,,ZN;W2J;HOH,0,,,,,,,,,ZN,W2J:heavy_atoms_9;HOH,EXCLUDE,no_druglike_organic_ligand;multiple_protein_chains_4;metal_present
1532,13SZ,2025-12-10,PanDDA analysis group deposition -- IDOL RING domain in complex with NCL-00023835,1.49,0.2144,1,4,A;B;C;D,,ZN;A1H6Y;DMS;HOH,1,A1H6Y,A1H6Y,1-bromanyl-4-methylsulfonyl-benzene,C7 H7 Br O2 S,235.098,11,,,ZN,DMS;HOH,RESERVE,multiple_protein_chains_4;metal_present
1533,13TA,2025-12-10,PanDDA analysis group deposition -- IDOL RING domain in complex with Z1741976468,1.509,0.2218,1,4,A;B;C;D,,ZN;XJV;HOH,0,,,,,,,,,ZN,XJV:heavy_atoms_6;HOH,EXCLUDE,no_druglike_organic_ligand;multiple_protein_chains_4;metal_present
1534,13TB,2025-12-10,PanDDA analysis group deposition -- IDOL RING domain in complex with Z2301685688,1.55,0.2176,1,4,A;B;C;D,,ZN;W3M;HOH,0,,,,,,,,,ZN,W3M:heavy_atoms_7;HOH,EXCLUDE,no_druglike_organic_ligand;multiple_protein_chains_4;metal_present
1535,9CHY,2025-12-10,Crystal structure of the human MESH1 (D66K)-PAPS complex,1.9,0.2213,1,2,A;B,,ZN;PPS;EDO;ACY;HOH,1,PPS,PPS,3'-PHOSPHATE-ADENOSINE-5'-PHOSPHATE SULFATE,C10 H15 N5 O13 P2 S,507.264,31,,,ZN,EDO;ACY;HOH,RESERVE,multiple_protein_chains_2;metal_present
1536,9EKP,2025-12-10,Crystal structure of WDR55 in complex with XS381774,1.95,0.20584,1,2,A;B,,GOL;A1BI5;EDO;HOH,1,A1BI5,A1BI5,"(7P,8S)-7-[(2S)-2-methyl-2,3-dihydro-1-benzofuran-5-yl][1,2,4]triazolo[1,5-a]pyrimidine",C14 H12 N4 O,252.271,19,,,,GOL;EDO;HOH,RESERVE,multiple_protein_chains_2
1537,9EL6,2025-12-10,Crystal Structure of the Kv7.1 C-terminal Domain in Complex with Calmodulin disease mutation F90L,2.25,0.3015,2,4,A;C;D;E,,CA;HOH,0,,,,,,,,,CA,HOH,EXCLUDE,no_druglike_organic_ligand;multiple_protein_chains_4;metal_present
1538,9GLU,2025-12-10,Crystal structure of KRasG12D-GDP in complex with the peptide MPB1,1.9,0.2148,2,4,A;B;C;D,,MG;GDP;HOH,0,,,,,,,ACE;CYS;GLY;NH2;PHE,GDP,MG,HOH,EXCLUDE,no_druglike_organic_ligand;multiple_protein_chains_4;cofactor_present;metal_present
1539,9GLW,2025-12-10,NRas-Q61R-GTP in complex with the peptide MPB2,2.1,0.2348,2,2,A;B,,MG;GTP;HOH,0,,,,,,,CCS;GLY;NH2;PHE;VAL,GTP,MG,HOH,EXCLUDE,no_druglike_organic_ligand;multiple_protein_chains_2;cofactor_present;metal_present
1540,9GLX,2025-12-10,NRas-Q61R-GTP in complex with the peptide MPB3,1.85,0.2212,2,16,A;B;C;D;E;F;G;K;N;Q;R;S;T;U;V;W,,MG;GTP;HOH,0,,,,,,,ASP;CCS;GLY;NH2;PHE,GTP,MG,HOH,EXCLUDE,no_druglike_organic_ligand;multiple_protein_chains_16;cofactor_present;metal_present
1541,9GLZ,2025-12-10,KRas-G12D-GMPPnP in complex with the nanobody KM12-AM,2.1,0.2773,2,4,A;B;C;D,,MG;GNP;HOH,1,GNP,GNP,PHOSPHOAMINOPHOSPHONIC ACID-GUANYLATE ESTER,C10 H17 N6 O13 P3,522.196,32,,,MG,HOH,RESERVE,multiple_protein_chains_4;metal_present
1542,9HJ9,2025-12-10,H1-H3 chimeric hemagglutinin,2.06,0.2102,3,3,B;C;D,,NAG;NA;PEG;EDO;GOL;HOH,0,,,,,,,ASN;NAG,,NA,NAG;PEG;EDO;GOL;HOH,EXCLUDE,no_druglike_organic_ligand;multiple_protein_chains_3;metal_present
1543,9HJN,2025-12-10,Structure of UDP-Galactose-4-epimerase (GalE) bound to fragment from Diamond XChem experiment.,1.651,0.2188,1,2,A;B,,NAD;JGA;MLI;PGE;EDO;CL;HOH,1,JGA,JGA,"N-ethyl-N'-(5-methyl-1,2-oxazol-3-yl)urea",C7 H11 N3 O2,169.181,12,,NAD,,MLI:heavy_atoms_7;PGE;EDO;CL;HOH,RESERVE,multiple_protein_chains_2;cofactor_present
1544,9I3Y,2025-12-10,CRYSTAL STRUCTURE OF HUMAN MONOACYLGLYCEROL LIPASE WITH COMPOUND 17,1.45,0.2131,1,1,A,,A1IZ6;EDO;HOH,1,A1IZ6,A1IZ6,"2-[4-[(2-pyridin-3-yl-1,3-benzoxazol-6-yl)carbonyl]piperazin-1-yl]-3~{H}-quinazolin-4-one",C25 H20 N6 O3,452.465,34,,,,EDO;HOH,INCLUDE,
1545,9I56,2025-12-10,CRYSTAL STRUCTURE OF HUMAN MONOACYLGLYCEROL LIPASE WITH COMPOUND 23,1.49,0.228,1,1,A,,EDO;A1IZY;HOH,1,A1IZY,A1IZY,"[4-(5-chloranyl-[1,3]oxazolo[4,5-b]pyridin-2-yl)piperazin-1-yl]-[2-(4-cyclopentylpyridin-3-yl)-1,3-benzoxazol-6-yl]methanone",C28 H25 Cl N6 O3,528.989,38,,,,EDO;HOH,INCLUDE,
1546,9I5J,2025-12-10,CRYSTAL STRUCTURE OF HUMAN MONOACYLGLYCEROL LIPASE WITH COMPOUND 27,1.48,0.2057,1,1,A,,EDO;A1IZ4;HOH,1,A1IZ4,A1IZ4,"[4-(5-chloranyl-[1,3]oxazolo[4,5-b]pyridin-2-yl)piperazin-1-yl]-[2-[4-(1-cyclobutylcyclopropyl)pyridin-3-yl]-1,3-benzoxazol-6-yl]methanone",C30 H27 Cl N6 O3,555.027,40,,,,EDO;HOH,INCLUDE,
1547,9I9C,2025-12-10,CRYSTAL STRUCTURE OF HUMAN MONOACYLGLYCEROL LIPASE WITH COMPOUND 29,1.49,0.2152,1,1,A,,EDO;A1I1C;HOH,1,A1I1C,A1I1C,"[2-(4-cyclopentylpyridin-3-yl)-1,3-benzoxazol-6-yl]-[6-(3-cyclopropyl-1,2,4-triazol-1-yl)-2-azaspiro[3.3]heptan-2-yl]methanone",C29 H30 N6 O2,494.588,37,,,,EDO;HOH,INCLUDE,
1548,9KUU,2025-12-10,Crystal Structure of the Kv7.1 C-terminal Domain in Complex with Calmodulin disease mutation D130G,2.5,0.2615,2,4,A;C;D;E,,CA;HOH,0,,,,,,,,,CA,HOH,EXCLUDE,no_druglike_organic_ligand;multiple_protein_chains_4;metal_present
1549,9KUZ,2025-12-10,Crystal Structure of the Kv7.1 C-terminal Domain in Complex with Calmodulin disease mutation D134H,2.07,0.2682,2,4,A;C;E;F,,CA;HOH,0,,,,,,,,,CA,HOH,EXCLUDE,no_druglike_organic_ligand;multiple_protein_chains_4;metal_present
1550,9KV1,2025-12-10,Crystal Structure of the Kv7.1 C-terminal Domain in Complex with Calmodulin disease mutation E141G,2.3,0.2924,2,2,A;C,,CA;HOH,0,,,,,,,,,CA,HOH,EXCLUDE,no_druglike_organic_ligand;multiple_protein_chains_2;metal_present
1551,9KV9,2025-12-10,Crystal Structure of the Kv7.1 C-terminal Domain in Complex with Calmodulin disease mutation E141G-Ca,2.05,0.2789,2,2,A;C,,CA;HOH,0,,,,,,,,,CA,HOH,EXCLUDE,no_druglike_organic_ligand;multiple_protein_chains_2;metal_present
1552,9KVW,2025-12-10,Crystal Structures of Keap1-compound complexes,1.44,0.233,1,1,A,,A1EHH;HOH,1,A1EHH,A1EHH,~{N}-[4-[(2-azanyl-2-oxidanylidene-ethyl)-[4-[(2-azanyl-2-oxidanylidene-ethyl)-(4-methoxyphenyl)sulfonyl-amino]naphthalen-1-yl]sulfamoyl]phenyl]-3-(2-oxa-8-azaspiro[4.5]decan-8-yl)propanamide,C38 H44 N6 O9 S2,792.921,55,,,,HOH,INCLUDE,
1553,9KX1,2025-12-10,Crystal structure of the PIN1 and fragment 17 complex.,1.7,0.2543,1,1,A,,A1EHL;PE8;SO4;HOH,2,A1EHL;PE8,,,,,,,,,SO4;HOH,MANUAL_REVIEW,multiple_candidate_ligands
1554,9KXK,2025-12-10,Crystal structure of the PIN1 and fragment 54 complex,1.96,0.2877,1,1,A,,A1EFQ;PE8;SO4;HOH,1,PE8,PE8,"3,6,9,12,15,18,21-HEPTAOXATRICOSANE-1,23-DIOL",C16 H34 O9,370.436,25,,,,A1EFQ:heavy_atoms_8;SO4;HOH,RESERVE,r_free_above_0.28
1555,9KYA,2025-12-10,Crystal Structure of human STING,1.89,0.2397,1,1,A,,CA;HOH,0,,,,,,,,,CA,HOH,EXCLUDE,no_druglike_organic_ligand;metal_present
1556,9LAD,2025-12-10,Crystal structure of the complex between Neuronal Pentraxin 2 (NP2 PTX) and antibody fragment VHH N1,2.02,0.2197,2,2,B;C,,AZI;CA;CL;GOL;HOH,0,,,,,,,,,CA,AZI:no_carbon;CL;GOL;HOH,EXCLUDE,no_druglike_organic_ligand;multiple_protein_chains_2;metal_present
1557,9MDE,2025-12-10,Crystal structure of Human Prostaglandin reductase 1 (PTGR1) in complex with NADP,2.0,0.2093,1,4,A;B;C;D,,CL;NAP;PG6;HOH,1,PG6,PG6,1-(2-METHOXY-ETHOXY)-2-{2-[2-(2-METHOXY-ETHOXY]-ETHOXY}-ETHANE,C12 H26 O6,266.331,18,,NAP,,CL;HOH,RESERVE,multiple_protein_chains_4;cofactor_present
1558,9MDF,2025-12-10,Crystal structure of Human Prostaglandin reductase 1 (PTGR1) in complex with NADP and Indomethacin,2.1,0.2362,1,4,A;B;C;D,,ACT;IMN;NAP;GOL;HOH,1,IMN,IMN,INDOMETHACIN,C19 H16 Cl N O4,357.788,25,,NAP,,ACT;GOL;HOH,RESERVE,multiple_protein_chains_4;cofactor_present
1559,9MDH,2025-12-10,Crystal structure of Human Prostaglandin reductase 1 (PTGR1) in complex with NADP and Indomethacin (Orthorhombic P form),2.3,0.2397,1,4,A;B;C;D,,CL;SO4;GOL;IMN;NAP;PG4;HOH,1,IMN,IMN,INDOMETHACIN,C19 H16 Cl N O4,357.788,25,,NAP,,CL;SO4;GOL;PG4;HOH,RESERVE,multiple_protein_chains_4;cofactor_present
1560,9N1Z,2025-12-10,Structure of C3d Bound to a Fragment of FHR-2,2.31,0.2267,2,4,A;B;C;D,,SO4;HOH,0,,,,,,,,,,SO4;HOH,EXCLUDE,no_druglike_organic_ligand;multiple_protein_chains_4
1561,9N44,2025-12-10,Crystal structure of human KRAS-G12C covalent bound to Olomorasib,1.11,0.18936,1,1,A,,GDP;MG;EDO;A1BV7;HOH,1,A1BV7,A1BV7,Olomorasib Bound Form,C25 H21 Cl F2 N4 O3 S,530.974,36,A1BV7;CYS,GDP,MG,EDO;HOH,EXCLUDE,candidate_may_be_covalent;cofactor_present;metal_present
1562,9OU9,2025-12-10,AZD3759 in complex with wild-type EGFR,2.1,0.2375,1,1,A,,A1CEL;HOH,1,A1CEL,A1CEL,"4-(3-chloro-2-fluoroanilino)-7-methoxyquinazolin-6-yl (2R)-2,4-dimethylpiperazine-1-carboxylate",C22 H23 Cl F N5 O3,459.901,32,,,,HOH,INCLUDE,
1563,9PI9,2025-12-10,Sacituzumab Fab bound to Trop2 Dimer,1.56,0.2108,3,6,A;B;C;D;E;F,,EDO;MAN;NAG;CIT;HOH,0,,,,,,,ASN;ASP;NAG;PCA,,,EDO;MAN;NAG;CIT;HOH,EXCLUDE,no_druglike_organic_ligand;multiple_protein_chains_6
1564,9PMZ,2025-12-10,Icotinib in complex with wild-type EGFR,2.33,0.2344,1,1,A,,A1CI6;HOH,1,A1CI6,A1CI6,Icotinib,C22 H21 N3 O4,391.42,29,,,,HOH,INCLUDE,
1565,9Q0S,2025-12-10,JCN037 in complex with wild-type EGFR,2.46,0.2413,1,1,A,,A1CNG;HOH,1,A1CNG,A1CNG,"N-(3-bromo-2-fluorophenyl)-7,8-dihydro[1,4]dioxino[2,3-g]quinazolin-4-amine",C16 H11 Br F N3 O2,376.18,23,,,,HOH,INCLUDE,
1566,9S1S,2025-12-10,Crystal structure of C278S mutant of mouse CDC14A in complex with a model phosphopeptide,1.62,0.2067,2,3,A;B;E,,GOL;SO4;HOH,0,,,,,,,ALA;PRO;SEP,,,GOL;SO4;HOH,EXCLUDE,no_druglike_organic_ligand;multiple_protein_chains_3
1567,9S1U,2025-12-10,Crystal structure of human IDO1 in complex with iDeg-3,2.0,0.2291,1,1,A,,A1JLE;SO4;PG4;PGE;PEG;HOH,1,A1JLE,A1JLE,"[(1~{R},2~{S},6~{S},8~{R})-4-(4-~{tert}-butylphenyl)sulfonyl-9,9-dimethyl-4-azatricyclo[6.1.1.0^{2,6}]decan-2-yl]methyl ~{N}-(4-ethynylphenyl)carbamate",C31 H38 N2 O4 S,534.709,38,,,,SO4;PG4;PGE;PEG;HOH,INCLUDE,
1568,9S1V,2025-12-10,Crystal structure of human IDO1 in complex with iDeg-6,1.85,0.2217,1,1,A,,PEG;A1JLD;DMS;HOH,1,A1JLD,A1JLD,"[(1~{R},2~{S},6~{S},8~{R})-4-(4-~{tert}-butyl-2-methyl-phenyl)sulfonyl-9,9-dimethyl-4-azatricyclo[6.1.1.0^{2,6}]decan-2-yl]methyl ~{N}-(4-ethynylphenyl)carbamate",C32 H40 N2 O4 S,548.736,39,,,,PEG;DMS;HOH,INCLUDE,
1569,9S1W,2025-12-10,Crystal structure of human IDO1 in complex with iDeg-7,2.1,0.2369,1,1,A,,A1JLB;PEG;HOH,1,A1JLB,A1JLB,"2-[4-[[(1~{R},2~{R},6~{S},8~{R})-2-[3-[(4-ethynylphenyl)amino]-3-oxidanylidene-propyl]-9,9-dimethyl-4-azatricyclo[6.1.1.0^{2,6}]decan-4-yl]sulfonyl]phenyl]-2-methyl-propanoic acid",C32 H38 N2 O5 S,562.72,40,,,,PEG;HOH,INCLUDE,
1570,9S1X,2025-12-10,Crystal structure of human IDO1 in complex with iDeg-9,2.0,0.2216,1,1,A,,PEG;A1JLA;HOH,1,A1JLA,A1JLA,"2-[4-[[(1~{R},2~{S},6~{S},8~{R})-2-[(4-ethynylphenyl)carbamoyloxymethyl]-9,9-dimethyl-4-azatricyclo[6.1.1.0^{2,6}]decan-4-yl]sulfonyl]-3-methyl-phenyl]-2-methyl-propanoic acid",C32 H38 N2 O6 S,578.719,41,,,,PEG;HOH,INCLUDE,
1571,9SI4,2025-12-10,"Structure of human neutrophil elastase in complex with a 5,8-dihydro[1,2,4]triazolo[4,3-a]pyrimidin-3(2H)-one inhibitor",1.14,0.1549,1,1,A,,NAG;FUC;A1JN2;HOH,1,A1JN2,A1JN2,"methyl (5~{R})-5-[4-cyano-2-[2-(trimethyl-$l^{4}-azanyl)ethyl]phenyl]-7-methyl-3-oxidanylidene-8-[3-(trifluoromethyl)phenyl]-2,5-dihydro-[1,2,4]triazolo[4,3-a]pyrimidine-6-carboxylate",C27 H28 F3 N6 O3 1,541.545,39,ASN;FUC;NAG,,,NAG;FUC;HOH,INCLUDE,
1572,9SP7,2025-12-10,Human galactosyltransferase B3GalT6,1.2,0.20245,1,1,A,,MN;MLI;HOH,0,,,,,,,,,MN,MLI:heavy_atoms_7;HOH,EXCLUDE,no_druglike_organic_ligand;metal_present
1573,9T2H,2025-12-10,Jumonji domain-containing protein 2B with crystallization epitope mutations L916G:R917A:A918D,1.99,0.2795,1,1,A,,EDO;SO4;HOH,0,,,,,,,,,,EDO;SO4;HOH,EXCLUDE,no_druglike_organic_ligand
1574,9XVS,2025-12-10,Phosphoglycerate mutase 1 complexed with a novel scaffold inhibitor,2.08,0.2404,1,2,B;C,,A1E1K;GOL;CL;MES;HOH,1,A1E1K,A1E1K,"6-chloranyl-10-oxidanylidene-1,9-diazatricyclo[6.4.1.0^{4,13}]trideca-2,4(13),5,7-tetraene-2-carboxylic acid",C12 H9 Cl N2 O3,264.664,18,,,,GOL;CL;MES;HOH,RESERVE,multiple_protein_chains_2
1575,9XW4,2025-12-10,Phosphoglycerate mutase 1 complexed with a novel scaffold inhibitor,2.11,0.2093,1,2,B;C,,A1E1J;GOL;CL;MES;HOH,1,A1E1J,A1E1J,7-bromanyl-5-chloranyl-3-phenylazanyl-1-benzothiophene-2-carboxylic acid,C15 H9 Br Cl N O2 S,382.659,21,,,,GOL;CL;MES;HOH,RESERVE,multiple_protein_chains_2
1576,9HGU,2025-12-03,E-selectin complexed with glycomimetic ligand BW990,2.3,0.2694,1,1,A,,NAG;CA;A1IUQ;HOH,1,A1IUQ,A1IUQ,"(2~{S})-3-cyclohexyl-2-[(2~{R},3~{S},4~{S},5~{R},6~{R})-2-(hydroxymethyl)-6-[(1~{R},2~{R})-2-[(2~{S},3~{S},4~{R},5~{S},6~{S})-6-methyl-3,4,5-tris(oxidanyl)oxan-2-yl]oxycyclohexyl]oxy-3,5-bis(oxidanyl)oxan-4-yl]oxy-~{N},~{N}-dimethyl-propanamide",C29 H51 N O12,605.715,42,ASN;NAG,,CA,NAG;HOH,RESERVE,metal_present
1577,9HGV,2025-12-03,E-selectin complexed with glycomimetic ligand BW1002,2.46,0.2688,1,1,A,,NAG;A1IUR;CA;HOH,1,A1IUR,A1IUR,"(2~{S})-3-cyclohexyl-2-[(2~{R},3~{S},4~{S},5~{R},6~{R})-2-(hydroxymethyl)-6-[(1~{R},2~{R})-2-[(2~{S},3~{S},4~{R},5~{S},6~{S})-6-methyl-3,4,5-tris(oxidanyl)oxan-2-yl]oxycyclohexyl]oxy-3,5-bis(oxidanyl)oxan-4-yl]oxy-1-pyrrolidin-1-yl-propan-1-one",C31 H53 N O12,631.752,44,ASN;NAG,,CA,NAG;HOH,RESERVE,metal_present
1578,9HGW,2025-12-03,E-selectin complexed with glycomimetic ligand BW1005,2.2,0.2471,1,1,A,,NAG;A1IUS;CA;HOH,1,A1IUS,A1IUS,"(2~{S})-1-(azetidin-1-yl)-3-cyclohexyl-2-[(2~{R},3~{S},4~{S},5~{R},6~{R})-2-(hydroxymethyl)-6-[(1~{R},2~{R})-2-[(2~{S},3~{S},4~{R},5~{S},6~{S})-6-methyl-3,4,5-tris(oxidanyl)oxan-2-yl]oxycyclohexyl]oxy-3,5-bis(oxidanyl)oxan-4-yl]oxy-propan-1-one",C30 H51 N O12,617.725,43,ASN;NAG,,CA,NAG;HOH,RESERVE,metal_present
1579,9HGY,2025-12-03,E-selectin complexed with glycomimetic ligand BW1030,2.5,0.2668,1,1,A,,NAG;A1IUU;CA;HOH,1,A1IUU,A1IUU,"(2~{S})-3-cyclohexyl-1-(3-ethylazetidin-1-yl)-2-[(2~{R},3~{S},4~{S},5~{R},6~{R})-2-(hydroxymethyl)-6-[(1~{R},2~{R})-2-[(2~{S},3~{S},4~{R},5~{S},6~{S})-6-methyl-3,4,5-tris(oxidanyl)oxan-2-yl]oxycyclohexyl]oxy-3,5-bis(oxidanyl)oxan-4-yl]oxy-propan-1-one",C32 H55 N O12,645.779,45,ASN;NAG,,CA,NAG;HOH,RESERVE,metal_present
1580,9HHK,2025-12-03,Crystal structure of human TRF1 TRFH domain in complex with compound 2,2.23,0.2458,1,1,A,,GOL;A1IU1;DMS;HOH,1,A1IU1,A1IU1,~{N}-(furan-2-ylmethyl)-2-methyl-furan-3-carboxamide,C11 H11 N O3,205.21,15,,,,GOL;DMS;HOH,INCLUDE,
1581,9HHM,2025-12-03,Crystal structure of phosphatidyl inositol 4-kinase II beta in complex with HH5129,2.25,0.2399,1,2,A;B,,A1IVA;HOH,1,A1IVA,A1IVA,"(1~{S},2~{S},4~{S},5~{R})-6-[[[[(2~{R},3~{S},4~{R},5~{R})-5-(6-aminopurin-9-yl)-3,4-bis(oxidanyl)oxolan-2-yl]methoxy-bis(oxidanylidene)-$l^{6}-phosphanyl]oxy-bis(oxidanylidene)-$l^{6}-phosphanyl]methyl-bis(oxidanylidene)-$l^{6}-phosphanyl]oxycyclohexane-1,2,3,4,5-pentol",C17 H25 N5 O17 P3,664.325,42,,,,HOH,RESERVE,multiple_protein_chains_2
1582,9HI0,2025-12-03,STRUCTURE OF HUMAN UDP-GALACTOSE 4-EPIMERASE IN COMPLEX WITH COMPOUND WBX04,1.37,0.1897,1,2,A;B,,EDO;NAD;A1IU2;MLT;HOH,1,A1IU2,A1IU2,"3-[(5-methyl-1,2-oxazol-3-yl)carbamoylamino]-~{N}-pyridin-4-yl-propanamide",C13 H15 N5 O3,289.29,21,,NAD,,EDO;MLT:heavy_atoms_9;HOH,RESERVE,multiple_protein_chains_2;cofactor_present
1583,9HI1,2025-12-03,STRUCTURE OF HUMAN UDP-GALACTOSE 4-EPIMERASE IN COMPLEX WITH COMPOUND WBX09,0.95,0.189,1,2,A;B,,EDO;NAD;A1IU5;HOH,1,A1IU5,A1IU5,"3-[(5-cyclobutyl-1,2-oxazol-3-yl)carbamoylamino]-~{N}-pyridin-4-yl-propanamide",C16 H19 N5 O3,329.354,24,,NAD,,EDO;HOH,RESERVE,multiple_protein_chains_2;cofactor_present
1584,9HI2,2025-12-03,STRUCTURE OF HUMAN UDP-GALACTOSE 4-EPIMERASE IN COMPLEX WITH COVALENT COMPOUND WBC10,1.37,0.1743,1,1,A,,NAI;A1IU6;HOH,1,A1IU6,A1IU6,"3-[[(5-cyclobutyl-1,2-oxazol-3-yl)carbamoylamino]methyl]benzenesulfonyl fluoride",C15 H16 F N3 O4 S,353.369,24,A1IU6;TYR,NAI,,HOH,EXCLUDE,candidate_may_be_covalent;cofactor_present
1585,9HI4,2025-12-03,Structure of FI6-focused design_03 scaffold in complex with FI6-Fab,2.0,0.196,4,6,A;B;C;D;K;L,,ACT;NA;HOH,0,,,,,,,ASN;ILE;SEP,,NA,ACT;HOH,EXCLUDE,no_druglike_organic_ligand;multiple_protein_chains_6;metal_present
1586,9HI6,2025-12-03,Structure of scaffold FI6-focused design_04 in complex with FI6-Fab,1.5,0.2037,3,3,A;H;L,,CIT;PEG;HOH,0,,,,,,,,,,CIT;PEG;HOH,EXCLUDE,no_druglike_organic_ligand;multiple_protein_chains_3
1587,9HLP,2025-12-03,Crystal structure of human TRF1 TRFH domain in complex with compound 18,2.24,0.2551,1,1,A,,GOL;A1IV7;DMS;HOH,1,A1IV7,A1IV7,1-piperidin-4-ylindole,C13 H16 N2,200.28,15,,,,GOL;DMS;HOH,INCLUDE,
1588,9HLQ,2025-12-03,Crystal structure of human TRF1 TRFH domain in complex with compound 57,2.5,0.2974,1,1,A,,HHQ;EDO;HOH,0,,,,,,,,,,HHQ:heavy_atoms_8;EDO;HOH,EXCLUDE,no_druglike_organic_ligand
1589,9HLR,2025-12-03,Crystal structure of human TRF1 TRFH domain in complex with compound 15,2.48,0.2689,1,1,A,,GOL;LL0;DMS;HOH,1,LL0,LL0,2-(difluoromethoxy)benzene-1-sulfonamide,C7 H7 F2 N O3 S,223.197,14,,,,GOL;DMS;HOH,INCLUDE,
1590,9HLT,2025-12-03,Crystal structure of human TRF1 TRFH domain in complex with compound 13,2.16,0.2605,1,1,A,,GOL;UJK;DMS;HOH,1,UJK,UJK,"1-(2-methylphenyl)-1,2,3-triazole-4-carboxylic acid",C10 H9 N3 O2,203.197,15,,,,GOL;DMS;HOH,INCLUDE,
1591,9HLU,2025-12-03,Crystal structure of human TRF1 TRFH domain in complex with compound 19,2.23,0.2794,1,1,A,,UUG;DMS;HOH,1,UUG,UUG,(4-bromo-2-methoxyphenyl)methanol,C8 H9 Br O2,217.06,11,,,,DMS;HOH,INCLUDE,
1592,9MCX,2025-12-03,CRYSTAL STRUCTURE OF HUMAN IGG1 FC FRAGMENT-FC-GAMMA RECEPTOR IIA COMPLEX H131 VARIANT,2.38,0.2341,2,3,A;B;C,,NAG;HOH,0,,,,,,,ASN;BMA;FUC;MAN;NAG,,,NAG;HOH,EXCLUDE,no_druglike_organic_ligand;multiple_protein_chains_3
1593,9MYU,2025-12-03,Structure of human neuronal nitric oxide synthase R354A/G357D mutant heme domain bound with 7-(3-aminomethyl)phenyl-6-fluoro-4-methylquinoin-2-amine,2.15,0.2582,1,4,A;B;C;D,,HEM;H4B;A1BUD;GOL;ZN;HOH,2,H4B;A1BUD,,,,,,,HEM,ZN,GOL;HOH,MANUAL_REVIEW,multiple_candidate_ligands;multiple_protein_chains_4;cofactor_present;metal_present
1594,9MYV,2025-12-03,Structure of human neuronal nitric oxide synthase R354A/G357D mutant heme domain bound with 2-(2-amino-6-fluoro-4-methylquinolin-7-yl)-5-(aminomethyl)phenol,2.149,0.2327,1,4,A;B;C;D,,HEM;H4B;A1BUF;GOL;ZN;HOH,2,H4B;A1BUF,,,,,,,HEM,ZN,GOL;HOH,MANUAL_REVIEW,multiple_candidate_ligands;multiple_protein_chains_4;cofactor_present;metal_present
1595,9MYW,2025-12-03,Structure of human neuronal nitric oxide synthase R354A/G357D mutant heme domain bound 2-(2-amino-6-fluoro-4-methylquinolin-7-yl)-5-(2-aminoethyl)phenol,2.305,0.2461,1,4,A;B;C;D,,HEM;H4B;A1BUH;GOL;ZN;HOH,2,H4B;A1BUH,,,,,,,HEM,ZN,GOL;HOH,MANUAL_REVIEW,multiple_candidate_ligands;multiple_protein_chains_4;cofactor_present;metal_present
1596,9MZ1,2025-12-03,Structure of human endothelial nitric oxide synthase heme domain bound with 7-(3-aminomethyl)phenyl-6-fluoro-4-methylquinoin-2-amine,2.05,0.2241,1,4,A;B;C;D,,HEM;H4B;A1BUD;BTB;GOL;CL;GD;ZN;HOH,3,H4B;A1BUD;BTB,,,,,,,HEM,ZN,GOL;CL;GD:no_carbon;HOH,MANUAL_REVIEW,multiple_candidate_ligands;multiple_protein_chains_4;cofactor_present;metal_present
1597,9MZ2,2025-12-03,Structure of human endothelial nitric oxide synthase heme domain bound with 2-(2-amino-6-fluoro-4-methylquinolin-7-yl)-5-(aminomethyl)phenol,1.99,0.2265,1,4,A;B;C;D,,HEM;H4B;A1BUF;BTB;GOL;CL;GD;ZN;CA;HOH,3,H4B;A1BUF;BTB,,,,,,,HEM,ZN;CA,GOL;CL;GD:no_carbon;HOH,MANUAL_REVIEW,multiple_candidate_ligands;multiple_protein_chains_4;cofactor_present;metal_present
1598,9MZ3,2025-12-03,Structure of human endothelial nitric oxide synthase heme domain bound 2-(2-amino-6-fluoro-4-methylquinolin-7-yl)-5-(2-aminoethyl)phenol,1.95,0.2497,1,4,A;B;C;D,,HEM;H4B;A1BUH;BTB;ACT;GOL;CL;GD;ZN;CA;HOH,3,H4B;A1BUH;BTB,,,,,,,HEM,ZN;CA,ACT;GOL;CL;GD:no_carbon;HOH,MANUAL_REVIEW,multiple_candidate_ligands;multiple_protein_chains_4;cofactor_present;metal_present
1599,9MZ4,2025-12-03,Structure of human endothelial nitric oxide synthase heme domain bound 7-(3-(aminomethyl)-4-(cyclopropylmethoxy)phenyl)-6-fluoro-4-methylquinolin-2-amine,1.94,0.2536,1,4,A;B;C;D,,HEM;H4B;A1BU3;BTB;GOL;CL;GD;ZN;CA;HOH,3,H4B;A1BU3;BTB,,,,,,,HEM,ZN;CA,GOL;CL;GD:no_carbon;HOH,MANUAL_REVIEW,multiple_candidate_ligands;multiple_protein_chains_4;cofactor_present;metal_present
1600,9N5P,2025-12-03,CRYSTAL STRUCTURE OF HUMAN IGG2 FC FRAGMENT-FC-GAMMA RECEPTOR IIA COMPLEX H131 VARIANT,2.01,0.2324,2,3,A;B;C,,NAG;HOH,0,,,,,,,ASN;BMA;FUC;MAN;NAG,,,NAG;HOH,EXCLUDE,no_druglike_organic_ligand;multiple_protein_chains_3
1601,9P44,2025-12-03,Crystal structure of KRAS-G12D (GDP-bound) in complex with BBO-11818,1.7,0.2128,1,2,A;B,,GDP;MG;A1CG4;HOH,1,A1CG4,A1CG4,"methyl (3S)-3-{[(7P)-7-(2-amino-3-cyano-7-fluoro-1-benzothiophen-4-yl)-8-fluoro-2-{[(2R,4R,7aS)-2-fluorotetrahydro-1H-pyrrolizin-7a(5H)-yl]methoxy}-6-(trifluoromethyl)quinazolin-4-yl](ethyl)amino}pyrrolidine-1-carboxylate",C34 H33 F6 N7 O3 S,733.726,51,,GDP,MG,HOH,RESERVE,multiple_protein_chains_2;cofactor_present;metal_present
1602,9P45,2025-12-03,Crystal structure of KRAS-G12D (GMPPNP-bound) in complex with BBO-11818,1.35,0.1937,1,1,A,,GNP;MG;A1CG4;HOH,2,GNP;A1CG4,,,,,,,,MG,HOH,MANUAL_REVIEW,multiple_candidate_ligands;metal_present
1603,9P46,2025-12-03,Crystal structure of HRAS-G12D/Q95H (GMPPNP-bound) in complex with BBO-11818,2.02,0.2275,1,2,A;B,,GNP;MG;A1CG4;HOH,2,GNP;A1CG4,,,,,,,,MG,HOH,MANUAL_REVIEW,multiple_candidate_ligands;multiple_protein_chains_2;metal_present
1604,9PZ6,2025-12-03,Anti-NANP Fab with G112T light chain mutation,1.7,0.2307,2,2,H;L,,PGE;NA;PEG;HOH,0,,,,,,,,,NA,PGE;PEG;HOH,EXCLUDE,no_druglike_organic_ligand;multiple_protein_chains_2;metal_present
1605,9Q0P,2025-12-03,Human anti-EBV gH/gL Fab (AMMO1) with G111T light chain mutation,2.08,0.2427,2,2,A;B,,GOL;HOH,0,,,,,,,,,,GOL;HOH,EXCLUDE,no_druglike_organic_ligand;multiple_protein_chains_2
1606,9QD7,2025-12-03,The FK1 domain of FKBP51 in complex with the macrocyclic SAFit analog 15a,2.264,0.3193,1,2,A;B,,A1I5X,1,A1I5X,A1I5X,"(2~{S},9~{S})-2-cyclohexyl-19,22-dimethoxy-11,14,17-trioxa-4-azatricyclo[16.2.2.0^{4,9}]docosa-1(21),18(22),19-triene-3,10-dione",C26 H37 N O7,475.574,34,,,,,RESERVE,r_free_above_0.28;multiple_protein_chains_2
1607,9QD8,2025-12-03,The FK1 domain of FKBP51 in complex with the macrocyclic SAFit analog 29a,2.05,0.2651,1,2,A;B,,A1I53;HOH,1,A1I53,A1I53,"(2~{S},9~{S},12~{S})-2-cyclohexyl-19,22-dimethoxy-12-methyl-11,14,17-trioxa-4-azatricyclo[16.2.2.0^{4,9}]docosa-1(21),18(22),19-triene-3,10-dione",C27 H39 N O7,489.601,35,,,,HOH,RESERVE,multiple_protein_chains_2
1608,9QD9,2025-12-03,The FK1 domain of FKBP51 in complex with the macrocyclic SAFit analog 29c,1.74,0.2632,1,2,A;B,,A1I54;HOH,1,A1I54,A1I54,"(2~{S},9~{S},12~{S})-2-cyclohexyl-20,23-dimethoxy-12-methyl-11,14,18-trioxa-4-azatricyclo[17.2.2.0^{4,9}]tricosa-1(22),19(23),20-triene-3,10-dione",C28 H41 N O7,503.628,36,,,,HOH,RESERVE,multiple_protein_chains_2
1609,9QDA,2025-12-03,The FK1 domain of FKBP51 in complex with the macrocyclic SAFit analog 29b,2.0,0.2548,1,2,A;B,,A1I55;HOH,1,A1I55,A1I55,"(2~{S},9~{S},12~{R})-2-cyclohexyl-19,22-dimethoxy-12-methyl-11,14,17-trioxa-4-azatricyclo[16.2.2.0^{4,9}]docosa-1(21),18(22),19-triene-3,10-dione",C27 H39 N O7,489.601,35,,,,HOH,RESERVE,multiple_protein_chains_2
1610,9QDB,2025-12-03,The FK1 domain of FKBP51 in complex with the macrocyclic SAFit analog 29d,2.05,0.261,1,2,A;B,,A1I5Y;HOH,1,A1I5Y,A1I5Y,"(2~{S},9~{S},12~{R})-2-cyclohexyl-20,23-dimethoxy-12-methyl-11,14,18-trioxa-4-azatricyclo[17.2.2.0^{4,9}]tricosa-1(22),19(23),20-triene-3,10-dione",C28 H41 N O7,503.628,36,,,,HOH,RESERVE,multiple_protein_chains_2
1611,9QFI,2025-12-03,Crystal structure of YTHDF2 in complex with compound 6 (AI-DF2-47),1.91,0.2559,1,2,A;B,,GOL;A1I5V;SO4;CL;HOH,1,A1I5V,A1I5V,"3-methyl-1~{H}-pyrazolo[3,4-d]pyrimidin-4-amine",C6 H7 N5,149.153,11,,,,GOL;SO4;CL;HOH,RESERVE,multiple_protein_chains_2
1612,9R49,2025-12-03,"Spitrobot-2 advances time-resolvedcryo-trapping crystallography to under 25 ms: Human insulin, pH 4.5 (25 ms soaking)",1.641,0.1976,2,2,A;B,,SO4;HOH,0,,,,,,,,,,SO4;HOH,EXCLUDE,no_druglike_organic_ligand;multiple_protein_chains_2
1613,9R4A,2025-12-03,"Spitrobot-2 advances time-resolvedcryo-trapping crystallography to under 25 ms: Human insulin, pH 4.5 (50 ms soaking)",1.45,0.19565,2,2,A;B,,SO4;HOH,0,,,,,,,,,,SO4;HOH,EXCLUDE,no_druglike_organic_ligand;multiple_protein_chains_2
1614,9R4B,2025-12-03,"Spitrobot-2 advances time-resolvedcryo-trapping crystallography to under 25 ms: Human insulin, pH 4.5 (250 ms soaking)",1.5,0.20824,2,2,A;B,,SO4;HOH,0,,,,,,,,,,SO4;HOH,EXCLUDE,no_druglike_organic_ligand;multiple_protein_chains_2
1615,9R4C,2025-12-03,"Spitrobot-2 advances time-resolvedcryo-trapping crystallography to under 25 ms: Human insulin, pH 4.5 (500 ms soaking)",1.41,0.20062,2,2,A;B,,SO4;HOH,0,,,,,,,,,,SO4;HOH,EXCLUDE,no_druglike_organic_ligand;multiple_protein_chains_2
1616,9R4E,2025-12-03,"Spitrobot-2 advances time-resolvedcryo-trapping crystallography to under 25 ms: Human insulin, pH 4.5 (5 s soaking)",1.3,0.1937,2,2,A;B,,SO4;HOH,0,,,,,,,,,,SO4;HOH,EXCLUDE,no_druglike_organic_ligand;multiple_protein_chains_2
1617,9RFB,2025-12-03,Crystal Structure of Human Rac1 in Complex with the Scaffold Protein POSH (residues 321-348),1.854,0.2263,2,4,A;B;C;D,,GNP;MG;PO4;CL;HOH,1,GNP,GNP,PHOSPHOAMINOPHOSPHONIC ACID-GUANYLATE ESTER,C10 H17 N6 O13 P3,522.196,32,CME;HIS;PRO,,MG,PO4;CL;HOH,RESERVE,multiple_protein_chains_4;metal_present
1618,9RFF,2025-12-03,Crystal Structure of Human Rac1 Fused with the Scaffold Protein POSH (residues 319-371),1.248,0.164,1,1,A,,GNP;MG;MPD;HOH,1,GNP,GNP,PHOSPHOAMINOPHOSPHONIC ACID-GUANYLATE ESTER,C10 H17 N6 O13 P3,522.196,32,CME;HIS;PRO,,MG,MPD;HOH,RESERVE,metal_present
1619,9RGH,2025-12-03,X-ray structure of a polyoxidovanadate/human H-ferritin adduct obtained when the protein is treated overnight with [VIVO(acac)2],1.383,0.1767,1,1,AAA,,CL;MG;A1JGJ;HOH,0,,,,,,,,,MG,CL;A1JGJ:no_carbon;HOH,EXCLUDE,no_druglike_organic_ligand;metal_present
1620,9RGI,2025-12-03,X-ray structure of a polyoxidovanadate/human H-ferritin adduct obtained when the protein is treated 6 days with [VIVO(acac)2],1.543,0.1979,1,1,AAA,,CL;MG;A1JGJ;HOH,0,,,,,,,,,MG,CL;A1JGJ:no_carbon;HOH,EXCLUDE,no_druglike_organic_ligand;metal_present
1621,9RGJ,2025-12-03,X-ray structure of a polyoxidovanadate/human H-ferritin adduct obtained when the protein is treated 24 h with [VIVO(acac)2],1.498,0.1958,1,1,AAA,,CL;MG;A1JGJ;HOH,0,,,,,,,,,MG,CL;A1JGJ:no_carbon;HOH,EXCLUDE,no_druglike_organic_ligand;metal_present
1622,9T2D,2025-12-03,Jumonji domain-containing protein 2B with crystallization epitope mutations L916G:R917A:A918D,1.8,0.2553,1,1,A,,EDO;PEG;NH4;HOH,0,,,,,,,,,,EDO;PEG;NH4:no_carbon;HOH,EXCLUDE,no_druglike_organic_ligand
1623,9VOG,2025-12-03,Vitamin D receptor complex with a 5-{4-(m-carboran-1-yl)phenoxy}-4-hydroxypentanoic acid derivative,1.43,0.22,2,2,A;C,,A1MAV;HOH,1,A1MAV,A1MAV,"(S)-5-[4-{7-(4-(1,1,1,3,3,3-hexafluoro-2-hydroxypropan-2-yl)phenyl)-1,7-dicarba-closo-dodecaboran-1-yl}phenoxy]-4-hydroxypentanoic acid",C22 H28 B10 F6 O5,594.555,43,,,,HOH,RESERVE,multiple_protein_chains_2
1624,9VOH,2025-12-03,Vitamin D receptor complex with a 4-(m-carboran-1-yl)phenoxyacetic acid derivative,1.98,0.2253,2,2,A;C,,A1MAW;HOH,1,A1MAW,A1MAW,"[4-{7-(4-(1,1,1,3,3,3-hexafluoro-2-hydroxypropan-2-yl)phenyl)-1,7-dicarba- closo-dodecaboran-1-yl}phenoxy]acetic acid",C19 H22 B10 F6 O4,536.476,39,,,,HOH,RESERVE,multiple_protein_chains_2
1625,9VOI,2025-12-03,Vitamin D receptor complex with a 3-{4-(m-carboran-1-yl)phenoxy}propanoic acid derivative,1.93,0.2006,2,2,A;C,,A1MAX;HOH,1,A1MAX,A1MAX,"3-[4-{7-(4-(1,1,1,3,3,3-hexafluoro-2-hydroxypropan-2-yl)phenyl)-1,7-dicarba-closo-dodecaboran-1-yl}phenoxy]propionic acid",C20 H24 B10 F6 O4,550.503,40,,,,HOH,RESERVE,multiple_protein_chains_2
1626,9VOJ,2025-12-03,Vitamin D receptor complex with a 4-{4-(m-carboran-1-yl)phenoxy}butanoic acid derivative,1.93,0.2156,2,2,A;C,,A1MAY;HOH,1,A1MAY,A1MAY,"4-[4-{7-(4-(1,1,1,3,3,3-hexafluoro-2-hydroxypropan-2-yl)phenyl)-1,7-dicarba-closo-dodecaboran-1-yl}phenoxy]butyric acid",C21 H26 B10 F6 O4,564.529,41,,,,HOH,RESERVE,multiple_protein_chains_2
1627,9VOK,2025-12-03,Vitamin D receptor complex with a 5-{4-(m-carboran-1-yl)phenoxy}pentanoic acid derivative,2.04,0.2732,2,2,A;C,,A1MAZ;HOH,1,A1MAZ,A1MAZ,"5-[4-{7-(4-(1,1,1,3,3,3-hexafluoro-2-hydroxypropan-2-yl)phenyl)-1,7-dicarba-closo-dodecaboran-1-yl}phenoxy]pentanoic acid",C22 H28 B10 F6 O4,578.556,42,,,,HOH,RESERVE,multiple_protein_chains_2
1628,9VOL,2025-12-03,Vitamin D receptor complex with a 4-{4-(m-carboran-1-yl)-2-methylphenoxy}butanoic acid derivative,1.75,0.2097,2,2,A;C,,A1MAU;HOH,1,A1MAU,A1MAU,"4-[4-{7-(4-(1,1,1,3,3,3-hexafluoro-2-hydroxypropan-2-yl)phenyl)-1,7-dicarba-closo-dodecaboran-1-yl}-2-methylphenoxy]butyric acid",C22 H28 B10 F6 O4,578.556,42,,,,HOH,RESERVE,multiple_protein_chains_2
1629,9YK4,2025-12-03,Crystal structure of CYP3A4 bound to imidazole and tetraethylene glycol,1.78,0.2182,1,1,A,,HEM;IMD;PG4;GOL;EDO;HOH,0,,,,,,,,HEM,,IMD:heavy_atoms_5;PG4;GOL;EDO;HOH,EXCLUDE,no_druglike_organic_ligand;cofactor_present
1630,9HF4,2025-11-26,Crystal structure of human TRF1 TRFH domain in complex with compound 32,2.17,0.2575,1,1,A,,A1IUC;DMS;EDO;CA;HOH,1,A1IUC,A1IUC,4-phenylmethoxynaphthalene-1-sulfonic acid,C17 H14 O4 S,314.356,22,,,CA,DMS;EDO;HOH,RESERVE,metal_present
1631,9HF6,2025-11-26,Crystal structure of human TRF1 TRFH domain in complex with compound 1,2.23,0.2483,1,1,A,,GOL;UUP;DMS;HOH,1,UUP,UUP,"N-cyclopropylpyrazolo[1,5-a]pyrimidine-3-carboxamide",C10 H10 N4 O,202.213,15,,,,GOL;DMS;HOH,INCLUDE,
1632,9HF7,2025-11-26,Crystal structure of human TRF1 TRFH domain in complex with compound 3,2.38,0.2554,1,1,A,,GOL;JFP;DMS;HOH,1,JFP,JFP,"N-(4-methyl-1,3-thiazol-2-yl)propanamide",C7 H10 N2 O S,170.232,11,,,,GOL;DMS;HOH,INCLUDE,
1633,9HF8,2025-11-26,Crystal structure of human TRF1 TRFH domain in complex with compound 4,2.19,0.255,1,1,A,,GOL;T9Q;DMS;HOH,1,T9Q,T9Q,N-Benzyl-2-methoxyacetamide,C10 H13 N O2,179.216,13,,,,GOL;DMS;HOH,INCLUDE,
1634,9HF9,2025-11-26,Crystal structure of human TRF1 TRFH domain in complex with compound 5,1.9,0.2279,1,1,A,,NZ1;GOL;DMS;HOH,1,NZ1,NZ1,"5-methoxy-1,3-benzothiazol-2-amine",C8 H8 N2 O S,180.227,12,,,,GOL;DMS;HOH,INCLUDE,
1635,9HFA,2025-11-26,Crystal structure of human TRF1 TRFH domain in complex with compound 6,2.05,0.2456,1,1,A,,TT3;GOL;DMS;HOH,1,TT3,TT3,"2-(3-fluorophenoxy)-N,N-dimethylacetamide",C10 H12 F N O2,197.206,14,,,,GOL;DMS;HOH,INCLUDE,
1636,9HFB,2025-11-26,Crystal structure of human TRF1 TRFH domain in complex with compound 7,2.29,0.2652,1,1,A,,GOL;JP4;DMS;HOH,1,JP4,JP4,[2-(morpholin-4-yl)phenyl]methanol,C11 H15 N O2,193.242,14,,,,GOL;DMS;HOH,INCLUDE,
1637,9HFC,2025-11-26,Crystal structure of human TRF1 TRFH domain in complex with compound 8,2.17,0.2432,1,1,A,,GOL;WHM;DMS;HOH,1,WHM,WHM,"2-[(3-fluorophenyl)methyl]-1lambda~6~,2-thiazolidine-1,1-dione",C10 H12 F N O2 S,229.271,15,,,,GOL;DMS;HOH,INCLUDE,
1638,9HFD,2025-11-26,Crystal structure of human TRF1 TRFH domain in complex with compound 9,2.15,0.2446,1,1,A,,GOL;VW4;DMS;HOH,1,VW4,VW4,(2S)-2-phenylpropane-1-sulfonamide,C9 H13 N O2 S,199.27,13,,,,GOL;DMS;HOH,INCLUDE,
1639,9HFE,2025-11-26,Crystal structure of human TRF1 TRFH domain in complex with compound 10,2.04,0.2471,1,1,A,,PK4;GOL;DMS;HOH,1,PK4,PK4,"2-fluoro-N,3-dimethylbenzene-1-sulfonamide",C8 H10 F N O2 S,203.234,13,,,,GOL;DMS;HOH,INCLUDE,
1640,9HFF,2025-11-26,Crystal structure of human TRF1 TRFH domain in complex with compound 11,2.06,0.2612,1,1,A,,GOL;A1IUE;DMS;HOH,1,A1IUE,A1IUE,(2~{S})-2-[(5-chloranylpyrimidin-2-yl)-methyl-amino]propan-1-ol,C8 H12 Cl N3 O,201.653,13,,,,GOL;DMS;HOH,INCLUDE,
1641,9HFG,2025-11-26,Crystal structure of human TRF1 TRFH domain in complex with compound 14,2.02,0.2525,1,1,A,,GOL;A1A34;DMS;HOH,1,A1A34,A1A34,2-methoxy-N-[(4-methylphenyl)methyl]acetamide,C11 H15 N O2,193.242,14,,,,GOL;DMS;HOH,INCLUDE,
1642,9HFH,2025-11-26,Crystal structure of human TRF1 TRFH domain in complex with compound 16,2.12,0.2628,1,1,A,,A1ITZ;DMS;HOH,1,A1ITZ,A1ITZ,"5-cyclobutyl-3-pyridin-2-yl-1,2,4-oxadiazole",C11 H11 N3 O,201.225,15,,,,DMS;HOH,INCLUDE,
1643,9HFI,2025-11-26,Crystal structure of human TRF1 TRFH domain in complex with compound 17,2.44,0.2758,1,1,A,,GOL;A1BGH;DMS;HOH,1,A1BGH,A1BGH,(3R)-3-[1-methyl-4-(trifluoromethyl)-1H-imidazol-2-yl]piperidine,C10 H14 F3 N3,233.233,16,,,,GOL;DMS;HOH,INCLUDE,
1644,9HUD,2025-11-26,Alpha-1-antitrypsin in the cleaved conformation in complex with a conformationally nonselective Fab fragment,2.42,0.2472,4,8,A;B;C;D;H;I;L;M,,EDO;GLY;CL;NA;GOL;LYS;HOH,1,LYS,LYS,LYSINE,C6 H15 N2 O2 1,147.195,10,,,NA,EDO;GLY:heavy_atoms_5;CL;GOL;HOH,RESERVE,multiple_protein_chains_8;metal_present
1645,9I24,2025-11-26,Coagulation factor Xa complex with a2-loop peptide,1.2,0.1718,4,4,C;H;I;L,,CA;NA;CL;IMD;0GJ;HOH,1,0GJ,0GJ,L-alpha-glutamyl-N-{(1S)-4-{[amino(iminio)methyl]amino}-1-[(1S)-2-chloro-1-hydroxyethyl]butyl}glycinamide,C14 H28 Cl N6 O5 1,395.862,26,0GJ;GLU;GLY;HIS;PTR;SER,,CA;NA,CL;IMD:heavy_atoms_5;HOH,EXCLUDE,candidate_may_be_covalent;multiple_protein_chains_4;metal_present
1646,9I59,2025-11-26,RVFV GnH complexed with RVFV-379 Fab,2.09,0.2511,3,6,A;B;H;L;X;Y,,GOL;PEG;HOH,0,,,,,,,,,,GOL;PEG;HOH,EXCLUDE,no_druglike_organic_ligand;multiple_protein_chains_6
1647,9IA3,2025-11-26,Bc8.108 Fab bound to preS2 peptide,1.11,0.1866,3,3,A;B;E,,EDO;PEG;HOH,0,,,,,,,,,,EDO;PEG;HOH,EXCLUDE,no_druglike_organic_ligand;multiple_protein_chains_3
1648,9IAT,2025-11-26,Bc8.121 Fab,1.54,0.2316,2,2,A;B,,EDO;HOH,0,,,,,,,,,,EDO;HOH,EXCLUDE,no_druglike_organic_ligand;multiple_protein_chains_2
1649,9KN9,2025-11-26,NSD2-PWWP1 domain bound with compound 1.,2.0,0.2746,1,2,A;B,,SO4;A1EF6;EPE;HOH,1,EPE,EPE,4-(2-HYDROXYETHYL)-1-PIPERAZINE ETHANESULFONIC ACID,C8 H18 N2 O4 S,238.305,15,,,,SO4;A1EF6:heavy_atoms_7;HOH,RESERVE,multiple_protein_chains_2
1650,9KNB,2025-11-26,NSD2-PWWP1 domain bound with compound 9,1.84,0.2752,1,1,A,,EPE;A1EF7;HOH,2,EPE;A1EF7,,,,,,A1EF7;CYS,,,HOH,MANUAL_REVIEW,multiple_candidate_ligands
1651,9LHF,2025-11-26,Crystal structure of A13 with hGSTO1,2.3,0.2478,1,2,A;B,,A1ELW;HOH,1,A1ELW,A1ELW,"1-[(2~{R})-2-[5-[4-(trifluoromethyl)phenyl]-1,3,4-thiadiazol-2-yl]pyrrolidin-1-yl]propan-1-one",C16 H16 F3 N3 O S,355.378,24,A1ELW;CYS,,,HOH,EXCLUDE,candidate_may_be_covalent;multiple_protein_chains_2
1652,9LNY,2025-11-26,Crystal structure of human heavy chain Ferritin binding with dinitrosyl iron complex modificated by phenylboronic acid,2.4,0.2424,1,1,A,,FE;MG;CL;NO;A1EKS;H2S;HOH,1,A1EKS,A1EKS,[3-(bromomethyl)phenyl]boronic acid,C7 H8 B Br O2,214.852,11,A1EKS;H2S,,FE;MG,CL;NO:no_carbon;H2S:no_carbon;HOH,EXCLUDE,candidate_may_be_covalent;metal_present
1653,9MWA,2025-11-26,Structure of human neuronal nitric oxide synthase R354A/G357D mutant heme domain bound with N-(4-(2-((3-(thiophene-2-carboximidamido)benzyl)amino)ethyl)phenyl)thiophene-2-carboximidamide,2.0,0.2301,1,4,A;B;C;D,,HEM;H4B;H44;GOL;ZN;HOH,2,H4B;H44,,,,,,,HEM,ZN,GOL;HOH,MANUAL_REVIEW,multiple_candidate_ligands;multiple_protein_chains_4;cofactor_present;metal_present
1654,9MWB,2025-11-26,Structure of human neuronal nitric oxide synthase R354A/G357D mutant heme domain bound with N-(4-(2-((3-(furan-2-carboximidamido)benzyl)amino)ethyl)phenyl)furan-2-carboximidamide,1.993,0.2535,1,4,A;B;C;D,,HEM;H4B;A1BTY;GOL;ZN;HOH,2,H4B;A1BTY,,,,,,,HEM,ZN,GOL;HOH,MANUAL_REVIEW,multiple_candidate_ligands;multiple_protein_chains_4;cofactor_present;metal_present
1655,9MWC,2025-11-26,"Structure of human neuronal nitric oxide synthase R354A/G357D mutant heme domain bound with N-(3-(((2-(3-(aminomethyl)-[1,1'-biphenyl]-4-yl)ethyl)amino)methyl)phenyl)furan-2-carboximidamide",2.5,0.2493,1,4,A;B;C;D,,HEM;H4B;A1BT2;GOL;ZN;HOH,2,H4B;A1BT2,,,,,,,HEM,ZN,GOL;HOH,MANUAL_REVIEW,multiple_candidate_ligands;multiple_protein_chains_4;cofactor_present;metal_present
1656,9MWN,2025-11-26,Structure of human endothelial nitric oxide synthase heme domain bound with N-(4-(2-((3-(thiophene-2-carboximidamido)benzyl)amino)ethyl)phenyl)thiophene-2-carboximidamide,2.0,0.2345,1,4,A;B;C;D,,HEM;H4B;H44;ACT;BTB;GOL;CL;GD;ZN;HOH,3,H4B;H44;BTB,,,,,,,HEM,ZN,ACT;GOL;CL;GD:no_carbon;HOH,MANUAL_REVIEW,multiple_candidate_ligands;multiple_protein_chains_4;cofactor_present;metal_present
1657,9MWO,2025-11-26,Structure of human endothelial nitric oxide synthase heme domain bound with N-(4-(2-((3-(thiophene-2-carboximidamido)benzyl)amino)ethyl)phenyl)thiophene-2-carboximidamide,1.76,0.2332,1,4,A;B;C;D,,HEM;H4B;A1BTY;BTB;GOL;CL;GD;ZN;HOH,3,H4B;A1BTY;BTB,,,,,,,HEM,ZN,GOL;CL;GD:no_carbon;HOH,MANUAL_REVIEW,multiple_candidate_ligands;multiple_protein_chains_4;cofactor_present;metal_present
1658,9MWP,2025-11-26,Structure of human endothelial nitric oxide synthase heme domain bound with N-(4-(2-((3-(furan-3-carboximidamido)benzyl)amino)ethyl)phenyl)furan-3-carboximidamide,1.86,0.2136,1,2,A;B,,HEM;H4B;A1BT1;ACT;BTB;GOL;GD;ZN;HOH,3,H4B;A1BT1;BTB,,,,,,,HEM,ZN,ACT;GOL;GD:no_carbon;HOH,MANUAL_REVIEW,multiple_candidate_ligands;multiple_protein_chains_2;cofactor_present;metal_present
1659,9MWQ,2025-11-26,Structure of human endothelial nitric oxide synthase heme domain bound with N-(4-(2-((3-(isoxazole-3-carboximidamido)benzyl)amino)ethyl)phenyl)isoxazole-3-carboximidamide,1.938,0.2109,1,4,A;B;C;D,,HEM;H4B;A1BT0;BTB;GOL;CL;GD;ZN;CA;HOH,3,H4B;A1BT0;BTB,,,,,,,HEM,ZN;CA,GOL;CL;GD:no_carbon;HOH,MANUAL_REVIEW,multiple_candidate_ligands;multiple_protein_chains_4;cofactor_present;metal_present
1660,9MWR,2025-11-26,Structure of human endothelial nitric oxide synthase heme domain bound with N-(4-(2-((3-(thiazole-2-carboximidamido)benzyl)amino)ethyl)phenyl)thiazole-2-carboximidamide,1.97,0.2108,1,4,A;B;C;D,,HEM;H4B;A1BTV;ACT;BTB;GOL;CL;GD;ZN;CA;HOH,3,H4B;A1BTV;BTB,,,,,,,HEM,ZN;CA,ACT;GOL;CL;GD:no_carbon;HOH,MANUAL_REVIEW,multiple_candidate_ligands;multiple_protein_chains_4;cofactor_present;metal_present
1661,9MWS,2025-11-26,Structure of human endothelial nitric oxide synthase heme domain bound with N-(3-(2-((3-(thiazole-5-carboximidamido)benzyl)amino)ethyl)phenyl)thiazole-5-carboximidamide,1.899,0.2025,1,4,A;B;C;D,,HEM;H4B;A1BTX;BTB;GOL;CL;GD;ZN;CA;HOH,3,H4B;A1BTX;BTB,,,,,,,HEM,ZN;CA,GOL;CL;GD:no_carbon;HOH,MANUAL_REVIEW,multiple_candidate_ligands;multiple_protein_chains_4;cofactor_present;metal_present
1662,9MWT,2025-11-26,Structure of human endothelial nitric oxide synthase heme domain bound with N-(3-(2-((3-(furan-2-carboximidamido)benzyl)amino)ethyl)phenyl)furan-2-carboximidamide,1.9,0.233,1,4,A;B;C;D,,HEM;H4B;A1BT6;BTB;ACT;CL;GD;ZN;GOL;CA;HOH,3,H4B;A1BT6;BTB,,,,,,,HEM,ZN;CA,ACT;CL;GD:no_carbon;GOL;HOH,MANUAL_REVIEW,multiple_candidate_ligands;multiple_protein_chains_4;cofactor_present;metal_present
1663,9MWU,2025-11-26,"Structure of human endothelial nitric oxide synthase heme domain bound with N-(3-(((2-(3-(aminomethyl)-[1,1'-biphenyl]-4-yl)ethyl)amino)methyl)phenyl)furan-2-carboximidamide",1.736,0.1819,1,2,A;B,,HEM;H4B;A1BT2;ACT;BTB;GOL;CL;GD;ZN;HOH,3,H4B;A1BT2;BTB,,,,,,,HEM,ZN,ACT;GOL;CL;GD:no_carbon;HOH,MANUAL_REVIEW,multiple_candidate_ligands;multiple_protein_chains_2;cofactor_present;metal_present
1664,9MWV,2025-11-26,"Structure of human endothelial nitric oxide synthase heme domain bound with N-(3-(((2-(3-(aminomethyl)-[1,1'-biphenyl]-4-yl)ethyl)amino)methyl)phenyl)thiophene-2-carboximidamide",1.896,0.2185,1,4,A;B;C;D,,HEM;H4B;A1BT9;ACT;BTB;GOL;CL;GD;ZN;CA;HOH,3,H4B;A1BT9;BTB,,,,,,,HEM,ZN;CA,ACT;GOL;CL;GD:no_carbon;HOH,MANUAL_REVIEW,multiple_candidate_ligands;multiple_protein_chains_4;cofactor_present;metal_present
1665,9MWW,2025-11-26,"Structure of human endothelial nitric oxide synthase heme domain bound with N-(3-(((2-(3-(aminomethyl)-[1,1'-biphenyl]-4-yl)ethyl)amino)methyl)phenyl)thiazole-5-carboximidamide",1.8,0.2314,1,4,A;B;C;D,,HEM;H4B;A1BTW;ACT;BTB;GOL;CL;ZN;CA;GD;HOH,3,H4B;A1BTW;BTB,,,,,,,HEM,ZN;CA,ACT;GOL;CL;GD:no_carbon;HOH,MANUAL_REVIEW,multiple_candidate_ligands;multiple_protein_chains_4;cofactor_present;metal_present
1666,9MWX,2025-11-26,Structure of human endothelial nitric oxide synthase heme domain bound withN-(4-(2-((3-(thiazole-5-carboximidamido)benzyl)amino)ethyl)phenyl)thiazole-5-carboximidamide,1.839,0.2344,1,4,A;B;C;D,,HEM;H4B;A1BT5;BTB;GOL;CL;GD;ZN;CA;HOH,3,H4B;A1BT5;BTB,,,,,,,HEM,ZN;CA,GOL;CL;GD:no_carbon;HOH,MANUAL_REVIEW,multiple_candidate_ligands;multiple_protein_chains_4;cofactor_present;metal_present
1667,9OGN,2025-11-26,Crystal Structure of KPT396 in complex with CRM1-Ran-RanBP1,2.414,0.2236,3,3,A;B;C,,GNP;MG;GOL;CL;A1CBD;HOH,2,GNP;A1CBD,,,,,,A1CBD;CYS,,MG,GOL;CL;HOH,MANUAL_REVIEW,multiple_candidate_ligands;multiple_protein_chains_3;metal_present
1668,9OGO,2025-11-26,Crystal Structure of KPT185 in complex with CRM1(EH mutant)-Ran-RanBP1,2.37,0.236,3,3,A;B;C,,GNP;MG;K85;CL;GOL;HOH,2,GNP;K85,,,,,,CYS;K85,,MG,CL;GOL;HOH,MANUAL_REVIEW,multiple_candidate_ligands;multiple_protein_chains_3;metal_present
1669,9P6A,2025-11-26,The catalytic domain of MEKK2 in complex with ponatinib,2.4,0.2464,1,2,A;B,,0LI;HOH,1,0LI,0LI,"3-(imidazo[1,2-b]pyridazin-3-ylethynyl)-4-methyl-N-{4-[(4-methylpiperazin-1-yl)methyl]-3-(trifluoromethyl)phenyl}benzam ide",C29 H27 F3 N6 O,532.559,39,,,,HOH,RESERVE,multiple_protein_chains_2
1670,9R1W,2025-11-26,PLK1 SURFACE ENTROPY REDUCTION (SER) MUTANT IN COMPLEX WITH THIAZOLIDINONE INHIBITOR COMPOUND 1,2.2,0.2158,1,2,AAA;BBB,,A1JCP;SO4;GOL;CL;HOH,1,A1JCP,A1JCP,"(2~{Z})-2-cyano-2-[3-ethyl-5-[(~{E})-[2-[methyl-(1-methylpiperidin-4-yl)amino]pyridin-4-yl]iminomethyl]-4-oxidanylidene-1,3-thiazol-2-ylidene]-~{N}-[2,2,2-tris(fluoranyl)ethyl]ethanamide",C23 H28 F3 N7 O2 S,523.574,36,,,,SO4;GOL;CL;HOH,RESERVE,multiple_protein_chains_2
1671,9R8B,2025-11-26,CRYSTAL STRUCTURE OF WILD-TYPE PLK1 KINASE DOMAIN IN COMPLEX WITH THIAZOLIDINONE INHIBITOR COMPOUND 1 AND A SELECTIVE DARPIN,2.2,0.2385,2,4,A;B;C;D,,A1JCP;GOL;CL;HOH,1,A1JCP,A1JCP,"(2~{Z})-2-cyano-2-[3-ethyl-5-[(~{E})-[2-[methyl-(1-methylpiperidin-4-yl)amino]pyridin-4-yl]iminomethyl]-4-oxidanylidene-1,3-thiazol-2-ylidene]-~{N}-[2,2,2-tris(fluoranyl)ethyl]ethanamide",C23 H28 F3 N7 O2 S,523.574,36,,,,GOL;CL;HOH,RESERVE,multiple_protein_chains_4
1672,9R8C,2025-11-26,CRYSTAL STRUCTURE OF WILD-TYPE PLK1 KINASE DOMAIN IN COMPLEX WITH THIAZOLIDINONE INHIBITOR COMPOUND 1 AND A SELECTIVE DARPIN,2.243,0.236,2,4,A;B;C;D,,R78;GOL;HOH,1,R78,R78,"4-{[(7R)-8-cyclopentyl-7-ethyl-5-methyl-6-oxo-5,6,7,8-tetrahydropteridin-2-yl]amino}-3-methoxy-N-(1-methylpiperidin-4-yl)benzamide",C28 H39 N7 O3,521.654,38,,,,GOL;HOH,RESERVE,multiple_protein_chains_4
1673,9T29,2025-11-26,Jumonji domain-containing protein 2D with crystallization epitope mutation Q41R,2.013,0.2501,1,1,A,,ZN;NI;HOH,0,,,,,,,,,ZN;NI,HOH,EXCLUDE,no_druglike_organic_ligand;metal_present
1674,9T2G,2025-11-26,Human PRKCBP1 zinc finger MYND-type containing 8 with crystallization epitope mutations N221R:M226H,1.66,0.269,1,1,A,,ZN;HOH,0,,,,,,,,,ZN,HOH,EXCLUDE,no_druglike_organic_ligand;metal_present
1675,9T2Z,2025-11-26,Spindlin 1 with crystallization epitope mutations H127D:L128D:T131R,1.87,0.2879,1,1,A,,EDO;HOH,0,,,,,,,,,,EDO;HOH,EXCLUDE,no_druglike_organic_ligand
1676,9YV4,2025-11-26,Crystal structure of the human DCAF1 WDR domain in complex with OICR-41109,1.6,0.19364,1,2,A;B,,A1CY9;NA;UNX;HOH,1,A1CY9,A1CY9,(4P)-4-(4-chloro-2-fluorophenyl)-N-[(1S)-1-(3-chloro-4-fluorophenyl)-2-cyanoethyl]-5-[(1E)-3-oxo-3-(pyrrolidin-1-yl)prop-1-en-1-yl]-1H-pyrrole-3-carboxamide,C27 H22 Cl2 F2 N4 O2,543.392,37,,,NA,UNX:missing_formula;HOH,RESERVE,multiple_protein_chains_2;metal_present
1677,9Z2L,2025-11-26,The ubiquitin-associated domain of human thirty-eight negative kinase-1 rigidly fused to the 1TEL crystallization chaperone,2.02,0.2739,1,2,A;B,,SO4;NA;CL;HOH,0,,,,,,,,,NA,SO4;CL;HOH,EXCLUDE,no_druglike_organic_ligand;multiple_protein_chains_2;metal_present
1678,9EBG,2025-11-19,Crystal structure of the hERalpha LBD complexed with androstenediol and SRC 2-2 peptide,2.02,0.2479,2,4,A;B;C;D,,B81;HOH,1,B81,B81,"(3alpha,8alpha,17beta)-androst-5-ene-3,17-diol",C19 H30 O2,290.44,21,,,,HOH,RESERVE,multiple_protein_chains_4
1679,9EBL,2025-11-19,Crystal structure of the hERbeta LBD complexed with androstenediol and SRC 2-2 peptide (crystal form 1),2.2,0.2765,2,8,A;B;C;D;E;F;G;H,,B81;HOH,1,B81,B81,"(3alpha,8alpha,17beta)-androst-5-ene-3,17-diol",C19 H30 O2,290.44,21,,,,HOH,RESERVE,multiple_protein_chains_8
1680,9ECF,2025-11-19,Crystal structure of the hERbeta LBD complexed with androstenediol and SRC 2-2 peptide (crystal form 2),2.0,0.2775,2,16,A;B;C;D;E;F;G;H;I;J;K;L;M;N;O;P,,B81;HOH,1,B81,B81,"(3alpha,8alpha,17beta)-androst-5-ene-3,17-diol",C19 H30 O2,290.44,21,,,,HOH,RESERVE,multiple_protein_chains_16
1681,9ECG,2025-11-19,PANK3 complex structure with compound PZ-5588,2.092,0.2372,1,1,A,,EDO;A1BHG;ANP;MG;CL;HOH,2,A1BHG;ANP,,,,,,,,MG,EDO;CL;HOH,MANUAL_REVIEW,multiple_candidate_ligands;metal_present
1682,9ECH,2025-11-19,PANK3 complex structure with compound PZ-5578,2.043,0.227,1,1,A,,A1BHH;MG;ANP;EDO;ACT;HOH,2,A1BHH;ANP,,,,,,,,MG,EDO;ACT;HOH,MANUAL_REVIEW,multiple_candidate_ligands;metal_present
1683,9EFJ,2025-11-19,Irreversible Mcl-1/HIT2 Complex,1.82,0.2947,1,1,A,,A1BI3;HOH,1,A1BI3,A1BI3,"(1R)-N-{5-[(dihydroxy-lambda~4~-sulfanyl)oxy]pyridin-3-yl}-2,3-dihydro-1H-indene-1-carboxamide",C15 H14 N2 O5 S,334.347,23,A1BI3;HIS,,,HOH,EXCLUDE,candidate_may_be_covalent
1684,9GTO,2025-11-19,NCS-1 bound to a FDA ligand 1,2.3,0.2444,1,1,B,,CA;A1IPH;DMS;HOH,1,A1IPH,A1IPH,"(5-methyl-2-oxidanylidene-1,3-dioxol-4-yl)methyl 2-ethoxy-3-[[4-[2-(5-oxidanylidene-4~{H}-1,2,4-oxadiazol-3-yl)phenyl]phenyl]methyl]benzimidazole-4-carboxylate",C30 H24 N4 O8,568.534,42,,,CA,DMS;HOH,RESERVE,metal_present
1685,9GU6,2025-11-19,NCS-1 bound to FDA ligand 3,1.93,0.256,1,4,B;D;F;H,,CA;117;NA;MLI;ACY;SIN;FMT;HOH,1,117,117,"7-[2-(4-FLUORO-PHENYL)-5-ISOPROPYL-3-PHENYL-4-PHENYLCARBAMOYL-PYRROL-1-YL]- 3,5-DIHYDROXY-HEPTANOIC ACID",C33 H35 F N2 O5,558.64,41,,,CA;NA,MLI:heavy_atoms_7;ACY;SIN:heavy_atoms_8;FMT;HOH,RESERVE,multiple_protein_chains_4;metal_present
1686,9GU8,2025-11-19,NCS-1 bound to a FDA ligand 4,1.67,0.234,1,1,B,,CA;YG7;1PE;GOL;NA;HOH,1,YG7,YG7,5-{4-[4-(5-cyano-1H-indol-3-yl)butyl]piperazin-1-yl}-1-benzofuran-2-carboxamide,C26 H27 N5 O2,441.525,33,,,CA;NA,1PE;GOL;HOH,RESERVE,metal_present
1687,9HBA,2025-11-19,Crystal structure of C35 bound to Hem,1.51,0.2149,2,4,A;B;C;D,,HEM;GOL;A1ITR;DMS;CMO;ACY;SO4;PGE;HOH,1,A1ITR,A1ITR,"4-[2-[[5-(1H-indol-3-yl)-1,3,4-oxadiazol-2-yl]sulfanyl]ethanoylamino]benzoic acid",C19 H14 N4 O4 S,394.404,28,,HEM,,GOL;DMS;CMO:heavy_atoms_2;ACY;SO4;PGE;HOH,RESERVE,multiple_protein_chains_4;cofactor_present
1688,9HBM,2025-11-19,Crystal structure of human NUDT14 in complex with a potent inhibitor (MA-955-10),1.83,0.2694,1,2,A;B,,A1ITN;MG;HOH,1,A1ITN,A1ITN,"1-(1-methylpiperidin-4-yl)-3-(4-propan-2-yloxyphenyl)pyrazolo[3,4-d]pyrimidin-4-amine",C20 H26 N6 O,366.46,27,,,MG,HOH,RESERVE,multiple_protein_chains_2;metal_present
1689,9HCL,2025-11-19,Crystal structure of human TRF1 TRFH domain in complex with compound 12,1.87,0.2203,1,1,A,,TWC;DMS;GOL;HOH,1,TWC,TWC,"2-ethyl-5-(trifluoromethyl)-2,4-dihydro-3H-pyrazol-3-one",C6 H7 F3 N2 O,180.128,12,,,,DMS;GOL;HOH,INCLUDE,
1690,9HCM,2025-11-19,Crystal structure of human TRF1 TRFH domain in complex with compound 45,2.32,0.3137,1,1,A,,LX7;DMS;EDO;CA;HOH,1,LX7,LX7,1-[4-(trifluoromethyloxy)phenyl]thiourea,C8 H7 F3 N2 O S,236.214,15,,,CA,DMS;EDO;HOH,RESERVE,r_free_above_0.28;metal_present
1691,9HCN,2025-11-19,Crystal structure of human TRF1 TRFH domain in complex with compound 46,1.93,0.2241,1,1,A,,UVA;EDO;CA;HOH,1,UVA,UVA,N-methyl-2-(methylsulfonyl)aniline,C8 H11 N O2 S,185.243,12,,,CA,EDO;HOH,RESERVE,metal_present
1692,9HCP,2025-11-19,Crystal structure of human TRF1 TRFH domain in complex with compound 15,1.7,0.2401,1,1,A,,LL0;EDO;1PE;CA;HOH,1,LL0,LL0,2-(difluoromethoxy)benzene-1-sulfonamide,C7 H7 F2 N O3 S,223.197,14,,,CA,EDO;1PE;HOH,RESERVE,metal_present
1693,9HCQ,2025-11-19,Crystal structure of human TRF1 TRFH domain in complex with compound 47,1.96,0.2453,1,1,A,,EDO;JHJ;CA;HOH,1,JHJ,JHJ,N-(4-methoxyphenyl)-N'-pyridin-4-ylurea,C13 H13 N3 O2,243.261,18,,,CA,EDO;HOH,RESERVE,metal_present
1694,9HCR,2025-11-19,Crystal structure of human TRF1 TRFH domain in complex with compound 48,1.931,0.2168,1,1,A,,W1P;EDO;DMS;CA;HOH,1,W1P,W1P,"5-methyl-2-phenyl-2,4-dihydro-3H-pyrazol-3-one",C10 H10 N2 O,174.199,13,,,CA,EDO;DMS;HOH,RESERVE,metal_present
1695,9HCS,2025-11-19,Crystal structure of human TRF1 TRFH domain in complex with compound 49,2.2,0.2423,1,1,A,,JGA;EDO;DMS;HOH,1,JGA,JGA,"N-ethyl-N'-(5-methyl-1,2-oxazol-3-yl)urea",C7 H11 N3 O2,169.181,12,,,,EDO;DMS;HOH,INCLUDE,
1696,9HCT,2025-11-19,Crystal structure of human TRF1 TRFH domain in complex with compound 50,1.7,0.2404,1,1,A,,B0V;EDO;CA;DMS;HOH,1,B0V,B0V,"2-methoxy-~{N}-(2,4,6-trimethylphenyl)ethanamide",C12 H17 N O2,207.269,15,,,CA,EDO;DMS;HOH,RESERVE,metal_present
1697,9HCU,2025-11-19,Crystal structure of human TRF1 TRFH domain in complex with compound 51,2.07,0.2599,1,1,A,,ZU7;EDO;CA;HOH,1,ZU7,ZU7,N-(4-fluorophenyl)-2-(piperazin-1-yl)acetamide,C12 H16 F N3 O,237.273,17,,,CA,EDO;HOH,RESERVE,metal_present
1698,9HCV,2025-11-19,Crystal structure of human TRF1 TRFH domain in complex with compound 16,2.08,0.2684,1,1,A,,EDO;A1ITZ;CA;HOH,1,A1ITZ,A1ITZ,"5-cyclobutyl-3-pyridin-2-yl-1,2,4-oxadiazole",C11 H11 N3 O,201.225,15,,,CA,EDO;HOH,RESERVE,metal_present
1699,9HCW,2025-11-19,Crystal structure of human TRF1 TRFH domain in complex with compound 52,2.08,0.2553,1,1,A,,A1IT0;HOH,1,A1IT0,A1IT0,1-(methylsulfonylamino)cyclohexane-1-carboxylic acid,C8 H15 N O4 S,221.274,14,,,,HOH,INCLUDE,
1700,9HCX,2025-11-19,Crystal structure of human TRF1 TRFH domain in complex with compound 53,1.69,0.2471,1,1,A,,W0S;EDO;DMS;CA;HOH,1,W0S,W0S,"1-(3,4,5-trimethoxyphenyl)methanamine",C10 H15 N O3,197.231,14,,,CA,EDO;DMS;HOH,RESERVE,metal_present
1701,9HCY,2025-11-19,Crystal structure of human TRF1 TRFH domain in complex with compound 54,1.93,0.2228,1,1,A,,A9E;EDO;CA;HOH,1,A9E,A9E,2-(4-ethylphenoxy)-1-piperidin-1-yl-ethanone,C15 H21 N O2,247.333,18,,,CA,EDO;HOH,RESERVE,metal_present
1702,9HCZ,2025-11-19,Crystal structure of human TRF1 TRFH domain in complex with compound 6,1.55,0.2143,1,1,A,,TT3;EDO;DMS;CA;HOH,1,TT3,TT3,"2-(3-fluorophenoxy)-N,N-dimethylacetamide",C10 H12 F N O2,197.206,14,,,CA,EDO;DMS;HOH,RESERVE,metal_present
1703,9HD0,2025-11-19,Crystal structure of human TRF1 TRFH domain in complex with compound 55,1.93,0.2228,1,1,A,,A9E;EDO;CA;HOH,1,A9E,A9E,2-(4-ethylphenoxy)-1-piperidin-1-yl-ethanone,C15 H21 N O2,247.333,18,,,CA,EDO;HOH,RESERVE,metal_present
1704,9HD1,2025-11-19,Crystal structure of human TRF1 TRFH domain in complex with compound 59,1.73,0.2266,1,1,A,,XH1;EDO;1PE;CA;HOH,0,,,,,,,,,CA,XH1:heavy_atoms_7;EDO;1PE;HOH,EXCLUDE,no_druglike_organic_ligand;metal_present
1705,9HD2,2025-11-19,Crystal structure of human TRF1 TRFH domain in complex with compound 40,2.07,0.2678,1,1,A,,A1ITY;EDO;DMS;CA;HOH,1,A1ITY,A1ITY,"4-[(3,5-dimethoxyphenyl)methoxy]naphthalene-1-sulfonic acid",C19 H18 O6 S,374.408,26,,,CA,EDO;DMS;HOH,RESERVE,metal_present
1706,9HD3,2025-11-19,Crystal structure of human TRF1 TRFH domain in complex with compound 27,2.19,0.2738,1,1,A,,A1ITX;EDO;CA;HOH,1,A1ITX,A1ITX,4-ethoxynaphthalene-1-sulfonic acid,C12 H12 O4 S,252.286,17,,,CA,EDO;HOH,RESERVE,metal_present
1707,9HD6,2025-11-19,Human Carbonic anhydrase II in complex with 4-fluoro-1-hydroxypyridine-2(1H)-thione,1.6,0.2256,1,1,AAA,,EDO;ZN;A1IT7;HOH,0,,,,,,,,,ZN,EDO;A1IT7:heavy_atoms_9;HOH,EXCLUDE,no_druglike_organic_ligand;metal_present
1708,9HD9,2025-11-19,Crystal structure of human TRF1 TRFH domain in complex with compound 1,1.87,0.2659,1,1,A,,UUP;EDO;HOH,1,UUP,UUP,"N-cyclopropylpyrazolo[1,5-a]pyrimidine-3-carboxamide",C10 H10 N4 O,202.213,15,,,,EDO;HOH,INCLUDE,
1709,9HDA,2025-11-19,Crystal structure of human TRF1 TRFH domain in complex with compound 58,2.1,0.2829,1,1,A,,PYZ;EDO;HOH,0,,,,,,,,,,PYZ:heavy_atoms_6;EDO;HOH,EXCLUDE,no_druglike_organic_ligand
1710,9HDW,2025-11-19,Orotidine 5'-monophosphate decarboxylase-domain of human UMPS in complex with the product UMP at 0.83 Angstroms resolution,0.83,0.1187,1,1,A,,U5P;GOL;HOH,1,U5P,U5P,URIDINE-5'-MONOPHOSPHATE,C9 H13 N2 O9 P,324.181,21,CSS;HIS;LYS,,,GOL;HOH,INCLUDE,
1711,9HT6,2025-11-19,Crystal structure of Tetraspanin CD82 Large Extracellular Loop (LEL),2.4,0.2756,1,2,A;B,,PEG;HOH,0,,,,,,,,,,PEG;HOH,EXCLUDE,no_druglike_organic_ligand;multiple_protein_chains_2
1712,9HUB,2025-11-19,D11 mAbs bound to alpha-Bungarotoxin at pH 7.5,1.33,0.1946,3,6,B;C;I;M;X;Z,,EDO;HOH,0,,,,,,,,,,EDO;HOH,EXCLUDE,no_druglike_organic_ligand;multiple_protein_chains_6
1713,9HUO,2025-11-19,A01 mAbs bound to cobratoxin at pH 5.5,1.6,0.2252,3,6,A;B;C;D;I;M,,GOL;CL;K;NA;SO4;HOH,0,,,,,,,,,K;NA,GOL;CL;SO4;HOH,EXCLUDE,no_druglike_organic_ligand;multiple_protein_chains_6;metal_present
1714,9HUR,2025-11-19,Crystal structure of Tetraspanin CD63mutant Large Extracellular Loop (LEL) in complex with sybody LA4,1.65,0.238,2,2,A;B,,SO4;NA;HOH,0,,,,,,,,,NA,SO4;HOH,EXCLUDE,no_druglike_organic_ligand;multiple_protein_chains_2;metal_present
1715,9HXO,2025-11-19,A01 mAbs bound to cobratoxin at pH 6.0,1.49,0.2485,3,6,A;B;C;D;I;M,,CL;GOL;TRS;SO4;NA;HOH,0,,,,,,,,,NA,CL;GOL;TRS;SO4;HOH,EXCLUDE,no_druglike_organic_ligand;multiple_protein_chains_6;metal_present
1716,9KBO,2025-11-19,"Crystal structure of human Shiftless (SFL) containing phosphorylation sites Ser249, Thr250, Thr253 and Ser256",2.0,0.2858,1,4,A;B;C;D,,ZN;HOH,0,,,,,,,ALA;CYS;GLN;GLY;LEU;SEP;TPO;VAL,,ZN,HOH,EXCLUDE,no_druglike_organic_ligand;multiple_protein_chains_4;metal_present
1717,9NWX,2025-11-19,Discovery of a Small Molecule ITK and Pan-TRK Kinase Inhibitor (PF-07245303) for the Potential Topical Treatment of Atopic Dermatitis,1.348,0.2274,1,1,A,,A1B66;HOH,1,A1B66,A1B66,"(2S)-N-methyl-N-{6-methyl-2-[(4aS,5aR)-5a-methyl-1,4,4a,5,5a,6-hexahydrocyclopropa[f]indazol-3-yl]-1H-1,3-benzimidazol-5-yl}-2-(morpholin-4-yl)propanamide",C25 H32 N6 O2,448.561,33,,,,HOH,INCLUDE,
1718,9O05,2025-11-19,Structure of human MAIT A-F7 TCR in complex with human MR1-riboflavin,1.95,0.2009,4,8,A;B;C;D;E;F;G;H,,RBF;ACT;GOL;CL;NA;HOH,1,RBF,RBF,RIBOFLAVIN,C17 H20 N4 O6,376.364,27,,,NA,ACT;GOL;CL;HOH,RESERVE,multiple_protein_chains_8;metal_present
1719,9O06,2025-11-19,Structure of human MAIT A-F7 TCR in complex with human MR1-10-formylmethylflavin,2.0,0.2099,4,8,A;B;C;D;E;F;G;H,,A1B7N;GOL;NA;HOH,1,A1B7N,A1B7N,"(7,8-dimethyl-2,4-dioxo-3,4-dihydrobenzo[g]pteridin-10(2H)-yl)acetaldehyde",C14 H12 N4 O3,284.27,21,,,NA,GOL;HOH,RESERVE,multiple_protein_chains_8;metal_present
1720,9O07,2025-11-19,Structure of human MAIT A-F7 TCR in complex with human MR1-lumiflavin,1.97,0.1945,4,8,A;B;C;D;E;F;G;H,,LFN;NA;GOL;HOH,1,LFN,LFN,LUMIFLAVIN,C13 H12 N4 O2,256.26,19,,,NA,GOL;HOH,RESERVE,multiple_protein_chains_8;metal_present
1721,9O08,2025-11-19,Structure of human MAIT A-F7 TCR in complex with human MR1-lumichrome,2.2,0.2199,4,8,A;B;C;D;E;F;G;H,,GOL;LUM;CL;HOH,1,LUM,LUM,LUMICHROME,C12 H10 N4 O2,242.233,18,LUM;LYS,,,GOL;CL;HOH,EXCLUDE,candidate_may_be_covalent;multiple_protein_chains_8
1722,9OHV,2025-11-19,CD1c presenting dual lipids MPM and GD3 ganglioside,2.12,0.26,2,2,A;B,,NAG;A1CB4;MK0;CL;KZF;HOH,2,MK0;KZF,,,,,,ASN;NAG,,,NAG;A1CB4:mw_1472.7;CL;HOH,MANUAL_REVIEW,multiple_candidate_ligands;multiple_protein_chains_2
1723,9OHW,2025-11-19,CD1c presenting GM1 ganglioside,2.5,0.2465,2,2,A;B,,NAG;MK0;GGG;KZF;MLA;A1CB7;HOH,3,MK0;GGG;KZF,,,,,,ASN;NAG,,,NAG;MLA;A1CB7:mw_1546.8;HOH,MANUAL_REVIEW,multiple_candidate_ligands;multiple_protein_chains_2
1724,9OHX,2025-11-19,CD1c presenting endogenous lipids,1.68,0.2167,2,2,A;B,,NAG;KZF;EKG;D10;D12;R16;HOH,5,KZF;EKG;D10;D12;R16,,,,,,ASN;NAG,,,NAG;HOH,MANUAL_REVIEW,multiple_candidate_ligands;multiple_protein_chains_2
1725,9OHY,2025-11-19,CD1c presenting phosphomycoketide in its open conformation,2.2,0.2421,2,2,A;B,,Z7B;NAG;D12;KZF;GGG;MLA;HOH,4,Z7B;D12;KZF;GGG,,,,,,ASN;NAG,,,NAG;MLA;HOH,MANUAL_REVIEW,multiple_candidate_ligands;multiple_protein_chains_2
1726,9OHZ,2025-11-19,Crystal structure of CD1a presenting ganglioside GD3,2.14,0.2475,2,2,A;B,,NAG;A1CB9;HOH,1,A1CB9,A1CB9,"N-{(2S,3R)-1-[(4-O-beta-D-galactopyranosyl-beta-D-glucopyranosyl)oxy]-3-hydroxyoctadecan-2-yl}tetracosanamide",C54 H105 N O13,976.41,68,ASN;NAG,,,NAG;HOH,RESERVE,multiple_protein_chains_2
1727,9OI0,2025-11-19,Crystal structure of CD1b presenting ganglioside GD3,1.84,0.2655,2,2,A;B,,IOD;CL;EDO;A1CDL;CUY;NA;HOH,2,A1CDL;CUY,,,,,,ASN;BMA;FUC;MAN;NAG,,NA,IOD;CL;EDO;HOH,MANUAL_REVIEW,multiple_candidate_ligands;multiple_protein_chains_2;metal_present
1728,9PHR,2025-11-19,BTB modified at C151 with monobimane,1.801,0.282,1,1,A,,9UM;HOH,1,9UM,9UM,"3-(bromomethyl)-2,5,6-trimethyl-1H,7H-pyrazolo[1,2-a]pyrazole-1,7-dione",C10 H11 Br N2 O2,271.111,15,9UM;CYS,,,HOH,EXCLUDE,candidate_may_be_covalent
1729,9QPU,2025-11-19,"Structure of human butyrylcholinesterase inhibited by the Ellman's reaction product, 2-[(3-carboxy-4-nitrophenyl)disulfanyl]ethyl-trimethylazanium",2.5,0.2382,1,1,A,,NAG;A1I9A;ETM;GOL;ACT;SO4;NA;HOH,1,A1I9A,A1I9A,2-[(3-carboxy-4-nitro-phenyl)disulfanyl]ethyl-trimethyl-azanium,C12 H17 N2 O4 S2 1,317.404,20,ASN;CYS;ETM;FUC;NAG,,NA,NAG;ETM:heavy_atoms_7;GOL;ACT;SO4;HOH,RESERVE,metal_present
1730,9R6N,2025-11-19,Crystal structure of ALDH1A2 in complex with KyA33,1.4,0.1767,1,4,A;B;C;D,,EDO;A1IDQ;HOH,1,A1IDQ,A1IDQ,"3-ethyl-~{N}-(8-methyl-2-oxidanylidene-3,4-dihydro-1~{H}-quinolin-6-yl)pyridine-4-carboxamide",C18 H19 N3 O2,309.362,23,,,,EDO;HOH,RESERVE,multiple_protein_chains_4
1731,9S62,2025-11-19,Galectin-3 in complex with N-[4-O-(beta-d-Galactopyranosyl)-beta-d-glucopyranosyl]-N-(3-carboxyphenyl)acetamide,1.059,0.167,1,1,A,,A1JL1;HOH,1,A1JL1,A1JL1,3-acetamidobenzoic acid,C9 H9 N O3,179.173,13,A1JL1;ASO;GAL,,,HOH,EXCLUDE,candidate_may_be_covalent
1732,9SFM,2025-11-19,Crystal structure of Cereblon-DDB1 in complex with SB-405483 and Lenalidomide,2.39,0.2441,2,2,A;B,,EDO;ZN;LVY;A1CEG;HOH,2,LVY;A1CEG,,,,,,,,ZN,EDO;HOH,MANUAL_REVIEW,multiple_candidate_ligands;multiple_protein_chains_2;metal_present
1733,9YLH,2025-11-19,"Human p38 ALPHA MAPK:MW01-8-105SRM N,N-Dimethyl-6-phenyl-5-(4-pyridinyl)-3-pyridazinamine inhibitor complex",2.02,0.2387,1,1,A,,ZN;GG5;A1CX9;HOH,2,GG5;A1CX9,,,,,,ASP;CME;GLU;GLY;MET;TPO,,ZN,HOH,MANUAL_REVIEW,multiple_candidate_ligands;metal_present
1734,9YZV,2025-11-19,Joint Xray/Neutron structure of human DJ-1 at room temperature,1.63,0.1548,1,1,A,,D8U;HOH,0,,,,,,,ALA;CSD;ILE,,,D8U:no_carbon;HOH,EXCLUDE,no_druglike_organic_ligand
1735,9I3Q,2025-11-12,Crystal structure of DNPH1 bound by compound 2.,1.597,0.2643,1,2,A;B,,A1IZR;HOH,1,A1IZR,A1IZR,"4-[[1,1-bis(oxidanylidene)-7-propan-2-yl-4~{H}-1$l^{6},2,4-benzothiadiazin-3-yl]amino]-2,6-bis(chloranyl)phenol",C16 H15 Cl2 N3 O3 S,400.28,25,,,,HOH,RESERVE,multiple_protein_chains_2
1736,9I57,2025-11-12,Crystal structure of DNPH1 bound by compound 39.,1.217,0.2192,1,2,A;B,,MG;A1IZW;CL;HOH,1,A1IZW,A1IZW,3-(3-methoxyphenyl)-4-[[4-[[(3~{S})-1-pyridazin-3-ylpyrrolidin-3-yl]amino]quinazolin-2-yl]amino]benzoic acid,C30 H27 N7 O3,533.58,40,,,MG,CL;HOH,RESERVE,multiple_protein_chains_2;metal_present
1737,9I58,2025-11-12,Crystal structure of DNPH1 bound by compound 31.,1.213,0.2329,1,2,A;B,,A1IZX;HOH,1,A1IZX,A1IZX,3-[2-fluoranyl-3-(trifluoromethyl)phenyl]-4-[[4-(methylamino)-6-propan-2-yl-quinazolin-2-yl]amino]benzoic acid,C26 H22 F4 N4 O2,498.472,36,,,,HOH,RESERVE,multiple_protein_chains_2
1738,9I6E,2025-11-12,Crystal structure of DNPH1 bound by compound 5.,1.489,0.2336,1,2,A;B,,A1I0K;HOH,1,A1I0K,A1I0K,"4-[[1,1-bis(oxidanylidene)-7-propan-2-yl-4~{H}-1$l^{6},2,4-benzothiadiazin-3-yl]amino]benzoic acid",C17 H17 N3 O4 S,359.4,25,,,,HOH,RESERVE,multiple_protein_chains_2
1739,9I7Y,2025-11-12,Crystal Structure of KRasG13C in Complex with Nucleotide-based Covalent Inhibitor 7b,1.85,0.2278,1,3,A;B;C,,A1I08;MG;HOH,1,A1I08,A1I08,"[(2~{R},3~{S},4~{R},5~{R})-5-(2-azanyl-6-oxidanylidene-1~{H}-purin-9-yl)-4-oxidanyl-2-[[oxidanyl(phosphonooxy)phosphoryl]oxymethyl]oxolan-3-yl] (3~{S})-3-(propanoylamino)piperidine-1-carboxylate",C19 H29 N7 O13 P2,625.42,41,A1I08;CYS,,MG,HOH,EXCLUDE,candidate_may_be_covalent;multiple_protein_chains_3;metal_present
1740,9I9Q,2025-11-12,Crystal structure of DNPH1 bound by compound 2.,1.721,0.2404,1,4,A;B;C;D,,EOH;EDO;A1I1M;CL;HOH,1,A1I1M,A1I1M,"2-[1-methyl-5-[[1-[2-(methylamino)phenyl]carbonylpiperidin-4-yl]amino]-1,2,4-triazol-3-yl]-1~{H}-indole-6-carbonitrile",C25 H26 N8 O,454.527,34,,,,EOH;EDO;CL;HOH,RESERVE,multiple_protein_chains_4
1741,9IA6,2025-11-12,Crystal structure of DNPH1 bound by compound 3.,2.209,0.28,1,4,A;B;C;D,,CL;A1I1U;HOH,1,A1I1U,A1I1U,"8-[3-(6-cyano-1~{H}-indol-2-yl)-5-[[1-[2-(methylamino)phenyl]carbonylpiperidin-4-yl]amino]-1,2,4-triazol-1-yl]octanoic acid",C32 H38 N8 O3,582.696,43,,,,CL;HOH,RESERVE,multiple_protein_chains_4
1742,9KE5,2025-11-12,Crystal structure of the PIN1 and fragment 16 complex.,2.05,0.2494,1,1,A,,PE8;A1EE3;SO4;HOH,2,PE8;A1EE3,,,,,,,,,SO4;HOH,MANUAL_REVIEW,multiple_candidate_ligands
1743,9KEE,2025-11-12,"human glyoxalase I (with C-ter His tag) in complex with licochalcone B, form 1",2.08,0.2338,1,2,A;B,,ZN;A1L5R;HOH,1,A1L5R,A1L5R,"1-(4-hydroxyphenyl)-3-[2-methoxy-3,4-bis(oxidanyl)phenyl]prop-2-en-1-one",C16 H14 O5,286.279,21,,,ZN,HOH,RESERVE,multiple_protein_chains_2;metal_present
1744,9KEG,2025-11-12,"human glyoxalase I (with C-ter His tag) in complex with licochalcone B, form 2",1.8,0.23908,1,2,A;B,,A1L5R;PG4;BME;ZN;HOH,1,A1L5R,A1L5R,"1-(4-hydroxyphenyl)-3-[2-methoxy-3,4-bis(oxidanyl)phenyl]prop-2-en-1-one",C16 H14 O5,286.279,21,,,ZN,PG4;BME;HOH,RESERVE,multiple_protein_chains_2;metal_present
1745,9KEH,2025-11-12,"human glyoxalase I (with C-ter His tag) in complex with licochalcone B and GSH, form 3",1.72,0.1926,1,2,A;B,,ZN;A1L5R;PG4;GSH;HOH,2,A1L5R;GSH,,,,,,,,ZN,PG4;HOH,MANUAL_REVIEW,multiple_candidate_ligands;multiple_protein_chains_2;metal_present
1746,9KEI,2025-11-12,"human glyoxalase I (with C-ter His tag) in complex with licochalcone B, form 4",1.81,0.2384,1,2,A;B,,A1L5R;PGE;ZN;BME;HOH,1,A1L5R,A1L5R,"1-(4-hydroxyphenyl)-3-[2-methoxy-3,4-bis(oxidanyl)phenyl]prop-2-en-1-one",C16 H14 O5,286.279,21,,,ZN,PGE;BME;HOH,RESERVE,multiple_protein_chains_2;metal_present
1747,9KEK,2025-11-12,human glyoxalase I (with C-ter His tag) in complex with piceatannol,2.11,0.2328,1,4,A;B;C;D,,ZN;PIT;PG4;HOH,1,PIT,PIT,PICEATANNOL,C14 H12 O4,244.243,18,,,ZN,PG4;HOH,RESERVE,multiple_protein_chains_4;metal_present
1748,9KFZ,2025-11-12,Crystal structure of the PIN1 and fragment 59 complex,1.43,0.2168,1,1,A,,A1EFO;PE8;SO4;HOH,2,A1EFO;PE8,,,,,,,,,SO4;HOH,MANUAL_REVIEW,multiple_candidate_ligands
1749,9KGO,2025-11-12,Crystal structure of the PIN1 and fragment 19 complex.,1.62,0.2073,1,1,A,,A1EFQ;PE8;SO4;HOH,1,PE8,PE8,"3,6,9,12,15,18,21-HEPTAOXATRICOSANE-1,23-DIOL",C16 H34 O9,370.436,25,,,,A1EFQ:heavy_atoms_8;SO4;HOH,INCLUDE,
1750,9KH4,2025-11-12,Crystal structure of Galectin-8 N-CRD with N-acetyllactosamine,1.75,0.2125,1,1,A,,NA;RNQ;NI;HOH,1,RNQ,RNQ,"~{N}-[(2~{R},3~{R},4~{R},5~{S},6~{R})-6-(hydroxymethyl)-5-[(2~{S},3~{R},4~{S},5~{R},6~{R})-6-(hydroxymethyl)-3,4,5-tris(oxidanyl)oxan-2-yl]oxy-2,4-bis(oxidanyl)oxan-3-yl]ethanamide",C14 H25 N O11,383.348,26,,,NA;NI,HOH,RESERVE,metal_present
1751,9KHB,2025-11-12,Crystal structure of wild-type human fibrinogen gamma chain C-terminal domain (gamma-nodule),1.03,0.1388,1,1,A,,GOL;CA;HOH,0,,,,,,,,,CA,GOL;HOH,EXCLUDE,no_druglike_organic_ligand;metal_present
1752,9KHC,2025-11-12,Crystal structure of wild-type human fibrinogen gamma chain C-terminal domain (gamma-nodule) complexed with GPRP peptide,1.32,0.2033,2,4,A;B;C;D,,CA;GOL;HOH,0,,,,,,,,,CA,GOL;HOH,EXCLUDE,no_druglike_organic_ligand;multiple_protein_chains_4;metal_present
1753,9KHN,2025-11-12,Crystal structure of human cystathionine gamma-lyase in complex with L-aminoethoxyvinylglycine,2.0,0.2155,1,4,A;B;C;D,,PPG;HOH,1,PPG,PPG,"(2E,3E)-4-(2-aminoethoxy)-2-[({3-hydroxy-2-methyl-5-[(phosphonooxy)methyl]pyridin-4-yl}methyl)imino]but-3-enoic acid",C14 H20 N3 O8 P,389.298,26,,,,HOH,RESERVE,multiple_protein_chains_4
1754,9KYS,2025-11-12,the Ca2+/CaM-CASK-ARD complex,1.76,0.2308,2,4,A;B;C;D,,CA;HOH,0,,,,,,,,,CA,HOH,EXCLUDE,no_druglike_organic_ligand;multiple_protein_chains_4;metal_present
1755,9M5Y,2025-11-12,the crystal structure of the Ca2+/CaM-CASK-CaMK complex,1.8,0.197,2,2,A;B,,ANP;PO4;CA;HOH,1,ANP,ANP,PHOSPHOAMINOPHOSPHONIC ACID-ADENYLATE ESTER,C10 H17 N6 O12 P3,506.196,31,,,CA,PO4;HOH,RESERVE,multiple_protein_chains_2;metal_present
1756,9M6G,2025-11-12,the crystal structure of the Ca2+/CaM-CASK-CaMK-Mint1-CID complex,1.7,0.1871,3,3,A;B;C,,ANP;MLI;CA;HOH,1,ANP,ANP,PHOSPHOAMINOPHOSPHONIC ACID-ADENYLATE ESTER,C10 H17 N6 O12 P3,506.196,31,,,CA,MLI:heavy_atoms_7;HOH,RESERVE,multiple_protein_chains_3;metal_present
1757,9P4C,2025-11-12,Crystal structure of Mesothelin C-terminal peptide-RO4 Fab complex,1.52,0.1798,3,3,H;L;M,,GOL;HOH,0,,,,,,,PCA;SER,,,GOL;HOH,EXCLUDE,no_druglike_organic_ligand;multiple_protein_chains_3
1758,9Q31,2025-11-12,RIP1 kinase domain in complex with GDC-8264,2.05,0.222,1,2,A;B,,A1CNU;BR;CL;NA;TME;HOH,1,A1CNU,A1CNU,"cyclopropyl[(4R,5S,7S)-7-fluoro-5-phenyl-6,7-dihydro-5H-pyrrolo[1,2-b][1,2,4]triazol-2-yl]methanone",C15 H14 F N3 O,271.29,20,,,NA,BR;CL;TME:heavy_atoms_3;HOH,RESERVE,multiple_protein_chains_2;metal_present
1759,9Q32,2025-11-12,RIP1 kinase domain in complex with compound 1,2.49,0.233,1,4,A;B;C;D,,A1CNV;HOH,1,A1CNV,A1CNV,"methyl 1-[(2,6-dichlorophenyl)methyl]-1H-pyrazole-3-carboxylate",C12 H10 Cl2 N2 O2,285.126,18,,,,HOH,RESERVE,multiple_protein_chains_4
1760,9QAM,2025-11-12,Human angiotensin-1 converting enzyme C-domain in complex with ciprofloxacin,1.85,0.2268,1,1,A,,ZN;CL;IMD;NXA;MLI;CPF;EDO;PEG;HOH,1,CPF,CPF,"1-CYCLOPROPYL-6-FLUORO-4-OXO-7-PIPERAZIN-1-YL-1,4-DIHYDROQUINOLINE-3-CARBOXYLIC ACID",C17 H18 F N3 O3,331.342,24,AH2;ASN;CSO;FUC;LEU;NAG;PRO,,ZN,CL;IMD:heavy_atoms_5;NXA:heavy_atoms_9;MLI:heavy_atoms_7;EDO;PEG;HOH,RESERVE,metal_present
1761,9R0D,2025-11-12,Human CD73 (ecto 5'-nucleotidase) in complex with compound 7,2.4,0.25464,1,2,A;B,,ZN;CA;NAG;A1JCF;PO4;HOH,1,A1JCF,A1JCF,"[[(2~{R},3~{S},4~{R},5~{R})-5-[5-chloranyl-7-[[(1~{S})-1~{H}-inden-1-yl]-methyl-amino]-[1,2,3]triazolo[4,5-d]pyrimidin-3-yl]-3,4-bis(oxidanyl)oxolan-2-yl]methoxy-oxidanyl-phosphoryl]methylphosphonic acid",C20 H23 Cl N6 O9 P2,588.832,38,ASN;NAG,,ZN;CA,NAG;PO4;HOH,RESERVE,multiple_protein_chains_2;metal_present
1762,9R0G,2025-11-12,Human CD73 (ecto 5'-nucleotidase) in complex with compound 21,2.43,0.25078,1,2,A;B,,ZN;CA;NAG;A1JCG;PO4;HOH,1,A1JCG,A1JCG,"[(2~{R})-2-[[(2~{R},3~{S},4~{R},5~{R})-5-[6-chloranyl-4-(cyclopentylamino)pyrazolo[3,4-d]pyrimidin-1-yl]-3,4-bis(oxidanyl)oxolan-2-yl]methoxy]-1-oxidanyl-3-(2~{H}-1,2,3,4-tetrazol-5-yl)propan-2-yl]phosphonic acid",C19 H27 Cl N9 O8 P,575.9,38,ASN;NAG,,ZN;CA,NAG;PO4;HOH,RESERVE,multiple_protein_chains_2;metal_present
1763,9R0H,2025-11-12,Human CD73 (ecto 5'-nucleotidase) in complex with compound 6 (ORIC-533),2.28,0.2518,1,2,A;B,,ZN;CA;A1JCH;PO4;HOH,1,A1JCH,A1JCH,"[(2~{S})-2-[[(2~{R},3~{S},4~{R},5~{R})-5-[6-chloranyl-4-(cyclopentylamino)pyrazolo[3,4-d]pyrimidin-1-yl]-3,4-bis(oxidanyl)oxolan-2-yl]methoxy]-1-oxidanyl-3-(1~{H}-1,2,3,4-tetrazol-5-ylmethoxy)propan-2-yl]phosphonic acid",C20 H29 Cl N9 O9 P,605.926,40,ASN;NAG,,ZN;CA,PO4;HOH,RESERVE,multiple_protein_chains_2;metal_present
1764,9RDA,2025-11-12,Cocrystal structure of Zilurgisertib bound to the ALK2-FKBP12 complex,1.748,0.2236,2,2,A;B,,A1JFB;EDO;HOH,1,A1JFB,A1JFB,Zilurgisertib,C30 H40 N4 O3,504.664,37,,,,EDO;HOH,RESERVE,multiple_protein_chains_2
1765,9RG8,2025-11-12,Crystal structure of DNPH1 bound by compound 1.,2.07,0.2993,1,2,A;B,,A1JFX;HOH,1,A1JFX,A1JFX,"2-[1-methyl-5-[[1-[3-(pyrimidin-2-ylamino)phenyl]carbonylpiperidin-4-yl]amino]-1,2,4-triazol-3-yl]-1~{H}-indole-6-carbonitrile",C28 H26 N10 O,518.572,39,,,,HOH,RESERVE,r_free_above_0.28;multiple_protein_chains_2
1766,9RKC,2025-11-12,Crystal Structure of ACBI4-mediated ternary complex of KRAS G12D C118S GDP with pVHL:ElonginC:ElonginB,2.19,0.2745,4,8,A;B;C;D;E;F;G;H,,A1JHI;GDP;MG;HOH,1,A1JHI,A1JHI,"(2~{S},4~{R})-1-[(2~{S})-2-[(5~{S})-5-[3-[(3~{S})-4-[4-[5-[(4~{S})-2-azanyl-3-cyano-4-methyl-6,7-dihydro-5~{H}-1-benzothiophen-4-yl]-1,2,4-oxadiazol-3-yl]pyrimidin-2-yl]-3-methyl-1,4-diazepan-1-yl]propyl]-4,5,6,7-tetrahydrobenzotriazol-1-yl]-3-methyl-butanoyl]-~{N}-[(1-methylindazol-6-yl)methyl]-4-oxidanyl-pyrrolidine-2-carboxamide",C50 H63 N15 O4 S,970.198,70,,GDP,MG,HOH,RESERVE,multiple_protein_chains_8;cofactor_present;metal_present
1767,9S1I,2025-11-12,Crystal structure of human Dihydroorotate Dehydrogenase in complex with arzanol,1.61,0.1755,1,1,A,,FMN;ORO;A1JKW;ACT;SO4;HOH,2,ORO;A1JKW,,,,,,,FMN,,ACT;SO4;HOH,MANUAL_REVIEW,multiple_candidate_ligands;cofactor_present
1768,9S1Z,2025-11-12,Crystal structure of human SIRT2 in complex with the covalent adduct of SirReal-triazole inhibitor Mz242 and ADP-ribose,1.1,0.1769,1,1,A,,A1JK7;BU3;ZN;HOH,1,A1JK7,A1JK7,"[[(2~{R},3~{S},4~{R},5~{R})-5-(6-aminopurin-9-yl)-3,4-bis(oxidanyl)oxolan-2-yl]methoxy-oxidanyl-phosphoryl] [(2~{R},3~{S},4~{R},5~{S})-5-[5-[[3-[[2-[2-(4,6-dimethylpyrimidin-2-yl)sulfanylethanoylamino]-1,3-thiazol-5-yl]methyl]phenoxy]methyl]-3-(2-methoxyethyl)-1$l^{4},2,3-triazacyclopenta-1,4-dien-1-yl]-3,4-bis(oxidanyl)oxolan-2-yl]methyl hydrogen phosphate",C39 H49 N12 O16 P2 S2 1,1067.955,71,,,ZN,BU3:heavy_atoms_6;HOH,RESERVE,metal_present
1769,9S20,2025-11-12,Crystal structure of human SIRT2 in complex with SirReal-triazole inhibitor SH10,1.5,0.1821,1,1,A,,ZN;BU3;EDO;A1JK0;HOH,1,A1JK0,A1JK0,"2-(4,6-dimethylpyrimidin-2-yl)sulfanyl-~{N}-[5-[[3-[[1-[[4-(2-morpholin-4-ylethoxy)phenyl]methyl]-1,2,3-triazol-4-yl]methoxy]phenyl]methyl]-1,3-thiazol-2-yl]ethanamide",C34 H38 N8 O4 S2,686.847,48,,,ZN,BU3:heavy_atoms_6;EDO;HOH,RESERVE,metal_present
1770,9S21,2025-11-12,Crystal structure of human SIRT2 in complex with SirReal-triazole inhibitor LG023,1.55,0.2036,1,1,A,,ZN;A1JK1;BU3;HOH,1,A1JK1,A1JK1,"2-(4,6-dimethylpyrimidin-2-yl)sulfanyl-~{N}-[5-[[3-(1~{H}-1,2,3-triazol-4-ylmethoxy)phenyl]methyl]-1,3-thiazol-2-yl]ethanamide",C21 H21 N7 O2 S2,467.567,32,,,ZN,BU3:heavy_atoms_6;HOH,RESERVE,metal_present
1771,9S22,2025-11-12,Crystal structure of human SIRT2 in complex with the covalent adduct of SirReal-triazole inhibitor LG023 and ADP-ribose,1.95,0.2143,1,1,A,,ZN;A1JK2;HOH,1,A1JK2,A1JK2,"[[(2~{R},3~{S},4~{R},5~{R})-5-(6-aminopurin-9-yl)-3,4-bis(oxidanyl)oxolan-2-yl]methoxy-oxidanyl-phosphoryl] [(2~{R},3~{S},4~{R},5~{S})-5-[5-[[3-[[2-[2-(4,6-dimethylpyrimidin-2-yl)sulfanylethanoylamino]-1,3-thiazol-5-yl]methyl]phenoxy]methyl]-1,2,3-triazol-1-yl]-3,4-bis(oxidanyl)oxolan-2-yl]methyl hydrogen phosphate",C36 H42 N12 O15 P2 S2,1008.868,67,,,ZN,HOH,RESERVE,metal_present
1772,9S23,2025-11-12,Crystal structure of human SIRT2 in complex with peptide triazole inhibitor OTDi1,2.3,0.259,2,2,A;C,,ZN;EDO;A1JK5;HOH,1,A1JK5,A1JK5,"4-dodecyl-1-ethyl-1,2,3-triazole",C16 H31 N3,265.437,19,A1JK5;ALA,,ZN,EDO;HOH,EXCLUDE,candidate_may_be_covalent;multiple_protein_chains_2;metal_present
1773,9S24,2025-11-12,Crystal structure of human SIRT2 in complex with the covalent adduct of peptide triazole inhibitor OTDi1 and ADP-ribose,2.1,0.2293,2,2,A;C,,ZN;A1JK4;HOH,1,A1JK4,A1JK4,"[[(2~{R},3~{S},4~{R},5~{R})-5-(6-aminopurin-9-yl)-3,4-bis(oxidanyl)oxolan-2-yl]methoxy-oxidanyl-phosphoryl] [(2~{R},3~{S},4~{R},5~{S})-5-(5-dodecyl-3-ethyl-1,2,3$l^{4}-triazacyclopenta-2,4-dien-1-yl)-3,4-bis(oxidanyl)oxolan-2-yl]methyl hydrogen phosphate",C31 H53 N8 O13 P2,807.746,54,A1JK4;ALA,,ZN,HOH,EXCLUDE,candidate_may_be_covalent;multiple_protein_chains_2;metal_present
1774,9S25,2025-11-12,Crystal structure of human SIRT2 in complex with peptide triazole inhibitor LTDi1,2.1,0.2255,2,2,A;B,,ZN;A1JK3;HOH,1,A1JK3,A1JK3,"4-dodecyl-1-propyl-1,2,3-triazole",C17 H33 N3,279.464,20,A1JK3;ALA,,ZN,HOH,EXCLUDE,candidate_may_be_covalent;multiple_protein_chains_2;metal_present
1775,9S26,2025-11-12,Crystal structure of human SIRT2 in complex with the covalent adduct of peptide triazole inhibitor LTDi1 and ADP-ribose,2.3,0.2515,2,2,A;C,,ZN;A1JK8;HOH,1,A1JK8,A1JK8,"[[(2~{R},3~{S},4~{R},5~{R})-5-(6-aminopurin-9-yl)-3,4-bis(oxidanyl)oxolan-2-yl]methoxy-oxidanyl-phosphoryl] [(2~{R},3~{S},4~{R},5~{S})-5-(5-dodecyl-3-propyl-1,2,3$l^{4}-triazacyclopenta-2,4-dien-1-yl)-3,4-bis(oxidanyl)oxolan-2-yl]methyl hydrogen phosphate",C32 H55 N8 O13 P2 1,821.772,55,A1JK8;ALA,,ZN,HOH,EXCLUDE,candidate_may_be_covalent;multiple_protein_chains_2;metal_present
1776,9S27,2025-11-12,Crystal structure of human SIRT3 in complex with the covalent adduct of peptide triazole inhibitor LTDi1 and ADP-ribose,1.6,0.1938,2,2,A;B,,ZN;BU3;A1JK8;HOH,1,A1JK8,A1JK8,"[[(2~{R},3~{S},4~{R},5~{R})-5-(6-aminopurin-9-yl)-3,4-bis(oxidanyl)oxolan-2-yl]methoxy-oxidanyl-phosphoryl] [(2~{R},3~{S},4~{R},5~{S})-5-(5-dodecyl-3-propyl-1,2,3$l^{4}-triazacyclopenta-2,4-dien-1-yl)-3,4-bis(oxidanyl)oxolan-2-yl]methyl hydrogen phosphate",C32 H55 N8 O13 P2 1,821.772,55,A1JK8;ALA,,ZN,BU3:heavy_atoms_6;HOH,EXCLUDE,candidate_may_be_covalent;multiple_protein_chains_2;metal_present
1777,9U4S,2025-11-12,Crystal Structure of PI5P4K-gamma in complex with n40,2.25,0.3036,1,2,A;B,,A1EN5;HOH,1,A1EN5,A1EN5,~{N}-[5-(4-oxidanylidene-3-propyl-quinazolin-6-yl)pyridin-2-yl]pentanamide,C21 H24 N4 O2,364.441,27,,,,HOH,RESERVE,r_free_above_0.28;multiple_protein_chains_2
1778,9YDF,2025-11-12,Structure of the cyclic nucleotide binding domain of SLC9C1,2.18,0.23745,1,1,A,,EDO;HOH,0,,,,,,,,,,EDO;HOH,EXCLUDE,no_druglike_organic_ligand
1779,9YDG,2025-11-12,Crystal structure of the human DCAF1 WDR domain in complex with OICR-41074,1.54,0.21788,1,2,A;B,,A1CU7;NA;EDO;HOH,1,A1CU7,A1CU7,(4P)-N-[(1S)-3-amino-1-(3-chloro-4-fluorophenyl)-3-oxopropyl]-4-(4-chloro-2-fluorophenyl)-5-[(1E)-3-(morpholin-4-yl)-3-oxoprop-1-en-1-yl]-1H-pyrrole-3-carboxamide,C27 H24 Cl2 F2 N4 O4,577.407,39,,,NA,EDO;HOH,RESERVE,multiple_protein_chains_2;metal_present
1780,9YE4,2025-11-12,Crystal structure of the human DCAF1 WDR domain in complex with OICR-41110,1.74,0.22444,1,2,A;B,,A1CVQ;EDO;HOH,1,A1CVQ,A1CVQ,(4P)-4-(4-chloro-2-fluorophenyl)-N-[(1S)-1-(3-chloro-4-fluorophenyl)-2-cyanoethyl]-5-[(1E)-3-oxo-3-(piperidin-1-yl)prop-1-en-1-yl]-1H-pyrrole-3-carboxamide,C28 H24 Cl2 F2 N4 O2,557.419,38,,,,EDO;HOH,RESERVE,multiple_protein_chains_2
1781,9BN7,2025-11-05,X-ray crystal structure of TNFa-VNAR C4 complex,1.92,0.2446,2,6,A;B;C;D;E;F,,EDO;SO4;NI;HOH,0,,,,,,,,,NI,EDO;SO4;HOH,EXCLUDE,no_druglike_organic_ligand;multiple_protein_chains_6;metal_present
1782,9E6U,2025-11-05,Crystal structure of human Taspase1 in complex with ligand SMDC1041556,2.488,0.275,1,2,A;B,,NA;U47,1,U47,U47,"(2R)-4-(ethenylsulfonyl)-1-{[3-fluoro-4-(trifluoromethoxy)phenyl]methyl}-2-{[(1H-1,2,3-triazol-4-yl)methoxy]methyl}piperazine",C18 H21 F4 N5 O4 S,479.449,32,CYS;U47,,NA,,EXCLUDE,candidate_may_be_covalent;multiple_protein_chains_2;metal_present
1783,9H0S,2025-11-05,Scaffold-ligand complex,1.45,0.1954,1,1,A,,9CK;EDO;1PE;PGE;PO4;NA;HOH,1,9CK,9CK,1-[(4-aminophenyl)methyl]-3-[2-[2-(2-bromophenyl)pyrazolidin-1-yl]-2-oxidanylidene-ethyl]urea,C19 H22 Br N5 O2,432.314,27,,,NA,EDO;1PE;PGE;PO4;HOH,RESERVE,metal_present
1784,9H5F,2025-11-05,MITF(217-296),2.3,0.255,1,3,A;B;C,,SO4;HOH,0,,,,,,,,,,SO4;HOH,EXCLUDE,no_druglike_organic_ligand;multiple_protein_chains_3
1785,9H5H,2025-11-05,MITF in complex with 1-(phenylethynyl)cyclohexan-1-ol,1.74,0.2553,1,3,A;B;C,,SO4;DMS;A1ISF;HOH,1,A1ISF,A1ISF,1-(2-phenylethynyl)cyclohexan-1-ol,C14 H16 O,200.276,15,,,,SO4;DMS;HOH,RESERVE,multiple_protein_chains_3
1786,9H5X,2025-11-05,"Crystal structure of human V122I transthyretin in complex with (3,4-dihydroxy-5-nitrophenyl)-(3-fluoro-5-hydroxyphenyl)methanone compound",1.7,0.2219,1,2,A;B,,AQI;HOH,1,AQI,AQI,"(3-fluoranyl-5-oxidanyl-phenyl)-[3-nitro-4,5-bis(oxidanyl)phenyl]methanone",C13 H8 F N O6,293.204,21,,,,HOH,RESERVE,multiple_protein_chains_2
1787,9H5Y,2025-11-05,"Crystal structure of human V30M transthyretin in complex with (3,4-dihydroxy-5-nitrophenyl)-(3-fluoro-5-hydroxyphenyl)methanone compound",1.67,0.2197,1,2,A;B,,AQI;HOH,1,AQI,AQI,"(3-fluoranyl-5-oxidanyl-phenyl)-[3-nitro-4,5-bis(oxidanyl)phenyl]methanone",C13 H8 F N O6,293.204,21,,,,HOH,RESERVE,multiple_protein_chains_2
1788,9H7Q,2025-11-05,MITF in complex with 5-chloro-3-phenyl-1H-indole-2-carboxylic acid,1.72,0.2456,1,3,A;B;C,,SO4;A1IS6;HOH,1,A1IS6,A1IS6,5-chloranyl-3-phenyl-1H-indole-2-carboxylic acid,C15 H10 Cl N O2,271.698,19,,,,SO4;HOH,RESERVE,multiple_protein_chains_3
1789,9H7S,2025-11-05,MITF in complex with 1-(3-chlorophenyl)-6-((1-hydroxycyclohexyl)ethynyl)-1H-indole-2-carboxylic acid,1.99,0.2445,1,3,A;B;C,,SO4;PEG;A1IS4;HOH,1,A1IS4,A1IS4,1-(3-chlorophenyl)-6-[2-(1-oxidanylcyclohexyl)ethynyl]indole-2-carboxylic acid,C23 H20 Cl N O3,393.863,28,,,,SO4;PEG;HOH,RESERVE,multiple_protein_chains_3
1790,9H7T,2025-11-05,MITF in complex with 6-((1-hydroxycyclohexyl)ethynyl)-4-methyl-1-phenyl-1H-indole-2-carboxylic acid,1.85,0.2379,1,3,A;B;C,,SO4;PEG;A1IS7;NA;HOH,1,A1IS7,A1IS7,4-methyl-6-[2-(1-oxidanylcyclohexyl)ethynyl]-1-phenyl-indole-2-carboxylic acid,C24 H23 N O3,373.444,28,,,NA,SO4;PEG;HOH,RESERVE,multiple_protein_chains_3;metal_present
1791,9HIA,2025-11-05,"K115 acetylated human muscle pyruvate kinase, isoform M2 (PKM2), in complex with FBP",2.02,0.20045,1,4,A;B;C;D,,FBP;EDO;SIN;GOL;K;HOH,1,FBP,FBP,"1,6-di-O-phosphono-beta-D-fructofuranose",C6 H14 O12 P2,340.116,20,ALY;GLY;THR,,K,EDO;SIN:heavy_atoms_8;GOL;HOH,RESERVE,multiple_protein_chains_4;metal_present
1792,9HIB,2025-11-05,"K115 acetylated human muscle pyruvate kinase, isoform M2 (PKM2)",2.17,0.26503,1,4,A;B;C;D,,GOL;EDO;MG;TRS;SIN;K;HOH,0,,,,,,,ALY;GLY;THR,,MG;K,GOL;EDO;TRS;SIN:heavy_atoms_8;HOH,EXCLUDE,no_druglike_organic_ligand;multiple_protein_chains_4;metal_present
1793,9HTR,2025-11-05,Structure of CypD in complex with an inhibitor.,2.25,0.1848,1,1,A,,A1IU3;HOH,1,A1IU3,A1IU3,"1-[(1~{S})-2-[2-(2-bromophenyl)pyrazolidin-1-yl]-2-oxidanylidene-1-phenyl-ethyl]-3-[[(1~{R},9~{R},10~{S})-10-oxidanyl-12-oxa-8-azatricyclo[7.3.1.0^{2,7}]trideca-2(7),3,5-trien-4-yl]methyl]urea",C30 H32 Br N5 O4,606.51,40,,,,HOH,INCLUDE,
1794,9KLA,2025-11-05,Crystal Structure of the bromodomain of human BRD9 in complex with the inhibitor Y22024,1.78,0.23154,1,1,A,,A1EF0;GOL;MLT;HOH,1,A1EF0,A1EF0,"1-[1-(3,5-dimethoxyphenyl)indolizin-3-yl]ethanone",C18 H17 N O3,295.332,22,,,,GOL;MLT:heavy_atoms_9;HOH,INCLUDE,
1795,9KLY,2025-11-05,Crystal Structure of the bromodomain of human BRD9 in complex with the inhibitor Y22032,2.15,0.22743,1,1,A,,A1EHA;HOH,1,A1EHA,A1EHA,"1-[1-[2,5-dimethoxy-4-[(1~{S})-1-oxidanylethyl]phenyl]indolizin-3-yl]ethanone",C20 H21 N O4,339.385,25,,,,HOH,INCLUDE,
1796,9L93,2025-11-05,Crystal structure of NCOA4 in complex with HERC2,1.73,0.2071,2,4,A;B;C;D,,FES;HOH,0,,,,,,,,,,FES:no_carbon;HOH,EXCLUDE,no_druglike_organic_ligand;multiple_protein_chains_4
1797,9M6P,2025-11-05,Discovery of a bifunctional PKMYT1-targeting PROTAC empowered by AI-generation,2.383,0.2898,1,2,AAA;BBB,,A1EMX;PO4;CL;HOH,1,A1EMX,A1EMX,"2,4-dimethyl-3-[2-(2-methylpyrimidin-5-yl)-1~{H}-pyrrolo[2,3-b]pyridin-5-yl]phenol",C20 H18 N4 O,330.383,25,,,,PO4;CL;HOH,RESERVE,r_free_above_0.28;multiple_protein_chains_2
1798,9ND3,2025-11-05,JAK2 pseudokinase domain in complex with diaminotriazole inhibitor,1.62,0.2195,1,1,A,,A1BW6;HOH,1,A1BW6,A1BW6,"N-[(1r,4r)-4-{3-[5-amino-3-(4-sulfamoylanilino)-1H-1,2,4-triazole-1-carbonyl]-2,4-difluorophenyl}cyclohexyl]prop-2-enamide",C24 H25 F2 N7 O4 S,545.562,38,,,,HOH,INCLUDE,
1799,9ND5,2025-11-05,JAK2 pseudokinase domain in complex with diaminotriazole covalent inhibitor,2.4,0.2778,1,1,A,,A1BXA;HOH,1,A1BXA,A1BXA,"4-{[5-amino-1-(3-{[fluorodi(hydroxy)-lambda~4~-sulfanyl]oxy}benzoyl)-1H-1,2,4-triazol-3-yl]amino}benzene-1-sulfonamide",C15 H15 F N6 O6 S2,458.445,30,A1BXA;LYS,,,HOH,EXCLUDE,candidate_may_be_covalent
1800,9NZM,2025-11-05,"Crystal Structure of Kirsten Rat Sarcoma G12C Complexed with GMPPNP and Covalently Bound to an Adduct of {(2S)-4-[7-(8-chloronaphthalen-1-yl)-2-{[(2S)-1-methylpyrrolidin-2-yl]methoxy}-5,6,7,8-tetrahydropyrido[3,4-d]pyrimidin-4-yl]-1-[(2Z)-2-fluoro-3-(pyridin-2-yl)prop-2-enoyl]piperazin-2-yl}acetonitrile",1.586,0.2293,1,2,A;B,,GNP;A1B7P;MG;HOH,2,GNP;A1B7P,,,,,,A1B7P;CYS,,MG,HOH,MANUAL_REVIEW,multiple_candidate_ligands;multiple_protein_chains_2;metal_present
1801,9NZN,2025-11-05,"Crystal Structure of Kirsten Rat Sarcoma G12C Complexed with GDP and Covalently Bound to an Adduct of (2S)-1-{4-[(7P)-7-(8-ethynyl-7-fluoro-3-hydroxynaphthalen-1-yl)-8-fluoro-2-{[(2R,4R,7aS)-2-fluorotetrahydro-1H-pyrrolizin-7a(5H)-yl]methoxy}pyrido[4,3-d]pyrimidin-4-yl]piperazin-1-yl}-2-fluoro-3-(1,3-thiazol-2-yl)propan-1-one",1.504,0.2242,1,1,A,,GDP;A1B7Q;MG;HOH,1,A1B7Q,A1B7Q,"(2S)-1-{4-[(7P)-7-(8-ethynyl-7-fluoro-3-hydroxynaphthalen-1-yl)-8-fluoro-2-{[(2R,4R,7aS)-2-fluorotetrahydro-1H-pyrrolizin-7a(5H)-yl]methoxy}pyrido[4,3-d]pyrimidin-4-yl]piperazin-1-yl}-2-fluoro-3-(1,3-thiazol-2-yl)propan-1-one",C37 H33 F4 N7 O3 S,731.762,52,A1B7Q;CYS,GDP,MG,HOH,EXCLUDE,candidate_may_be_covalent;cofactor_present;metal_present
1802,9SRK,2025-11-05,Structure of collectin-11 (CL-11) carbohydrate-recognition domain in complex with L-fucose,1.8,0.1982,1,2,A;B,,CA;FUC;FUL;TRS;HOH,1,FUL,FUL,beta-L-fucopyranose,C6 H12 O5,164.156,11,,,CA,FUC;TRS;HOH,RESERVE,multiple_protein_chains_2;metal_present
1803,9V8D,2025-11-05,PPARgamma ligand-binding domain in complex with PG08,1.44,0.2013,2,2,A;B,,PEG;PGE;EDO;HOH,0,,,,,,,AC5;GLY;HIS;LEU;VAL,,,PEG;PGE;EDO;HOH,EXCLUDE,no_druglike_organic_ligand;multiple_protein_chains_2
1804,9V8E,2025-11-05,PPARgamma ligand-binding domain in complex with PG11,1.7,0.21487,2,2,A;B,,PEG;HOH,0,,,,,,,192;AC5;ACE;ARG;CYS;DTY;ILE;LEU;N9P;NH2;SER;THR,,,PEG;HOH,EXCLUDE,no_druglike_organic_ligand;multiple_protein_chains_2
1805,9V8F,2025-11-05,PPARgamma ligand-binding domain in complex with PG14,1.75,0.23042,2,2,A;B,,PEG;HOH,0,,,,,,,A1L9X;ACE;ARG;CYS;DTY;LEU;NH2;THR;TYR,,,PEG;HOH,EXCLUDE,no_druglike_organic_ligand;multiple_protein_chains_2
1806,9V8G,2025-11-05,PPARgamma ligand-binding domain in complex with PG08-NL,1.39,0.1823,2,2,A;B,,PEG;HOH,0,,,,,,,AC5;HIS;LEU;NH2;VAL,,,PEG;HOH,EXCLUDE,no_druglike_organic_ligand;multiple_protein_chains_2
1807,9V8H,2025-11-05,PPARgamma ligand-binding domain in complex with PG08-NL and rosiglitazone,1.39,0.19,2,2,A;B,,BRL;PGE;PEG;HOH,1,BRL,BRL,"2,4-THIAZOLIDIINEDIONE, 5-[[4-[2-(METHYL-2-PYRIDINYLAMINO)ETHOXY]PHENYL]METHYL]-(9CL)",C18 H19 N3 O3 S,357.427,25,AC5;HIS;LEU;NH2;VAL,,,PGE;PEG;HOH,RESERVE,multiple_protein_chains_2
1808,9VG4,2025-11-05,Structural complex of FTO bound with 8j,2.3,0.2518,1,1,A,,A1ER2;OGA;FE;HOH,2,A1ER2;OGA,,,,,,,,FE,HOH,MANUAL_REVIEW,multiple_candidate_ligands;metal_present
1809,9YE9,2025-11-05,Structure of UbcH5b in complex with the U-box domain of the E3 ubiquitin ligase CHIP,2.01,0.2881,2,3,A;B;C,,BME;CL;HOH,0,,,,,,,,,,BME;CL;HOH,EXCLUDE,no_druglike_organic_ligand;multiple_protein_chains_3
1810,9YMG,2025-11-05,Human KIF18A-DARPin fusion protein bound to AMP-PNP and tubulin,2.406,0.2377,3,6,A;B;C;D;E;F,,GTP;MG;EDO;GDP;ANP;HOH,1,ANP,ANP,PHOSPHOAMINOPHOSPHONIC ACID-ADENYLATE ESTER,C10 H17 N6 O12 P3,506.196,31,,GTP;GDP,MG,EDO;HOH,RESERVE,multiple_protein_chains_6;cofactor_present;metal_present
1811,9YTY,2025-11-05,Human p38 ALPHA MAPK:MW01-7-081aSRM inhibitor complex,2.25,0.2541,1,1,A,,GG5;A1BB6;NA;HOH,2,GG5;A1BB6,,,,,,,,NA,HOH,MANUAL_REVIEW,multiple_candidate_ligands;metal_present
1812,9CY2,2025-10-29,"Crystal structure of human farnesyl pyrophosphate synthase in complex with a cryptic pocket ligand, JDS05120",2.2,0.2462,1,1,F,,PO4;JD5;HOH,1,JD5,JD5,[({5-[4-(cyclopropyloxy)phenyl]pyridin-3-yl}amino)methanediyl]bis(phosphonic acid),C15 H18 N2 O7 P2,400.26,26,,,,PO4;HOH,INCLUDE,
1813,9CYZ,2025-10-29,"Crystal structure of human farnesyl pyrophosphate synthase in complex with a cryptic pocket ligand, CL02134",2.302,0.2132,1,1,F,,GOL;SO4;YL2;HOH,1,YL2,YL2,"({[6-(4-cyclopropylphenyl)thieno[2,3-d]pyrimidin-4-yl]amino}methanediyl)bis(phosphonic acid)",C16 H17 N3 O6 P2 S,441.335,28,,,,GOL;SO4;HOH,INCLUDE,
1814,9CZ4,2025-10-29,"Crystal Structure (I) of human farnesyl pyrophosphate synthase in complex with a cryptic pocket ligand, CL03049",2.4,0.2416,1,1,F,,SO4;A1A05;GOL;HOH,1,A1A05,A1A05,"{[(6-{4-[(1R)-2,2-difluorocyclopropyl]phenyl}thieno[2,3-d]pyrimidin-4-yl)amino]methylene}bis(phosphonic acid)",C16 H15 F2 N3 O6 P2 S,477.316,30,,,,SO4;GOL;HOH,INCLUDE,
1815,9CZE,2025-10-29,High-Resolution Structure of Human DHODH for Molecular Replacement in Fragment Screening Campaign,1.6,0.1968,1,1,A,,SO4;DMS;ACY;CL;ORO;FMN;HOH,1,ORO,ORO,OROTIC ACID,C5 H4 N2 O4,156.096,11,,FMN,,SO4;DMS;ACY;CL;HOH,RESERVE,cofactor_present
1816,9D5E,2025-10-29,Crystal structure of the ILK/alpha-parvin core complex bound to gefitinib,1.5,0.2104,2,2,A;B,,IRE;B3P;HOH,2,IRE;B3P,,,,,,,,,HOH,MANUAL_REVIEW,multiple_candidate_ligands;multiple_protein_chains_2
1817,9D5F,2025-10-29,Crystal structure of the ILK/alpha-parvin core complex bound to bosutinib,1.5,0.2081,2,2,A;B,,DB8;B3P;HOH,2,DB8;B3P,,,,,,,,,HOH,MANUAL_REVIEW,multiple_candidate_ligands;multiple_protein_chains_2
1818,9D5G,2025-10-29,Crystal structure of the ILK/alpha-parvin core complex bound to 4-methyl erlotinib,1.55,0.2206,2,2,AAAA;BBBB,,A1A2V;B3P;HOH,2,A1A2V;B3P,,,,,,,,,HOH,MANUAL_REVIEW,multiple_candidate_ligands;multiple_protein_chains_2
1819,9D5H,2025-10-29,Crystal structure of the ILK mutant (R371Q)/alpha-parvin core complex bound to gefitinib,1.5,0.2239,2,2,A;B,,IRE;B3P;HOH,2,IRE;B3P,,,,,,,,,HOH,MANUAL_REVIEW,multiple_candidate_ligands;multiple_protein_chains_2
1820,9D5I,2025-10-29,Crystal structure of the ILK mutant (R225A)/alpha-parvin core complex bound to MgATP,1.5,0.2674,2,2,A;B,,MG;ATP;HOH,0,,,,,,,,ATP,MG,HOH,EXCLUDE,no_druglike_organic_ligand;multiple_protein_chains_2;cofactor_present;metal_present
1821,9D5P,2025-10-29,Crystal structure of the ILK/alpha-parvin core complex bound to erlotinib,1.5,0.2099,2,2,A;B,,AQ4;B3P;HOH,2,AQ4;B3P,,,,,,,,,HOH,MANUAL_REVIEW,multiple_candidate_ligands;multiple_protein_chains_2
1822,9DEX,2025-10-29,Crystal structure of human peroxiredoxin 1 in complex with inhibitor WF-097,2.3,0.19236,1,2,A;B,,EDO;SO4;PEG;IY4;HOH,1,IY4,IY4,"methyl N-(2-{[(2M)-2-(pyridin-3-yl)-1,3-thiazole-4-carbonyl]amino}prop-2-enoyl)-D-alaninate",C16 H16 N4 O4 S,360.388,25,CYS;IY4,,,EDO;SO4;PEG;HOH,EXCLUDE,candidate_may_be_covalent;multiple_protein_chains_2
1823,9E2C,2025-10-29,Crystal structure of DEAD-box RNA helicase DDX3X R326H mutant,2.3,0.2443,1,1,A,,GOL;HOH,0,,,,,,,,,,GOL;HOH,EXCLUDE,no_druglike_organic_ligand
1824,9EZH,2025-10-29,Structure of single-domain antibody VHH_h4 in complex with human Vsig4,1.94,0.2394,2,2,A;B,,GOL;HOH,0,,,,,,,,,,GOL;HOH,EXCLUDE,no_druglike_organic_ligand;multiple_protein_chains_2
1825,9EZU,2025-10-29,Structure of the single-domain antibody VHH_h1 in complex with human Vsig4,1.05,0.1757,2,2,A;B,,SO4;HOH,0,,,,,,,,,,SO4;HOH,EXCLUDE,no_druglike_organic_ligand;multiple_protein_chains_2
1826,9EZV,2025-10-29,Structure of the single-domain antibody VHH_h2 in complex with human Vsig4,1.45,0.2151,2,2,A;B,,EDO;IPA;HOH,0,,,,,,,,,,EDO;IPA;HOH,EXCLUDE,no_druglike_organic_ligand;multiple_protein_chains_2
1827,9EZW,2025-10-29,Structure of the single-domain antibody VHH_h3 in complex with human Vsig4,1.9,0.228,2,8,A;B;C;D;E;F;G;H,,EDO;PEG;HOH,0,,,,,,,,,,EDO;PEG;HOH,EXCLUDE,no_druglike_organic_ligand;multiple_protein_chains_8
1828,9FDF,2025-10-29,Human phosphoglycerate kinase in with mixture of products and substrates produced by cross-soaking a TSA crystal,1.44,0.1662,1,1,A,,ATP;X15;NA;CL;HOH,1,X15,X15,"1,3-BISPHOSPHOGLYCERIC ACID",C3 H8 O10 P2,266.037,15,,ATP,NA,CL;HOH,RESERVE,cofactor_present;metal_present
1829,9H0C,2025-10-29,Crystal structure of BiP ATPase domain in complex with CDNF C-terminal domain at 1.65 angstroms resolution,1.65,0.2026,2,2,A;B,,MG;CL;PO4;GOL;HOH,0,,,,,,,,,MG,CL;PO4;GOL;HOH,EXCLUDE,no_druglike_organic_ligand;multiple_protein_chains_2;metal_present
1830,9H0K,2025-10-29,Crystal structure of human CREBBP histone acetyltransferase domain in complex with Propionyl- Coenzyme A,1.75,0.2398,1,2,A;B,,1VU;SO4;HOH,1,1VU,1VU,propionyl Coenzyme A,C24 H40 N7 O17 P3 S,823.597,52,,,,SO4;HOH,RESERVE,multiple_protein_chains_2
1831,9H0V,2025-10-29,Human Carbonic Anhydrase II in complex with biguanide derivative inhibitor 1-carbamimidamido-N-[2-(4-sulfamoylphenyl)ethyl]methanimidamide,1.4,0.13813,1,1,A,,ZN;A1IRV;DMS;HOH,1,A1IRV,A1IRV,1-carbamimidoyl-3-[2-(4-sulfamoylphenyl)ethyl]guanidine,C10 H16 N6 O2 S,284.338,19,,,ZN,DMS;HOH,RESERVE,metal_present
1832,9H0W,2025-10-29,"Human Carbonic Anhydrase II in complex with B-Thujaplicin (2-hydroxy-4-(propan-2-yl)cyclohepta-2,4,6-trien-1-one)",1.44,0.19578,1,1,A,,ZN;A1IRU;HOH,1,A1IRU,A1IRU,"2-oxidanyl-4-propan-2-yl-cyclohepta-2,4,6-trien-1-one",C10 H12 O2,164.201,12,,,ZN,HOH,RESERVE,metal_present
1833,9H30,2025-10-29,VHL:ElonginC:ElonginB-PROTAC4 complex,2.5,0.25,3,3,B;C;D,,A1ISE;HOH,0,,,,,,,,,,A1ISE:mw_1276.9;HOH,EXCLUDE,no_druglike_organic_ligand;multiple_protein_chains_3
1834,9IBB,2025-10-29,Rhombohedral crystalline form of human insulin complexed with m-cresol,1.84,0.2239,2,4,A;B;C;D,,CRS;SCN;ZN;GOL;HOH,0,,,,,,,,,ZN,CRS:heavy_atoms_8;SCN;GOL;HOH,EXCLUDE,no_druglike_organic_ligand;multiple_protein_chains_4;metal_present
1835,9K76,2025-10-29,Crystal structure of human STING in complex with F2W,2.1650155587,0.229505170079,1,1,B,,1T2;HOH,1,1T2,1T2,5-chloranyl-3-[(4-methylsulfonylphenyl)carbonylamino]-1-benzofuran-2-carboxylic acid,C17 H12 Cl N O6 S,393.798,26,,,,HOH,INCLUDE,
1836,9M24,2025-10-29,Crystal Structure of kelch domain of human KEAP1 in complex with CH7450924,1.57,0.2008,1,1,A,,A1L8K;ACT;DMS;HOH,1,A1L8K,A1L8K,"4-[3-[2-chloro-4-[(2R,5R)-2,4,5-trimethylpiperazin-1-yl]benzoyl]-2,4-dihydro-1,3-benzoxazin-8-yl]-5-fluoro-2-(3-oxa-8-azabicyclo[3.2.1]octan-8-yl)benzoic acid",C35 H38 Cl F N4 O5,649.151,46,,,,ACT;DMS;HOH,INCLUDE,
1837,9MKD,2025-10-29,Crystal structure of MALT1 in complex with an allosteric inhibitor,2.45,0.268,1,2,A;B,,CA;PGE;A1BMX;HOH,1,A1BMX,A1BMX,"(9R)-2-chloro-N-[5-chloro-6-(2H-1,2,3-triazol-2-yl)pyridin-3-yl]-8,8-dimethyl-7,8-dihydro-6H-pyrazolo[1,5-a]pyrrolo[2,3-e]pyrimidine-6-carboxamide",C18 H15 Cl2 N9 O,444.277,30,,,CA,PGE;HOH,RESERVE,multiple_protein_chains_2;metal_present
1838,9MKE,2025-10-29,Crystal structure of MALT1 in complex with an allosteric inhibitor,2.34,0.258,1,2,A;B,,CA;PGE;EDO;A1BMY;HOH,1,A1BMY,A1BMY,"(8R,9R)-2-chloro-N-[5-chloro-6-(2H-1,2,3-triazol-2-yl)pyridin-3-yl]-8-methyl-8-(trifluoromethyl)-7,8-dihydro-6H-pyrazolo[1,5-a]pyrrolo[2,3-e]pyrimidine-6-carboxamide",C18 H12 Cl2 F3 N9 O,498.249,33,,,CA,PGE;EDO;HOH,RESERVE,multiple_protein_chains_2;metal_present
1839,9MYF,2025-10-29,Human malic enzyme 2 complex with inhibitor NPD-389,2.45,0.278,1,2,A;B,,MG;A1AE5;SIN;NAD;PO4;HOH,1,A1AE5,A1AE5,"2~3~,2~6~-dihydroxy-1~4~,3~4~-dimethoxy[1~1~,2~1~:2~4~,3~1~-terphenyl]-2~2~,2~5~-dione",C20 H16 O6,352.337,26,,NAD,MG,SIN:heavy_atoms_8;PO4;HOH,RESERVE,multiple_protein_chains_2;cofactor_present;metal_present
1840,9PGW,2025-10-29,Crystal structure of STEAP2 N-domain soaked with NADP+ (second collection),1.46,0.2046,1,1,A,,NDP;EDO;SO4;HOH,0,,,,,,,,NDP,,EDO;SO4;HOH,EXCLUDE,no_druglike_organic_ligand;cofactor_present
1841,9PGX,2025-10-29,Crystal structure of STEAP2 N-domain soaked with NADP+,1.46,0.1832,1,1,A,,EDO;NDP;SO4;HOH,0,,,,,,,,NDP,,EDO;SO4;HOH,EXCLUDE,no_druglike_organic_ligand;cofactor_present
1842,9PGY,2025-10-29,Crystal structure of STEAP2 N-domain in complex with NADPH,1.55,0.1996,1,1,A,,NDP;EDO;SO4;HOH,0,,,,,,,,NDP,,EDO;SO4;HOH,EXCLUDE,no_druglike_organic_ligand;cofactor_present
1843,9PSX,2025-10-29,Q108K:K40L:T51V:T53S:R58W:Y19W:L117E mutant of hCRBPII bound to fluorophore TD-1V-3,1.29,0.1864,1,1,A,,A1CKW;ACT;HOH,1,A1CKW,A1CKW,(2E)-3-[5-(4-methoxyphenyl)thiophen-2-yl]but-2-enal,C15 H14 O2 S,258.335,18,A1CKW;LYS,,,ACT;HOH,EXCLUDE,candidate_may_be_covalent
1844,9PT3,2025-10-29,Q108K:K40L:T51V:T53S:R58W:Y19W:L117E mutant of hCRBPII bound to fluorophore TD-1V-9,1.79,0.2552,1,4,A;B;C;D,,ACT;A1CK1;HOH,1,A1CK1,A1CK1,"(2E)-3-[4'-(dimethylamino)[1,1'-biphenyl]-4-yl]but-2-enal",C18 H19 N O,265.35,20,A1CK1;LYS,,,ACT;HOH,EXCLUDE,candidate_may_be_covalent;multiple_protein_chains_4
1845,9R08,2025-10-29,"Structure of the human heterotetrameric cis-prenyltransferase complex harboring NgBR-S249A in complex with magnesium, FsPP and IPP",2.4,0.2408,2,2,A;B,,IPE;FPS;MG;HOH,2,IPE;FPS,,,,,,,,MG,HOH,MANUAL_REVIEW,multiple_candidate_ligands;multiple_protein_chains_2;metal_present
1846,9S70,2025-10-29,Crystal structure of RXR alpha LBD bound to a partial agonist 21 and a coactivator fragment SRC1,1.95,0.2207,2,2,A;B,,A1JL7;HOH,1,A1JL7,A1JL7,"3-[[4-cyclobutyl-6-(3,4-dihydro-2~{H}-quinolin-1-yl)pyrimidin-2-yl]amino]propanoic acid",C20 H24 N4 O2,352.43,26,,,,HOH,RESERVE,multiple_protein_chains_2
1847,9S71,2025-10-29,Crystal structure of RXR alpha LBD bound to a partial agonist 35 and a coactivator fragment SRC1,2.0,0.2216,2,2,A;B,,A1JL8;HOH,1,A1JL8,A1JL8,"3-[[4-(4,4-dimethyl-2,3-dihydroquinolin-1-yl)-6-(trifluoromethyl)pyrimidin-2-yl]amino]propanoic acid",C19 H21 F3 N4 O2,394.391,28,,,,HOH,RESERVE,multiple_protein_chains_2
1848,9UTJ,2025-10-29,Monoclinic crystal structure of acid-stable protracted insulin,1.95,0.2348,2,12,A;B;C;D;E;F;G;H;I;J;K;L,,CRS;ZN;CL;CA;HOH,0,,,,,,,,,ZN;CA,CRS:heavy_atoms_8;CL;HOH,EXCLUDE,no_druglike_organic_ligand;multiple_protein_chains_12;metal_present
1849,9UTK,2025-10-29,Monoclinic crystal structure of acid-stable protracted insulin (293 K),2.38,0.3024,2,12,A;B;C;D;E;F;G;H;I;J;K;L,,IPH;ZN;CL;CA;HOH,0,,,,,,,,,ZN;CA,IPH:heavy_atoms_7;CL;HOH,EXCLUDE,no_druglike_organic_ligand;multiple_protein_chains_12;metal_present
1850,9X53,2025-10-29,Crystal structure of RhoGDI2 in complex with Compound HR3119,1.85,0.2452,1,1,A,,A1EY6;EDO;HOH,1,A1EY6,A1EY6,(3~{R})-~{N}-[2-[[(~{R})-[4-(2-fluorophenyl)phenyl]-thiophen-2-yl-methyl]amino]-2-oxidanylidene-ethyl]pyrrolidine-3-carboxamide,C24 H24 F N3 O2 S,437.53,31,,,,EDO;HOH,INCLUDE,
1851,9X54,2025-10-29,Crystal structure of RhoGDI2 in complex with Compound 3054b,2.13,0.2337,1,1,A,,GOL;A1EY5;HOH,1,A1EY5,A1EY5,(3~{R})-~{N}-[2-oxidanylidene-2-[[(~{R})-(4-phenylphenyl)-thiophen-2-yl-methyl]amino]ethyl]pyrrolidine-3-carboxamide,C24 H25 N3 O2 S,419.539,30,,,,GOL;HOH,INCLUDE,
1852,9X55,2025-10-29,Crystal structure of RhoGDI2 in complex with Compound 3054a,2.37,0.2603,1,1,A,,A1EY4;HOH,1,A1EY4,A1EY4,(3~{S})-~{N}-[(~{R})-(4-phenylphenyl)-thiophen-2-yl-methyl]piperidine-3-carboxamide,C23 H24 N2 O S,376.514,27,,,,HOH,INCLUDE,
1853,9X56,2025-10-29,Crystal structure of RhoGDI2 in complex with Compound 2542,1.7,0.2156,1,1,A,,GOL;EDO;A1EY3;HOH,1,A1EY3,A1EY3,"(~{R})-[4-(2-fluorophenyl)phenyl]-(1,3-thiazol-2-yl)methanamine",C16 H13 F N2 S,284.351,20,,,,GOL;EDO;HOH,INCLUDE,
1854,9X59,2025-10-29,Crystal structure of RhoGDI2 in complex with Compound 2102,1.65,0.2123,1,1,A,,A1EY2;HOH,1,A1EY2,A1EY2,(~{R})-(4-phenylphenyl)-thiophen-2-yl-methanamine,C17 H15 N S,265.373,19,,,,HOH,INCLUDE,
1855,9X7C,2025-10-29,Crystal Structure of BRD2 BD1 domain in complex with small molecule inhibitor Mivebresib ABBV-075,2.3,0.28403,1,3,A;B;C,,8NG;HOH,1,8NG,8NG,"N-[4-(2,4-difluorophenoxy)-3-(6-methyl-7-oxo-6,7-dihydro-1H-pyrrolo[2,3-c]pyridin-4-yl)phenyl]ethanesulfonamide",C22 H19 F2 N3 O4 S,459.466,32,,,,HOH,RESERVE,r_free_above_0.28;multiple_protein_chains_3
1856,9YC2,2025-10-29,Crystal structure of USP49 ZnF-UBP domain,1.4,0.1917,1,1,A,,SO4;GOL;ZN;HOH,0,,,,,,,,,ZN,SO4;GOL;HOH,EXCLUDE,no_druglike_organic_ligand;metal_present
1857,9CY5,2025-10-22,Dyrk1a bound to a competitive inhibitor,2.49,0.25894,1,2,A;B,,A1A04;PG4;HOH,1,A1A04,A1A04,(4P)-4-{(4M)-4-[3-fluoro-4-(4-methylpiperazin-1-yl)phenyl]quinazolin-6-yl}pyridin-2-amine,C24 H23 F N6,414.478,31,GLN;ILE;PTR,,,PG4;HOH,RESERVE,multiple_protein_chains_2
1858,9DYQ,2025-10-22,Crystal structure of human dysferlin C2G domain,2.05,0.2726,1,2,A;B,,CA;CL;ACY;GOL;HOH,0,,,,,,,,,CA,CL;ACY;GOL;HOH,EXCLUDE,no_druglike_organic_ligand;multiple_protein_chains_2;metal_present
1859,9HDS,2025-10-22,Variant T321N of Orotidine 5'-monophosphate decarboxylase-domain of human UMPS in complex with the product UMP and the nucleotide TMP at 0.86 Angstrom resolution,0.86,0.1351,1,1,A,,U5P;PRO;TMP;HOH,2,U5P;TMP,,,,,,CSS;HIS;LYS,,,PRO:heavy_atoms_8;HOH,MANUAL_REVIEW,multiple_candidate_ligands
1860,9HDT,2025-10-22,Variant T321N of Orotidine 5'-monophosphate decarboxylase-domain of human UMPS in complex with Deoxyuridine-5'-monophosphate (Deoxy UMP) at 1.3 Angstroms resolution,1.3,0.1513,1,1,A,,DU;PRO;HOH,1,DU,DU,2'-DEOXYURIDINE-5'-MONOPHOSPHATE,C9 H13 N2 O8 P,308.182,20,CSS;HIS;LYS,,,PRO:heavy_atoms_8;HOH,INCLUDE,
1861,9HDU,2025-10-22,Orotidine 5'-monophosphate decarboxylase-domain of human UMPS in complex with XMP at 1.0 Angstrom resolution,1.0,0.1316,1,1,A,,XMP;PRO;HOH,1,XMP,XMP,XANTHOSINE-5'-MONOPHOSPHATE,C10 H14 N4 O9 P 1,365.213,24,CSS;HIS;LYS,,,PRO:heavy_atoms_8;HOH,INCLUDE,
1862,9HDV,2025-10-22,Orotidine 5'-monophosphate decarboxylase-domain of human UMPS in complex with a new inhibitor 1-(beta-D-ribofuranosyl) cyanuric acid-5'-monophosphate (YMP),1.5,0.217,1,1,A,,A1IT4;PRO;HOH,1,A1IT4,A1IT4,1-(beta-D-Ribofuranosyl)cyanuric acid-5'-monophosphate,C8 H12 N3 O10 P,341.169,22,CSS;HIS;LYS,,,PRO:heavy_atoms_8;HOH,INCLUDE,
1863,9HDX,2025-10-22,Orotidine 5'-monophosphate decarboxylase-domain of human UMPS in complex with TMP at 1.05 Angstroms resolution,1.05,0.1558,1,2,A;B,,TMP;HOH,1,TMP,TMP,THYMIDINE-5'-PHOSPHATE,C10 H15 N2 O8 P,322.208,21,CSS;HIS;LYS,,,HOH,RESERVE,multiple_protein_chains_2
1864,9HDY,2025-10-22,Orotidine 5'-monophosphate decarboxylase-domain of human UMPS in complex with 2'-Thiouridine-5'-monophosphate (USP),1.6,0.2421,1,1,A,,A1IT3;HOH,1,A1IT3,A1IT3,2'-thiouridine-5'-monophosphate,C9 H13 N2 O8 P S,340.247,21,CSS;HIS;LYS,,,HOH,INCLUDE,
1865,9HDZ,2025-10-22,Orotidine 5'-monophosphate decarboxylase-domain of human UMPS in complex with 5-Methyluridine-5'-monophosphate (5-Methyl UMP),1.79,0.1864,1,2,A;B,,5MU;HOH,1,5MU,5MU,5-METHYLURIDINE 5'-MONOPHOSPHATE,C10 H15 N2 O9 P,338.208,22,CSS;HIS;LYS,,,HOH,RESERVE,multiple_protein_chains_2
1866,9HIL,2025-10-22,Orotidine 5'-monophosphate decarboxylase-domain of human UMPS in complex with Cytidine-5'-monophosphate (CMP),1.6,0.2295,1,2,A;B,,C;HOH,1,C,C,CYTIDINE-5'-MONOPHOSPHATE,C9 H14 N3 O8 P,323.197,21,CSS;HIS;LYS,,,HOH,RESERVE,multiple_protein_chains_2
1867,9HM2,2025-10-22,A swapped dimeric form of ZO1/TJP1 PDZ2 in complex with the C-terminal peptide from protein E of SARS-CoV-2,1.72,0.2727,2,4,A;B;C;D,,IOD;HOH,0,,,,,,,,,,IOD;HOH,EXCLUDE,no_druglike_organic_ligand;multiple_protein_chains_4
1868,9HTF,2025-10-22,"Beta-cardiac myosin Y115H mutant motor domain in the pre-powerstroke state, MgADP.VO4 form",2.481,0.2552,1,1,A,,MG;ADP;VO4;GOL;EDO;HOH,0,,,,,,,ALA;M3L;MLY;PHE;TRP;TYR,ADP,MG,VO4:no_carbon;GOL;EDO;HOH,EXCLUDE,no_druglike_organic_ligand;cofactor_present;metal_present
1869,9HYN,2025-10-22,CRYSTAL STRUCTURE OF THE SMARCA2-VCB-COMPLEX WITH PROTAC P1,2.37,0.262,4,8,A;B;C;D;E;F;G;H,,A1IYO;HOH,1,A1IYO,A1IYO,"(2~{S},4~{R})-~{N}-[[2-[2-[2-[4-[(6-bromanyl-3-methyl-5-oxidanylidene-4~{H}-imidazo[1,2-a]quinazolin-2-yl)methyl]piperazin-1-yl]ethoxy]ethoxy]-4-(4-methyl-1,3-thiazol-5-yl)phenyl]methyl]-1-[(2~{S})-2-[(1-fluoranylcyclopropyl)carbonylamino]-3,3-dimethyl-butanoyl]-4-oxidanyl-pyrrolidine-2-carboxamide",C46 H58 Br F N9 O7 S 1,979.976,65,,,,HOH,RESERVE,multiple_protein_chains_8
1870,9HYP,2025-10-22,CRYSTAL STRUCTURE OF THE SMARCA2-VCB-COMPLEX WITH PROTAC P5,2.2,0.254,4,4,A;B;C;D,,A1IYM;HOH,1,A1IYM,A1IYM,"(2~{S},4~{R})-~{N}-[[2-[4-[4-(4-bromanyl-7-cyclopentyl-5-oxidanylidene-6~{H}-benzimidazolo[1,2-a]quinazolin-9-yl)piperidin-1-yl]butoxy]-4-(4-methyl-1,3-thiazol-5-yl)phenyl]methyl]-1-[(2~{S})-2-[(1-fluoranylcyclopropyl)carbonylamino]-3,3-dimethyl-butanoyl]-4-oxidanyl-pyrrolidine-2-carboxamide",C54 H65 Br F N8 O6 S 1,1053.111,71,,,,HOH,RESERVE,multiple_protein_chains_4
1871,9HYT,2025-10-22,Crystal structure of the GFRaL receptor in complex with an inhibitory cyclic peptide,1.9,0.2445,2,6,A;B;C;D;E;F,,SO4;ACY;29N;HOH,1,29N,29N,"1,1',1''-(1,3,5-triazinane-1,3,5-triyl)tripropan-1-one",C12 H21 N3 O3,255.313,18,29N;ACE;CYS;NH2,,,SO4;ACY;HOH,EXCLUDE,candidate_may_be_covalent;multiple_protein_chains_6
1872,9I3F,2025-10-22,Crystal structure of the AGR2 and IRE1beta_loop complex,1.9,0.2341,2,8,A;B;C;D;F;G;H;I,,MG;HOH,0,,,,,,,,,MG,HOH,EXCLUDE,no_druglike_organic_ligand;multiple_protein_chains_8;metal_present
1873,9K0I,2025-10-22,Crystal structure of FGFR4 kinase domain with 32a,2.236,0.2172,1,1,A,,A1EEW;SO4;HOH,1,A1EEW,A1EEW,"(2~{S})-~{N}-[2-[[5-[(1~{R})-1-[3,5-bis(chloranyl)pyridin-4-yl]ethoxy]-1~{H}-indazol-3-yl]amino]-3-fluoranyl-5-(4-morpholin-4-ylpiperidin-1-yl)phenyl]-2-cyano-3-cyclopropyl-propanamide",C36 H39 Cl2 F N8 O3,721.651,50,A1EEW;CYS,,,SO4;HOH,EXCLUDE,candidate_may_be_covalent
1874,9K0J,2025-10-22,Crystal structure of FGFR4 kinase domain with 43b,2.068,0.2053,1,1,A,,A1EEX;SO4;TRS;HOH,1,A1EEX,A1EEX,"~{N}-[5-[(1~{R})-1-[3,5-bis(chloranyl)pyridin-4-yl]ethoxy]-1~{H}-indazol-3-yl]-2-fluoranyl-6-(propanoylamino)benzamide",C24 H20 Cl2 F N5 O3,516.352,35,A1EEX;CYS,,,SO4;TRS;HOH,EXCLUDE,candidate_may_be_covalent
1875,9KH8,2025-10-22,Co-Carbonic Anhydrase II complexed with 3NPA before UV at 100 K,1.2,0.16438,1,1,A,,CO;BCT;HOH,0,,,,,,,,,CO,BCT:heavy_atoms_4;HOH,EXCLUDE,no_druglike_organic_ligand;metal_present
1876,9L92,2025-10-22,The crystal structure of human RyR3 Repeat12 domain,1.97,0.279,1,2,A;B,,GOL;HOH,0,,,,,,,,,,GOL;HOH,EXCLUDE,no_druglike_organic_ligand;multiple_protein_chains_2
1877,9LS7,2025-10-22,The crystal structure of human RyR3 Repeat12 domain complex with RI-2 and AMP-PCP,2.49,0.271,1,4,A;B;C;D,,ACP;A1L7G;HOH,2,ACP;A1L7G,,,,,,,,,HOH,MANUAL_REVIEW,multiple_candidate_ligands;multiple_protein_chains_4
1878,9OGW,2025-10-22,Identification of ligands for E3 ligases using fragment-based methods,1.8,0.2269,1,1,A,,A1CA8;HOH,1,A1CA8,A1CA8,2-{[(thiophen-3-yl)methyl]amino}benzoic acid,C12 H11 N O2 S,233.286,16,,,,HOH,INCLUDE,
1879,9QQX,2025-10-22,Crystal Structure of 54k bound to CK2a,1.6,0.2455,1,1,A,,A1I9L;ACT;HOH,1,A1I9L,A1I9L,"5-[2-[4-[[3-aminocarbonyl-5-(trifluoromethyloxy)phenyl]methylamino]butoxy]ethylamino]benzo[c][2,6]naphthyridine-8-carboxamide",C28 H29 F3 N6 O4,570.563,41,,,,ACT;HOH,INCLUDE,
1880,9QY7,2025-10-22,Crystal Structure of 54e bound to CK2a,1.39,0.208,1,1,A,,A1JB4;ACT;HOH,1,A1JB4,A1JB4,"5-[2-[4-[[3-chloranyl-4-(trifluoromethyloxy)phenyl]methylamino]butoxy]ethylamino]benzo[c][2,6]naphthyridine-8-carboxamide",C27 H27 Cl F3 N5 O3,561.983,39,,,,ACT;HOH,INCLUDE,
1881,9RTI,2025-10-22,Structure of WRN in complex with ATPgS and covalent ligand Compound 7,2.197,0.2735,1,1,A,,AGS;DMS;EDO;A1JJ8;A1JJQ;MLT;PEG;ZN;HOH,3,AGS;A1JJ8;A1JJQ,,,,,,A1JJ8;CYS,,ZN,DMS;EDO;MLT:heavy_atoms_9;PEG;HOH,MANUAL_REVIEW,multiple_candidate_ligands;metal_present
1882,9RUR,2025-10-22,Structure of WRN in complex with ATPgS and covalent ligand Compound 4d,2.296,0.2806,1,2,A;B,,AGS;DMS;EDO;A1JJK;ADP;ZN;MG;HOH,2,AGS;A1JJK,,,,,,A1JJK;CYS,ADP,ZN;MG,DMS;EDO;HOH,MANUAL_REVIEW,multiple_candidate_ligands;multiple_protein_chains_2;cofactor_present;metal_present
1883,9RUS,2025-10-22,Structure of WRN in complex with ATPgS and Compound 3,2.193,0.2978,1,2,A;B,,AGS;GQP;DMS;EDO;ADP;ZN;MG;HOH,2,AGS;GQP,,,,,,,ADP,ZN;MG,DMS;EDO;HOH,MANUAL_REVIEW,multiple_candidate_ligands;multiple_protein_chains_2;cofactor_present;metal_present
1884,9YKB,2025-10-22,"The von Willebrand factor A domain of human capillary morphogenesis gene II, fused to the 1TEL crystallization chaperone, Ala-Val linker variant, expressed with SUMO tag.",2.5,0.1938,1,3,A;B;C,,MG;CL;HOH,0,,,,,,,,,MG,CL;HOH,EXCLUDE,no_druglike_organic_ligand;multiple_protein_chains_3;metal_present
1885,7BCE,2025-10-15,Notum Fragment 718,1.87,0.2657,1,1,A,,SO4;NAG;DMS;LDV;HOH,1,LDV,LDV,3-[(4-methylpiperidin-1-yl)methyl]-1H-indole,C15 H20 N2,228.333,17,ASN;NAG,,,SO4;NAG;DMS;HOH,INCLUDE,
1886,8RXM,2025-10-15,Galectin-3 in complex with thiogalactoside derivative,1.1,0.1298,1,1,AAA,,YNO;GOL;MG;CL;HOH,1,YNO,YNO,"5-bromanyl-3-[(2~{R},3~{R},4~{S},5~{R},6~{R})-4-[4-(4-chloranyl-1,3-thiazol-2-yl)-1,2,3-triazol-1-yl]-6-(hydroxymethyl)-3-methoxy-5-oxidanyl-oxan-2-yl]sulfanyl-pyridine-2-carbonitrile",C18 H16 Br Cl N6 O4 S2,559.844,32,,,MG,GOL;CL;HOH,RESERVE,metal_present
1887,9GVU,2025-10-15,Human Rab27A in complex with cyclic peptide IMP-2660,2.1,0.2317,2,4,A;B;D;F,,MG;GOL;GNP;HOH,1,GNP,GNP,PHOSPHOAMINOPHOSPHONIC ACID-GUANYLATE ESTER,C10 H17 N6 O13 P3,522.196,32,ARG;ASN;DTY;LEU;XAK,,MG,GOL;HOH,RESERVE,multiple_protein_chains_4;metal_present
1888,9GWG,2025-10-15,Human PPAR-gamma ligand binding domain in complex with LW88,2.3,0.2521,1,2,A;B,,A1IP1;HOH,1,A1IP1,A1IP1,4-[5-chloranyl-1-[2-chloranyl-6-(trifluoromethyl)phenyl]carbonyl-indazol-3-yl]-3-[[1-[(2-methylpropan-2-yl)oxycarbonyl]piperidin-4-yl]methoxy]benzoic acid,C33 H30 Cl2 F3 N3 O6,692.509,47,,,,HOH,RESERVE,multiple_protein_chains_2
1889,9GZ7,2025-10-15,Human PPAR-gamma ligand binding domain in complex with AKGO29,1.8,0.2471,1,2,A;B,,A1IQ8;HOH,1,A1IQ8,A1IQ8,4-[5-chloranyl-1-[2-chloranyl-6-(trifluoromethyl)phenyl]carbonyl-indazol-3-yl]-3-[(4-chlorophenyl)methoxy]benzoic acid,C29 H16 Cl3 F3 N2 O4,619.803,41,,,,HOH,RESERVE,multiple_protein_chains_2
1890,9GZ8,2025-10-15,Human PPAR-gamma ligand binding domain in complex with AKGO46,2.2,0.2539,1,2,A;B,,A1IQ7;HOH,1,A1IQ7,A1IQ7,4-[5-chloranyl-1-[2-chloranyl-6-(trifluoromethyl)phenyl]carbonyl-indazol-3-yl]-3-[(1~{R})-1-phenylethoxy]benzoic acid,C30 H19 Cl2 F3 N2 O4,599.384,41,,,,HOH,RESERVE,multiple_protein_chains_2
1891,9GZ9,2025-10-15,Human PPAR-gamma ligand binding domain in complex with AKGO48,2.1,0.2606,1,2,A;B,,A1IQ6;HOH,1,A1IQ6,A1IQ6,"4-[5-chloranyl-1-[2-chloranyl-6-(trifluoromethyl)phenyl]carbonyl-indazol-3-yl]-3-[(3,4-dichlorophenyl)methoxy]benzoic acid",C29 H15 Cl4 F3 N2 O4,654.248,42,,,,HOH,RESERVE,multiple_protein_chains_2
1892,9GZA,2025-10-15,Human PPAR-gamma ligand binding domain in complex with AKGO50,1.9,0.2381,1,2,A;B,,A1IQ5;HOH,1,A1IQ5,A1IQ5,4-[5-chloranyl-1-[2-chloranyl-6-(trifluoromethyl)phenyl]carbonyl-indazol-3-yl]-3-(cyclohexylmethoxy)benzoic acid,C29 H23 Cl2 F3 N2 O4,591.405,40,,,,HOH,RESERVE,multiple_protein_chains_2
1893,9GZB,2025-10-15,Human PPAR-gamma ligand binding domain in complex with AKGO52,2.2,0.274,1,2,A;B,,A1IQ4;HOH,1,A1IQ4,A1IQ4,"4-[5-chloranyl-1-[2-chloranyl-6-(trifluoromethyl)phenyl]carbonyl-indazol-3-yl]-3-[(3,5-dimethoxyphenyl)methoxy]benzoic acid",C31 H21 Cl2 F3 N2 O6,645.409,44,,,,HOH,RESERVE,multiple_protein_chains_2
1894,9GZC,2025-10-15,Human PPAR-gamma ligand binding domain in complex with AKGO142,2.3,0.2551,1,2,A;B,,A1IQ3;HOH,1,A1IQ3,A1IQ3,4-[5-chloranyl-1-[2-chloranyl-6-(trifluoromethyl)phenyl]carbonyl-indazol-3-yl]-3-[(3-methoxyphenyl)methoxy]benzoic acid,C30 H19 Cl2 F3 N2 O5,615.383,42,,,,HOH,RESERVE,multiple_protein_chains_2
1895,9GZE,2025-10-15,Human PPAR-gamma ligand binding domain in complex with AKGO72,2.2,0.2558,1,2,A;B,,A1IRD;HOH,1,A1IRD,A1IRD,4-[5-chloranyl-1-[2-chloranyl-6-(trifluoromethyl)phenyl]carbonyl-indazol-3-yl]-3-(pyrimidin-2-ylmethoxy)benzoic acid,C27 H15 Cl2 F3 N4 O4,587.334,40,,,,HOH,RESERVE,multiple_protein_chains_2
1896,9GZV,2025-10-15,Crystal structure of human NUDT14 in complex with a potent inhibitor,1.95,0.2352,1,2,A;B,,A1IRF;GOL;ACY;PEG;MG;DMS;HOH,1,A1IRF,A1IRF,"1-(1-methylpiperidin-4-yl)-3-(3-phenoxyphenyl)pyrazolo[3,4-d]pyrimidin-4-amine",C23 H24 N6 O,400.476,30,,,MG,GOL;ACY;PEG;DMS;HOH,RESERVE,multiple_protein_chains_2;metal_present
1897,9H02,2025-10-15,"Crystal structure of human CREBBP histone acetyltransferase domain in complex with a bisubstrate inhibitor, Lys-CoA",2.03,0.2241,1,1,A,,01K;EDO;HOH,1,01K,01K,"[(2R,3S,4R,5R)-5-(6-amino-9H-purin-9-yl)-4-hydroxy-3-(phosphonooxy)tetrahydrofuran-2-yl]methyl (3R,20R)-20-carbamoyl-3-hydroxy-2,2-dimethyl-4,8,14,22-tetraoxo-12-thia-5,9,15,21-tetraazatricos-1-yl dihydrogen diphosphate",C31 H53 N10 O19 P3 S,994.794,64,,,,EDO;HOH,INCLUDE,
1898,9HGP,2025-10-15,Human Carbonic Anhydrase II in complex with a synthetic aromatic oligoamide foldamer,2.05,0.2309,2,2,A;D,,ZN;TRS;DMS;HOH,0,,,,,,,A1IJP;A1IUO;A1IUP;QDD;QUJ;QUK;QVE;QVS;ZY9,,ZN,TRS;DMS;HOH,EXCLUDE,no_druglike_organic_ligand;multiple_protein_chains_2;metal_present
1899,9JWJ,2025-10-15,"Structure of Human HDAC2 in complex with inhibitor N-(2-amino-5-(furan-2-yl)phenyl)-4-(1-((phenylsulfonyl)methyl)-1H-1,2,3-triazol-4-yl)benzamid",1.78,0.20248,1,3,A;B;C,,ZN;CA;A1L4X;EDO;PEG;PGE;PG4;GOL;HOH,1,A1L4X,A1L4X,"N-(2-amino-5-(furan-2-yl)phenyl)-4-(1-((phenylsulfonyl)methyl)-1H-1,2,3-triazol-4-yl)benzamid",C26 H21 N5 O4 S,499.541,36,,,ZN;CA,EDO;PEG;PGE;PG4;GOL;HOH,RESERVE,multiple_protein_chains_3;metal_present
1900,9JYS,2025-10-15,Crystal structure of the PIN1 and fragment 5 complex.,1.75,0.2367,1,1,A,,A1ED1;PE8;SO4;HOH,2,A1ED1;PE8,,,,,,,,,SO4;HOH,MANUAL_REVIEW,multiple_candidate_ligands
1901,9K0G,2025-10-15,"Structure of Human HDAC2 in complex with inhibitor N-(2-aminophenyl)-4-(1-((phenylsulfonyl)methyl)-1H-1,2,3-triazol-4-yl)benzamide",1.62,0.19636,1,3,A;B;C,,ZN;CA;A1L47;EDO;PEG;PGE;GOL;PG4;HOH,1,A1L47,A1L47,"N-(2-aminophenyl)-4-(1-((phenylsulfonyl)methyl)-1H-1,2,3-triazol-4-yl)benzamide",C22 H19 N5 O3 S,433.483,31,,,ZN;CA,EDO;PEG;PGE;GOL;PG4;HOH,RESERVE,multiple_protein_chains_3;metal_present
1902,9LRF,2025-10-15,Killer immunoglobulin receptor KIR2DL2 in complex with KIR2DL2_KIR2DL2/3 agonist 61-Fab,2.5,0.2742,3,3,H;K;L,,NAG;HOH,0,,,,,,,ASN;NAG,,,NAG;HOH,EXCLUDE,no_druglike_organic_ligand;multiple_protein_chains_3
1903,9M0O,2025-10-15,Crystal structure of OPTN 138-170 in complex with GTP-bound RAB8A1-176 (Q67L),1.83,0.2216,2,2,A;D,,MG;GTP;GOL;ACT;HOH,0,,,,,,,,GTP,MG,GOL;ACT;HOH,EXCLUDE,no_druglike_organic_ligand;multiple_protein_chains_2;cofactor_present;metal_present
1904,9N7K,2025-10-15,Crystal structure of human anti-Pfs48/45 transmission-blocking antibody RUPA-71,2.28,0.2407,2,4,A;B;H;L,,GOL;EDO;HOH,0,,,,,,,,,,GOL;EDO;HOH,EXCLUDE,no_druglike_organic_ligand;multiple_protein_chains_4
1905,9QE3,2025-10-15,Structure of native leukocyte myeloperoxidase in complex with a truncated version of the Staphylococcal Peroxidase Inhibitor SPIN and selenocyanate at pH 5.5,2.06,0.2342,3,6,A;B;C;D;E;F,,SEK;HEM;NAG;CA;HOH,0,,,,,,,ASN;ASP;BMA;CSO;FUC;GLU;HEM;MAN;MET;NAG;PRO;SER,HEM,CA,SEK:heavy_atoms_3;NAG;HOH,EXCLUDE,no_druglike_organic_ligand;multiple_protein_chains_6;cofactor_present;metal_present
1906,9QEX,2025-10-15,Structure of native leukocyte myeloperoxidase in complex with a truncated version of the Staphylococcal Peroxidase Inhibitor SPIN and thiocyanate at pH 7.5,1.903,0.2158,3,6,A;B;C;D;E;F,,NAG;CA;SCN;HEM;HOH,0,,,,,,,2CO;ASN;ASP;BMA;FUC;GLU;HEM;MAN;MET;NAG;PRO;SER,HEM,CA,NAG;SCN;HOH,EXCLUDE,no_druglike_organic_ligand;multiple_protein_chains_6;cofactor_present;metal_present
1907,9QGA,2025-10-15,Structure of native leukocyte myeloperoxidase in complex with a truncated version of the Staphylococcal Peroxidase Inhibitor SPIN and bromide at pH 7.5,2.21,0.25234,3,6,A;B;C;D;E;F,,HEM;BR;NAG;CA;HOH,0,,,,,,,ASN;ASP;BMA;CSO;FUC;GLU;HEM;MAN;MET;NAG;PRO;SER,HEM,CA,BR;NAG;HOH,EXCLUDE,no_druglike_organic_ligand;multiple_protein_chains_6;cofactor_present;metal_present
1908,9QJO,2025-10-15,Structure of native leukocyte myeloperoxidase in complex with the Staphylococcal Peroxidase Inhibitor SPIN and bromide at pH 5.5,2.18,0.23243,3,6,A;B;C;D;E;F,,NAG;BR;CA;HEM;HOH,0,,,,,,,ASN;ASP;BMA;CSO;FUC;GLU;HEM;MAN;MET;NAG;PRO;SER,HEM,CA,NAG;BR;HOH,EXCLUDE,no_druglike_organic_ligand;multiple_protein_chains_6;cofactor_present;metal_present
1909,9QXN,2025-10-15,Crystal Structure of wild-type EGFR in complex with the reversible inhibitor Sevabertinib (BAY 2927088),2.142,0.2102,1,1,AAA,,SIN;CL;DMS;EDO;A1JBI;HOH,1,A1JBI,A1JBI,"3-[(3-chloranyl-2-methoxy-phenyl)amino]-2-[3-[[(2~{S})-1,4-dioxan-2-yl]methoxy]pyridin-4-yl]-1,5,6,7-tetrahydropyrrolo[3,2-c]pyridin-4-one",C24 H25 Cl N4 O5,484.932,34,,,,SIN:heavy_atoms_8;CL;DMS;EDO;HOH,INCLUDE,
1910,9RZZ,2025-10-15,PYCR1 in complex with pyrrolidine-1-sulfonic acid.,1.7,0.2149,1,5,A;B;C;D;E,,EDO;A1JKN;HOH,0,,,,,,,,,,EDO;A1JKN:heavy_atoms_9;HOH,EXCLUDE,no_druglike_organic_ligand;multiple_protein_chains_5
1911,9S01,2025-10-15,PYCR1 in complex with L-tartrate,1.65,0.2038,1,5,A;B;C;D;E,,TLA;EDO;HOH,1,TLA,TLA,L(+)-TARTARIC ACID,C4 H6 O6,150.087,10,,,,EDO;HOH,RESERVE,multiple_protein_chains_5
1912,9S02,2025-10-15,PYCR1 in complex with 3-(2-thiazolyl)propionic acid,1.65,0.193,1,5,A;B;C;D;E,,R9M;EDO;DMS;HOH,1,R9M,R9M,"3-(1,3-thiazol-2-yl)propanoic acid",C6 H7 N O2 S,157.19,10,,,,EDO;DMS;HOH,RESERVE,multiple_protein_chains_5
1913,9S04,2025-10-15,"PYCR1 in complex with 1-(2,4-Difluorophenyl)-2-(1H-1,2,4-triazol-1- yl)ethanone",1.57,0.2052,1,5,A;B;C;D;E,,TLA;A1JKQ;EDO;HOH,2,TLA;A1JKQ,,,,,,,,,EDO;HOH,MANUAL_REVIEW,multiple_candidate_ligands;multiple_protein_chains_5
1914,9SDS,2025-10-15,Structure of native leukocyte myeloperoxidase in complex with a truncated version of the Staphylococcal Peroxidase Inhibitor SPIN and chloride at pH 5.5,2.49,0.23391,3,6,A;B;C;D;E;F,,HEM;IOD;CA;CL;NAG;HOH,0,,,,,,,ASN;ASP;BMA;FUC;GLU;HEM;MAN;MET;NAG,HEM,CA,IOD;CL;NAG;HOH,EXCLUDE,no_druglike_organic_ligand;multiple_protein_chains_6;cofactor_present;metal_present
1915,9SMQ,2025-10-15,Crystal structure of LRH-1/TIF-2 peptide in complex with CP4,2.2,0.2443,2,3,A;C;E,,A1JOT;PO4;HOH,1,A1JOT,A1JOT,3-[5-phenyl-1-[3-(trifluoromethyl)phenyl]pyrazol-3-yl]propanoic acid,C19 H15 F3 N2 O2,360.33,26,,,,PO4;HOH,RESERVE,multiple_protein_chains_3
1916,9VD2,2025-10-15,Crystal Structure of kelch domain of human KEAP1 in complex with CH7286675,1.699,0.2118,1,1,A,,A1L99;ACT;DMS;HOH,1,A1L99,A1L99,"4-[3-[2,6-dichloro-4-(6-methoxy-2-azaspiro[3.3]heptan-2-yl)benzoyl]-2,4-dihydro-1,3-benzoxazin-8-yl]-5-fluoro-2-(3-oxa-8-azabicyclo[3.2.1]octan-8-yl)benzoic acid",C35 H34 Cl2 F N3 O6,682.565,47,,,,ACT;DMS;HOH,INCLUDE,
1917,9XZ1,2025-10-15,KRAS(G12C)-RNK07311-HSP90(N-terminus),1.96,0.24906,2,2,A;B,,BTB;CA;GDP;A1CRY;MG;HOH,2,BTB;A1CRY,,,,,,A1CRY;CYS,GDP,CA;MG,HOH,MANUAL_REVIEW,multiple_candidate_ligands;multiple_protein_chains_2;cofactor_present;metal_present
1918,9Y76,2025-10-15,Crystal structure of the human DCAF1 WDR domain in complex with OICR-40120,1.56,0.20798,1,2,A;B,,A1CSX;UNX;HOH,1,A1CSX,A1CSX,"(4P,5M)-N-[(1S)-3-amino-1-(3-chloro-4-fluorophenyl)-3-oxopropyl]-4-(4-chloro-2-fluorophenyl)-5-{1-[2-(morpholin-4-yl)ethyl]-1H-pyrazol-4-yl}-1H-pyrrole-3-carboxamide",C29 H28 Cl2 F2 N6 O3,617.474,42,,,,UNX:missing_formula;HOH,RESERVE,multiple_protein_chains_2
1919,9YGX,2025-10-15,I21T mutant human DJ-1,0.97,0.1127,1,1,A,,EDO;HOH,0,,,,,,,ALA;CSD;ILE,,,EDO;HOH,EXCLUDE,no_druglike_organic_ligand
1920,9YH8,2025-10-15,M17T Human DJ-1,1.0,0.1304,1,1,A,,EDO;CL;HOH,0,,,,,,,,,,EDO;CL;HOH,EXCLUDE,no_druglike_organic_ligand
1921,9C3K,2025-10-08,Crystal structure of GDP-bound KRAS G12D/M67R: Suppressing G12D oncogenicity via second-site M67R mutation,1.7,0.2089,1,2,A;B,,GDP;MG;HOH,0,,,,,,,,GDP,MG,HOH,EXCLUDE,no_druglike_organic_ligand;multiple_protein_chains_2;cofactor_present;metal_present
1922,9C3M,2025-10-08,Crystal structure of GDP-bound KRAS G12D/F28K: Suppressing G12D oncogenicity via second-site F28K mutation,1.74,0.2222,1,2,A;B,,GDP;MG;SO4;HOH,0,,,,,,,,GDP,MG,SO4;HOH,EXCLUDE,no_druglike_organic_ligand;multiple_protein_chains_2;cofactor_present;metal_present
1923,9C3N,2025-10-08,Crystal structure of GDP-bound KRAS G12D/P34R: Suppressing G12D oncogenicity via second-site P34R mutation,1.5,0.2172,1,2,A;B,,MG;GDP;HOH,0,,,,,,,,GDP,MG,HOH,EXCLUDE,no_druglike_organic_ligand;multiple_protein_chains_2;cofactor_present;metal_present
1924,9C3Q,2025-10-08,Crystal structure of GDP-bound KRAS G12D/R41Q: Suppressing G12D oncogenicity via second-site R41Q mutation,1.22,0.1902,1,1,A,,GDP;MG;HOH,0,,,,,,,,GDP,MG,HOH,EXCLUDE,no_druglike_organic_ligand;cofactor_present;metal_present
1925,9C3R,2025-10-08,Crystal structure of GDP-bound KRAS G12D/V45E: Suppressing G12D oncogenicity via second-site V45E mutation,2.2,0.2088,1,2,A;B,,GDP;MG;HOH,0,,,,,,,,GDP,MG,HOH,EXCLUDE,no_druglike_organic_ligand;multiple_protein_chains_2;cofactor_present;metal_present
1926,9C3Z,2025-10-08,Crystal structure of GDP-bound KRAS G12D/G60R: Suppressing G12D oncogenicity via second-site G60R mutation,1.8,0.17394,1,2,A;B,,MG;GDP;HOH,0,,,,,,,,GDP,MG,HOH,EXCLUDE,no_druglike_organic_ligand;multiple_protein_chains_2;cofactor_present;metal_present
1927,9C40,2025-10-08,Crystal structure of GDP-bound KRAS G12D/V103Y: Suppressing G12D oncogenicity via second-site V103Y mutation,1.8,0.2078,1,2,A;B,,MG;GDP;HOH,0,,,,,,,,GDP,MG,HOH,EXCLUDE,no_druglike_organic_ligand;multiple_protein_chains_2;cofactor_present;metal_present
1928,9C41,2025-10-08,Crystal structure of GDP-bound KRAS G12D/E62Q: Suppressing G12D oncogenicity via second-site E62Q mutation,1.94,0.16116,1,2,A;B,,MG;GDP;SO4;HOH,0,,,,,,,,GDP,MG,SO4;HOH,EXCLUDE,no_druglike_organic_ligand;multiple_protein_chains_2;cofactor_present;metal_present
1929,9C43,2025-10-08,Crystal structure of GDP-bound KRAS E3K/G12D: Suppressing G12D oncogenicity via second-site E3K mutation,1.87,0.15979,1,2,A;B,,MG;GDP;GOL;HOH,0,,,,,,,,GDP,MG,GOL;HOH,EXCLUDE,no_druglike_organic_ligand;multiple_protein_chains_2;cofactor_present;metal_present
1930,9DTW,2025-10-08,"Co-crystal structure of the ternary complex of human FKBP12, QDPR and Compound 4",1.39,0.2142,2,2,A;B,,GOL;CL;A1BB9;HOH,1,A1BB9,A1BB9,"(2S)-N-[(2R)-1-({[(1R)-6-(4-[(4S)-5,6-dihydro[1,2,4]triazolo[1,5-a]pyrazin-7(8H)-yl]-6-{[(1S)-3-methyl-1-(1H-1,2,4-triazol-3-yl)butyl]amino}-1,3,5-triazin-2-yl)-6-azaspiro[2.5]octan-1-yl]methyl}amino)-4-(4-methoxyphenyl)-1-oxobutan-2-yl]-1-(3,3-dimethyl-2-oxopentanoyl)piperidine-2-carboxamide",C47 H67 N15 O5,922.132,67,,,,GOL;CL;HOH,RESERVE,multiple_protein_chains_2
1931,9DU1,2025-10-08,"Co-crystal structure of the ternary complex of human FKBP12, BRD9 bromo domain and Compound 1",2.01,0.2588,2,8,A;B;C;D;E;F;G;H,,A1BB8;GOL;HOH,1,A1BB8,A1BB8,"4-[4-{cyclopropyl[(1-methyl-1H-pyrazol-4-yl)methyl]amino}-6-({1-[(2R)-2-{[(2S)-1-(3,3-dimethyl-2-oxopentanoyl)piperidine-2-carbonyl]amino}-4-(4-methoxyphenyl)butanoyl]piperidin-4-yl}amino)-1,3,5-triazin-2-yl]-N-ethylpiperazine-1-carboxamide",C47 H69 N13 O6,912.134,66,,,,GOL;HOH,RESERVE,multiple_protein_chains_8
1932,9GVL,2025-10-08,type-I interferons autoantibody pmab15 in complex with Interferon alpha-2,2.006,0.2696,2,4,A;B;H;I,,GOL;SO4;HOH,0,,,,,,,,,,GOL;SO4;HOH,EXCLUDE,no_druglike_organic_ligand;multiple_protein_chains_4
1933,9GVO,2025-10-08,type-I interferons autoantibodies pmab15 and pmab14 in complex with Interferon alpha-2,1.81,0.215,3,3,A;B;H,,GOL;PO4;K;HOH,0,,,,,,,,,K,GOL;PO4;HOH,EXCLUDE,no_druglike_organic_ligand;multiple_protein_chains_3;metal_present
1934,9GVP,2025-10-08,Human PPAR-gamma ligand binding domain in complex with WG115,2.05,0.2487,1,2,A;B,,A1IPP;HOH,1,A1IPP,A1IPP,4-[5-chloranyl-1-[2-chloranyl-6-(trifluoromethyl)phenyl]carbonyl-indazol-3-yl]-3-phenylmethoxy-benzoic acid,C29 H17 Cl2 F3 N2 O4,585.357,40,,,,HOH,RESERVE,multiple_protein_chains_2
1935,9GVS,2025-10-08,Human PPAR-gamma ligand binding domain in complex with AK176_C,2.1,0.2553,1,2,A;B,,A1IPR,1,A1IPR,A1IPR,4-[1-[2-chloranyl-6-(trifluoromethyl)phenyl]carbonyl-6-(trifluoromethyl)indazol-3-yl]-3-phenylmethoxy-benzoic acid,C30 H17 Cl F6 N2 O4,618.91,43,,,,,RESERVE,multiple_protein_chains_2
1936,9GVT,2025-10-08,Human PPAR-gamma ligand binding domain in complex with AK176_D,2.3,0.2519,1,2,A;B,,A1IPQ;HOH,1,A1IPQ,A1IPQ,4-[1-[2-chloranyl-6-(trifluoromethyl)phenyl]carbonyl-5-(trifluoromethyloxy)indazol-3-yl]-3-phenylmethoxy-benzoic acid,C30 H17 Cl F6 N2 O5,634.91,44,,,,HOH,RESERVE,multiple_protein_chains_2
1937,9GW3,2025-10-08,Human PPAR-gamma ligand binding domain in complex with LW56,2.0,0.25167,1,2,A;B,,A1IPW;HOH,1,A1IPW,A1IPW,4-[1-[2-chloranyl-6-(trifluoromethyl)phenyl]carbonyl-5-methyl-indazol-3-yl]-3-phenylmethoxy-benzoic acid,C30 H20 Cl F3 N2 O4,564.939,40,,,,HOH,RESERVE,multiple_protein_chains_2
1938,9GW4,2025-10-08,Human PPAR-gamma ligand binding domain in complex with LW78,2.2,0.2484,1,2,A;B,,A1IPS;HOH,1,A1IPS,A1IPS,"4-[5-chloranyl-1-[2-chloranyl-6-(trifluoromethyl)phenyl]carbonyl-indazol-3-yl]-3-[(2,3-dimethoxyphenyl)methoxy]benzoic acid",C31 H21 Cl2 F3 N2 O6,645.409,44,,,,HOH,RESERVE,multiple_protein_chains_2
1939,9GW7,2025-10-08,Human PPAR-gamma ligand binding domain in complex with LW76,2.1,0.24839,1,2,A;B,,A1IPU;HOH,1,A1IPU,A1IPU,"3-(1,3-benzodioxol-5-ylmethoxy)-4-[5-chloranyl-1-[2-chloranyl-6-(trifluoromethyl)phenyl]carbonyl-indazol-3-yl]benzoic acid",C30 H17 Cl2 F3 N2 O6,629.367,43,,,,HOH,RESERVE,multiple_protein_chains_2
1940,9GW8,2025-10-08,Human PPAR-gamma ligand binding domain in complex with LW75,2.2,0.2568,1,2,A;B,,A1IRG;HOH,1,A1IRG,A1IRG,"3-(1,3-benzodioxol-4-ylmethoxy)-4-[5-chloranyl-1-[2-chloranyl-6-(trifluoromethyl)phenyl]carbonyl-indazol-3-yl]benzoic acid",C30 H17 Cl2 F3 N2 O6,629.367,43,,,,HOH,RESERVE,multiple_protein_chains_2
1941,9GWB,2025-10-08,Human PPAR-gamma ligand binding domain in complex with LW69,2.2,0.2452,1,2,A;B,,A1IPZ;HOH,1,A1IPZ,A1IPZ,4-[5-chloranyl-1-[2-chloranyl-6-(trifluoromethyl)phenyl]carbonyl-indazol-3-yl]-3-(oxan-4-ylmethoxy)benzoic acid,C28 H21 Cl2 F3 N2 O5,593.378,40,,,,HOH,RESERVE,multiple_protein_chains_2
1942,9GWC,2025-10-08,Human PPAR-gamma ligand binding domain in complex with LW99,2.0,0.24729,1,2,A;B,,A1IPX;HOH,1,A1IPX,A1IPX,4-[5-chloranyl-1-[2-chloranyl-6-(trifluoromethyl)phenyl]carbonyl-indazol-3-yl]-3-[[(2~{S})-oxan-2-yl]methoxy]benzoic acid,C28 H21 Cl2 F3 N2 O5,593.378,40,,,,HOH,RESERVE,multiple_protein_chains_2
1943,9GWE,2025-10-08,Human PPAR-gamma ligand binding domain in complex with LW87,2.1,0.259,1,2,A;B,,A1IPV;HOH,1,A1IPV,A1IPV,4-[5-chloranyl-1-[2-chloranyl-6-(trifluoromethyl)phenyl]carbonyl-indazol-3-yl]-3-[[3-(trifluoromethyloxy)phenyl]methoxy]benzoic acid,C30 H16 Cl2 F6 N2 O5,669.355,45,,,,HOH,RESERVE,multiple_protein_chains_2
1944,9GWF,2025-10-08,Human PPAR-gamma ligand binding domain in complex with LW100,2.4,0.2526,1,2,A;B,,A1IPT;HOH,1,A1IPT,A1IPT,4-[5-chloranyl-1-[2-chloranyl-6-(trifluoromethyl)phenyl]carbonyl-indazol-3-yl]-3-[[3-(methylcarbamoyl)phenyl]methoxy]benzoic acid,C31 H20 Cl2 F3 N3 O5,642.409,44,,,,HOH,RESERVE,multiple_protein_chains_2
1945,9GWH,2025-10-08,Human PPAR-gamma ligand binding domain in complex with LW77,2.1,0.2564,1,2,A;B,,A1IP0;HOH,1,A1IP0,A1IP0,4-[5-chloranyl-1-[2-chloranyl-6-(trifluoromethyl)phenyl]carbonyl-indazol-3-yl]-2-phenylmethoxy-benzoic acid,C29 H17 Cl2 F3 N2 O4,585.357,40,,,,HOH,RESERVE,multiple_protein_chains_2
1946,9GWI,2025-10-08,Human PPAR-gamma ligand binding domain in complex with LW23,2.2,0.2533,1,2,A;B,,A1IPY;HOH,1,A1IPY,A1IPY,4-[5-chloranyl-1-[2-chloranyl-6-(trifluoromethyl)phenyl]carbonyl-indazol-3-yl]-3-(phenoxymethyl)benzoic acid,C29 H17 Cl2 F3 N2 O4,585.357,40,,,,HOH,RESERVE,multiple_protein_chains_2
1947,9GWK,2025-10-08,Human PPAR-gamma ligand binding domain in complex with AKGO6A,2.2,0.2543,1,2,A;B,,A1IP9;HOH,1,A1IP9,A1IP9,4-[7-chloranyl-1-[2-chloranyl-6-(trifluoromethyl)phenyl]carbonyl-indazol-3-yl]-3-phenylmethoxy-benzoic acid,C29 H17 Cl2 F3 N2 O4,585.357,40,,,,HOH,RESERVE,multiple_protein_chains_2
1948,9GWL,2025-10-08,Human PPAR-gamma ligand binding domain in complex with AKGO157,2.2,0.2486,1,2,A;B,,A1IP7;HOH,1,A1IP7,A1IP7,4-[6-chloranyl-1-[2-chloranyl-6-(trifluoromethyl)phenyl]carbonyl-indazol-3-yl]-3-phenylmethoxy-benzoic acid,C29 H17 Cl2 F3 N2 O4,585.357,40,,,,HOH,RESERVE,multiple_protein_chains_2
1949,9GWM,2025-10-08,Human PPAR-gamma ligand binding domain in complex with AKGO108,2.2,0.2528,1,2,A;B,,A1IP6;HOH,1,A1IP6,A1IP6,4-[1-[2-chloranyl-6-(trifluoromethyl)phenyl]carbonyl-6-cyano-indazol-3-yl]-3-phenylmethoxy-benzoic acid,C30 H17 Cl F3 N3 O4,575.922,41,,,,HOH,RESERVE,multiple_protein_chains_2
1950,9GWN,2025-10-08,Human PPAR-gamma ligand binding domain in complex with LW30,2.2,0.2575,1,2,A;B,,A1IP4;HOH,1,A1IP4,A1IP4,4-[5-chloranyl-1-[2-chloranyl-6-(trifluoromethyl)phenyl]carbonyl-indazol-3-yl]-3-(phenylazanylmethyl)benzoic acid,C29 H18 Cl2 F3 N3 O3,584.373,40,,,,HOH,RESERVE,multiple_protein_chains_2
1951,9GWQ,2025-10-08,Human PPAR-gamma ligand binding domain in complex with AKGO6D,2.1,0.255,1,2,A;B,,A1IQA;HOH,1,A1IQA,A1IQA,4-[1-[2-chloranyl-6-(trifluoromethyl)phenyl]carbonyl-5-cyano-indazol-3-yl]-3-phenylmethoxy-benzoic acid,C30 H17 Cl F3 N3 O4,575.922,41,,,,HOH,RESERVE,multiple_protein_chains_2
1952,9GWR,2025-10-08,Human PPAR-gamma ligand binding domain in complex with AKGO10,2.1,0.2549,1,2,A;B,,A1IP3;HOH,1,A1IP3,A1IP3,4-[5-chloranyl-1-(2-chlorophenyl)carbonyl-indazol-3-yl]-3-phenylmethoxy-benzoic acid,C28 H18 Cl2 N2 O4,517.36,36,,,,HOH,RESERVE,multiple_protein_chains_2
1953,9GWS,2025-10-08,Human PPAR-gamma ligand binding domain in complex with AKGO8,2.2,0.2375,1,2,A;B,,A1IQB;HOH,1,A1IQB,A1IQB,4-[5-chloranyl-1-[2-(trifluoromethyl)phenyl]carbonyl-indazol-3-yl]-3-phenylmethoxy-benzoic acid,C29 H18 Cl F3 N2 O4,550.912,39,,,,HOH,RESERVE,multiple_protein_chains_2
1954,9GWX,2025-10-08,Human PPAR-gamma ligand binding domain in complex with AKGO141,2.2,0.2483,1,2,A;B,,A1IP8;HOH,1,A1IP8,A1IP8,"4-[1-[2,6-bis(chloranyl)phenyl]carbonyl-5-chloranyl-indazol-3-yl]-3-phenylmethoxy-benzoic acid",C28 H17 Cl3 N2 O4,551.805,37,,,,HOH,RESERVE,multiple_protein_chains_2
1955,9GWY,2025-10-08,Human PPAR-gamma ligand binding domain in complex with AKGO78,2.09,0.2424,1,2,A;B,,A1IQD;HOH,1,A1IQD,A1IQD,4-[5-chloranyl-1-[2-(trifluoromethyl)phenyl]sulfonyl-indazol-3-yl]-3-phenylmethoxy-benzoic acid,C28 H18 Cl F3 N2 O5 S,586.966,40,,,,HOH,RESERVE,multiple_protein_chains_2
1956,9GX0,2025-10-08,Human PPAR-gamma ligand binding domain in complex with AKGO79,2.1,0.2598,1,2,A;B,,A1IQG;HOH,1,A1IQG,A1IQG,4-[5-chloranyl-1-[2-chloranyl-6-(trifluoromethyl)phenyl]carbonyl-indazol-3-yl]-3-[(4-methylphenyl)methoxy]benzoic acid,C30 H19 Cl2 F3 N2 O4,599.384,41,,,,HOH,RESERVE,multiple_protein_chains_2
1957,9GX1,2025-10-08,Human PPAR-gamma ligand binding domain in complex with AKGO80,2.1,0.2525,1,2,A;B,,A1IQI;HOH,1,A1IQI,A1IQI,4-[5-chloranyl-1-[2-chloranyl-6-(trifluoromethyl)phenyl]carbonyl-indazol-3-yl]-3-[(4-methoxyphenyl)methoxy]benzoic acid,C30 H19 Cl2 F3 N2 O5,615.383,42,,,,HOH,RESERVE,multiple_protein_chains_2
1958,9GX2,2025-10-08,Human PPAR-gamma ligand binding domain in complex with AKGO82,2.35,0.2457,1,2,A;B,,A1IP5;HOH,1,A1IP5,A1IP5,3-[(3-carboxyphenyl)methoxy]-4-[5-chloranyl-1-[2-chloranyl-6-(trifluoromethyl)phenyl]carbonyl-indazol-3-yl]benzoic acid,C30 H17 Cl2 F3 N2 O6,629.367,43,,,,HOH,RESERVE,multiple_protein_chains_2
1959,9GX3,2025-10-08,Human PPAR-gamma ligand binding domain in complex with AKGO12,1.9,0.2544,1,2,A;B,,A1IQE;HOH,1,A1IQE,A1IQE,4-[1-[2-chloranyl-6-(trifluoromethyl)phenyl]carbonylindazol-3-yl]-3-phenylmethoxy-benzoic acid,C29 H18 Cl F3 N2 O4,550.912,39,,,,HOH,RESERVE,multiple_protein_chains_2
1960,9GX4,2025-10-08,Human PPAR-gamma ligand binding domain in complex with AKGO156,2.2,0.2697,1,2,A;B,,A1IQC;HOH,1,A1IQC,A1IQC,4-[4-chloranyl-1-[2-chloranyl-6-(trifluoromethyl)phenyl]carbonyl-indazol-3-yl]-3-phenylmethoxy-benzoic acid,C29 H17 Cl2 F3 N2 O4,585.357,40,,,,HOH,RESERVE,multiple_protein_chains_2
1961,9GX5,2025-10-08,Human PPAR-gamma ligand binding domain in complex with AKGO173,2.45,0.2703,1,2,A;B,,A1IQJ;HOH,1,A1IQJ,A1IQJ,4-[5-chloranyl-1-[[2-chloranyl-6-(trifluoromethyl)phenyl]methyl]indazol-3-yl]-3-phenylmethoxy-benzoic acid,C29 H19 Cl2 F3 N2 O3,571.374,39,,,,HOH,RESERVE,multiple_protein_chains_2
1962,9GX6,2025-10-08,Human PPAR-gamma ligand binding domain in complex with AKGO166,2.1,0.25118,1,2,A;B,,A1IQL;HOH,1,A1IQL,A1IQL,"4-[5-chloranyl-1-(2,6-dimethylphenyl)carbonyl-indazol-3-yl]-3-phenylmethoxy-benzoic acid",C30 H23 Cl N2 O4,510.968,37,,,,HOH,RESERVE,multiple_protein_chains_2
1963,9GX7,2025-10-08,Human PPAR-gamma ligand binding domain in complex with WG17,2.2,0.2713,1,2,A;B,,A1IQH,1,A1IQH,A1IQH,4-[5-chloranyl-1-[2-chloranyl-6-(trifluoromethyl)phenyl]carbonyl-indazol-3-yl]benzoic acid,C22 H11 Cl2 F3 N2 O3,479.236,32,,,,,RESERVE,multiple_protein_chains_2
1964,9GXD,2025-10-08,Human PPAR-gamma ligand binding domain in complex with AKGO27,2.2,0.2612,1,2,A;B,,A1IQF;HOH,1,A1IQF,A1IQF,4-[5-chloranyl-1-[2-chloranyl-6-(trifluoromethyl)phenyl]carbonyl-indazol-3-yl]-3-(2-phenylethoxy)benzoic acid,C30 H19 Cl2 F3 N2 O4,599.384,41,,,,HOH,RESERVE,multiple_protein_chains_2
1965,9H8R,2025-10-08,Crystal structure of Nkp46 in complex with a bicyclic peptide BCY00016132,1.75,0.23907,2,2,A;B,,EDO;DHL;LFI;HOH,1,LFI,LFI,"1-[3,5-bis(3-bromanylpropanoyl)-1,3,5-triazinan-1-yl]-3-bromanyl-propan-1-one",C12 H18 Br3 N3 O3,492.002,21,2JH;ALA;ASP;CYS;DAL;LFI;NH2;PRO;TYR,,,EDO;DHL:heavy_atoms_4;HOH,EXCLUDE,candidate_may_be_covalent;multiple_protein_chains_2
1966,9IFV,2025-10-08,PARP15 catalytic domain mutant (R576E) in complex with 3-aminobenzamide,1.431,0.2252,1,2,A;B,,3AB;HOH,1,3AB,3AB,3-aminobenzamide,C7 H8 N2 O,136.151,10,,,,HOH,RESERVE,multiple_protein_chains_2
1967,9IH0,2025-10-08,Crystal structure of Vaspin with PolyP45,2.26,0.2404,1,2,A;B,,A1I43;SO4;HOH,0,,,,,,,,,,A1I43:no_carbon;SO4;HOH,EXCLUDE,no_druglike_organic_ligand;multiple_protein_chains_2
1968,9JT4,2025-10-08,Crystal structure of Aldo-keto reductase 1C3 complexed with compound S30-1023,1.64,0.1887,1,2,A;B,,NAP;A1EC0;HOH,1,A1EC0,A1EC0,5-[[(6-ethoxy-2~{H}-chromen-3-yl)carbonylamino]methyl]-2-methyl-furan-3-carboxylic acid,C19 H19 N O6,357.357,26,,NAP,,HOH,RESERVE,multiple_protein_chains_2;cofactor_present
1969,9JT5,2025-10-08,Crystal structure of Aldo-keto reductase 1C3 complexed with compound S30-1023x,1.62,0.1862,1,2,A;B,,NAP;A1EC3;SO4;HOH,1,A1EC3,A1EC3,"5-[[(4-carboxy-5-methyl-furan-2-yl)methyl-[[(3~{R})-6-ethoxy-3,4-dihydro-2~{H}-chromen-3-yl]carbonyl]amino]methyl]-2-methyl-furan-3-carboxylic acid",C26 H27 N O9,497.494,36,,NAP,,SO4;HOH,RESERVE,multiple_protein_chains_2;cofactor_present
1970,9JT6,2025-10-08,Crystal structure of Aldo-keto reductase 1C3 complexed with compound S30-1045,1.74,0.2532,1,2,A;B,,NAP;A1EC4;HOH,1,A1EC4,A1EC4,"4-[[(7-fluoranyl-3,4-dihydro-2~{H}-chromen-3-yl)carbonyl-methyl-amino]methyl]benzoic acid",C19 H16 F N O4,341.333,25,,NAP,,HOH,RESERVE,multiple_protein_chains_2;cofactor_present
1971,9KRY,2025-10-08,Crystal structure Of MerTK kinase domain in complex With compound 1,2.25,0.2844,1,2,A;B,,A1L6J;HOH,1,A1L6J,A1L6J,"~{N}-[4-[5-(3-aminophenyl)-6-(1-methylpyrazol-4-yl)furo[2,3-d]pyrimidin-4-yl]oxyphenyl]-2-(4-fluorophenyl)-1-methyl-3-oxidanylidene-pyrazole-4-carboxamide",C33 H25 F N8 O4,616.601,46,,,,HOH,RESERVE,r_free_above_0.28;multiple_protein_chains_2
1972,9KX7,2025-10-08,Crystal structure of the PIN1 and fragment 34 complex.,1.53,0.201,1,1,A,,A1EHC;PE8;SO4;HOH,2,A1EHC;PE8,,,,,,,,,SO4;HOH,MANUAL_REVIEW,multiple_candidate_ligands
1973,9KX9,2025-10-08,Crystal structure of the PIN1 and fragment 35 complex.,1.62,0.2369,1,1,A,,A1EHD;PE8;SO4;HOH,2,A1EHD;PE8,,,,,,,,,SO4;HOH,MANUAL_REVIEW,multiple_candidate_ligands
1974,9KXC,2025-10-08,Crystal structure of the PIN1 and fragment 36 complex.,1.53,0.2327,1,1,A,,A1EHE;PE8;SO4;HOH,2,A1EHE;PE8,,,,,,,,,SO4;HOH,MANUAL_REVIEW,multiple_candidate_ligands
1975,9KXD,2025-10-08,Crystal structure of the PIN1 and fragment 37 complex.,1.6,0.2206,1,1,A,,53E;PE8;SO4;CL;HOH,2,53E;PE8,,,,,,,,,SO4;CL;HOH,MANUAL_REVIEW,multiple_candidate_ligands
1976,9KXE,2025-10-08,Crystal structure of the PIN1 and fragment 38 complex.,1.61,0.2249,1,1,A,,PE8;SO4;A1EHF;HOH,1,PE8,PE8,"3,6,9,12,15,18,21-HEPTAOXATRICOSANE-1,23-DIOL",C16 H34 O9,370.436,25,,,,SO4;A1EHF:heavy_atoms_9;HOH,INCLUDE,
1977,9KXF,2025-10-08,Crystal structure of the PIN1 and fragment 39 complex.,1.71,0.2496,1,1,A,,A1EHG;PE8;SO4;HOH,2,A1EHG;PE8,,,,,,,,,SO4;HOH,MANUAL_REVIEW,multiple_candidate_ligands
1978,9KXG,2025-10-08,Crystal structure of the PIN1 and fragment 41 complex.,1.58,0.2303,1,1,A,,M4T;PE8;SO4;CL;HOH,2,M4T;PE8,,,,,,,,,SO4;CL;HOH,MANUAL_REVIEW,multiple_candidate_ligands
1979,9KXO,2025-10-08,Crystal structure of the PIN1 and fragment 21 complex.,1.75,0.2226,1,1,A,,UUY;PE8;SO4;HOH,2,UUY;PE8,,,,,,,,,SO4;HOH,MANUAL_REVIEW,multiple_candidate_ligands
1980,9KXP,2025-10-08,Crystal structure of the PIN1 and fragment 33 complex.,1.81,0.2667,1,1,A,,A1EHB;PE8;SO4;HOH,1,PE8,PE8,"3,6,9,12,15,18,21-HEPTAOXATRICOSANE-1,23-DIOL",C16 H34 O9,370.436,25,,,,A1EHB:heavy_atoms_9;SO4;HOH,INCLUDE,
1981,9MSR,2025-10-08,BDTX-1535 in complex with WT EGFR,1.93,0.2314,1,1,A,,A1BRC;HOH,1,A1BRC,A1BRC,"N-[4-(3-chloro-2-fluoroanilino)-7-{[(1S,5R)-3-methyl-3-azabicyclo[3.1.0]hexan-1-yl]ethynyl}quinazolin-6-yl]-4-(morpholin-4-yl)butanamide",C30 H32 Cl F N6 O2,563.065,40,,,,HOH,INCLUDE,
1982,9MSS,2025-10-08,Limertinib in complex with WT EGFR,2.09,0.2375,1,1,A,,A1BYO;HOH,1,A1BYO,A1BYO,Limertinib. bound form,C29 H34 Cl N7 O2,548.079,39,A1BYO;CYS,,,HOH,EXCLUDE,candidate_may_be_covalent
1983,9NIS,2025-10-08,Alflutinib in complex with WT EGFR,2.23,0.2621,1,1,A,,A1BYK;HOH,1,A1BYK,A1BYK,"Alflutinib, bound form",C28 H33 F3 N8 O2,570.609,41,A1BYK;CYS,,,HOH,EXCLUDE,candidate_may_be_covalent
1984,9NJN,2025-10-08,YK-029a in complex with WT EGFR,2.24,0.2754,1,1,A,,A1BYS;HOH,1,A1BYS,A1BYS,"N-[2-{[2-(dimethylamino)ethyl](methyl)amino}-4-methoxy-5-({(4M)-4-[(4S)-8-methylimidazo[1,2-a]pyridin-3-yl]pyrimidin-2-yl}amino)phenyl]propanamide",C27 H34 N8 O2,502.611,37,A1BYS;CYS,,,HOH,EXCLUDE,candidate_may_be_covalent
1985,9O14,2025-10-08,Crystal Structure of BCL-2 in complex with a stapled BAD BH3 peptide BAD SAHB 4.2,1.73,0.222,2,2,A;B,,NI;NTA;HOH,1,NTA,NTA,NITRILOTRIACETIC ACID,C6 H9 N O6,191.139,13,ACE;ALA;ARG;GLY;MK8;NLE;SER;TRP,,NI,HOH,RESERVE,multiple_protein_chains_2;metal_present
1986,9O16,2025-10-08,Crystal Structure of human BCL-2 (R129L) mutant in complex with a stapled BAD BH3 peptide BAD SAHB 4.2,1.73,0.2102,2,2,A;B,,IMD;SO4;NI;HOH,0,,,,,,,ACE;ALA;ARG;GLY;MK8;NLE;SER;TRP,,NI,IMD:heavy_atoms_5;SO4;HOH,EXCLUDE,no_druglike_organic_ligand;multiple_protein_chains_2;metal_present
1987,9O8X,2025-10-08,Cryo structure of human carbonic anhydrase IX mimic in complex with vorinostat (drug soak),1.4,0.1793,1,1,A,,ZN;SHH;GOL;HOH,1,SHH,SHH,OCTANEDIOIC ACID HYDROXYAMIDE PHENYLAMIDE,C14 H20 N2 O3,264.32,19,,,ZN,GOL;HOH,RESERVE,metal_present
1988,9OAF,2025-10-08,Room temperature structure of human carbonic anhydrase IX mimic in complex with vorinostat (drug soak),1.4,0.174,1,1,A,,ZN;SHH;HOH,1,SHH,SHH,OCTANEDIOIC ACID HYDROXYAMIDE PHENYLAMIDE,C14 H20 N2 O3,264.32,19,,,ZN,HOH,RESERVE,metal_present
1989,9OAM,2025-10-08,Room temperature structure of carbonic anhydrase II in complex with vorinostat (co-crystal),1.4,0.1707,1,1,A,,ZN;SHH;HOH,1,SHH,SHH,OCTANEDIOIC ACID HYDROXYAMIDE PHENYLAMIDE,C14 H20 N2 O3,264.32,19,,,ZN,HOH,RESERVE,metal_present
1990,9OBJ,2025-10-08,Room temperature structure of carbonic anhydrase II in complex with vorinostat (drug soak),1.4,0.1764,1,1,A,,ZN;SHH;HOH,1,SHH,SHH,OCTANEDIOIC ACID HYDROXYAMIDE PHENYLAMIDE,C14 H20 N2 O3,264.32,19,,,ZN,HOH,RESERVE,metal_present
1991,9P0W,2025-10-08,Human carbonic anhydrase II in complex with TDP4,1.88,0.1895,1,1,A,,ZN;A1CF5;DMS;HOH,1,A1CF5,A1CF5,"3,3,3-trifluoro-2,2-dihydroxy-1-(4-methoxyphenyl)propan-1-one",C10 H9 F3 O4,250.171,17,,,ZN,DMS;HOH,RESERVE,metal_present
1992,9PQ5,2025-10-08,MBP-Mcl1 in complex with ligand 8,1.28,0.19456,1,1,A,,A1CMI;HOH,1,A1CMI,A1CMI,"17-chloranyl-5,13,14,22-tetramethyl-28-oxa-2,9-dithia-5,6,12,13,24-pentazaheptacyclo[27.7.1.1^{4,7}.0^{11,15}.0^{16,21}.0^{20,24}.0^{30,35}]octatriaconta-1(36),4(38),6,11,14,16,18,20,22,29(37),30(35),31,33-tridecaene-23-carboxylic acid",C35 H34 Cl N5 O3 S2,672.259,46,GLC,,,HOH,INCLUDE,
1993,9PQ6,2025-10-08,MBP-Mcl1 in complex with ligand 12,1.53,0.21135,1,1,A,,A1CMH;EDO;FMT;HOH,1,A1CMH,A1CMH,"17-chloranyl-33-fluoranyl-5,13,14,22-tetramethyl-28-oxa-9-thia-5,6,12,13,24-pentazaheptacyclo[27.7.1.1^{4,7}.0^{11,15}.0^{16,21}.0^{20,24}.0^{30,35}]octatriaconta-1(36),4(38),6,11,14,16,18,20,22,29(37),30(35),31,33-tridecaene-23-carboxylic acid",C36 H35 Cl F N5 O3 S,672.211,47,GLC,,,EDO;FMT;HOH,INCLUDE,
1994,9PQ7,2025-10-08,MBP-Mcl1 in complex with ligand 21b,1.24,0.1709,1,1,A,,A1CMG;EDO;FMT;HOH,1,A1CMG,A1CMG,"17-chloranyl-33-fluoranyl-12-[2-(2-methoxyethoxy)ethyl]-5,14,22-trimethyl-28-oxa-9-thia-5,6,12,13,24-pentazaheptacyclo[27.7.1.1^{4,7}.0^{11,15}.0^{16,21}.0^{20,24}.0^{30,35}]octatriaconta-1(36),4(38),6,11(15),13,16,18,20,22,29(37),30(35),31,33-tridecaene-23-carboxylic acid",C40 H43 Cl F N5 O5 S,760.316,53,GLC,,,EDO;FMT;HOH,INCLUDE,
1995,9Q9O,2025-10-08,TRIM21 PRYSPRY bound to compound 36,2.462,0.368,1,4,A;B;C;D,,A1I4Z,1,A1I4Z,A1I4Z,4-[[[4-imidazol-1-yl-3-[1-[(4-methoxyphenyl)methyl]-3-methyl-pyrazol-4-yl]phenyl]methylamino]methyl]-~{N}-methyl-benzamide,C31 H32 N6 O2,520.625,39,,,,,EXCLUDE,r_free_above_0.35;multiple_protein_chains_4
1996,9Q9P,2025-10-08,TRIM21 PRYSPRY bound to compound 37,2.1,0.2965,1,1,B,,A1I4X;HOH,1,A1I4X,A1I4X,"(2~{S},4~{S})-1-[(3~{S})-3-azanyl-3-(2-methoxyphenyl)propanoyl]-4-cyclohexyl-~{N}-[(2~{S})-1-(methylamino)-1-oxidanylidene-3-pyridin-4-yl-propan-2-yl]pyrrolidine-2-carboxamide",C30 H41 N5 O4,535.678,39,,,,HOH,RESERVE,r_free_above_0.28
1997,9Q9Q,2025-10-08,TRIM21 PRYSPRY bound to compound 38,2.253,0.3251,1,2,A;B,,A1I4Y,1,A1I4Y,A1I4Y,"(2~{S},4~{S})-1-[(3~{S})-3-azanyl-3-(furan-2-yl)propanoyl]-4-cyclohexyl-~{N}-[(2~{S})-1-(methylamino)-1-oxidanylidene-3-pyridin-4-yl-propan-2-yl]pyrrolidine-2-carboxamide",C27 H37 N5 O4,495.614,36,,,,,RESERVE,r_free_above_0.28;multiple_protein_chains_2
1998,9Q9R,2025-10-08,TRIM21 PRYSPRY bound to compound 209,2.331,0.3137,1,1,B,,A1I4W;HOH,1,A1I4W,A1I4W,"(2~{S},4~{S})-1-[(3~{S})-3-azanyl-3-[2-[2-(2-hydroxyethyloxy)ethoxy]phenyl]propanoyl]-4-cyclohexyl-~{N}-[(2~{S})-1-(methylamino)-1-oxidanylidene-3-pyridin-4-yl-propan-2-yl]pyrrolidine-2-carboxamide",C33 H47 N5 O6,609.756,44,,,,HOH,RESERVE,r_free_above_0.28
1999,9R8X,2025-10-08,Three dimensional structure of human carbonic anhydrase IX in complex with sulfonamide,2.0,0.21021,1,4,A;B;C;D,,ZN;A1IEN;HOH,1,A1IEN,A1IEN,methyl 4-(2-phenylethylsulfanyl)-3-sulfamoyl-benzoate,C16 H17 N O4 S2,351.44,23,,,ZN,HOH,RESERVE,multiple_protein_chains_4;metal_present
2000,9R8Y,2025-10-08,Three dimensional structure of human carbonic anhydrase IX in complex with sulfonamide,1.95,0.25357,1,4,A;B;C;D,,ZN;A1JDL;HOH,1,A1JDL,A1JDL,~{N}-butyl-4-cyclohexylsulfanyl-3-sulfamoyl-benzamide,C17 H26 N2 O3 S2,370.53,24,,,ZN,HOH,RESERVE,multiple_protein_chains_4;metal_present
