query_system,mean_success,n_proper_ligands,best_similarity,density,mean_similarity_above_threshold,visualisation_similarity,density_group,similarity_metric,similarity_column,threshold,mean_success_percent
5s9l__1__1.A__1.H_1.I,0.75,1,100.0,8,72.5,72.5,Low density,Interaction,pli_qcov,50,75.0
5s9m__1__1.A__1.C_1.I,0.5,1,75.0,17,57.94117647058823,57.94117647058823,Low density,Interaction,pli_qcov,50,50.0
5s9z__1__1.A_1.B__1.R,0.0,1,50.0,3,50.0,50.0,Low density,Interaction,pli_qcov,50,0.0
5sau__1__1.A__1.B,1.0,1,92.0,783,57.44316730523627,57.44316730523627,High density,Interaction,pli_qcov,50,100.0
5sav__1__1.A__1.B,1.0,1,87.0,243,59.11934156378601,59.11934156378601,High density,Interaction,pli_qcov,50,100.0
5saw__1__1.A__1.B,1.0,1,86.0,493,57.32657200811359,57.32657200811359,High density,Interaction,pli_qcov,50,100.0
5sb2__1__1.A__1.G,1.0,1,68.0,102,55.254901960784316,55.254901960784316,High density,Interaction,pli_qcov,50,100.0
5scm__1__1.A__1.F_1.G_1.H_1.I,0.625,2,94.0,1244,62.07234726688103,62.07234726688103,High density,Interaction,pli_qcov,50,62.5
5scn__1__1.A__1.B_1.C,1.0,2,82.0,874,57.46910755148741,57.46910755148741,High density,Interaction,pli_qcov,50,100.0
5sdu__1__1.A__1.G,0.75,1,59.0,9,55.666666666666664,55.666666666666664,Low density,Interaction,pli_qcov,50,75.0
5sdy__1__1.A__1.D,0.25,1,75.0,19,57.89473684210526,57.89473684210526,Low density,Interaction,pli_qcov,50,25.0
5se0__1__1.A__1.G,0.5,1,75.0,21,57.142857142857146,57.142857142857146,Low density,Interaction,pli_qcov,50,50.0
5se2__1__1.A__1.G,0.5,1,69.0,14,59.42857142857143,59.42857142857143,Low density,Interaction,pli_qcov,50,50.0
5se3__1__1.A__1.G,1.0,1,70.0,17,57.64705882352941,57.64705882352941,Low density,Interaction,pli_qcov,50,100.0
5se5__1__1.A__1.G,0.25,1,100.0,12,72.5,72.5,Low density,Interaction,pli_qcov,50,25.0
5se6__1__1.A__1.G,0.25,1,70.0,8,61.25,61.25,Low density,Interaction,pli_qcov,50,25.0
5se8__1__1.A__1.G,1.0,1,62.0,9,52.666666666666664,52.666666666666664,Low density,Interaction,pli_qcov,50,100.0
5se9__1__1.A__1.G,1.0,1,78.0,10,70.3,70.3,Low density,Interaction,pli_qcov,50,100.0
5sea__1__1.A__1.G,0.25,1,60.0,6,60.0,60.0,Low density,Interaction,pli_qcov,50,25.0
5seb__1__1.A__1.G,0.75,1,77.0,17,64.88235294117646,64.88235294117646,Low density,Interaction,pli_qcov,50,75.0
5sec__1__1.A__1.G,1.0,1,62.0,11,56.0,56.0,Low density,Interaction,pli_qcov,50,100.0
5see__1__1.A__1.E,0.5,1,80.0,19,66.3157894736842,66.3157894736842,Low density,Interaction,pli_qcov,50,50.0
5seh__1__1.A__1.G,1.0,1,100.0,30,75.0,75.0,Low density,Interaction,pli_qcov,50,100.0
5sek__1__1.A__1.G,0.75,1,62.0,14,54.714285714285715,54.714285714285715,Low density,Interaction,pli_qcov,50,75.0
5sel__1__1.A__1.G,0.75,1,60.0,4,60.0,60.0,Low density,Interaction,pli_qcov,50,75.0
5sem__1__1.A__1.G,0.75,1,83.0,11,68.18181818181819,68.18181818181819,Low density,Interaction,pli_qcov,50,75.0
5sen__1__1.A__1.G,1.0,1,83.0,8,68.625,68.625,Low density,Interaction,pli_qcov,50,100.0
5seo__1__1.A__1.G,1.0,1,64.0,8,55.25,55.25,Low density,Interaction,pli_qcov,50,100.0
5sex__1__1.A__1.G,1.0,1,73.0,12,61.75,61.75,Low density,Interaction,pli_qcov,50,100.0
5sez__1__1.A__1.G,0.75,1,88.0,25,62.48,62.48,Low density,Interaction,pli_qcov,50,75.0
5sf0__1__1.A__1.G,1.0,1,50.0,7,50.0,50.0,Low density,Interaction,pli_qcov,50,100.0
5sf1__1__1.A__1.E,0.75,1,100.0,18,72.5,72.5,Low density,Interaction,pli_qcov,50,75.0
5sf4__1__1.A__1.G,0.5,1,50.0,6,50.0,50.0,Low density,Interaction,pli_qcov,50,50.0
5sf7__1__1.A__1.G,1.0,1,100.0,22,74.0,74.0,Low density,Interaction,pli_qcov,50,100.0
5sfc__1__1.A__1.G,0.25,1,62.0,7,56.285714285714285,56.285714285714285,Low density,Interaction,pli_qcov,50,25.0
5sfd__1__1.A__1.G,0.5,1,100.0,20,67.5,67.5,Low density,Interaction,pli_qcov,50,50.0
5sfg__1__1.A__1.G,0.25,1,83.0,22,56.90909090909091,56.90909090909091,Low density,Interaction,pli_qcov,50,25.0
5sfh__1__1.A__1.G,0.5,1,100.0,23,69.1304347826087,69.1304347826087,Low density,Interaction,pli_qcov,50,50.0
5sfl__1__1.A__1.G,0.5,1,50.0,10,50.0,50.0,Low density,Interaction,pli_qcov,50,50.0
5sfn__1__1.A__1.G,1.0,1,80.0,28,62.857142857142854,62.857142857142854,Low density,Interaction,pli_qcov,50,100.0
5sfo__1__1.A__1.G,1.0,1,67.0,5,64.8,64.8,Low density,Interaction,pli_qcov,50,100.0
5sfp__1__1.A__1.G,0.75,1,62.0,13,54.61538461538461,54.61538461538461,Low density,Interaction,pli_qcov,50,75.0
5sfr__1__1.A__1.G,0.25,1,70.0,15,54.0,54.0,Low density,Interaction,pli_qcov,50,25.0
5sfx__1__1.A__1.G,0.5,1,86.0,19,62.94736842105263,62.94736842105263,Low density,Interaction,pli_qcov,50,50.0
5sfy__1__1.A__1.G,0.5,1,77.0,12,63.5,63.5,Low density,Interaction,pli_qcov,50,50.0
5sg0__1__1.A__1.G,1.0,1,64.0,13,52.69230769230769,52.69230769230769,Low density,Interaction,pli_qcov,50,100.0
5sg5__1__1.A__1.G,0.25,1,46.0,0,,46.0,No neighbours,Interaction,pli_qcov,50,25.0
5sg6__1__1.A__1.G,0.5,1,90.0,20,67.0,67.0,Low density,Interaction,pli_qcov,50,50.0
5sg9__1__1.A__1.G,0.0,1,82.0,11,71.36363636363636,71.36363636363636,Low density,Interaction,pli_qcov,50,0.0
5sgh__1__1.A__1.G,1.0,1,50.0,5,50.0,50.0,Low density,Interaction,pli_qcov,50,100.0
5sgk__1__1.A__1.G,1.0,1,75.0,12,55.083333333333336,55.083333333333336,Low density,Interaction,pli_qcov,50,100.0
5sgl__1__1.A__1.G,0.0,1,75.0,24,60.75,60.75,Low density,Interaction,pli_qcov,50,0.0
5sgm__1__1.A__1.D,1.0,1,86.0,18,62.5,62.5,Low density,Interaction,pli_qcov,50,100.0
5sgp__1__1.A__1.H,1.0,1,100.0,28,66.17857142857143,66.17857142857143,Low density,Interaction,pli_qcov,50,100.0
5sgr__1__1.A__1.G,0.75,1,64.0,15,56.8,56.8,Low density,Interaction,pli_qcov,50,75.0
5sgs__1__1.A__1.G,1.0,1,77.0,17,63.11764705882353,63.11764705882353,Low density,Interaction,pli_qcov,50,100.0
5sgt__1__1.A__1.G,0.25,1,67.0,7,58.285714285714285,58.285714285714285,Low density,Interaction,pli_qcov,50,25.0
5sgw__1__1.A__1.G,1.0,1,90.0,22,62.72727272727273,62.72727272727273,Low density,Interaction,pli_qcov,50,100.0
5sgx__1__1.A__1.G,0.75,1,82.0,17,67.70588235294117,67.70588235294117,Low density,Interaction,pli_qcov,50,75.0
5sgz__1__1.A__1.G,1.0,1,82.0,19,64.94736842105263,64.94736842105263,Low density,Interaction,pli_qcov,50,100.0
5sh0__1__1.A__1.G,0.0,1,71.0,19,61.421052631578945,61.421052631578945,Low density,Interaction,pli_qcov,50,0.0
5sh1__1__1.A__1.G,0.0,1,82.0,18,70.5,70.5,Low density,Interaction,pli_qcov,50,0.0
5sh2__1__1.A__1.G,1.0,1,100.0,30,95.6,95.6,Low density,Interaction,pli_qcov,50,100.0
5sh6__1__1.A__1.G,0.5,1,78.0,16,64.25,64.25,Low density,Interaction,pli_qcov,50,50.0
5sh8__1__1.A__1.E,0.25,1,100.0,30,70.83333333333333,70.83333333333333,Low density,Interaction,pli_qcov,50,25.0
5shc__1__1.A__1.G,1.0,1,67.0,5,64.8,64.8,Low density,Interaction,pli_qcov,50,100.0
5shf__1__1.A__1.G,1.0,1,70.0,14,59.285714285714285,59.285714285714285,Low density,Interaction,pli_qcov,50,100.0
5shg__1__1.A__1.G,1.0,1,80.0,21,64.76190476190476,64.76190476190476,Low density,Interaction,pli_qcov,50,100.0
5shh__1__1.A__1.G,0.75,1,75.0,25,59.28,59.28,Low density,Interaction,pli_qcov,50,75.0
5shi__1__1.A__1.E,0.5,1,71.0,9,60.888888888888886,60.888888888888886,Low density,Interaction,pli_qcov,50,50.0
5shp__1__1.A__1.G,0.75,1,80.0,15,60.666666666666664,60.666666666666664,Low density,Interaction,pli_qcov,50,75.0
5shu__1__1.A__1.G,1.0,1,58.0,5,56.4,56.4,Low density,Interaction,pli_qcov,50,100.0
5shx__1__1.A__1.G,0.5,1,100.0,26,76.0,76.0,Low density,Interaction,pli_qcov,50,50.0
5si3__1__1.A__1.E,0.5,1,71.0,9,60.111111111111114,60.111111111111114,Low density,Interaction,pli_qcov,50,50.0
5si6__1__1.A__1.G,1.0,1,86.0,9,64.88888888888889,64.88888888888889,Low density,Interaction,pli_qcov,50,100.0
5si7__1__1.A__1.G,0.75,1,67.0,16,54.0625,54.0625,Low density,Interaction,pli_qcov,50,75.0
5si8__1__1.A__1.G,0.75,1,88.0,19,59.10526315789474,59.10526315789474,Low density,Interaction,pli_qcov,50,75.0
5si9__1__1.A__1.G,0.75,1,50.0,2,50.0,50.0,Low density,Interaction,pli_qcov,50,75.0
5sie__1__1.A__1.G,0.75,1,71.0,15,60.733333333333334,60.733333333333334,Low density,Interaction,pli_qcov,50,75.0
5sif__1__1.A__1.I,0.5,1,91.0,22,69.31818181818181,69.31818181818181,Low density,Interaction,pli_qcov,50,50.0
5sig__1__1.A__1.G,0.0,1,43.0,0,,43.0,No neighbours,Interaction,pli_qcov,50,0.0
5sih__1__1.A__1.H,0.0,1,78.0,10,65.9,65.9,Low density,Interaction,pli_qcov,50,0.0
5sio__1__1.A__1.H,1.0,1,80.0,13,60.76923076923077,60.76923076923077,Low density,Interaction,pli_qcov,50,100.0
5sip__1__1.A__1.G,0.5,1,71.0,8,65.75,65.75,Low density,Interaction,pli_qcov,50,50.0
5siq__1__1.A__1.H,0.25,1,89.0,23,74.17391304347827,74.17391304347827,Low density,Interaction,pli_qcov,50,25.0
5sir__1__1.A__1.G,1.0,1,88.0,19,64.94736842105263,64.94736842105263,Low density,Interaction,pli_qcov,50,100.0
5siy__1__1.A__1.G,0.75,1,80.0,18,65.55555555555556,65.55555555555556,Low density,Interaction,pli_qcov,50,75.0
5siz__1__1.A__1.G,0.0,1,100.0,23,79.52173913043478,79.52173913043478,Low density,Interaction,pli_qcov,50,0.0
5sj1__1__1.A__1.G,0.5,1,58.0,12,53.333333333333336,53.333333333333336,Low density,Interaction,pli_qcov,50,50.0
5sj7__1__1.A__1.G,0.5,1,86.0,17,63.64705882352941,63.64705882352941,Low density,Interaction,pli_qcov,50,50.0
5sj8__1__1.A__1.G,1.0,1,89.0,21,72.23809523809524,72.23809523809524,Low density,Interaction,pli_qcov,50,100.0
5sjb__1__1.A__1.G,0.5,1,58.0,4,52.0,52.0,Low density,Interaction,pli_qcov,50,50.0
5sjc__1__1.A__1.F,0.75,1,60.0,5,56.0,56.0,Low density,Interaction,pli_qcov,50,75.0
5sjf__1__1.A__1.H,0.0,1,91.0,19,68.26315789473684,68.26315789473684,Low density,Interaction,pli_qcov,50,0.0
5sjg__1__1.A__1.G,0.75,1,50.0,2,50.0,50.0,Low density,Interaction,pli_qcov,50,75.0
5sjl__1__1.A__1.G,0.25,1,71.0,15,63.53333333333333,63.53333333333333,Low density,Interaction,pli_qcov,50,25.0
5sjo__1__1.A__1.H,0.75,1,91.0,24,66.25,66.25,Low density,Interaction,pli_qcov,50,75.0
5sjt__1__1.A__1.H,1.0,1,75.0,20,58.05,58.05,Low density,Interaction,pli_qcov,50,100.0
5sju__1__1.A__1.G,0.5,1,50.0,10,50.0,50.0,Low density,Interaction,pli_qcov,50,50.0
5sjv__1__1.A__1.G,1.0,1,64.0,8,60.625,60.625,Low density,Interaction,pli_qcov,50,100.0
5sjw__1__1.A__1.I,0.75,1,50.0,3,50.0,50.0,Low density,Interaction,pli_qcov,50,75.0
5sk0__1__1.A__1.G,0.25,1,62.0,25,56.72,56.72,Low density,Interaction,pli_qcov,50,25.0
5sk4__1__1.A__1.G,1.0,1,85.0,20,64.05,64.05,Low density,Interaction,pli_qcov,50,100.0
5sk5__1__1.A__1.H,1.0,1,100.0,30,67.86666666666666,67.86666666666666,Low density,Interaction,pli_qcov,50,100.0
5sk6__1__1.A__1.G,1.0,1,86.0,7,69.14285714285714,69.14285714285714,Low density,Interaction,pli_qcov,50,100.0
5sk9__1__1.A__1.G,1.0,1,100.0,548,56.38321167883212,56.38321167883212,High density,Interaction,pli_qcov,50,100.0
5skd__1__1.A__1.G,0.5,1,100.0,24,68.75,68.75,Low density,Interaction,pli_qcov,50,50.0
5skf__1__1.A__1.I,0.25,1,90.0,24,68.75,68.75,Low density,Interaction,pli_qcov,50,25.0
5skg__1__1.A__1.G,0.75,1,57.0,6,52.333333333333336,52.333333333333336,Low density,Interaction,pli_qcov,50,75.0
5skh__1__1.A__1.H,1.0,1,92.0,24,65.66666666666667,65.66666666666667,Low density,Interaction,pli_qcov,50,100.0
5ski__1__1.A__1.G,0.75,1,77.0,8,66.375,66.375,Low density,Interaction,pli_qcov,50,75.0
5skl__1__1.A__1.G,1.0,1,88.0,20,60.65,60.65,Low density,Interaction,pli_qcov,50,100.0
5skm__1__1.A__1.G,0.75,1,100.0,22,70.0,70.0,Low density,Interaction,pli_qcov,50,75.0
5sko__1__1.A__1.G,0.5,1,56.0,1,56.0,56.0,Low density,Interaction,pli_qcov,50,50.0
5skr__1__1.A__1.G,0.75,1,67.0,18,59.666666666666664,59.666666666666664,Low density,Interaction,pli_qcov,50,75.0
5skt__1__1.A__1.G,0.0,1,100.0,27,69.81481481481481,69.81481481481481,Low density,Interaction,pli_qcov,50,0.0
5sku__1__1.A__1.G,0.0,1,75.0,17,58.35294117647059,58.35294117647059,Low density,Interaction,pli_qcov,50,0.0
5slg__1__1.A__1.G,0.0,1,25.0,0,,25.0,No neighbours,Interaction,pli_qcov,50,0.0
5umb__1__1.A__1.E_1.F_1.G,1.0,1,87.0,116,58.956896551724135,58.956896551724135,High density,Interaction,pli_qcov,50,100.0
6x4j__1__1.A_2.A__2.B_2.C_2.D_2.E,1.0,2,84.0,14,64.57142857142857,64.57142857142857,Low density,Interaction,pli_qcov,50,100.0
6x4k__1__1.A_2.A__1.B_1.C_1.D_1.E,1.0,2,81.0,12,59.0,59.0,Low density,Interaction,pli_qcov,50,100.0
6x4l__1__1.A_2.A__2.B_2.C_2.D_2.E,1.0,2,83.0,10,65.8,65.8,Low density,Interaction,pli_qcov,50,100.0
6xqr__1__1.B__1.E,0.0,1,80.0,106,56.60377358490566,56.60377358490566,High density,Interaction,pli_qcov,50,0.0
6z48__1__1.B__1.J,1.0,1,83.0,234,54.29059829059829,54.29059829059829,High density,Interaction,pli_qcov,50,100.0
6zfz__1__1.A__1.B,0.75,1,62.0,4,56.0,56.0,Low density,Interaction,pli_qcov,50,75.0
6zg4__1__1.A__1.B,0.25,1,50.0,5,50.0,50.0,Low density,Interaction,pli_qcov,50,25.0
6zg9__1__1.A__1.B,1.0,1,50.0,1,50.0,50.0,Low density,Interaction,pli_qcov,50,100.0
6zk2__1__1.A_1.B__1.E_1.F,0.5,1,38.0,0,,38.0,No neighbours,Interaction,pli_qcov,50,50.0
6zk5__1__1.A_1.B__1.F_1.G,1.0,1,54.0,1,54.0,54.0,Low density,Interaction,pli_qcov,50,100.0
6zx1__1__1.A_2.A__1.B,1.0,1,88.0,6,79.16666666666667,79.16666666666667,Low density,Interaction,pli_qcov,50,100.0
7a4q__1__1.A__1.B,1.0,1,80.0,54,58.851851851851855,58.851851851851855,High density,Interaction,pli_qcov,50,100.0
7ab9__1__1.A__1.G_1.P,0.5,1,100.0,655,62.48091603053435,62.48091603053435,High density,Interaction,pli_qcov,50,50.0
7abe__1__1.A__1.G_1.W,1.0,1,100.0,374,65.15508021390374,65.15508021390374,High density,Interaction,pli_qcov,50,100.0
7abj__1__1.A__1.T,1.0,1,100.0,690,61.3768115942029,61.3768115942029,High density,Interaction,pli_qcov,50,100.0
7afz__1__2.A__2.B_2.C_2.D,0.75,1,80.0,48,70.625,70.625,High density,Interaction,pli_qcov,50,75.0
7ait__1__1.A__1.C,0.25,1,67.0,27,55.888888888888886,55.888888888888886,Low density,Interaction,pli_qcov,50,25.0
7aiu__1__1.A__1.H,0.0,1,81.0,60,63.21666666666667,63.21666666666667,High density,Interaction,pli_qcov,50,0.0
7an8__1__1.B__1.E,0.75,1,12.0,0,,12.0,No neighbours,Interaction,pli_qcov,50,75.0
7ana__1__1.A__1.C,0.25,1,15.0,0,,15.0,No neighbours,Interaction,pli_qcov,50,25.0
7au4__1__1.A_2.A__2.D,1.0,1,83.0,100,54.07,54.07,High density,Interaction,pli_qcov,50,100.0
7ay9__1__1.A__1.I,0.75,1,100.0,325,53.84615384615385,53.84615384615385,High density,Interaction,pli_qcov,50,75.0
7aya__1__1.A__1.H_1.N_1.U,1.0,1,82.0,76,58.671052631578945,58.671052631578945,High density,Interaction,pli_qcov,50,100.0
7ayz__1__1.A__1.D,0.25,1,46.0,0,,46.0,No neighbours,Interaction,pli_qcov,50,25.0
7b2u__1__1.A_1.B__1.C,0.5,1,100.0,151,66.49006622516556,66.49006622516556,High density,Interaction,pli_qcov,50,50.0
7b3g__1__1.A__1.I,0.5,1,53.0,3,53.0,53.0,Low density,Interaction,pli_qcov,50,50.0
7b3h__1__1.A__1.H,1.0,1,77.0,7,58.42857142857143,58.42857142857143,Low density,Interaction,pli_qcov,50,100.0
7b3i__1__1.A__1.I,1.0,1,69.0,10,55.5,55.5,Low density,Interaction,pli_qcov,50,100.0
7b3p__1__1.A__1.G,1.0,1,57.0,3,52.333333333333336,52.333333333333336,Low density,Interaction,pli_qcov,50,100.0
7b3x__1__1.A__1.F,1.0,1,61.0,3,57.666666666666664,57.666666666666664,Low density,Interaction,pli_qcov,50,100.0
7b4x__1__1.A__1.M,1.0,1,71.0,9,53.888888888888886,53.888888888888886,Low density,Interaction,pli_qcov,50,100.0
7b6v__1__1.C_1.D__1.Y,0.25,1,73.0,5,64.0,64.0,Low density,Interaction,pli_qcov,50,25.0
7b77__1__1.A_2.A__1.F,1.0,1,75.0,136,52.94117647058823,52.94117647058823,High density,Interaction,pli_qcov,50,100.0
7b87__1__1.A__1.N,0.0,1,50.0,4,50.0,50.0,Low density,Interaction,pli_qcov,50,0.0
7b89__1__1.A__1.D,0.75,1,100.0,12,70.0,70.0,Low density,Interaction,pli_qcov,50,75.0
7b8a__1__1.A__1.F,0.0,1,67.0,4,64.25,64.25,Low density,Interaction,pli_qcov,50,0.0
7bbn__1__1.B__1.E_1.F,1.0,1,86.0,208,65.38942307692308,65.38942307692308,High density,Interaction,pli_qcov,50,100.0
7bc1__1__2.A_3.A__3.B_3.C,0.5,2,45.0,0,,45.0,No neighbours,Interaction,pli_qcov,50,50.0
7bc9__1__1.A__1.J,0.0,1,67.0,4,67.0,67.0,Low density,Interaction,pli_qcov,50,0.0
7bcf__1__1.A__1.H,1.0,1,69.0,9,56.55555555555556,56.55555555555556,Low density,Interaction,pli_qcov,50,100.0
7bdd__1__1.A__1.G,0.0,1,69.0,14,59.0,59.0,Low density,Interaction,pli_qcov,50,0.0
7bi6__1__1.A__1.B_1.G,0.0,1,62.0,1,62.0,62.0,Low density,Interaction,pli_qcov,50,0.0
7bia__1__1.A_1.B__1.D_1.E,0.5,2,94.0,308,60.03896103896104,60.03896103896104,High density,Interaction,pli_qcov,50,50.0
7bis__1__1.A_2.A__2.F,0.5,1,67.0,11,57.72727272727273,57.72727272727273,Low density,Interaction,pli_qcov,50,50.0
7bk9__1__1.A_2.A__2.F,0.0,1,50.0,3,50.0,50.0,Low density,Interaction,pli_qcov,50,0.0
7blw__1__1.A__1.F,0.5,1,88.0,22,75.0909090909091,75.0909090909091,Low density,Interaction,pli_qcov,50,50.0
7bm3__1__1.A__1.M_1.P,0.0,1,64.0,11,55.09090909090909,55.09090909090909,Low density,Interaction,pli_qcov,50,0.0
7bm7__1__1.A__1.F,0.0,1,68.0,11,58.45454545454545,58.45454545454545,Low density,Interaction,pli_qcov,50,0.0
7bmd__1__1.A__1.G_1.R,0.0,1,57.0,1,57.0,57.0,Low density,Interaction,pli_qcov,50,0.0
7bn5__1__1.A__1.G,1.0,1,75.0,18,57.333333333333336,57.333333333333336,Low density,Interaction,pli_qcov,50,100.0
7bn6__1__1.A__1.C_1.D,0.875,2,88.0,514,65.75875486381322,65.75875486381322,High density,Interaction,pli_qcov,50,87.5
7bn7__1__1.A__1.E_1.F,1.0,1,96.0,263,70.63878326996198,70.63878326996198,High density,Interaction,pli_qcov,50,100.0
7bn8__1__1.A__1.G,0.75,1,80.0,14,62.785714285714285,62.785714285714285,Low density,Interaction,pli_qcov,50,75.0
7bnc__1__1.A__1.K,0.5,1,58.0,6,54.666666666666664,54.666666666666664,Low density,Interaction,pli_qcov,50,50.0
7bo0__1__1.A__1.C_1.D,0.75,2,86.0,462,63.316017316017316,63.316017316017316,High density,Interaction,pli_qcov,50,75.0
7bo3__1__1.A__1.M_1.N,0.75,1,88.0,35,58.142857142857146,58.142857142857146,High density,Interaction,pli_qcov,50,75.0
7bo7__1__1.A__1.C,1.0,1,71.0,57,57.73684210526316,57.73684210526316,High density,Interaction,pli_qcov,50,100.0
7cqs__1__1.A__1.B_1.C,1.0,1,100.0,17,63.88235294117647,63.88235294117647,Low density,Interaction,pli_qcov,50,100.0
7dcb__1__1.A_1.B__1.C_1.D,0.5,1,83.0,5,63.2,63.2,Low density,Interaction,pli_qcov,50,50.0
7dcw__1__1.A_1.B__1.D,0.0,1,91.0,8,64.0,64.0,Low density,Interaction,pli_qcov,50,0.0
7dg4__1__1.A__1.B,0.75,1,82.0,392,58.44387755102041,58.44387755102041,High density,Interaction,pli_qcov,50,75.0
7dgc__1__1.A_1.B__1.C_1.D,0.25,1,77.0,5,60.2,60.2,Low density,Interaction,pli_qcov,50,25.0
7dh3__1__1.A__1.B,0.75,1,71.0,196,58.92857142857143,58.92857142857143,High density,Interaction,pli_qcov,50,75.0
7dh9__1__1.A__1.B,1.0,1,80.0,515,55.14563106796116,55.14563106796116,High density,Interaction,pli_qcov,50,100.0
7dhn__1__1.A__1.B,0.25,1,75.0,384,53.182291666666664,53.182291666666664,High density,Interaction,pli_qcov,50,25.0
7dji__1__1.D_1.E__1.L,0.25,1,62.0,20,55.6,55.6,Low density,Interaction,pli_qcov,50,25.0
7dlc__1__1.A_1.B__1.C_1.D,0.5,1,67.0,3,60.0,60.0,Low density,Interaction,pli_qcov,50,50.0
7dm6__1__1.A_1.B__1.C_1.D,0.0,1,92.0,5,60.0,60.0,Low density,Interaction,pli_qcov,50,0.0
7dmc__1__1.A__1.B_1.E_1.F,0.5,1,62.0,64,52.625,52.625,High density,Interaction,pli_qcov,50,50.0
7dn8__1__1.B__1.I_1.J,1.0,1,86.0,552,64.7463768115942,64.7463768115942,High density,Interaction,pli_qcov,50,100.0
7dow__1__1.A_1.B__1.C,0.5,1,64.0,3,59.333333333333336,59.333333333333336,Low density,Interaction,pli_qcov,50,50.0
7dox__1__1.A_1.B__1.E_1.F,0.25,1,92.0,7,59.42857142857143,59.42857142857143,Low density,Interaction,pli_qcov,50,25.0
7doy__1__1.A_1.B__1.E,0.25,1,78.0,4,64.25,64.25,Low density,Interaction,pli_qcov,50,25.0
7dpk__1__1.A_1.B__1.C_1.D,0.5,1,86.0,4,62.5,62.5,Low density,Interaction,pli_qcov,50,50.0
7du9__1__1.A_1.B__1.D,0.75,1,100.0,672,61.51636904761905,61.51636904761905,High density,Interaction,pli_qcov,50,75.0
7dua__1__1.B__1.D,1.0,1,71.0,252,52.833333333333336,52.833333333333336,High density,Interaction,pli_qcov,50,100.0
7dut__1__2.A__2.B_2.C,1.0,1,92.0,20,66.85,66.85,Low density,Interaction,pli_qcov,50,100.0
7duy__1__1.A__1.B_1.C_1.D,0.5,1,73.0,8,59.5,59.5,Low density,Interaction,pli_qcov,50,50.0
7dva__1__1.A__1.C_1.E,1.0,1,53.0,4,53.0,53.0,Low density,Interaction,pli_qcov,50,100.0
7dvb__1__1.A__1.E,1.0,1,54.0,19,54.0,54.0,Low density,Interaction,pli_qcov,50,100.0
7dxl__1__1.A__1.C,0.75,1,100.0,1285,63.190661478599225,63.190661478599225,High density,Interaction,pli_qcov,50,75.0
7dyq__1__1.A__1.B_1.C,0.0,1,50.0,17,50.0,50.0,Low density,Interaction,pli_qcov,50,0.0
7dyw__1__1.A__1.B_1.C,0.75,1,56.0,18,56.0,56.0,Low density,Interaction,pli_qcov,50,75.0
7e1n__1__1.A_1.B__1.D,0.0,1,20.0,0,,20.0,No neighbours,Interaction,pli_qcov,50,0.0
7e3n__1__1.A_2.A__1.B_1.C_1.D,1.0,1,85.0,109,66.10091743119266,66.10091743119266,High density,Interaction,pli_qcov,50,100.0
7e48__1__1.C__1.J_1.K,0.375,2,100.0,2158,69.9481000926784,69.9481000926784,High density,Interaction,pli_qcov,50,37.5
7e5f__1__1.A_2.A__2.B,0.5,1,30.0,0,,30.0,No neighbours,Interaction,pli_qcov,50,50.0
7e5g__1__1.A_2.A__2.B,0.0,1,39.0,0,,39.0,No neighbours,Interaction,pli_qcov,50,0.0
7e60__1__1.A__1.B_1.C,0.0,1,17.0,0,,17.0,No neighbours,Interaction,pli_qcov,50,0.0
7eba__1__1.A__1.C,0.0,1,44.0,0,,44.0,No neighbours,Interaction,pli_qcov,50,0.0
7ec3__1__1.A__1.E_1.F,0.75,2,75.0,10,72.0,72.0,Low density,Interaction,pli_qcov,50,75.0
7ed1__1__1.A_1.B__1.C_1.D_1.E_1.F,0.25,1,77.0,3,66.66666666666667,66.66666666666667,Low density,Interaction,pli_qcov,50,25.0
7ed2__1__1.A_1.B__1.F_1.G_1.H,0.5,1,88.0,8,74.375,74.375,Low density,Interaction,pli_qcov,50,50.0
7edz__1__1.A_2.A__1.E_1.G_1.I,0.625,2,44.0,0,,44.0,No neighbours,Interaction,pli_qcov,50,62.5
7ee5__1__1.A__1.H,0.5,1,70.0,5,54.0,54.0,Low density,Interaction,pli_qcov,50,50.0
7eer__1__2.A__2.E_2.F,0.625,2,81.0,18,67.11111111111111,67.11111111111111,Low density,Interaction,pli_qcov,50,62.5
7ef7__1__1.A__1.B_1.C,0.75,1,50.0,1,50.0,50.0,Low density,Interaction,pli_qcov,50,75.0
7ejh__1__1.C__1.L_1.M,0.375,2,74.0,740,55.33783783783784,55.33783783783784,High density,Interaction,pli_qcov,50,37.5
7eji__1__1.D__1.V_1.W,0.375,2,86.0,2882,60.34559333795975,60.34559333795975,High density,Interaction,pli_qcov,50,37.5
7ejv__1__1.B__1.D,0.75,1,100.0,385,59.65714285714286,59.65714285714286,High density,Interaction,pli_qcov,50,75.0
7ejw__1__1.A_1.B__1.I_1.J,1.0,1,75.0,29,54.44827586206897,54.44827586206897,Low density,Interaction,pli_qcov,50,100.0
7ekr__1__1.A__1.C,0.75,1,92.0,29,74.75862068965517,74.75862068965517,Low density,Interaction,pli_qcov,50,75.0
7elt__1__2.A__2.B,0.75,1,78.0,12,64.25,64.25,Low density,Interaction,pli_qcov,50,75.0
7en5__1__1.A_3.A_4.A__3.B,0.0,1,31.0,0,,31.0,No neighbours,Interaction,pli_qcov,50,0.0
7en7__1__1.A_2.A_4.A__2.B,0.0,1,29.0,0,,29.0,No neighbours,Interaction,pli_qcov,50,0.0
7en9__1__1.A_2.A__2.B,1.0,1,55.0,1,55.0,55.0,Low density,Interaction,pli_qcov,50,100.0
7end__1__1.A_2.A__2.B,0.75,1,64.0,8,56.125,56.125,Low density,Interaction,pli_qcov,50,75.0
7ene__1__1.A_1.B__1.E,0.25,1,75.0,162,54.623456790123456,54.623456790123456,High density,Interaction,pli_qcov,50,25.0
7ens__1__2.A__2.B_2.C_2.D,1.0,2,74.0,12,64.66666666666667,64.66666666666667,Low density,Interaction,pli_qcov,50,100.0
7eqk__1__1.B__1.F_1.G,0.25,1,62.0,1,62.0,62.0,Low density,Interaction,pli_qcov,50,25.0
7er2__1__1.A__1.B,1.0,1,89.0,298,58.58389261744966,58.58389261744966,High density,Interaction,pli_qcov,50,100.0
7erb__1__1.A__1.E_1.F,0.625,2,73.0,16,68.75,68.75,Low density,Interaction,pli_qcov,50,62.5
7ere__1__1.A_1.B__1.G_1.I,0.5,2,75.0,16,68.0,68.0,Low density,Interaction,pli_qcov,50,50.0
7es1__1__1.A__1.C,0.0,1,43.0,0,,43.0,No neighbours,Interaction,pli_qcov,50,0.0
7esb__1__1.A__1.B_1.C_1.D_1.E,0.0,1,52.0,2,52.0,52.0,Low density,Interaction,pli_qcov,50,0.0
7esc__1__1.A__1.B_1.C,1.0,1,80.0,9,64.44444444444444,64.44444444444444,Low density,Interaction,pli_qcov,50,100.0
7eue__1__1.B__1.F,0.0,1,67.0,1,67.0,67.0,Low density,Interaction,pli_qcov,50,0.0
7euz__1__1.B__1.E_1.F,0.75,1,55.0,1,55.0,55.0,Low density,Interaction,pli_qcov,50,75.0
7ev2__1__2.A__2.B_2.C_2.D,1.0,2,62.0,10,57.0,57.0,Low density,Interaction,pli_qcov,50,100.0
7ev3__1__2.A__2.B_2.C_2.D,1.0,2,78.0,12,65.0,65.0,Low density,Interaction,pli_qcov,50,100.0
7eve__1__1.A__1.B_1.C_1.D,1.0,1,79.0,1038,56.71194605009634,56.71194605009634,High density,Interaction,pli_qcov,50,100.0
7evu__1__1.B__1.E_1.F,0.875,2,62.0,24,53.666666666666664,53.666666666666664,Low density,Interaction,pli_qcov,50,87.5
7evv__1__1.A__1.B_1.C,0.75,2,86.0,32,60.875,60.875,Low density,Interaction,pli_qcov,50,75.0
7ex2__1__1.A__1.C_1.D_1.E,0.0,1,25.0,0,,25.0,No neighbours,Interaction,pli_qcov,50,0.0
7ex3__1__1.A__1.B_1.C_1.D,0.0,1,38.0,0,,38.0,No neighbours,Interaction,pli_qcov,50,0.0
7eyt__1__1.A_1.C__1.E_1.F_1.G,0.0,1,38.0,0,,38.0,No neighbours,Interaction,pli_qcov,50,0.0
7eyu__1__1.A_1.B__1.C_1.D_1.E,0.0,1,43.0,0,,43.0,No neighbours,Interaction,pli_qcov,50,0.0
7ezq__1__2.A__2.B_2.C,1.0,1,67.0,6,63.333333333333336,63.333333333333336,Low density,Interaction,pli_qcov,50,100.0
7f06__1__1.A__1.C,1.0,1,56.0,20,51.8,51.8,Low density,Interaction,pli_qcov,50,100.0
7f10__1__1.B__1.C,0.0,1,60.0,5,54.0,54.0,Low density,Interaction,pli_qcov,50,0.0
7f2k__1__1.A__1.C_1.D_1.E,0.5,1,67.0,19,56.68421052631579,56.68421052631579,Low density,Interaction,pli_qcov,50,50.0
7f2l__1__1.A__1.C_1.D_1.E,0.0,1,62.0,23,55.73913043478261,55.73913043478261,Low density,Interaction,pli_qcov,50,0.0
7f2m__1__1.A__1.C_1.D_1.E,0.0,1,67.0,20,53.45,53.45,Low density,Interaction,pli_qcov,50,0.0
7f2u__1__1.A__1.C_1.D_1.E,1.0,1,85.0,7,66.14285714285714,66.14285714285714,Low density,Interaction,pli_qcov,50,100.0
7f35__1__1.A_1.B__1.G,0.0,1,40.0,0,,40.0,No neighbours,Interaction,pli_qcov,50,0.0
7f42__1__1.B__1.C,0.25,1,100.0,383,79.06005221932115,79.06005221932115,High density,Interaction,pli_qcov,50,25.0
7f4c__1__1.A__1.C_1.D,1.0,1,67.0,13,58.15384615384615,58.15384615384615,Low density,Interaction,pli_qcov,50,100.0
7f50__1__1.A__1.B_1.C_1.E,1.0,1,73.0,55,57.58181818181818,57.58181818181818,High density,Interaction,pli_qcov,50,100.0
7f51__1__1.A__1.C,0.0,1,72.0,37,56.54054054054054,56.54054054054054,High density,Interaction,pli_qcov,50,0.0
7f6j__1__1.A__1.D_1.E,1.0,1,100.0,1753,65.73188819167142,65.73188819167142,High density,Interaction,pli_qcov,50,100.0
7f6w__1__2.A__2.B,1.0,1,84.0,68,69.01470588235294,69.01470588235294,High density,Interaction,pli_qcov,50,100.0
7f7d__1__2.A__2.B,0.0,1,20.0,0,,20.0,No neighbours,Interaction,pli_qcov,50,0.0
7f7m__1__1.A__1.C_1.D,0.5,2,88.0,940,67.77872340425532,67.77872340425532,High density,Interaction,pli_qcov,50,50.0
7f8t__1__1.A__1.L_1.M,0.75,1,91.0,30,64.33333333333333,64.33333333333333,Low density,Interaction,pli_qcov,50,75.0
7f8u__1__1.A__1.B,0.0,1,78.0,6,65.16666666666667,65.16666666666667,Low density,Interaction,pli_qcov,50,0.0
7f99__1__1.B__1.L_1.O,0.75,2,71.0,16,61.25,61.25,Low density,Interaction,pli_qcov,50,75.0
7f9a__1__1.A__1.C_1.O,0.875,2,72.0,20,59.2,59.2,Low density,Interaction,pli_qcov,50,87.5
7f9b__1__1.A__1.C_1.I,0.875,2,82.0,22,60.81818181818182,60.81818181818182,Low density,Interaction,pli_qcov,50,87.5
7fai__1__1.A__1.E,0.0,1,54.0,2,54.0,54.0,Low density,Interaction,pli_qcov,50,0.0
7faj__1__1.A__1.E,0.0,1,55.0,4,55.0,55.0,Low density,Interaction,pli_qcov,50,0.0
7fak__1__1.A__1.B,0.5,1,62.0,7,56.857142857142854,56.857142857142854,Low density,Interaction,pli_qcov,50,50.0
7fan__1__1.A__1.B_1.C,0.625,2,78.0,20,60.5,60.5,Low density,Interaction,pli_qcov,50,62.5
7faq__1__1.A__1.B_1.C_1.D_1.E,0.75,1,73.0,161,58.745341614906835,58.745341614906835,High density,Interaction,pli_qcov,50,75.0
7far__1__1.A__1.B_1.C_1.D,0.5,1,80.0,250,54.28,54.28,High density,Interaction,pli_qcov,50,50.0
7fcz__1__2.B__2.D,0.75,1,100.0,83,61.18072289156626,61.18072289156626,High density,Interaction,pli_qcov,50,75.0
7fd0__1__1.A__1.C,0.5,1,67.0,47,52.59574468085106,52.59574468085106,High density,Interaction,pli_qcov,50,50.0
7fd6__1__1.A__1.B,0.5,1,40.0,0,,40.0,No neighbours,Interaction,pli_qcov,50,50.0
7fe2__1__1.A__1.E_1.I,0.75,1,56.0,7,56.0,56.0,Low density,Interaction,pli_qcov,50,75.0
7fee__1__1.A__1.D,0.5,1,75.0,4,63.75,63.75,Low density,Interaction,pli_qcov,50,50.0
7fee__1__1.A__1.E,0.0,1,8.0,0,,8.0,No neighbours,Interaction,pli_qcov,50,0.0
7fgm__1__1.A__1.C_1.D_1.E,1.0,1,79.0,100,60.35,60.35,High density,Interaction,pli_qcov,50,100.0
7fgp__1__1.A__1.C_1.G,1.0,1,47.0,0,,47.0,No neighbours,Interaction,pli_qcov,50,100.0
7fha__1__1.A__1.C,1.0,1,74.0,48,57.416666666666664,57.416666666666664,High density,Interaction,pli_qcov,50,100.0
7fhb__1__1.A__1.B,0.5,1,64.0,8,56.125,56.125,Low density,Interaction,pli_qcov,50,50.0
7fhs__1__1.A__1.E_1.G,1.0,1,69.0,43,55.27906976744186,55.27906976744186,High density,Interaction,pli_qcov,50,100.0
7fja__1__1.A__1.C_1.D,0.75,1,91.0,36,71.0,71.0,High density,Interaction,pli_qcov,50,75.0
7fmg__1__1.A__1.C,0.0,1,75.0,4,56.25,56.25,Low density,Interaction,pli_qcov,50,0.0
7fnt__1__1.B__1.C,0.0,1,75.0,4,68.75,68.75,Low density,Interaction,pli_qcov,50,0.0
7fti__1__1.A__1.C,0.75,1,100.0,22,71.18181818181819,71.18181818181819,Low density,Interaction,pli_qcov,50,75.0
7ftr__1__1.A__1.C_1.D_1.E_1.G,0.375,2,52.0,2,52.0,52.0,Low density,Interaction,pli_qcov,50,37.5
7ftu__1__1.A__1.C_1.D_1.E_1.G,0.25,2,47.0,0,,47.0,No neighbours,Interaction,pli_qcov,50,25.0
7ftv__1__1.A__1.C,0.0,1,23.0,0,,23.0,No neighbours,Interaction,pli_qcov,50,0.0
7ftw__1__1.A__1.C,0.0,1,50.0,4,50.0,50.0,Low density,Interaction,pli_qcov,50,0.0
7ftz__1__1.A__1.D,0.0,1,50.0,2,50.0,50.0,Low density,Interaction,pli_qcov,50,0.0
7fu2__1__1.A__1.C,0.0,1,23.0,0,,23.0,No neighbours,Interaction,pli_qcov,50,0.0
7fu6__1__1.A__1.C,0.0,1,25.0,0,,25.0,No neighbours,Interaction,pli_qcov,50,0.0
7fu7__1__1.A__1.C,0.0,1,22.0,0,,22.0,No neighbours,Interaction,pli_qcov,50,0.0
7fu8__1__1.A__1.C,0.0,1,33.0,0,,33.0,No neighbours,Interaction,pli_qcov,50,0.0
7fuc__1__1.A__1.C,0.0,1,36.0,0,,36.0,No neighbours,Interaction,pli_qcov,50,0.0
7fuf__1__1.A__1.C,0.0,1,26.0,0,,26.0,No neighbours,Interaction,pli_qcov,50,0.0
7fum__1__1.A__1.C,0.0,1,19.0,0,,19.0,No neighbours,Interaction,pli_qcov,50,0.0
7fur__1__1.A__1.C_1.D_1.E_1.F,0.375,2,39.0,0,,39.0,No neighbours,Interaction,pli_qcov,50,37.5
7fw3__1__1.A__1.B,0.0,1,58.0,16,52.5,52.5,Low density,Interaction,pli_qcov,50,0.0
7fwb__1__1.A__1.B,0.0,1,46.0,0,,46.0,No neighbours,Interaction,pli_qcov,50,0.0
7fwe__1__1.A__1.B,0.75,1,89.0,33,62.666666666666664,62.666666666666664,High density,Interaction,pli_qcov,50,75.0
7fwh__1__1.A__1.B,1.0,1,71.0,5,57.0,57.0,Low density,Interaction,pli_qcov,50,100.0
7fwi__1__1.A__1.D,0.0,1,83.0,53,55.39622641509434,55.39622641509434,High density,Interaction,pli_qcov,50,0.0
7fwl__1__1.A__1.B,0.5,1,62.0,4,53.0,53.0,Low density,Interaction,pli_qcov,50,50.0
7fwm__1__1.A__1.B,0.0,1,60.0,8,51.25,51.25,Low density,Interaction,pli_qcov,50,0.0
7fwn__1__1.A__1.D,0.5,1,78.0,17,63.11764705882353,63.11764705882353,Low density,Interaction,pli_qcov,50,50.0
7fwr__1__1.A__1.B,0.25,1,60.0,1,60.0,60.0,Low density,Interaction,pli_qcov,50,25.0
7fx1__1__1.A__1.B,1.0,1,64.0,18,58.0,58.0,Low density,Interaction,pli_qcov,50,100.0
7fxi__1__1.A__1.D,0.75,1,82.0,29,59.6551724137931,59.6551724137931,Low density,Interaction,pli_qcov,50,75.0
7fy8__1__1.A__1.I_1.J,0.0,1,41.0,0,,41.0,No neighbours,Interaction,pli_qcov,50,0.0
7fyr__1__1.A__1.B,0.0,1,42.0,0,,42.0,No neighbours,Interaction,pli_qcov,50,0.0
7fys__1__1.A__1.B,0.75,1,56.0,3,56.0,56.0,Low density,Interaction,pli_qcov,50,75.0
7fyx__1__1.A__1.C,0.75,1,69.0,15,58.13333333333333,58.13333333333333,Low density,Interaction,pli_qcov,50,75.0
7fz0__1__1.A__1.E,1.0,1,65.0,4,56.0,56.0,Low density,Interaction,pli_qcov,50,100.0
7fz3__1__1.A__1.B,1.0,1,60.0,1,60.0,60.0,Low density,Interaction,pli_qcov,50,100.0
7fzc__1__1.A__1.B,1.0,1,78.0,13,60.23076923076923,60.23076923076923,Low density,Interaction,pli_qcov,50,100.0
7fzl__1__1.A__1.B,0.25,1,56.0,3,56.0,56.0,Low density,Interaction,pli_qcov,50,25.0
7fzs__1__1.A__1.B,1.0,1,70.0,17,54.705882352941174,54.705882352941174,Low density,Interaction,pli_qcov,50,100.0
7g00__1__1.A__1.Q,0.0,1,57.0,7,51.0,51.0,Low density,Interaction,pli_qcov,50,0.0
7g07__1__1.A__1.B,0.5,1,62.0,7,56.285714285714285,56.285714285714285,Low density,Interaction,pli_qcov,50,50.0
7g0g__1__1.A__1.B,0.5,1,64.0,17,58.705882352941174,58.705882352941174,Low density,Interaction,pli_qcov,50,50.0
7g0j__1__1.A__1.D,1.0,1,73.0,20,59.95,59.95,Low density,Interaction,pli_qcov,50,100.0
7g0t__1__1.A__1.B,0.0,1,86.0,34,64.97058823529412,64.97058823529412,High density,Interaction,pli_qcov,50,0.0
7g10__1__1.A__1.D,0.25,1,62.0,3,56.666666666666664,56.666666666666664,Low density,Interaction,pli_qcov,50,25.0
7g1b__1__1.A__1.B,0.75,1,71.0,20,57.35,57.35,Low density,Interaction,pli_qcov,50,75.0
7g1e__1__1.A__1.C,1.0,1,69.0,19,58.1578947368421,58.1578947368421,Low density,Interaction,pli_qcov,50,100.0
7g1j__1__1.A__1.B,0.25,1,53.0,1,53.0,53.0,Low density,Interaction,pli_qcov,50,25.0
7g1m__1__1.A__1.B,0.75,1,46.0,0,,46.0,No neighbours,Interaction,pli_qcov,50,75.0
7g20__1__1.A__1.B,0.5,1,70.0,23,55.21739130434783,55.21739130434783,Low density,Interaction,pli_qcov,50,50.0
7gaw__1__1.A_1.B__1.K,0.0,1,67.0,100,52.21,52.21,High density,Interaction,pli_qcov,50,0.0
7gb6__1__1.A_2.A__1.F,1.0,1,100.0,131,53.61832061068702,53.61832061068702,High density,Interaction,pli_qcov,50,100.0
7gb7__1__1.A_2.A__1.B,0.75,1,80.0,30,62.0,62.0,Low density,Interaction,pli_qcov,50,75.0
7gb8__1__1.A_2.A__1.F,1.0,1,83.0,117,54.46153846153846,54.46153846153846,High density,Interaction,pli_qcov,50,100.0
7gbc__1__1.A_2.A__2.E,0.25,1,86.0,17,60.35294117647059,60.35294117647059,Low density,Interaction,pli_qcov,50,25.0
7gbd__1__1.A_2.A__2.E,1.0,1,67.0,4,58.75,58.75,Low density,Interaction,pli_qcov,50,100.0
7gbe__1__1.A_2.A__1.B,0.75,1,71.0,31,59.25806451612903,59.25806451612903,Low density,Interaction,pli_qcov,50,75.0
7gbg__1__1.A_2.A__2.E,1.0,1,83.0,127,55.86614173228347,55.86614173228347,High density,Interaction,pli_qcov,50,100.0
7gbi__1__1.A_2.A__2.D,0.5,1,100.0,29,61.37931034482759,61.37931034482759,Low density,Interaction,pli_qcov,50,50.0
7gbo__1__1.A_2.A__1.E,1.0,1,100.0,72,64.72222222222223,64.72222222222223,High density,Interaction,pli_qcov,50,100.0
7gbp__1__1.A_2.A__2.F,1.0,1,100.0,114,58.333333333333336,58.333333333333336,High density,Interaction,pli_qcov,50,100.0
7gbq__1__1.A_2.A__1.E,1.0,1,100.0,120,65.5,65.5,High density,Interaction,pli_qcov,50,100.0
7gbr__1__1.A_2.A__2.F,0.75,1,67.0,15,61.13333333333333,61.13333333333333,Low density,Interaction,pli_qcov,50,75.0
7gbs__1__1.A_2.A__1.E_1.F,1.0,1,75.0,139,54.31654676258993,54.31654676258993,High density,Interaction,pli_qcov,50,100.0
7gbw__1__1.A_2.A__1.F,1.0,1,100.0,36,63.888888888888886,63.888888888888886,High density,Interaction,pli_qcov,50,100.0
7gby__1__1.A_2.A__1.E,1.0,1,100.0,107,62.61682242990654,62.61682242990654,High density,Interaction,pli_qcov,50,100.0
7gbz__1__1.A_2.A__2.F,1.0,1,67.0,65,52.353846153846156,52.353846153846156,High density,Interaction,pli_qcov,50,100.0
7gc0__1__1.A_2.A__1.E,0.75,1,100.0,92,63.91304347826087,63.91304347826087,High density,Interaction,pli_qcov,50,75.0
7gc1__1__1.A_2.A__2.E,0.5,1,62.0,50,53.36,53.36,High density,Interaction,pli_qcov,50,50.0
7gc2__1__1.A_2.A__2.E,0.5,1,100.0,96,57.375,57.375,High density,Interaction,pli_qcov,50,50.0
7gc3__1__1.A_2.A__2.F,0.25,1,100.0,100,65.4,65.4,High density,Interaction,pli_qcov,50,25.0
7gc4__1__1.A_2.A__1.F_1.G,1.0,1,57.0,5,57.0,57.0,Low density,Interaction,pli_qcov,50,100.0
7gc8__1__1.A_2.A__2.E,1.0,1,67.0,79,55.164556962025316,55.164556962025316,High density,Interaction,pli_qcov,50,100.0
7gcd__1__1.A_2.A__1.F_1.G,1.0,1,75.0,260,55.28846153846154,55.28846153846154,High density,Interaction,pli_qcov,50,100.0
7gce__1__1.A_2.A__2.E,0.75,1,56.0,5,56.0,56.0,Low density,Interaction,pli_qcov,50,75.0
7gcf__1__1.A_2.A__2.E,1.0,1,62.0,17,51.411764705882355,51.411764705882355,Low density,Interaction,pli_qcov,50,100.0
7gcj__1__1.A_2.A__1.E,1.0,1,50.0,15,50.0,50.0,Low density,Interaction,pli_qcov,50,100.0
7gck__1__1.A_2.A__1.E,1.0,1,75.0,57,52.59649122807018,52.59649122807018,High density,Interaction,pli_qcov,50,100.0
7gcn__1__1.A_2.A__2.F,1.0,1,100.0,60,67.0,67.0,High density,Interaction,pli_qcov,50,100.0
7gco__1__1.A_2.A__2.E,0.75,1,75.0,20,53.05,53.05,Low density,Interaction,pli_qcov,50,75.0
7gcq__1__1.A_2.A__1.F,1.0,1,86.0,8,62.375,62.375,Low density,Interaction,pli_qcov,50,100.0
7gcs__1__1.A_2.A__1.E,0.75,1,71.0,40,58.4,58.4,High density,Interaction,pli_qcov,50,75.0
7gcu__1__1.A_2.A__1.E,1.0,1,71.0,30,58.4,58.4,Low density,Interaction,pli_qcov,50,100.0
7gd0__1__1.A_2.A__1.F,1.0,1,83.0,130,54.684615384615384,54.684615384615384,High density,Interaction,pli_qcov,50,100.0
7gd1__1__1.A_2.A__1.E,0.25,1,60.0,16,60.0,60.0,Low density,Interaction,pli_qcov,50,25.0
7gda__1__1.A_2.A__1.D,1.0,1,71.0,17,60.294117647058826,60.294117647058826,Low density,Interaction,pli_qcov,50,100.0
7gdc__1__1.A_2.A__2.D,0.5,1,100.0,133,63.34586466165413,63.34586466165413,High density,Interaction,pli_qcov,50,50.0
7gde__1__1.A_2.A__1.E,1.0,1,80.0,42,63.333333333333336,63.333333333333336,High density,Interaction,pli_qcov,50,100.0
7gdg__1__1.A_2.A__2.F,1.0,1,75.0,47,53.61702127659574,53.61702127659574,High density,Interaction,pli_qcov,50,100.0
7gdj__1__1.A_2.A__2.E,1.0,1,100.0,135,58.7037037037037,58.7037037037037,High density,Interaction,pli_qcov,50,100.0
7gdk__1__1.A_2.A__2.E,1.0,1,57.0,8,57.0,57.0,Low density,Interaction,pli_qcov,50,100.0
7gdl__1__1.A_2.A__1.E,1.0,1,75.0,138,54.34782608695652,54.34782608695652,High density,Interaction,pli_qcov,50,100.0
7gdm__1__1.A_2.A__2.E,1.0,1,100.0,100,71.29,71.29,High density,Interaction,pli_qcov,50,100.0
7gdz__1__1.A_2.A__1.E,1.0,1,100.0,265,58.77358490566038,58.77358490566038,High density,Interaction,pli_qcov,50,100.0
7ge2__1__1.A_2.A__2.E,0.75,1,67.0,9,58.44444444444444,58.44444444444444,Low density,Interaction,pli_qcov,50,75.0
7ge3__1__1.A_2.A__1.D,1.0,1,44.0,0,,44.0,No neighbours,Interaction,pli_qcov,50,100.0
7ge4__1__1.A_2.A__1.E_1.F,1.0,1,50.0,2,50.0,50.0,Low density,Interaction,pli_qcov,50,100.0
7ge8__1__1.A_2.A__2.E,0.75,1,88.0,27,55.96296296296296,55.96296296296296,Low density,Interaction,pli_qcov,50,75.0
7ge9__1__1.A_2.A__1.E,1.0,1,100.0,38,63.68421052631579,63.68421052631579,High density,Interaction,pli_qcov,50,100.0
7gec__1__1.A_2.A__2.E,1.0,1,71.0,13,58.07692307692308,58.07692307692308,Low density,Interaction,pli_qcov,50,100.0
7ged__1__1.A_2.A__1.E,1.0,1,67.0,41,67.0,67.0,High density,Interaction,pli_qcov,50,100.0
7gee__1__1.A_2.A__2.E,0.5,1,71.0,19,57.73684210526316,57.73684210526316,Low density,Interaction,pli_qcov,50,50.0
7gef__1__1.A_2.A__1.D,1.0,1,57.0,3,57.0,57.0,Low density,Interaction,pli_qcov,50,100.0
7geg__1__1.A_2.A__2.E,1.0,1,100.0,71,65.63380281690141,65.63380281690141,High density,Interaction,pli_qcov,50,100.0
7geh__1__1.A_2.A__2.E,0.0,1,100.0,100,65.2,65.2,High density,Interaction,pli_qcov,50,0.0
7gek__1__1.A_2.A__1.E,1.0,1,71.0,33,59.121212121212125,59.121212121212125,High density,Interaction,pli_qcov,50,100.0
7gem__1__1.A_2.A__1.E_1.F,0.75,1,86.0,50,59.26,59.26,High density,Interaction,pli_qcov,50,75.0
7gen__1__1.A_2.A__2.E,1.0,1,83.0,38,54.421052631578945,54.421052631578945,High density,Interaction,pli_qcov,50,100.0
7ges__1__1.A_2.A__2.E,1.0,1,100.0,111,58.108108108108105,58.108108108108105,High density,Interaction,pli_qcov,50,100.0
7geu__1__1.A_2.A__2.E,1.0,1,100.0,74,56.7972972972973,56.7972972972973,High density,Interaction,pli_qcov,50,100.0
7gew__1__1.A_2.A__1.E,1.0,1,80.0,56,63.214285714285715,63.214285714285715,High density,Interaction,pli_qcov,50,100.0
7gey__1__1.A_2.A__2.E,1.0,1,71.0,15,57.93333333333333,57.93333333333333,Low density,Interaction,pli_qcov,50,100.0
7gf0__1__1.A_2.A__1.E,0.75,1,50.0,3,50.0,50.0,Low density,Interaction,pli_qcov,50,75.0
7gf2__1__1.A_2.A__2.E,1.0,1,80.0,17,63.529411764705884,63.529411764705884,Low density,Interaction,pli_qcov,50,100.0
7gf3__1__1.A_2.A__1.E,1.0,1,83.0,185,55.383783783783784,55.383783783783784,High density,Interaction,pli_qcov,50,100.0
7gf5__1__1.A_2.A__1.E,0.75,1,100.0,108,55.28703703703704,55.28703703703704,High density,Interaction,pli_qcov,50,75.0
7gf6__1__1.A_2.A__2.E,1.0,1,86.0,21,61.76190476190476,61.76190476190476,Low density,Interaction,pli_qcov,50,100.0
7gfb__1__1.A_2.A__2.E,1.0,1,83.0,66,56.878787878787875,56.878787878787875,High density,Interaction,pli_qcov,50,100.0
7gfh__1__1.A_2.A__1.E,1.0,1,38.0,0,,38.0,No neighbours,Interaction,pli_qcov,50,100.0
7gfl__1__1.A_2.A__2.E,1.0,1,100.0,59,67.11864406779661,67.11864406779661,High density,Interaction,pli_qcov,50,100.0
7gfr__1__1.A_2.A__2.E,1.0,1,83.0,43,55.41860465116279,55.41860465116279,High density,Interaction,pli_qcov,50,100.0
7gfs__1__1.A_2.A__2.E,0.5,1,67.0,60,54.25,54.25,High density,Interaction,pli_qcov,50,50.0
7gft__1__1.A_2.A__1.E,0.25,1,67.0,45,50.37777777777778,50.37777777777778,High density,Interaction,pli_qcov,50,25.0
7gfx__1__1.A_2.A__2.E,1.0,1,100.0,127,57.67716535433071,57.67716535433071,High density,Interaction,pli_qcov,50,100.0
7gfz__1__1.A_2.A__2.E_2.F,0.0,2,57.0,28,50.5,50.5,Low density,Interaction,pli_qcov,50,0.0
7gg2__1__1.A_2.A__2.E,1.0,1,80.0,38,64.73684210526316,64.73684210526316,High density,Interaction,pli_qcov,50,100.0
7gga__1__1.A_2.A__1.E_1.F,1.0,1,86.0,50,60.7,60.7,High density,Interaction,pli_qcov,50,100.0
7ggd__1__1.A__1.E,0.0,1,100.0,71,68.85915492957747,68.85915492957747,High density,Interaction,pli_qcov,50,0.0
7gge__1__1.A_2.A__2.E_2.F,1.0,1,100.0,89,66.51685393258427,66.51685393258427,High density,Interaction,pli_qcov,50,100.0
7ggh__1__1.A_2.A__2.E_2.F,1.0,1,100.0,66,65.15151515151516,65.15151515151516,High density,Interaction,pli_qcov,50,100.0
7ggo__1__1.A_2.A__2.E_2.G,0.5,1,86.0,40,61.925,61.925,High density,Interaction,pli_qcov,50,50.0
7ggq__1__1.A_2.A__2.E_2.F,1.0,1,78.0,8,61.5,61.5,Low density,Interaction,pli_qcov,50,100.0
7ggv__1__1.A_2.A__2.E_2.G,1.0,1,100.0,60,66.66666666666667,66.66666666666667,High density,Interaction,pli_qcov,50,100.0
7ggw__1__1.A_2.A__1.E_1.F,1.0,1,80.0,67,60.8955223880597,60.8955223880597,High density,Interaction,pli_qcov,50,100.0
7gh0__1__1.A_2.A__2.E_2.F,0.75,1,100.0,51,70.23529411764706,70.23529411764706,High density,Interaction,pli_qcov,50,75.0
7gh1__1__1.A_2.A__2.E_2.F,0.0,1,80.0,16,61.25,61.25,Low density,Interaction,pli_qcov,50,0.0
7gh3__1__1.A_2.A__2.E,1.0,1,100.0,83,71.7710843373494,71.7710843373494,High density,Interaction,pli_qcov,50,100.0
7gh5__1__1.A_2.A__1.B,1.0,1,100.0,82,54.73170731707317,54.73170731707317,High density,Interaction,pli_qcov,50,100.0
7gh6__1__1.A_2.A__2.B,0.75,1,78.0,10,60.4,60.4,Low density,Interaction,pli_qcov,50,75.0
7gh7__1__1.A_2.A__1.B_1.F,1.0,1,62.0,15,50.8,50.8,Low density,Interaction,pli_qcov,50,100.0
7ghn__1__1.A_1.B__1.N,1.0,1,83.0,169,59.16568047337278,59.16568047337278,High density,Interaction,pli_qcov,50,100.0
7gho__1__1.A_1.B__1.E_1.F,1.0,1,100.0,137,56.40875912408759,56.40875912408759,High density,Interaction,pli_qcov,50,100.0
7ghp__1__1.A_1.B__1.M_1.O,1.0,1,62.0,20,51.2,51.2,Low density,Interaction,pli_qcov,50,100.0
7ghq__1__1.A_1.B__1.D_1.E,1.0,1,100.0,161,59.006211180124225,59.006211180124225,High density,Interaction,pli_qcov,50,100.0
7ghr__1__1.A_1.B__1.M,1.0,1,80.0,52,62.69230769230769,62.69230769230769,High density,Interaction,pli_qcov,50,100.0
7ghs__1__1.A_1.B__1.E_1.F,0.75,1,71.0,39,57.35897435897436,57.35897435897436,High density,Interaction,pli_qcov,50,75.0
7ghx__1__1.A_1.B__1.O_1.Q,0.75,1,62.0,13,50.92307692307692,50.92307692307692,Low density,Interaction,pli_qcov,50,75.0
7ghy__1__1.A_1.B__1.O_1.P_1.Q,0.75,1,71.0,35,59.0,59.0,High density,Interaction,pli_qcov,50,75.0
7gi4__1__1.A_1.B__1.J,1.0,1,60.0,7,51.42857142857143,51.42857142857143,Low density,Interaction,pli_qcov,50,100.0
7gi6__1__1.A_1.B__1.D,0.75,1,86.0,32,60.96875,60.96875,Low density,Interaction,pli_qcov,50,75.0
7gi7__1__1.A_1.B__1.L,1.0,1,100.0,73,65.47945205479452,65.47945205479452,High density,Interaction,pli_qcov,50,100.0
7gi8__1__1.A_1.B__1.R_1.U_1.V,0.5,1,83.0,107,54.271028037383175,54.271028037383175,High density,Interaction,pli_qcov,50,50.0
7gi9__1__1.A_1.B__1.F,1.0,1,88.0,41,53.02439024390244,53.02439024390244,High density,Interaction,pli_qcov,50,100.0
7gia__1__1.A_1.B__1.F,1.0,1,75.0,32,52.28125,52.28125,Low density,Interaction,pli_qcov,50,100.0
7gib__1__1.A_1.B__1.E_1.F,1.0,1,100.0,64,66.5625,66.5625,High density,Interaction,pli_qcov,50,100.0
7gid__1__1.A_1.B__1.E_1.F,1.0,1,100.0,20,61.3,61.3,Low density,Interaction,pli_qcov,50,100.0
7gih__1__1.A_1.B__1.L_1.P,1.0,1,100.0,73,65.47945205479452,65.47945205479452,High density,Interaction,pli_qcov,50,100.0
7gij__1__1.A_1.B__1.E_1.F,0.75,1,83.0,100,57.58,57.58,High density,Interaction,pli_qcov,50,75.0
7gim__1__1.A_1.B__1.E_1.F,0.75,1,100.0,82,55.353658536585364,55.353658536585364,High density,Interaction,pli_qcov,50,75.0
7gin__1__1.A_1.B__1.F_1.G,1.0,1,86.0,53,61.283018867924525,61.283018867924525,High density,Interaction,pli_qcov,50,100.0
7gio__1__1.A_1.B__1.L_1.O,1.0,1,80.0,58,64.48275862068965,64.48275862068965,High density,Interaction,pli_qcov,50,100.0
7gip__1__1.A_1.B__1.N_1.O,0.0,1,83.0,122,55.51639344262295,55.51639344262295,High density,Interaction,pli_qcov,50,0.0
7giq__1__1.A_1.B__1.F_1.G,1.0,1,100.0,122,66.22950819672131,66.22950819672131,High density,Interaction,pli_qcov,50,100.0
7gir__1__1.A_1.B__1.F_1.I,1.0,1,71.0,47,59.97872340425532,59.97872340425532,High density,Interaction,pli_qcov,50,100.0
7gis__1__1.A_1.B__1.E_1.F,0.75,1,100.0,91,55.38461538461539,55.38461538461539,High density,Interaction,pli_qcov,50,75.0
7git__1__1.A_1.B__1.E_1.F,0.5,1,86.0,51,60.35294117647059,60.35294117647059,High density,Interaction,pli_qcov,50,50.0
7giu__1__1.A_1.B__1.K_1.L,1.0,1,100.0,72,64.44444444444444,64.44444444444444,High density,Interaction,pli_qcov,50,100.0
7gix__1__1.A_1.B__1.E_1.F,0.75,1,71.0,30,58.4,58.4,Low density,Interaction,pli_qcov,50,75.0
7giy__1__1.A_1.B__1.E_1.F,0.75,1,100.0,132,56.52272727272727,56.52272727272727,High density,Interaction,pli_qcov,50,75.0
7gj0__1__1.A_1.B__1.M_1.N,0.75,1,57.0,6,57.0,57.0,Low density,Interaction,pli_qcov,50,75.0
7gj2__1__1.A_1.B__1.E_1.F,0.25,1,100.0,131,55.80916030534351,55.80916030534351,High density,Interaction,pli_qcov,50,25.0
7gj4__1__1.A_1.B__1.E_1.F,0.75,1,86.0,53,61.283018867924525,61.283018867924525,High density,Interaction,pli_qcov,50,75.0
7gj6__1__1.A_1.B__1.E_1.F,1.0,1,78.0,17,59.88235294117647,59.88235294117647,Low density,Interaction,pli_qcov,50,100.0
7gj8__1__1.A_1.B__1.E_1.F,0.75,1,86.0,23,59.47826086956522,59.47826086956522,Low density,Interaction,pli_qcov,50,75.0
7gjc__1__1.A_1.B__1.E,1.0,1,100.0,221,56.94117647058823,56.94117647058823,High density,Interaction,pli_qcov,50,100.0
7gjd__1__1.A_1.B__1.E_1.F,1.0,1,100.0,60,67.0,67.0,High density,Interaction,pli_qcov,50,100.0
7gjf__1__1.A_1.B__1.E_1.F,0.5,1,83.0,76,56.421052631578945,56.421052631578945,High density,Interaction,pli_qcov,50,50.0
7gjg__1__1.A_1.B__1.E_1.F,0.75,1,75.0,52,52.59615384615385,52.59615384615385,High density,Interaction,pli_qcov,50,75.0
7gji__1__1.A_1.B__1.L,1.0,1,62.0,31,51.16129032258065,51.16129032258065,Low density,Interaction,pli_qcov,50,100.0
7gjk__1__1.A_1.B__1.E_1.F,1.0,1,80.0,52,60.38461538461539,60.38461538461539,High density,Interaction,pli_qcov,50,100.0
7gjl__1__1.A_1.B__1.D_1.E,1.0,1,100.0,232,58.72844827586207,58.72844827586207,High density,Interaction,pli_qcov,50,100.0
7gjp__1__1.A_1.B__1.E_1.F,1.0,1,71.0,22,60.18181818181818,60.18181818181818,Low density,Interaction,pli_qcov,50,100.0
7gjq__1__1.A_1.B__1.E_1.F,0.75,1,100.0,125,66.24,66.24,High density,Interaction,pli_qcov,50,75.0
7gjv__1__1.A_1.B__1.J_1.K,0.75,1,86.0,27,62.22222222222222,62.22222222222222,Low density,Interaction,pli_qcov,50,75.0
7gjx__1__1.A_1.B__1.E_1.J,0.5,1,75.0,53,53.22641509433962,53.22641509433962,High density,Interaction,pli_qcov,50,50.0
7gjy__1__1.A_1.B__1.H_1.I,0.0,1,83.0,92,55.31521739130435,55.31521739130435,High density,Interaction,pli_qcov,50,0.0
7gjz__1__1.A_1.B__1.I_1.K,1.0,1,70.0,12,54.166666666666664,54.166666666666664,Low density,Interaction,pli_qcov,50,100.0
7gk0__1__1.A_1.B__1.E_1.J,1.0,1,100.0,96,62.708333333333336,62.708333333333336,High density,Interaction,pli_qcov,50,100.0
7gk1__1__1.A_1.B__1.D_1.I,1.0,1,71.0,41,58.02439024390244,58.02439024390244,High density,Interaction,pli_qcov,50,100.0
7gk2__1__1.A_1.B__1.E_1.J,0.5,1,80.0,82,62.4390243902439,62.4390243902439,High density,Interaction,pli_qcov,50,50.0
7gk3__1__1.A_1.B__1.E_1.J,1.0,1,71.0,30,58.4,58.4,Low density,Interaction,pli_qcov,50,100.0
7gk6__1__1.A_1.B__1.E_1.J,1.0,1,86.0,33,62.18181818181818,62.18181818181818,High density,Interaction,pli_qcov,50,100.0
7gk7__1__1.A_1.B__1.H,0.5,1,80.0,92,62.17391304347826,62.17391304347826,High density,Interaction,pli_qcov,50,50.0
7gk8__1__1.A_1.B__1.H,1.0,1,100.0,78,63.333333333333336,63.333333333333336,High density,Interaction,pli_qcov,50,100.0
7gk9__1__1.A_1.B__1.M_1.O,1.0,1,100.0,144,75.70833333333333,75.70833333333333,High density,Interaction,pli_qcov,50,100.0
7gka__1__1.A_1.B__1.E_1.J,1.0,1,100.0,216,59.25925925925926,59.25925925925926,High density,Interaction,pli_qcov,50,100.0
7gkc__1__1.A_1.B__1.E_1.J,0.5,1,60.0,23,52.17391304347826,52.17391304347826,Low density,Interaction,pli_qcov,50,50.0
7gke__1__1.A_1.B__1.E_1.J,1.0,1,100.0,45,60.48888888888889,60.48888888888889,High density,Interaction,pli_qcov,50,100.0
7gkf__1__1.A_1.B__1.E_1.J,0.75,1,78.0,26,58.96153846153846,58.96153846153846,Low density,Interaction,pli_qcov,50,75.0
7gkg__1__1.A_1.B__1.E_1.J,1.0,1,71.0,34,58.23529411764706,58.23529411764706,High density,Interaction,pli_qcov,50,100.0
7gkh__1__1.A_1.B__1.J,0.75,1,75.0,90,53.62222222222222,53.62222222222222,High density,Interaction,pli_qcov,50,75.0
7gki__1__1.A__1.I,1.0,1,83.0,87,56.41379310344828,56.41379310344828,High density,Interaction,pli_qcov,50,100.0
7gkk__1__1.A_1.B__1.O,1.0,1,67.0,45,50.75555555555555,50.75555555555555,High density,Interaction,pli_qcov,50,100.0
7gkm__1__1.A_1.B__1.I_1.J,1.0,1,100.0,231,70.0,70.0,High density,Interaction,pli_qcov,50,100.0
7gkn__1__1.A_1.B__1.Q_1.S_1.T,1.0,1,100.0,149,60.06711409395973,60.06711409395973,High density,Interaction,pli_qcov,50,100.0
7gko__1__1.A_1.B__1.I_1.J,0.5,1,100.0,85,54.1764705882353,54.1764705882353,High density,Interaction,pli_qcov,50,50.0
7gkq__1__1.A_1.B__1.E_1.J,0.25,1,75.0,58,52.53448275862069,52.53448275862069,High density,Interaction,pli_qcov,50,25.0
7gks__1__1.A_1.B__1.H,0.0,1,71.0,28,59.0,59.0,Low density,Interaction,pli_qcov,50,0.0
7gkt__1__1.A_1.B__1.E_1.J,1.0,1,80.0,74,64.32432432432432,64.32432432432432,High density,Interaction,pli_qcov,50,100.0
7gkw__1__1.A_1.B__1.E_1.J,0.75,1,100.0,182,60.989010989010985,60.989010989010985,High density,Interaction,pli_qcov,50,75.0
7gkx__1__1.A_1.B__1.I,0.5,1,100.0,205,59.51219512195122,59.51219512195122,High density,Interaction,pli_qcov,50,50.0
7gkz__1__1.A_1.B__1.E_1.J,0.75,1,75.0,131,51.52671755725191,51.52671755725191,High density,Interaction,pli_qcov,50,75.0
7gl1__1__1.A_1.B__1.D_1.I,1.0,1,100.0,94,64.04255319148936,64.04255319148936,High density,Interaction,pli_qcov,50,100.0
7gl2__1__1.A_1.B__1.H_1.I,0.5,1,83.0,65,55.44615384615385,55.44615384615385,High density,Interaction,pli_qcov,50,50.0
7gl3__1__1.A_1.B__1.H,0.5,1,75.0,57,53.8421052631579,53.8421052631579,High density,Interaction,pli_qcov,50,50.0
7gl6__1__1.A_1.B__1.E_1.J,1.0,1,100.0,152,61.01973684210526,61.01973684210526,High density,Interaction,pli_qcov,50,100.0
7gl7__1__1.A_1.B__1.E_1.J,1.0,1,71.0,13,58.07692307692308,58.07692307692308,Low density,Interaction,pli_qcov,50,100.0
7gla__1__1.A_1.B__1.I,1.0,1,67.0,122,53.622950819672134,53.622950819672134,High density,Interaction,pli_qcov,50,100.0
7glb__1__1.A_1.B__1.N,0.25,1,86.0,47,59.40425531914894,59.40425531914894,High density,Interaction,pli_qcov,50,25.0
7gld__1__1.A_1.B__1.H,0.25,1,83.0,63,55.61904761904762,55.61904761904762,High density,Interaction,pli_qcov,50,25.0
7glg__1__1.A_1.B__1.H,0.0,1,83.0,52,54.23076923076923,54.23076923076923,High density,Interaction,pli_qcov,50,0.0
7gli__1__1.A_1.B__1.L,0.0,1,100.0,94,64.25531914893617,64.25531914893617,High density,Interaction,pli_qcov,50,0.0
7gln__1__1.A_1.B__1.I,0.5,1,83.0,65,57.01538461538462,57.01538461538462,High density,Interaction,pli_qcov,50,50.0
7glo__1__1.A_1.B__1.E_1.J,1.0,1,100.0,60,67.0,67.0,High density,Interaction,pli_qcov,50,100.0
7glq__1__1.A_1.B__1.E_1.J,1.0,1,83.0,66,56.90909090909091,56.90909090909091,High density,Interaction,pli_qcov,50,100.0
7glw__1__1.A_1.B__1.E_1.J_1.K,1.0,1,100.0,139,76.73381294964028,76.73381294964028,High density,Interaction,pli_qcov,50,100.0
7gly__1__1.A_1.B__1.I,0.5,1,83.0,73,57.15068493150685,57.15068493150685,High density,Interaction,pli_qcov,50,50.0
7gm0__1__1.A_1.B__1.N,0.25,1,56.0,2,56.0,56.0,Low density,Interaction,pli_qcov,50,25.0
7gm1__1__1.A_1.B__1.I,0.25,1,80.0,34,62.35294117647059,62.35294117647059,High density,Interaction,pli_qcov,50,25.0
7gm3__1__1.A_1.B__1.D_1.I,1.0,1,67.0,9,59.666666666666664,59.666666666666664,Low density,Interaction,pli_qcov,50,100.0
7gm4__1__1.A_1.B__1.I,0.5,1,100.0,80,56.4875,56.4875,High density,Interaction,pli_qcov,50,50.0
7gm5__1__1.A_1.B__1.I,0.25,1,83.0,69,57.072463768115945,57.072463768115945,High density,Interaction,pli_qcov,50,25.0
7gm6__1__1.A_1.B__1.N,0.75,1,100.0,92,64.1304347826087,64.1304347826087,High density,Interaction,pli_qcov,50,75.0
7gm8__1__1.A_1.B__1.I,0.5,1,75.0,23,52.130434782608695,52.130434782608695,Low density,Interaction,pli_qcov,50,50.0
7gm9__1__1.A_1.B__1.I,1.0,1,86.0,71,59.38028169014085,59.38028169014085,High density,Interaction,pli_qcov,50,100.0
7gma__1__1.A_1.B__1.J,0.0,1,67.0,15,61.13333333333333,61.13333333333333,Low density,Interaction,pli_qcov,50,0.0
7gmb__1__1.A_1.B__1.D_1.I,1.0,1,75.0,38,52.86842105263158,52.86842105263158,High density,Interaction,pli_qcov,50,100.0
7gmh__1__1.A_1.B__1.O,1.0,1,100.0,224,58.035714285714285,58.035714285714285,High density,Interaction,pli_qcov,50,100.0
7gmi__1__1.A_1.B__1.D_1.I,1.0,1,60.0,5,52.0,52.0,Low density,Interaction,pli_qcov,50,100.0
7gmj__1__1.A_1.B__1.E_1.J_1.K,1.0,1,100.0,98,57.57142857142857,57.57142857142857,High density,Interaction,pli_qcov,50,100.0
7gmk__1__1.A_1.B__1.E_1.J,1.0,1,100.0,150,61.0,61.0,High density,Interaction,pli_qcov,50,100.0
7gml__1__1.A_1.B__1.E_1.J,1.0,1,100.0,152,61.01973684210526,61.01973684210526,High density,Interaction,pli_qcov,50,100.0
7gmm__1__1.A_1.B__1.E_1.J,1.0,1,75.0,24,52.541666666666664,52.541666666666664,Low density,Interaction,pli_qcov,50,100.0
7gmo__1__1.A_1.B__1.E_1.J,0.5,1,86.0,19,60.0,60.0,Low density,Interaction,pli_qcov,50,50.0
7gmp__1__1.A_1.B__1.D_1.I,1.0,1,86.0,19,60.0,60.0,Low density,Interaction,pli_qcov,50,100.0
7gmq__1__1.A_1.B__1.D_1.I,1.0,1,67.0,5,60.4,60.4,Low density,Interaction,pli_qcov,50,100.0
7gms__1__1.A_1.B__1.I,0.25,1,50.0,7,50.0,50.0,Low density,Interaction,pli_qcov,50,25.0
7gmu__1__1.A_1.B__1.I,1.0,1,75.0,24,52.541666666666664,52.541666666666664,Low density,Interaction,pli_qcov,50,100.0
7gmw__1__1.A_1.B__1.E_1.J,0.5,1,83.0,61,52.77049180327869,52.77049180327869,High density,Interaction,pli_qcov,50,50.0
7gmy__1__1.A_1.B__1.I,0.25,1,80.0,42,64.28571428571429,64.28571428571429,High density,Interaction,pli_qcov,50,25.0
7gn0__1__1.A_1.B__1.I,0.75,1,62.0,26,51.38461538461539,51.38461538461539,Low density,Interaction,pli_qcov,50,75.0
7gn4__1__1.A_1.B__1.E_1.J,0.75,1,75.0,80,53.4375,53.4375,High density,Interaction,pli_qcov,50,75.0
7gn5__1__1.A_1.B__1.I,0.25,1,80.0,16,61.25,61.25,Low density,Interaction,pli_qcov,50,25.0
7gn8__1__1.A_1.B__1.I_1.J,1.0,1,80.0,105,64.95238095238095,64.95238095238095,High density,Interaction,pli_qcov,50,100.0
7gn9__1__1.A_1.B__1.O,0.5,1,100.0,92,64.34782608695652,64.34782608695652,High density,Interaction,pli_qcov,50,50.0
7gnb__1__1.A_1.B__1.M_1.O,0.5,1,83.0,70,53.385714285714286,53.385714285714286,High density,Interaction,pli_qcov,50,50.0
7gnc__1__1.A_1.B__1.E_1.J,1.0,1,80.0,108,65.18518518518519,65.18518518518519,High density,Interaction,pli_qcov,50,100.0
7gnd__1__1.A_1.B__1.E_1.J,1.0,1,80.0,60,63.333333333333336,63.333333333333336,High density,Interaction,pli_qcov,50,100.0
7gnf__1__1.A_1.B__1.P_1.R,1.0,1,80.0,60,60.666666666666664,60.666666666666664,High density,Interaction,pli_qcov,50,100.0
7gng__1__1.A_1.B__1.Q,1.0,1,80.0,141,64.11347517730496,64.11347517730496,High density,Interaction,pli_qcov,50,100.0
7gnh__1__1.A_1.B__1.M,0.25,1,75.0,127,53.93700787401575,53.93700787401575,High density,Interaction,pli_qcov,50,25.0
7gnk__1__1.A_1.B__1.T,1.0,1,80.0,69,62.31884057971015,62.31884057971015,High density,Interaction,pli_qcov,50,100.0
7gnl__1__1.A_1.B__1.N,0.0,1,67.0,45,52.644444444444446,52.644444444444446,High density,Interaction,pli_qcov,50,0.0
7gnm__1__1.A_1.B__1.S,0.0,1,71.0,27,58.03703703703704,58.03703703703704,Low density,Interaction,pli_qcov,50,0.0
7gnn__1__1.A_1.B__1.I,0.5,1,100.0,62,66.7741935483871,66.7741935483871,High density,Interaction,pli_qcov,50,50.0
7gno__1__1.A_1.B__1.P_1.S,0.0,1,86.0,27,61.18518518518518,61.18518518518518,Low density,Interaction,pli_qcov,50,0.0
7gnp__1__1.A_1.B__1.H_1.J,0.75,1,75.0,18,53.44444444444444,53.44444444444444,Low density,Interaction,pli_qcov,50,75.0
7gnq__1__1.A_1.B__1.G_1.I_1.L,0.5,1,60.0,9,53.333333333333336,53.333333333333336,Low density,Interaction,pli_qcov,50,50.0
7gnr__1__1.A_1.B__1.E_1.J,1.0,1,80.0,103,65.24271844660194,65.24271844660194,High density,Interaction,pli_qcov,50,100.0
7gns__1__1.A_1.B__1.H_1.J,1.0,1,80.0,59,63.389830508474574,63.389830508474574,High density,Interaction,pli_qcov,50,100.0
7gnt__1__1.A_1.B__1.N_1.O,1.0,1,80.0,104,62.5,62.5,High density,Interaction,pli_qcov,50,100.0
7gnu__1__1.A_1.B__1.O_1.Q,0.75,1,75.0,174,52.58620689655172,52.58620689655172,High density,Interaction,pli_qcov,50,75.0
7grr__1__1.A__1.D,0.0,1,100.0,74,70.12162162162163,70.12162162162163,High density,Interaction,pli_qcov,50,0.0
7grs__1__1.B__1.Q,0.0,1,50.0,18,50.0,50.0,Low density,Interaction,pli_qcov,50,0.0
7grt__1__1.A__1.C_1.E_1.I,0.0,1,100.0,210,57.13333333333333,57.13333333333333,High density,Interaction,pli_qcov,50,0.0
7grw__1__1.B__1.M_1.N,0.0,1,60.0,6,51.666666666666664,51.666666666666664,Low density,Interaction,pli_qcov,50,0.0
7gs0__1__1.A_1.B__1.D,0.0,1,43.0,0,,43.0,No neighbours,Interaction,pli_qcov,50,0.0
7h1j__1__1.B__1.E,0.0,1,50.0,1,50.0,50.0,Low density,Interaction,pli_qcov,50,0.0
7jhq__1__2.D__2.Q,0.25,1,70.0,69,53.91304347826087,53.91304347826087,High density,Interaction,pli_qcov,50,25.0
7jni__1__1.A__1.C,0.0,1,26.0,0,,26.0,No neighbours,Interaction,pli_qcov,50,0.0
7jyd__1__1.A__1.C,0.25,1,57.0,6,52.333333333333336,52.333333333333336,Low density,Interaction,pli_qcov,50,25.0
7k4g__1__1.B__1.J_1.K_1.L,1.0,1,85.0,145,59.786206896551725,59.786206896551725,High density,Interaction,pli_qcov,50,100.0
7k4i__1__1.B__1.J_1.K_1.L,1.0,1,75.0,211,55.45497630331754,55.45497630331754,High density,Interaction,pli_qcov,50,100.0
7k4j__1__1.E__1.S_1.T_1.U,1.0,1,83.0,179,54.86033519553072,54.86033519553072,High density,Interaction,pli_qcov,50,100.0
7k5v__1__1.A__1.C,0.0,1,78.0,87,59.91954022988506,59.91954022988506,High density,Interaction,pli_qcov,50,0.0
7kbj__1__1.B_1.C__1.L_1.M_1.O,0.0,1,67.0,2,61.5,61.5,Low density,Interaction,pli_qcov,50,0.0
7kbr__1__1.B_1.C__1.EA_1.IA_1.N,0.25,1,50.0,5,50.0,50.0,Low density,Interaction,pli_qcov,50,25.0
7kh4__1__1.A_1.F__1.G_1.W,1.0,1,67.0,23,56.47826086956522,56.47826086956522,Low density,Interaction,pli_qcov,50,100.0
7kkh__1__1.A_1.B__1.D,0.75,1,40.0,0,,40.0,No neighbours,Interaction,pli_qcov,50,75.0
7knr__1__1.A__1.B_1.C_1.D,0.25,1,83.0,59,55.152542372881356,55.152542372881356,High density,Interaction,pli_qcov,50,25.0
7ko6__1__1.A__1.D,0.75,1,60.0,2,55.0,55.0,Low density,Interaction,pli_qcov,50,75.0
7kop__1__1.A__1.B_1.C_1.D,0.25,1,86.0,30,60.766666666666666,60.766666666666666,Low density,Interaction,pli_qcov,50,25.0
7kxz__1__1.A__1.C,0.75,1,67.0,214,51.21028037383178,51.21028037383178,High density,Interaction,pli_qcov,50,75.0
7l00__1__1.B__1.J_1.K_1.L,1.0,1,63.0,16,54.125,54.125,Low density,Interaction,pli_qcov,50,100.0
7l1j__1__1.A_1.B__1.E_1.G,1.0,1,94.0,30,63.03333333333333,63.03333333333333,Low density,Interaction,pli_qcov,50,100.0
7l1p__1__1.A_1.B__1.C,0.5,1,56.0,1,56.0,56.0,Low density,Interaction,pli_qcov,50,50.0
7l2y__1__1.A_2.A__1.J,1.0,1,80.0,12,57.583333333333336,57.583333333333336,Low density,Interaction,pli_qcov,50,100.0
7l8o__1__1.A__1.G_1.H,0.5,1,70.0,88,54.88636363636363,54.88636363636363,High density,Interaction,pli_qcov,50,50.0
7l91__1__3.A__3.B_3.C_3.D,0.75,1,92.0,38,72.02631578947368,72.02631578947368,High density,Interaction,pli_qcov,50,75.0
7l9g__1__1.A__1.B_1.D,0.75,1,100.0,555,62.8018018018018,62.8018018018018,High density,Interaction,pli_qcov,50,75.0
7lbv__1__1.A__1.B,1.0,1,73.0,18,58.72222222222222,58.72222222222222,Low density,Interaction,pli_qcov,50,100.0
7ldy__1__1.A_1.B__1.H,1.0,1,95.0,435,65.85747126436782,65.85747126436782,High density,Interaction,pli_qcov,50,100.0
7le3__1__1.A_1.B__1.C,1.0,1,100.0,441,63.74149659863946,63.74149659863946,High density,Interaction,pli_qcov,50,100.0
7le5__1__1.A_1.B__1.H,1.0,1,83.0,311,60.59163987138264,60.59163987138264,High density,Interaction,pli_qcov,50,100.0
7le6__1__1.A_1.B__1.C,1.0,1,90.0,399,62.235588972431074,62.235588972431074,High density,Interaction,pli_qcov,50,100.0
7lff__1__1.A__1.C_1.D,1.0,1,95.0,214,62.99065420560748,62.99065420560748,High density,Interaction,pli_qcov,50,100.0
7lk0__1__1.A_2.A__1.D,1.0,1,78.0,104,56.53846153846154,56.53846153846154,High density,Interaction,pli_qcov,50,100.0
7lm4__1__1.A__1.B_1.C_1.D,1.0,1,75.0,29,53.3448275862069,53.3448275862069,Low density,Interaction,pli_qcov,50,100.0
7lov__1__1.A__1.C_1.D_1.H,0.75,2,68.0,36,58.888888888888886,58.888888888888886,High density,Interaction,pli_qcov,50,75.0
7lp0__1__1.A__1.C,0.75,1,83.0,608,52.733552631578945,52.733552631578945,High density,Interaction,pli_qcov,50,75.0
7lpk__1__1.A__1.C,1.0,1,67.0,72,51.65277777777778,51.65277777777778,High density,Interaction,pli_qcov,50,100.0
7lpw__1__1.A_1.B__1.G,0.0,1,50.0,6,50.0,50.0,Low density,Interaction,pli_qcov,50,0.0
7lr9__1__1.A__1.C,0.5,1,89.0,43,54.906976744186046,54.906976744186046,High density,Interaction,pli_qcov,50,50.0
7lrk__1__1.A__1.C,1.0,1,60.0,24,60.0,60.0,Low density,Interaction,pli_qcov,50,100.0
7lro__1__1.A__1.D,1.0,1,67.0,39,50.43589743589744,50.43589743589744,High density,Interaction,pli_qcov,50,100.0
7ltx__1__1.A__1.E_1.F_1.G,0.625,2,74.0,56,60.857142857142854,60.857142857142854,High density,Interaction,pli_qcov,50,62.5
7ltz__1__1.A__1.B_1.C,1.0,1,73.0,280,57.635714285714286,57.635714285714286,High density,Interaction,pli_qcov,50,100.0
7lxr__1__1.A__1.E_1.F,0.25,1,58.0,5,54.0,54.0,Low density,Interaction,pli_qcov,50,25.0
7ly6__1__1.A_2.A__1.B_1.C_1.D,0.5,2,0.0,0,,0.0,No neighbours,Interaction,pli_qcov,50,50.0
7lzr__1__1.A_1.B__1.H,1.0,1,64.0,3,58.0,58.0,Low density,Interaction,pli_qcov,50,100.0
7m0n__1__1.B__1.J_1.M_1.N,0.0,1,38.0,0,,38.0,No neighbours,Interaction,pli_qcov,50,0.0
7m9g__1__1.A_1.B__1.E,1.0,1,83.0,308,57.866883116883116,57.866883116883116,High density,Interaction,pli_qcov,50,100.0
7m9h__1__1.A_1.B__1.E,1.0,1,95.0,437,63.62700228832952,63.62700228832952,High density,Interaction,pli_qcov,50,100.0
7m9r__1__1.A_1.B__1.C,1.0,1,92.0,341,60.30791788856305,60.30791788856305,High density,Interaction,pli_qcov,50,100.0
7m9t__1__1.A_1.B__1.D,1.0,1,88.0,436,61.01376146788991,61.01376146788991,High density,Interaction,pli_qcov,50,100.0
7m9v__1__1.A_1.B__1.C,1.0,1,83.0,323,60.575851393188856,60.575851393188856,High density,Interaction,pli_qcov,50,100.0
7m9x__1__1.A_1.B__1.C,1.0,1,87.0,374,62.85294117647059,62.85294117647059,High density,Interaction,pli_qcov,50,100.0
7ma0__1__1.A_1.B__1.I,1.0,1,91.0,308,62.464285714285715,62.464285714285715,High density,Interaction,pli_qcov,50,100.0
7ma1__1__1.A_1.B__1.M,1.0,1,90.0,463,64.41684665226782,64.41684665226782,High density,Interaction,pli_qcov,50,100.0
7ma2__1__1.A_1.B__1.E,1.0,1,95.0,411,67.60097323600974,67.60097323600974,High density,Interaction,pli_qcov,50,100.0
7ma3__1__1.A_1.B__1.E,1.0,1,95.0,565,63.796460176991154,63.796460176991154,High density,Interaction,pli_qcov,50,100.0
7ma4__1__1.A_1.B__1.D,1.0,1,95.0,471,63.90870488322717,63.90870488322717,High density,Interaction,pli_qcov,50,100.0
7ma5__1__1.A_1.B__1.G,1.0,1,82.0,385,60.0025974025974,60.0025974025974,High density,Interaction,pli_qcov,50,100.0
7ma7__1__1.A_1.B__1.E,1.0,1,88.0,424,59.99528301886792,59.99528301886792,High density,Interaction,pli_qcov,50,100.0
7ma8__1__1.A_1.B__1.E,1.0,1,91.0,362,62.17955801104972,62.17955801104972,High density,Interaction,pli_qcov,50,100.0
7maq__1__1.A_1.B__1.C,1.0,1,82.0,349,57.8567335243553,57.8567335243553,High density,Interaction,pli_qcov,50,100.0
7mcj__1__1.A__1.C_1.D,0.0,1,38.0,0,,38.0,No neighbours,Interaction,pli_qcov,50,0.0
7mdp__1__1.A__1.D,0.0,1,86.0,12,68.83333333333333,68.83333333333333,Low density,Interaction,pli_qcov,50,0.0
7mgj__1__1.A__1.E,1.0,1,80.0,225,60.36888888888889,60.36888888888889,High density,Interaction,pli_qcov,50,100.0
7mgk__1__1.A__1.E,1.0,1,77.0,235,59.280851063829786,59.280851063829786,High density,Interaction,pli_qcov,50,100.0
7mgt__1__1.A__1.B_1.C_1.D,1.0,1,80.0,6,62.166666666666664,62.166666666666664,Low density,Interaction,pli_qcov,50,100.0
7mjd__1__1.B__1.S,0.0,1,80.0,10,62.0,62.0,Low density,Interaction,pli_qcov,50,0.0
7mkx__1__1.A__1.E,0.75,1,82.0,258,56.74418604651163,56.74418604651163,High density,Interaction,pli_qcov,50,75.0
7mlo__1__1.A__1.C,0.75,1,75.0,4,56.25,56.25,Low density,Interaction,pli_qcov,50,75.0
7mlp__1__1.A__1.B,0.75,1,88.0,4,68.5,68.5,Low density,Interaction,pli_qcov,50,75.0
7mlt__1__1.A__1.W,0.5,1,62.0,4,62.0,62.0,Low density,Interaction,pli_qcov,50,50.0
7mmr__1__1.A_1.E__1.BA_1.CA_1.K,1.0,1,83.0,18,70.22222222222223,70.22222222222223,Low density,Interaction,pli_qcov,50,100.0
7mnw__1__1.A__1.I_1.J,1.0,1,84.0,1183,60.09213863060017,60.09213863060017,High density,Interaction,pli_qcov,50,100.0
7msk__1__1.A__1.C_1.D,0.75,1,32.0,0,,32.0,No neighbours,Interaction,pli_qcov,50,75.0
7mwn__1__1.A_1.B__1.C,0.25,1,62.0,8,55.0,55.0,Low density,Interaction,pli_qcov,50,25.0
7mwt__1__1.A__1.B_1.C,0.875,2,95.0,252,70.68253968253968,70.68253968253968,High density,Interaction,pli_qcov,50,87.5
7mwu__1__1.A__1.B_1.C,0.875,2,92.0,252,70.18253968253968,70.18253968253968,High density,Interaction,pli_qcov,50,87.5
7mwv__1__1.A__1.B_1.C,1.0,2,88.0,250,67.816,67.816,High density,Interaction,pli_qcov,50,100.0
7mxh__1__1.A__1.D,0.0,1,72.0,3,63.0,63.0,Low density,Interaction,pli_qcov,50,0.0
7mxk__1__1.A__1.B_1.C,0.0,1,62.0,5,53.6,53.6,Low density,Interaction,pli_qcov,50,0.0
7mxn__1__1.A__1.C,0.75,1,67.0,22,57.77272727272727,57.77272727272727,Low density,Interaction,pli_qcov,50,75.0
7my0__1__1.A__1.C_1.F_1.G,0.5,1,82.0,19,62.10526315789474,62.10526315789474,Low density,Interaction,pli_qcov,50,50.0
7myd__1__1.A__1.C_1.G,1.0,1,78.0,233,63.042918454935624,63.042918454935624,High density,Interaction,pli_qcov,50,100.0
7n1r__1__1.A__1.P_1.Q_1.R,1.0,1,83.0,138,58.007246376811594,58.007246376811594,High density,Interaction,pli_qcov,50,100.0
7n4w__1__1.A__1.D,0.25,1,56.0,2,56.0,56.0,Low density,Interaction,pli_qcov,50,25.0
7n4z__1__1.A__1.F,0.0,1,50.0,1,50.0,50.0,Low density,Interaction,pli_qcov,50,0.0
7n53__1__1.A__1.D,0.0,1,44.0,0,,44.0,No neighbours,Interaction,pli_qcov,50,0.0
7n54__1__1.B__1.H,0.75,1,50.0,5,50.0,50.0,Low density,Interaction,pli_qcov,50,75.0
7n8w__1__1.A_1.B__1.C_1.E,0.0,1,30.0,0,,30.0,No neighbours,Interaction,pli_qcov,50,0.0
7n9d__1__1.A__1.D,0.5,1,53.0,1,53.0,53.0,Low density,Interaction,pli_qcov,50,50.0
7n9g__1__1.A__1.E_1.F,1.0,1,100.0,547,63.57221206581353,63.57221206581353,High density,Interaction,pli_qcov,50,100.0
7nag__1__1.A__1.C,0.0,1,19.0,0,,19.0,No neighbours,Interaction,pli_qcov,50,0.0
7nah__1__1.A__1.C,0.0,1,27.0,0,,27.0,No neighbours,Interaction,pli_qcov,50,0.0
7nai__1__1.A__1.C,0.0,1,27.0,0,,27.0,No neighbours,Interaction,pli_qcov,50,0.0
7nb3__1__1.A__1.C,0.0,1,50.0,1,50.0,50.0,Low density,Interaction,pli_qcov,50,0.0
7nb7__1__1.A__1.E,0.75,1,85.0,98,63.63265306122449,63.63265306122449,High density,Interaction,pli_qcov,50,75.0
7nbt__1__1.A_2.A__1.C,1.0,1,100.0,78,65.12820512820512,65.12820512820512,High density,Interaction,pli_qcov,50,100.0
7nbw__1__1.A_2.A__1.B,0.75,1,67.0,4,58.75,58.75,Low density,Interaction,pli_qcov,50,75.0
7ng1__1__2.A__2.C_2.D,0.0,1,88.0,541,56.46765249537893,56.46765249537893,High density,Interaction,pli_qcov,50,0.0
7ngd__1__1.A__1.B,0.75,1,91.0,58,61.51724137931034,61.51724137931034,High density,Interaction,pli_qcov,50,75.0
7ngg__1__2.A__2.B,1.0,1,100.0,107,68.57009345794393,68.57009345794393,High density,Interaction,pli_qcov,50,100.0
7ngi__1__2.A__2.C,0.0,1,79.0,62,54.774193548387096,54.774193548387096,High density,Interaction,pli_qcov,50,0.0
7ngj__1__1.A__1.B,0.5,1,90.0,73,62.32876712328767,62.32876712328767,High density,Interaction,pli_qcov,50,50.0
7ngk__1__2.A__2.C,0.0,1,100.0,86,61.86046511627907,61.86046511627907,High density,Interaction,pli_qcov,50,0.0
7ngm__1__2.A__2.B,0.75,1,73.0,38,60.21052631578947,60.21052631578947,High density,Interaction,pli_qcov,50,75.0
7ngs__1__1.A__1.B,0.75,1,100.0,74,60.432432432432435,60.432432432432435,High density,Interaction,pli_qcov,50,75.0
7ngw__1__2.A__2.B,1.0,1,100.0,114,63.473684210526315,63.473684210526315,High density,Interaction,pli_qcov,50,100.0
7ngx__1__1.A__1.B,0.25,1,75.0,48,55.833333333333336,55.833333333333336,High density,Interaction,pli_qcov,50,25.0
7ngy__1__2.A__2.B,0.5,1,90.0,52,59.61538461538461,59.61538461538461,High density,Interaction,pli_qcov,50,50.0
7nlk__1__1.A__1.C_1.E,0.5,1,80.0,7,62.857142857142854,62.857142857142854,Low density,Interaction,pli_qcov,50,50.0
7nlm__1__1.A__1.B_1.C,0.0,1,100.0,131,62.786259541984734,62.786259541984734,High density,Interaction,pli_qcov,50,0.0
7nlv__1__1.A_1.C__1.G,1.0,1,87.0,295,67.2406779661017,67.2406779661017,High density,Interaction,pli_qcov,50,100.0
7nqw__1__1.A__1.D_1.E_1.F,0.5,1,79.0,24,55.666666666666664,55.666666666666664,Low density,Interaction,pli_qcov,50,50.0
7nr5__1__1.A__1.F,0.75,1,82.0,3,62.666666666666664,62.666666666666664,Low density,Interaction,pli_qcov,50,75.0
7nr6__1__1.B__1.H,1.0,1,70.0,16,55.0,55.0,Low density,Interaction,pli_qcov,50,100.0
7nr8__1__1.A__1.F_1.I,0.5,1,81.0,7,54.42857142857143,54.42857142857143,Low density,Interaction,pli_qcov,50,50.0
7ntb__1__1.A__1.B_1.C,0.75,1,100.0,188,61.27127659574468,61.27127659574468,High density,Interaction,pli_qcov,50,75.0
7ntz__1__1.A__1.B,1.0,1,72.0,27,56.2962962962963,56.2962962962963,Low density,Interaction,pli_qcov,50,100.0
7nu0__1__1.A__1.C_1.D_1.E,0.875,2,33.0,0,,33.0,No neighbours,Interaction,pli_qcov,50,87.5
7nud__1__1.B__1.D,0.0,1,64.0,30,54.2,54.2,Low density,Interaction,pli_qcov,50,0.0
7nue__1__1.A__1.C,0.0,1,67.0,79,53.607594936708864,53.607594936708864,High density,Interaction,pli_qcov,50,0.0
7nwa__1__1.A_1.B__1.E,0.75,1,77.0,4,69.25,69.25,Low density,Interaction,pli_qcov,50,75.0
7nwc__1__1.A_1.B__1.G,0.0,1,57.0,1,57.0,57.0,Low density,Interaction,pli_qcov,50,0.0
7nxu__1__1.A__1.B_1.C_1.D,0.0,1,92.0,38,68.84210526315789,68.84210526315789,High density,Interaction,pli_qcov,50,0.0
7nya__1__1.A_1.B__1.F,0.0,1,67.0,4,58.25,58.25,Low density,Interaction,pli_qcov,50,0.0
7nzn__1__1.A_2.A__1.B,0.0,1,64.0,31,55.29032258064516,55.29032258064516,Low density,Interaction,pli_qcov,50,0.0
7nzy__1__1.A__1.E,0.75,1,67.0,198,57.72222222222222,57.72222222222222,High density,Interaction,pli_qcov,50,75.0
7o1b__1__1.A__1.E,0.0,1,86.0,3,74.0,74.0,Low density,Interaction,pli_qcov,50,0.0
7o2t__1__1.A_2.A__1.B,0.0,1,58.0,5,51.6,51.6,Low density,Interaction,pli_qcov,50,0.0
7o46__1__1.A_2.A__1.B,1.0,1,100.0,196,67.04081632653062,67.04081632653062,High density,Interaction,pli_qcov,50,100.0
7o6x__1__1.A__1.E,1.0,1,100.0,58,66.05172413793103,66.05172413793103,High density,Interaction,pli_qcov,50,100.0
7o7j__1__1.A__1.B,0.0,1,100.0,513,64.48343079922027,64.48343079922027,High density,Interaction,pli_qcov,50,0.0
7o7k__1__1.A__1.E,0.5,1,86.0,505,60.11485148514851,60.11485148514851,High density,Interaction,pli_qcov,50,50.0
7o9i__1__1.A__1.B,0.0,1,90.0,72,66.94444444444444,66.94444444444444,High density,Interaction,pli_qcov,50,0.0
7oa1__1__1.A__1.D_1.H,1.0,1,89.0,382,60.80890052356021,60.80890052356021,High density,Interaction,pli_qcov,50,100.0
7oa4__1__1.A__1.E_1.F_1.H_1.I,0.0,1,40.0,0,,40.0,No neighbours,Interaction,pli_qcov,50,0.0
7oat__1__1.B__1.F_1.G,1.0,1,86.0,469,63.13219616204691,63.13219616204691,High density,Interaction,pli_qcov,50,100.0
7oed__1__1.A__1.C,0.5,1,60.0,3,57.666666666666664,57.666666666666664,Low density,Interaction,pli_qcov,50,50.0
7of8__1__1.A__1.B,0.0,1,71.0,38,60.68421052631579,60.68421052631579,High density,Interaction,pli_qcov,50,0.0
7ofa__1__1.A__1.B_1.C,0.5,1,75.0,50,61.5,61.5,High density,Interaction,pli_qcov,50,50.0
7ohg__1__1.A__1.B_1.D_1.E_1.F,0.0,1,55.0,1,55.0,55.0,Low density,Interaction,pli_qcov,50,0.0
7oj6__1__1.A_1.C__1.Y,0.0,1,67.0,17,57.0,57.0,Low density,Interaction,pli_qcov,50,0.0
7ojo__1__1.A_1.B__1.E_1.F,0.75,2,88.0,84,62.714285714285715,62.714285714285715,High density,Interaction,pli_qcov,50,75.0
7ojw__1__1.A_1.C__1.F,0.0,1,62.0,23,54.17391304347826,54.17391304347826,Low density,Interaction,pli_qcov,50,0.0
7ojy__1__1.A_1.B__1.D,0.0,1,62.0,17,54.94117647058823,54.94117647058823,Low density,Interaction,pli_qcov,50,0.0
7ok1__1__1.A_1.B__1.D,0.25,1,50.0,3,50.0,50.0,Low density,Interaction,pli_qcov,50,25.0
7ok8__1__1.A__1.B_1.C_1.D,1.0,1,100.0,783,66.02298850574712,66.02298850574712,High density,Interaction,pli_qcov,50,100.0
7okc__1__1.A_2.A__2.B,0.0,1,80.0,18,73.33333333333333,73.33333333333333,Low density,Interaction,pli_qcov,50,0.0
7oli__1__1.A__1.C,1.0,1,77.0,1,77.0,77.0,Low density,Interaction,pli_qcov,50,100.0
7olj__1__1.A_1.B__1.E,1.0,1,91.0,409,65.62836185819071,65.62836185819071,High density,Interaction,pli_qcov,50,100.0
7oll__1__1.A_2.A__2.B_2.C_2.D,1.0,1,91.0,9,81.0,81.0,Low density,Interaction,pli_qcov,50,100.0
7olr__1__1.A_2.A__2.B_2.C_2.D,1.0,2,83.0,18,77.55555555555556,77.55555555555556,Low density,Interaction,pli_qcov,50,100.0
7om1__1__1.A_1.B__1.E,1.0,1,100.0,500,72.368,72.368,High density,Interaction,pli_qcov,50,100.0
7omd__1__1.A__1.C_1.D,0.0,1,25.0,0,,25.0,No neighbours,Interaction,pli_qcov,50,0.0
7ome__1__1.A__1.B,0.0,1,31.0,0,,31.0,No neighbours,Interaction,pli_qcov,50,0.0
7omo__1__1.A__1.C,0.0,1,33.0,0,,33.0,No neighbours,Interaction,pli_qcov,50,0.0
7omr__1__1.A__1.B,0.0,1,50.0,2,50.0,50.0,Low density,Interaction,pli_qcov,50,0.0
7on9__1__1.A__1.E_1.F,1.0,1,78.0,70,64.58571428571429,64.58571428571429,High density,Interaction,pli_qcov,50,100.0
7opm__1__1.A__1.D,0.75,1,88.0,431,52.17169373549884,52.17169373549884,High density,Interaction,pli_qcov,50,75.0
7orq__1__1.A__1.B_1.C_1.D,1.0,1,100.0,665,79.0375939849624,79.0375939849624,High density,Interaction,pli_qcov,50,100.0
7osq__1__1.A__1.B_1.C,0.5,2,75.0,40,60.55,60.55,High density,Interaction,pli_qcov,50,50.0
7osx__1__1.A__1.C,0.75,1,100.0,262,63.43129770992366,63.43129770992366,High density,Interaction,pli_qcov,50,75.0
7oud__1__1.A__1.B_1.C,0.0,2,46.0,0,,46.0,No neighbours,Interaction,pli_qcov,50,0.0
7ouj__1__1.A__1.B_1.D,0.5,2,61.0,42,51.80952380952381,51.80952380952381,High density,Interaction,pli_qcov,50,50.0
7ovd__1__1.A__1.B,0.75,1,75.0,2,71.0,71.0,Low density,Interaction,pli_qcov,50,75.0
7oy5__1__1.A__1.C,0.75,1,100.0,1123,55.844167408726626,55.844167408726626,High density,Interaction,pli_qcov,50,75.0
7oyf__1__1.A_1.B__1.C_1.D_1.E_1.F_1.S,1.0,1,67.0,1,67.0,67.0,Low density,Interaction,pli_qcov,50,100.0
7oze__1__1.A__1.E_1.F,0.75,1,79.0,4,59.0,59.0,Low density,Interaction,pli_qcov,50,75.0
7p1a__1__1.A__1.B_1.D,0.5,1,100.0,668,60.368263473053894,60.368263473053894,High density,Interaction,pli_qcov,50,50.0
7p1e__1__1.A__1.C_1.G,0.0,1,0.0,0,,0.0,No neighbours,Interaction,pli_qcov,50,0.0
7p1f__1__1.A__1.C,1.0,1,44.0,0,,44.0,No neighbours,Interaction,pli_qcov,50,100.0
7p1o__1__1.A__1.D,1.0,1,30.0,0,,30.0,No neighbours,Interaction,pli_qcov,50,100.0
7p1s__1__1.A__1.E,1.0,1,68.0,8,61.125,61.125,Low density,Interaction,pli_qcov,50,100.0
7p1u__1__1.A__1.C_1.D,0.75,1,65.0,7,58.0,58.0,Low density,Interaction,pli_qcov,50,75.0
7p3b__1__1.A__1.C_1.D_1.E,1.0,1,64.0,4,54.75,54.75,Low density,Interaction,pli_qcov,50,100.0
7p3v__1__1.B__1.D,0.75,1,75.0,83,55.66265060240964,55.66265060240964,High density,Interaction,pli_qcov,50,75.0
7p4c__1__1.A__1.E_1.F,0.75,1,78.0,24,60.125,60.125,Low density,Interaction,pli_qcov,50,75.0
7p4o__1__1.A__1.C_1.F,0.375,2,55.0,6,51.666666666666664,51.666666666666664,Low density,Interaction,pli_qcov,50,37.5
7p4v__1__1.A_3.A__1.B,0.25,1,89.0,93,66.53763440860214,66.53763440860214,High density,Interaction,pli_qcov,50,25.0
7p50__1__1.A_1.B__1.D_1.E_1.F,0.75,2,85.0,24,74.5,74.5,Low density,Interaction,pli_qcov,50,75.0
7p5e__1__1.A__1.B_1.D,1.0,1,100.0,79,60.25316455696203,60.25316455696203,High density,Interaction,pli_qcov,50,100.0
7p5f__1__1.A__1.C,0.75,1,100.0,69,58.55072463768116,58.55072463768116,High density,Interaction,pli_qcov,50,75.0
7p5i__1__1.A__1.D,1.0,1,77.0,42,59.76190476190476,59.76190476190476,High density,Interaction,pli_qcov,50,100.0
7p5k__1__1.A__1.C,0.5,1,90.0,59,59.32203389830509,59.32203389830509,High density,Interaction,pli_qcov,50,50.0
7p5n__1__1.A__1.C,0.5,1,71.0,23,56.69565217391305,56.69565217391305,Low density,Interaction,pli_qcov,50,50.0
7p5p__1__1.A__1.D,1.0,1,75.0,29,55.689655172413794,55.689655172413794,Low density,Interaction,pli_qcov,50,100.0
7p84__1__1.A_1.B__1.E_1.F_1.G_1.H,0.5,1,88.0,2,88.0,88.0,Low density,Interaction,pli_qcov,50,50.0
7p8m__1__1.A_1.B__1.E_1.F_1.G_1.H,0.5,1,69.0,2,69.0,69.0,Low density,Interaction,pli_qcov,50,50.0
7p97__1__1.A__1.C_1.D_1.E,0.75,1,10.0,0,,10.0,No neighbours,Interaction,pli_qcov,50,75.0
7p9p__1__1.B_2.A__2.D_2.I,0.0,2,45.0,0,,45.0,No neighbours,Interaction,pli_qcov,50,0.0
7pa1__1__1.A__1.D,1.0,1,57.0,4,57.0,57.0,Low density,Interaction,pli_qcov,50,100.0
7paw__1__1.B__1.C,0.0,1,62.0,8,51.5,51.5,Low density,Interaction,pli_qcov,50,0.0
7pax__1__2.A_2.B__2.C_2.D_2.E,1.0,1,41.0,0,,41.0,No neighbours,Interaction,pli_qcov,50,100.0
7pcc__1__1.A_1.B__1.C_1.I,1.0,1,65.0,17,60.76470588235294,60.76470588235294,Low density,Interaction,pli_qcov,50,100.0
7pcg__1__1.A_1.B__1.F_1.H_1.J_1.K_1.L,0.75,2,64.0,12,56.666666666666664,56.666666666666664,Low density,Interaction,pli_qcov,50,75.0
7pci__1__1.A_2.A__2.B_2.C_2.D_2.E_2.F,0.75,2,58.0,10,52.4,52.4,Low density,Interaction,pli_qcov,50,75.0
7pcl__1__1.A_1.B__1.G_1.H_1.I_1.J,0.875,2,59.0,12,53.833333333333336,53.833333333333336,Low density,Interaction,pli_qcov,50,87.5
7pcm__1__1.A_1.B__1.F_1.I_1.J_1.K,1.0,2,67.0,16,56.125,56.125,Low density,Interaction,pli_qcov,50,100.0
7pco__1__1.A_1.B__1.F_1.H_1.I_1.J,0.875,2,68.0,16,56.375,56.375,Low density,Interaction,pli_qcov,50,87.5
7pcs__1__1.B__1.G_1.H,1.0,1,80.0,1671,63.8689407540395,63.8689407540395,High density,Interaction,pli_qcov,50,100.0
7pct__1__1.A_1.B__1.F_1.G_1.I_1.J_1.K,0.625,2,60.0,12,55.333333333333336,55.333333333333336,Low density,Interaction,pli_qcov,50,62.5
7pd6__1__1.A_1.B__1.K,0.0,1,71.0,48,59.333333333333336,59.333333333333336,High density,Interaction,pli_qcov,50,0.0
7pdb__1__1.C_1.D__1.H,0.25,1,83.0,82,56.109756097560975,56.109756097560975,High density,Interaction,pli_qcov,50,25.0
7pdr__1__1.A_1.E__1.I,0.0,1,50.0,1,50.0,50.0,Low density,Interaction,pli_qcov,50,0.0
7pdt__1__1.A__1.E,1.0,1,80.0,135,60.68888888888889,60.68888888888889,High density,Interaction,pli_qcov,50,100.0
7pe4__1__1.A__1.B_1.C,1.0,1,56.0,8,56.0,56.0,Low density,Interaction,pli_qcov,50,100.0
7pe5__1__1.D_1.E__1.I,0.0,1,64.0,22,55.40909090909091,55.40909090909091,Low density,Interaction,pli_qcov,50,0.0
7pe6__1__1.A_1.B__1.F,0.0,1,60.0,37,52.432432432432435,52.432432432432435,High density,Interaction,pli_qcov,50,0.0
7pfm__1__1.A_1.B__1.C,1.0,1,100.0,145,67.3103448275862,67.3103448275862,High density,Interaction,pli_qcov,50,100.0
7phe__1__1.A__1.C,0.0,1,36.0,0,,36.0,No neighbours,Interaction,pli_qcov,50,0.0
7phj__1__1.A__1.B_1.C,0.25,1,67.0,16,56.6875,56.6875,Low density,Interaction,pli_qcov,50,25.0
7phn__1__1.A__1.B_1.C,1.0,1,71.0,39,55.743589743589745,55.743589743589745,High density,Interaction,pli_qcov,50,100.0
7pi1__1__1.A__1.F,0.75,1,64.0,6,58.166666666666664,58.166666666666664,Low density,Interaction,pli_qcov,50,75.0
7pj9__1__1.A__1.C,1.0,1,80.0,26,63.84615384615385,63.84615384615385,Low density,Interaction,pli_qcov,50,100.0
7pjk__1__1.A__1.E,1.0,1,100.0,141,70.12056737588652,70.12056737588652,High density,Interaction,pli_qcov,50,100.0
7pjm__1__1.A_1.B__1.D_1.G_1.H,0.75,2,75.0,26,60.92307692307692,60.92307692307692,Low density,Interaction,pli_qcov,50,75.0
7plf__1__1.A__1.C_1.D,0.0,1,83.0,798,56.962406015037594,56.962406015037594,High density,Interaction,pli_qcov,50,0.0
7pom__1__1.C__1.I_1.J,1.0,1,56.0,11,56.0,56.0,Low density,Interaction,pli_qcov,50,100.0
7pox__1__1.A__1.C,0.0,1,83.0,87,62.14942528735632,62.14942528735632,High density,Interaction,pli_qcov,50,0.0
7ppg__1__1.A_1.B__1.E_1.G_1.H,1.0,1,80.0,19,59.8421052631579,59.8421052631579,Low density,Interaction,pli_qcov,50,100.0
7pph__1__1.A_1.B__1.H_1.J,0.75,1,72.0,11,54.54545454545455,54.54545454545455,Low density,Interaction,pli_qcov,50,75.0
7pqs__1__1.A__1.C,0.5,1,67.0,110,57.0,57.0,High density,Interaction,pli_qcov,50,50.0
7pqv__1__1.A__1.B,1.0,1,78.0,340,58.13529411764706,58.13529411764706,High density,Interaction,pli_qcov,50,100.0
7pri__1__1.A__1.C_1.F,0.0,1,64.0,8,56.125,56.125,Low density,Interaction,pli_qcov,50,0.0
7psc__1__1.A_1.B__1.C_1.D,1.0,1,88.0,226,60.68141592920354,60.68141592920354,High density,Interaction,pli_qcov,50,100.0
7pu9__1__1.A__1.B_1.C,0.0,2,58.0,4,55.5,55.5,Low density,Interaction,pli_qcov,50,0.0
7puw__1__1.B__1.G_1.H,1.0,1,67.0,64,51.65625,51.65625,High density,Interaction,pli_qcov,50,100.0
7pvn__1__1.A__1.C_1.H_1.J,1.0,1,6.0,0,,6.0,No neighbours,Interaction,pli_qcov,50,100.0
7pwu__1__1.A__1.C,1.0,1,80.0,105,56.38095238095238,56.38095238095238,High density,Interaction,pli_qcov,50,100.0
7pwy__1__1.A_1.B__1.I_1.J,0.0,1,33.0,0,,33.0,No neighbours,Interaction,pli_qcov,50,0.0
7pz1__1__1.A__1.D,0.75,1,83.0,9,67.44444444444444,67.44444444444444,Low density,Interaction,pli_qcov,50,75.0
7pzu__1__1.A__1.B_1.C,0.0,1,62.0,24,57.666666666666664,57.666666666666664,Low density,Interaction,pli_qcov,50,0.0
7pzv__1__1.A__1.B_1.C,0.25,1,71.0,34,56.38235294117647,56.38235294117647,High density,Interaction,pli_qcov,50,25.0
7q1n__1__1.A__1.F_1.K,0.0,2,50.0,2,50.0,50.0,Low density,Interaction,pli_qcov,50,0.0
7q1o__1__1.A__1.I_1.L,0.125,2,47.0,0,,47.0,No neighbours,Interaction,pli_qcov,50,12.5
7q29__1__1.A__1.G_1.I_1.J_1.O,1.0,1,73.0,38,60.36842105263158,60.36842105263158,High density,Interaction,pli_qcov,50,100.0
7q2o__1__1.A_1.B__1.D,0.0,1,38.0,0,,38.0,No neighbours,Interaction,pli_qcov,50,0.0
7q6f__1__1.A__1.C_1.D,1.0,1,82.0,14,74.28571428571429,74.28571428571429,Low density,Interaction,pli_qcov,50,100.0
7q6g__1__1.A__1.B_1.C,1.0,1,78.0,12,67.91666666666667,67.91666666666667,Low density,Interaction,pli_qcov,50,100.0
7q6v__1__1.A__1.E,0.25,1,88.0,317,54.32492113564669,54.32492113564669,High density,Interaction,pli_qcov,50,25.0
7q6w__1__1.A__1.E,0.25,1,70.0,106,51.60377358490566,51.60377358490566,High density,Interaction,pli_qcov,50,25.0
7q7c__1__1.A__1.B_1.C,1.0,1,73.0,16,57.25,57.25,Low density,Interaction,pli_qcov,50,100.0
7q7i__1__1.A__1.B,1.0,1,89.0,604,58.604304635761586,58.604304635761586,High density,Interaction,pli_qcov,50,100.0
7q7k__1__1.A__1.B,0.75,1,88.0,285,52.771929824561404,52.771929824561404,High density,Interaction,pli_qcov,50,75.0
7q7t__1__1.A_2.A__2.C,1.0,1,60.0,2,55.0,55.0,Low density,Interaction,pli_qcov,50,100.0
7q7v__1__1.A_2.A__2.B,1.0,1,70.0,5,56.0,56.0,Low density,Interaction,pli_qcov,50,100.0
7q8k__1__1.A__1.C_1.F_1.H,1.0,1,91.0,129,61.27906976744186,61.27906976744186,High density,Interaction,pli_qcov,50,100.0
7q8q__1__1.A__1.C_1.E_1.J,0.0,1,33.0,0,,33.0,No neighbours,Interaction,pli_qcov,50,0.0
7q8z__1__1.A__1.E,0.5,1,75.0,87,51.52873563218391,51.52873563218391,High density,Interaction,pli_qcov,50,50.0
7q90__1__1.A__1.D,0.5,1,67.0,9,57.22222222222222,57.22222222222222,Low density,Interaction,pli_qcov,50,50.0
7qa3__1__1.A__1.C,0.75,1,62.0,2,58.0,58.0,Low density,Interaction,pli_qcov,50,75.0
7qaa__1__1.B__1.D,0.25,1,87.0,137,59.197080291970806,59.197080291970806,High density,Interaction,pli_qcov,50,25.0
7qdt__1__1.A__1.B,1.0,1,60.0,5,55.8,55.8,Low density,Interaction,pli_qcov,50,100.0
7qea__1__1.A__1.C,0.25,1,29.0,0,,29.0,No neighbours,Interaction,pli_qcov,50,25.0
7qei__1__1.A__1.B,1.0,1,33.0,0,,33.0,No neighbours,Interaction,pli_qcov,50,100.0
7qfe__1__1.A__1.D,0.0,1,64.0,3,58.0,58.0,Low density,Interaction,pli_qcov,50,0.0
7qfo__1__1.A_2.A__1.C_1.D,1.0,1,86.0,9,65.55555555555556,65.55555555555556,Low density,Interaction,pli_qcov,50,100.0
7qg1__1__1.A__1.C,1.0,1,100.0,600,59.98166666666667,59.98166666666667,High density,Interaction,pli_qcov,50,100.0
7qg3__1__1.A__1.C,1.0,1,100.0,1662,57.49217809867629,57.49217809867629,High density,Interaction,pli_qcov,50,100.0
7qg5__1__1.A__1.C,1.0,1,80.0,71,52.67605633802817,52.67605633802817,High density,Interaction,pli_qcov,50,100.0
7qgm__1__2.A__2.B_2.C_2.E,0.25,1,80.0,30,66.03333333333333,66.03333333333333,Low density,Interaction,pli_qcov,50,25.0
7qgz__1__1.A__1.B_1.C,0.25,1,89.0,320,59.9875,59.9875,High density,Interaction,pli_qcov,50,25.0
7qh1__1__1.A__1.E_1.F,0.5,1,83.0,121,56.1900826446281,56.1900826446281,High density,Interaction,pli_qcov,50,50.0
7qhd__1__1.A__1.J_1.P,0.0,1,50.0,1,50.0,50.0,Low density,Interaction,pli_qcov,50,0.0
7qhe__1__1.A__1.I,0.0,1,52.0,1,52.0,52.0,Low density,Interaction,pli_qcov,50,0.0
7qhl__1__1.A__1.E,1.0,1,83.0,302,54.53973509933775,54.53973509933775,High density,Interaction,pli_qcov,50,100.0
7qhz__1__1.A__1.B,1.0,1,69.0,27,54.55555555555556,54.55555555555556,Low density,Interaction,pli_qcov,50,100.0
7qi0__1__1.A__1.C,0.75,1,69.0,23,54.65217391304348,54.65217391304348,Low density,Interaction,pli_qcov,50,75.0
7qk0__1__1.A_2.A__1.B_2.E,1.0,1,86.0,8,65.875,65.875,Low density,Interaction,pli_qcov,50,100.0
7qls__1__1.A__1.C_1.D_1.E,0.25,1,44.0,0,,44.0,No neighbours,Interaction,pli_qcov,50,25.0
7qnh__1__1.B__1.E_1.F,1.0,1,62.0,3,58.0,58.0,Low density,Interaction,pli_qcov,50,100.0
7qnn__1__1.A__1.C,0.0,1,75.0,33,53.696969696969695,53.696969696969695,High density,Interaction,pli_qcov,50,0.0
7qqa__1__1.A_1.B__1.H_1.I,1.0,1,77.0,22,60.45454545454545,60.45454545454545,Low density,Interaction,pli_qcov,50,100.0
7qrb__1__1.A__1.G,0.0,1,89.0,450,60.54666666666667,60.54666666666667,High density,Interaction,pli_qcov,50,0.0
7qrc__1__1.A__1.D,0.75,1,67.0,18,62.111111111111114,62.111111111111114,Low density,Interaction,pli_qcov,50,75.0
7qrk__1__1.A__1.B_1.C_1.D,0.25,1,70.0,292,54.76027397260274,54.76027397260274,High density,Interaction,pli_qcov,50,25.0
7qt2__1__1.A_1.B__1.E,0.75,1,38.0,0,,38.0,No neighbours,Interaction,pli_qcov,50,75.0
7qt6__1__1.A__1.B,0.25,1,100.0,141,73.55319148936171,73.55319148936171,High density,Interaction,pli_qcov,50,25.0
7qty__1__1.A__1.C,0.0,1,0.0,0,,0.0,No neighbours,Interaction,pli_qcov,50,0.0
7qv8__1__1.A__1.C_1.D,0.0,1,58.0,15,54.333333333333336,54.333333333333336,Low density,Interaction,pli_qcov,50,0.0
7qy9__1__1.A__1.C,1.0,1,67.0,43,52.25581395348837,52.25581395348837,High density,Interaction,pli_qcov,50,100.0
7qyn__1__1.B__1.O,0.0,1,61.0,12,52.833333333333336,52.833333333333336,Low density,Interaction,pli_qcov,50,0.0
7qzl__1__1.B__1.F_1.H,0.625,2,62.0,2,62.0,62.0,Low density,Interaction,pli_qcov,50,62.5
7r02__1__1.B__1.L,0.0,1,69.0,32,59.78125,59.78125,Low density,Interaction,pli_qcov,50,0.0
7r0a__1__1.A__1.C,0.0,1,67.0,8,67.0,67.0,Low density,Interaction,pli_qcov,50,0.0
7r0d__1__1.A_1.B__1.E_1.F,0.0,1,45.0,0,,45.0,No neighbours,Interaction,pli_qcov,50,0.0
7r26__1__1.A__1.B,1.0,1,83.0,184,60.33152173913044,60.33152173913044,High density,Interaction,pli_qcov,50,100.0
7r2v__1__1.A__1.C_1.D,1.0,1,83.0,4,70.75,70.75,Low density,Interaction,pli_qcov,50,100.0
7r2y__1__1.A_1.C__1.G_1.H,0.75,1,71.0,3,69.66666666666667,69.66666666666667,Low density,Interaction,pli_qcov,50,75.0
7r3a__1__1.A_1.E__1.V_1.W,0.625,2,75.0,186,58.1505376344086,58.1505376344086,High density,Interaction,pli_qcov,50,62.5
7r4a__1__1.A__1.C,1.0,1,100.0,170,61.917647058823526,61.917647058823526,High density,Interaction,pli_qcov,50,100.0
7r5d__1__1.A__1.C,1.0,1,70.0,55,55.63636363636363,55.63636363636363,High density,Interaction,pli_qcov,50,100.0
7r6g__1__1.A__1.C,0.0,1,100.0,730,69.87260273972603,69.87260273972603,High density,Interaction,pli_qcov,50,0.0
7r6z__1__1.A__1.C_1.E_1.F,0.0,1,82.0,57,60.21052631578947,60.21052631578947,High density,Interaction,pli_qcov,50,0.0
7r7e__1__1.A__1.C_1.D_1.F,1.0,1,68.0,9,59.111111111111114,59.111111111111114,Low density,Interaction,pli_qcov,50,100.0
7r7l__1__1.A__1.C,1.0,1,62.0,2,62.0,62.0,Low density,Interaction,pli_qcov,50,100.0
7r7r__1__1.A__1.B,1.0,1,92.0,236,51.88135593220339,51.88135593220339,High density,Interaction,pli_qcov,50,100.0
7r9n__1__1.B__1.E,0.75,1,80.0,585,61.64102564102564,61.64102564102564,High density,Interaction,pli_qcov,50,75.0
7r9p__1__1.A__1.C,0.75,1,71.0,87,59.57471264367816,59.57471264367816,High density,Interaction,pli_qcov,50,75.0
7r9t__1__1.A__1.C,0.0,1,58.0,9,51.77777777777778,51.77777777777778,Low density,Interaction,pli_qcov,50,0.0
7rae__1__1.A__1.C,1.0,1,88.0,243,57.465020576131685,57.465020576131685,High density,Interaction,pli_qcov,50,100.0
7raf__1__1.A__1.C,1.0,1,90.0,282,57.198581560283685,57.198581560283685,High density,Interaction,pli_qcov,50,100.0
7rbw__1__1.A__1.C,0.5,1,8.0,0,,8.0,No neighbours,Interaction,pli_qcov,50,50.0
7rck__1__1.A__1.C_1.D,1.0,1,62.0,3,56.666666666666664,56.666666666666664,Low density,Interaction,pli_qcov,50,100.0
7rdp__1__1.A__1.B,1.0,1,100.0,300,64.88666666666667,64.88666666666667,High density,Interaction,pli_qcov,50,100.0
7rf9__1__1.A_1.B__1.G,1.0,1,67.0,8,58.0,58.0,Low density,Interaction,pli_qcov,50,100.0
7rh1__1__1.A__1.D,0.25,1,67.0,16,52.0625,52.0625,Low density,Interaction,pli_qcov,50,25.0
7rh3__1__1.A__1.C,0.25,1,64.0,6,52.333333333333336,52.333333333333336,Low density,Interaction,pli_qcov,50,25.0
7rh4__1__1.A__1.C,0.5,1,77.0,4,61.75,61.75,Low density,Interaction,pli_qcov,50,50.0
7rke__1__1.A__1.E,0.75,1,86.0,463,61.91144708423326,61.91144708423326,High density,Interaction,pli_qcov,50,75.0
7rl2__1__1.A__1.C,0.0,1,86.0,8,58.125,58.125,Low density,Interaction,pli_qcov,50,0.0
7rls__1__1.A_2.A__2.B,0.5,1,100.0,2,91.0,91.0,Low density,Interaction,pli_qcov,50,50.0
7rmb__1__1.A_2.A__2.B,0.25,1,100.0,7,66.57142857142857,66.57142857142857,Low density,Interaction,pli_qcov,50,25.0
7rmw__1__1.A__1.G,0.0,1,60.0,14,53.5,53.5,Low density,Interaction,pli_qcov,50,0.0
7rn4__1__1.A_2.A__2.B,0.25,1,92.0,5,66.2,66.2,Low density,Interaction,pli_qcov,50,25.0
7rnk__1__1.A_2.A__2.B,0.5,1,83.0,7,58.285714285714285,58.285714285714285,Low density,Interaction,pli_qcov,50,50.0
7rnm__1__1.B__1.F,0.75,1,77.0,167,58.10179640718563,58.10179640718563,High density,Interaction,pli_qcov,50,75.0
7ror__1__1.A__1.C_1.D,1.0,1,76.0,8,60.0,60.0,Low density,Interaction,pli_qcov,50,100.0
7ros__1__1.A__1.C,1.0,1,85.0,6,65.0,65.0,Low density,Interaction,pli_qcov,50,100.0
7rq0__1__1.A_1.B__1.L,0.5,1,44.0,0,,44.0,No neighbours,Interaction,pli_qcov,50,50.0
7rre__1__1.A__1.B_1.C_1.D,0.0,1,70.0,159,51.509433962264154,51.509433962264154,High density,Interaction,pli_qcov,50,0.0
7rsp__1__1.A__1.C_1.D,0.5,1,83.0,165,56.89090909090909,56.89090909090909,High density,Interaction,pli_qcov,50,50.0
7rsv__1__1.A__1.C_1.D,0.75,1,89.0,77,62.142857142857146,62.142857142857146,High density,Interaction,pli_qcov,50,75.0
7rwe__1__1.A__1.B,0.0,1,100.0,1558,60.68485237483954,60.68485237483954,High density,Interaction,pli_qcov,50,0.0
7rwf__1__1.A__1.C,0.0,1,50.0,1,50.0,50.0,Low density,Interaction,pli_qcov,50,0.0
7rxo__1__1.A__1.C,0.0,1,45.0,0,,45.0,No neighbours,Interaction,pli_qcov,50,0.0
7s04__1__2.A__2.B_2.C_2.D,1.0,2,75.0,74,62.270270270270274,62.270270270270274,High density,Interaction,pli_qcov,50,100.0
7s0u__1__1.A__1.F_1.G,0.5,2,56.0,10,51.2,51.2,Low density,Interaction,pli_qcov,50,50.0
7s14__1__1.A_1.B__1.E_1.K,1.0,1,46.0,0,,46.0,No neighbours,Interaction,pli_qcov,50,100.0
7s1c__1__1.A__1.C,0.5,1,83.0,29,62.827586206896555,62.827586206896555,Low density,Interaction,pli_qcov,50,50.0
7s1d__1__1.A__1.C,0.0,1,100.0,26,67.3076923076923,67.3076923076923,Low density,Interaction,pli_qcov,50,0.0
7s1q__1__1.A__1.C_1.D,0.5,2,59.0,18,53.666666666666664,53.666666666666664,Low density,Interaction,pli_qcov,50,50.0
7s1r__1__1.A__1.C_1.D,0.5,2,48.0,0,,48.0,No neighbours,Interaction,pli_qcov,50,50.0
7s1s__1__1.A__1.C_1.D,0.5,2,52.0,4,52.0,52.0,Low density,Interaction,pli_qcov,50,50.0
7s2k__1__2.B__2.H_2.I,0.5,2,57.0,8,54.5,54.5,Low density,Interaction,pli_qcov,50,50.0
7s5f__1__1.A__1.E_1.F,0.5,2,63.0,248,53.12903225806452,53.12903225806452,High density,Interaction,pli_qcov,50,50.0
7s6u__1__1.A__1.B,0.75,1,100.0,639,62.15023474178404,62.15023474178404,High density,Interaction,pli_qcov,50,75.0
7s6v__1__1.A__1.B,0.5,1,100.0,1609,62.63704164077067,62.63704164077067,High density,Interaction,pli_qcov,50,50.0
7s7t__1__1.A__1.B,0.0,1,14.0,0,,14.0,No neighbours,Interaction,pli_qcov,50,0.0
7s7x__1__1.A__1.D,0.0,1,33.0,0,,33.0,No neighbours,Interaction,pli_qcov,50,0.0
7s84__1__1.A__1.B,0.0,1,44.0,0,,44.0,No neighbours,Interaction,pli_qcov,50,0.0
7sa0__1__1.A__1.F,0.0,1,90.0,907,56.54906284454245,56.54906284454245,High density,Interaction,pli_qcov,50,0.0
7scr__1__1.E__1.K,0.25,1,78.0,82,57.890243902439025,57.890243902439025,High density,Interaction,pli_qcov,50,25.0
7scw__1__1.A_1.B__1.C_1.D,1.0,1,82.0,1598,60.70400500625782,60.70400500625782,High density,Interaction,pli_qcov,50,100.0
7sdd__1__2.A__2.B,0.25,1,53.0,1,53.0,53.0,Low density,Interaction,pli_qcov,50,25.0
7sdr__1__1.A__1.D,0.5,1,69.0,20,62.05,62.05,Low density,Interaction,pli_qcov,50,50.0
7se9__1__1.A__1.C_1.D,0.0,1,75.0,12,58.333333333333336,58.333333333333336,Low density,Interaction,pli_qcov,50,0.0
7sec__1__1.A__1.D_1.G,0.0,1,38.0,0,,38.0,No neighbours,Interaction,pli_qcov,50,0.0
7ser__1__1.A__1.C_1.D,0.5,2,52.0,6,52.0,52.0,Low density,Interaction,pli_qcov,50,50.0
7ses__1__1.A__1.C_1.D,0.5,2,55.0,10,52.0,52.0,Low density,Interaction,pli_qcov,50,50.0
7sfo__1__1.A__1.E,1.0,1,82.0,362,60.41988950276243,60.41988950276243,High density,Interaction,pli_qcov,50,100.0
7sgg__1__1.A__1.B_1.D,0.5,1,78.0,144,61.19444444444444,61.19444444444444,High density,Interaction,pli_qcov,50,50.0
7sgi__1__1.A__1.B_1.C,0.25,1,75.0,58,52.12068965517241,52.12068965517241,High density,Interaction,pli_qcov,50,25.0
7sgk__1__1.A__1.B_1.C,0.25,1,71.0,7,61.0,61.0,Low density,Interaction,pli_qcov,50,25.0
7sh0__1__1.A__1.C_1.D_1.H,0.0,1,67.0,4,54.25,54.25,Low density,Interaction,pli_qcov,50,0.0
7shh__1__1.A__1.E,1.0,1,83.0,77,59.25974025974026,59.25974025974026,High density,Interaction,pli_qcov,50,100.0
7si4__1__1.A__1.B,1.0,1,76.0,17,64.88235294117646,64.88235294117646,Low density,Interaction,pli_qcov,50,100.0
7si5__1__1.A__1.D,1.0,1,80.0,23,66.8695652173913,66.8695652173913,Low density,Interaction,pli_qcov,50,100.0
7sia__1__1.A_1.B__1.C,0.5,1,46.0,0,,46.0,No neighbours,Interaction,pli_qcov,50,50.0
7siu__1__1.A__1.C,0.0,1,58.0,114,51.54385964912281,51.54385964912281,High density,Interaction,pli_qcov,50,0.0
7skk__1__1.A__1.E_1.F,0.625,2,37.0,0,,37.0,No neighbours,Interaction,pli_qcov,50,62.5
7slr__1__1.A_1.B__1.C,0.75,1,83.0,96,60.21875,60.21875,High density,Interaction,pli_qcov,50,75.0
7sls__1__1.A_1.B__1.C,1.0,1,80.0,87,56.89655172413793,56.89655172413793,High density,Interaction,pli_qcov,50,100.0
7slz__1__1.A__1.B,0.0,1,42.0,0,,42.0,No neighbours,Interaction,pli_qcov,50,0.0
7snz__1__1.A_1.B__1.C,0.25,1,92.0,130,63.16923076923077,63.16923076923077,High density,Interaction,pli_qcov,50,25.0
7so1__1__1.A_1.B__1.C,0.0,1,94.0,95,60.473684210526315,60.473684210526315,High density,Interaction,pli_qcov,50,0.0
7sok__1__1.A__1.E,1.0,1,75.0,42,61.30952380952381,61.30952380952381,High density,Interaction,pli_qcov,50,100.0
7spy__1__1.A_2.A__2.B_2.C,0.75,1,74.0,13,65.3076923076923,65.3076923076923,Low density,Interaction,pli_qcov,50,75.0
7sqe__1__1.A__1.D,0.5,1,90.0,31,70.96774193548387,70.96774193548387,Low density,Interaction,pli_qcov,50,50.0
7sqm__1__1.A__1.B,1.0,1,71.0,9,58.55555555555556,58.55555555555556,Low density,Interaction,pli_qcov,50,100.0
7sqn__1__1.A__1.B_1.E,0.875,2,95.0,258,71.89922480620154,71.89922480620154,High density,Interaction,pli_qcov,50,87.5
7ssj__1__1.A__1.G_1.H,1.0,1,82.0,16,68.5,68.5,Low density,Interaction,pli_qcov,50,100.0
7stq__1__1.A_2.A__1.B_1.D_1.E,0.875,2,68.0,44,64.18181818181819,64.18181818181819,High density,Interaction,pli_qcov,50,87.5
7suf__1__1.A__1.B_1.D,1.0,1,100.0,2054,64.10077896786757,64.10077896786757,High density,Interaction,pli_qcov,50,100.0
7sv1__1__1.A__1.C_1.D,0.0,1,88.0,457,58.46608315098468,58.46608315098468,High density,Interaction,pli_qcov,50,0.0
7sv5__1__1.A__1.C_1.D,0.0,1,85.0,2,77.0,77.0,Low density,Interaction,pli_qcov,50,0.0
7sxg__1__1.A__1.C,0.25,1,89.0,921,61.19543973941368,61.19543973941368,High density,Interaction,pli_qcov,50,25.0
7sxj__1__1.A__1.C,1.0,1,100.0,846,61.395981087470446,61.395981087470446,High density,Interaction,pli_qcov,50,100.0
7szb__1__1.A__1.E,0.0,1,36.0,0,,36.0,No neighbours,Interaction,pli_qcov,50,0.0
7szc__1__1.A__1.F,0.0,1,38.0,0,,38.0,No neighbours,Interaction,pli_qcov,50,0.0
7szp__1__1.A_1.B__1.E_1.J,1.0,1,93.0,47,70.74468085106383,70.74468085106383,High density,Interaction,pli_qcov,50,100.0
7szr__1__1.A__1.G,0.0,1,85.0,55,57.54545454545455,57.54545454545455,High density,Interaction,pli_qcov,50,0.0
7t0a__1__1.A_1.B__1.BA_1.CA_1.GA_1.HA,0.75,1,75.0,18,55.388888888888886,55.388888888888886,Low density,Interaction,pli_qcov,50,75.0
7t0c__1__1.A_1.B__1.VA,0.25,1,62.0,3,58.0,58.0,Low density,Interaction,pli_qcov,50,25.0
7t0e__1__1.A_1.B__1.C_1.CA_1.HB_1.IB,1.0,2,86.0,92,56.23913043478261,56.23913043478261,High density,Interaction,pli_qcov,50,100.0
7t0f__1__1.A_1.B__1.C,0.5,1,50.0,3,50.0,50.0,Low density,Interaction,pli_qcov,50,50.0
7t1d__1__1.A_1.B__1.G_1.I,0.0,1,53.0,2,53.0,53.0,Low density,Interaction,pli_qcov,50,0.0
7t2z__1__1.A_1.B__1.F_1.H,0.5,2,83.0,94,67.25531914893617,67.25531914893617,High density,Interaction,pli_qcov,50,50.0
7t33__1__1.A_1.B__1.E_1.H,0.625,2,91.0,98,67.79591836734694,67.79591836734694,High density,Interaction,pli_qcov,50,62.5
7t39__1__1.A__1.B,0.0,1,64.0,1,64.0,64.0,Low density,Interaction,pli_qcov,50,0.0
7t4t__1__1.A__1.C_1.E,0.5,1,75.0,163,58.82208588957055,58.82208588957055,High density,Interaction,pli_qcov,50,50.0
7t5k__1__1.A__1.D,0.75,1,67.0,17,52.94117647058823,52.94117647058823,Low density,Interaction,pli_qcov,50,75.0
7t5r__1__1.A_1.C__1.I_1.J,0.0,2,19.0,0,,19.0,No neighbours,Interaction,pli_qcov,50,0.0
7t5x__1__1.A_1.C__1.I,0.25,1,55.0,3,55.0,55.0,Low density,Interaction,pli_qcov,50,25.0
7t5y__1__1.B__1.G,1.0,1,71.0,36,52.138888888888886,52.138888888888886,High density,Interaction,pli_qcov,50,100.0
7t5z__1__1.A_1.C__1.I,0.0,1,40.0,0,,40.0,No neighbours,Interaction,pli_qcov,50,0.0
7t60__1__1.B_1.C__1.M,0.25,1,27.0,0,,27.0,No neighbours,Interaction,pli_qcov,50,25.0
7t61__1__1.B_1.C__1.L,0.0,1,62.0,6,52.0,52.0,Low density,Interaction,pli_qcov,50,0.0
7t6c__1__1.A__1.E,0.25,1,62.0,20,54.2,54.2,Low density,Interaction,pli_qcov,50,25.0
7t6h__1__1.A__1.C_1.D,1.0,2,97.0,602,72.34551495016612,72.34551495016612,High density,Interaction,pli_qcov,50,100.0
7t7m__1__1.A__1.I,1.0,1,75.0,61,55.19672131147541,55.19672131147541,High density,Interaction,pli_qcov,50,100.0
7tab__1__1.A__1.B,1.0,1,78.0,50,62.6,62.6,High density,Interaction,pli_qcov,50,100.0
7tba__1__1.A__1.U_1.V_1.W,0.5,1,33.0,0,,33.0,No neighbours,Interaction,pli_qcov,50,50.0
7tbc__1__1.A__1.B_1.J_1.L_1.S,0.0,1,71.0,157,55.66242038216561,55.66242038216561,High density,Interaction,pli_qcov,50,0.0
7tbd__1__1.A__1.E,0.0,1,62.0,55,54.29090909090909,54.29090909090909,High density,Interaction,pli_qcov,50,0.0
7tbu__1__1.A__1.D,0.0,1,73.0,21,64.23809523809524,64.23809523809524,Low density,Interaction,pli_qcov,50,0.0
7te8__1__1.A_1.B__1.E,0.0,1,27.0,0,,27.0,No neighbours,Interaction,pli_qcov,50,0.0
7tev__1__1.A_2.A__2.D,1.0,1,74.0,52,58.51923076923077,58.51923076923077,High density,Interaction,pli_qcov,50,100.0
7tjo__1__1.A__1.E,0.25,1,78.0,31,63.806451612903224,63.806451612903224,Low density,Interaction,pli_qcov,50,25.0
7tm5__1__1.A__1.C_1.D_1.E,1.0,1,88.0,22,67.22727272727273,67.22727272727273,Low density,Interaction,pli_qcov,50,100.0
7tm6__1__1.A__1.C_1.D,1.0,2,89.0,52,63.30769230769231,63.30769230769231,High density,Interaction,pli_qcov,50,100.0
7tmf__1__1.A_1.B__1.J_1.P,1.0,1,79.0,1,79.0,79.0,Low density,Interaction,pli_qcov,50,100.0
7toc__1__1.A_1.B__1.C_1.D_1.G_1.L,0.75,1,57.0,12,52.5,52.5,Low density,Interaction,pli_qcov,50,75.0
7tuo__1__1.A__1.B,0.0,1,33.0,0,,33.0,No neighbours,Interaction,pli_qcov,50,0.0
7twu__1__1.B__1.N,1.0,1,84.0,85,61.62352941176471,61.62352941176471,High density,Interaction,pli_qcov,50,100.0
7txk__1__1.A__1.C,0.5,1,38.0,0,,38.0,No neighbours,Interaction,pli_qcov,50,50.0
7txp__1__1.A_2.A__2.B,1.0,1,42.0,0,,42.0,No neighbours,Interaction,pli_qcov,50,100.0
7tzb__1__1.A__1.C,1.0,1,76.0,39,61.41025641025641,61.41025641025641,High density,Interaction,pli_qcov,50,100.0
7u0r__1__1.B__1.I_1.J_1.K_1.L,0.75,2,68.0,134,58.67164179104478,58.67164179104478,High density,Interaction,pli_qcov,50,75.0
7u0t__1__1.A_1.B__1.H,0.5,1,63.0,44,54.93181818181818,54.93181818181818,High density,Interaction,pli_qcov,50,50.0
7u1m__1__1.A__1.D,0.0,1,100.0,15,65.33333333333333,65.33333333333333,Low density,Interaction,pli_qcov,50,0.0
7u1u__1__1.A_2.A__1.B_1.D,1.0,1,100.0,27,89.07407407407408,89.07407407407408,Low density,Interaction,pli_qcov,50,100.0
7u2p__1__1.A_1.B__1.C_1.D,0.75,1,79.0,19,67.78947368421052,67.78947368421052,Low density,Interaction,pli_qcov,50,75.0
7u2z__1__1.A__1.C,0.0,1,100.0,1090,67.79816513761467,67.79816513761467,High density,Interaction,pli_qcov,50,0.0
7u30__1__1.A__1.I,1.0,1,88.0,90,69.5,69.5,High density,Interaction,pli_qcov,50,100.0
7u31__1__1.A__1.D,0.75,1,100.0,711,63.319268635724335,63.319268635724335,High density,Interaction,pli_qcov,50,75.0
7u3m__1__1.A__1.B_1.C,0.5,1,67.0,2,61.5,61.5,Low density,Interaction,pli_qcov,50,50.0
7u4o__1__1.A__1.G,0.75,1,43.0,0,,43.0,No neighbours,Interaction,pli_qcov,50,75.0
7u59__1__1.A__1.E_1.F,0.5,1,83.0,193,54.6580310880829,54.6580310880829,High density,Interaction,pli_qcov,50,50.0
7u5z__1__1.A_1.B__1.C,0.75,1,89.0,119,64.31932773109244,64.31932773109244,High density,Interaction,pli_qcov,50,75.0
7u64__1__1.A_1.B__1.S,0.75,1,62.0,8,51.5,51.5,Low density,Interaction,pli_qcov,50,75.0
7u6a__1__1.A__1.B_1.F,0.0,1,75.0,74,52.12162162162162,52.12162162162162,High density,Interaction,pli_qcov,50,0.0
7u6b__1__1.A__1.B_1.E,1.0,1,86.0,153,61.052287581699346,61.052287581699346,High density,Interaction,pli_qcov,50,100.0
7u70__1__1.A__1.C,1.0,1,81.0,27,62.48148148148148,62.48148148148148,Low density,Interaction,pli_qcov,50,100.0
7u8v__1__1.A__1.C,0.0,1,71.0,84,54.166666666666664,54.166666666666664,High density,Interaction,pli_qcov,50,0.0
7u8w__1__1.A__1.C,0.0,1,71.0,51,52.6078431372549,52.6078431372549,High density,Interaction,pli_qcov,50,0.0
7u8x__1__1.A__1.B,0.0,1,62.0,41,52.19512195121951,52.19512195121951,High density,Interaction,pli_qcov,50,0.0
7u8y__1__1.B__1.G_1.H_1.I_1.J,0.0,2,44.0,0,,44.0,No neighbours,Interaction,pli_qcov,50,0.0
7u8z__1__1.A__1.F_1.G,0.0,1,71.0,55,59.8,59.8,High density,Interaction,pli_qcov,50,0.0
7u98__1__1.A__1.E,0.5,1,100.0,812,68.86945812807882,68.86945812807882,High density,Interaction,pli_qcov,50,50.0
7u99__1__1.A__1.B,1.0,1,89.0,837,59.587813620071685,59.587813620071685,High density,Interaction,pli_qcov,50,100.0
7u9a__1__1.A__1.B,1.0,1,86.0,522,59.71264367816092,59.71264367816092,High density,Interaction,pli_qcov,50,100.0
7u9u__1__2.A__2.C_2.D,1.0,1,87.0,204,71.48039215686275,71.48039215686275,High density,Interaction,pli_qcov,50,100.0
7uad__1__1.A__1.B,1.0,1,86.0,114,61.324561403508774,61.324561403508774,High density,Interaction,pli_qcov,50,100.0
7uas__1__1.A__1.C,1.0,1,62.0,11,56.90909090909091,56.90909090909091,Low density,Interaction,pli_qcov,50,100.0
7ubo__1__1.A__1.E,0.5,1,59.0,14,53.42857142857143,53.42857142857143,Low density,Interaction,pli_qcov,50,50.0
7udq__1__1.A__1.C,0.5,1,11.0,0,,11.0,No neighbours,Interaction,pli_qcov,50,50.0
7ue4__1__1.A_2.A__2.F,1.0,1,100.0,5,67.6,67.6,Low density,Interaction,pli_qcov,50,100.0
7ue6__1__1.A_2.A__2.C_2.F_2.G_2.H,1.0,2,81.0,12,63.166666666666664,63.166666666666664,Low density,Interaction,pli_qcov,50,100.0
7ue8__1__1.A_2.A__2.D,1.0,1,100.0,3,78.0,78.0,Low density,Interaction,pli_qcov,50,100.0
7ueo__1__1.A_2.A__2.B_2.C_2.E,1.0,1,92.0,6,75.0,75.0,Low density,Interaction,pli_qcov,50,100.0
7ueo__1__1.A_2.A__2.D,1.0,1,90.0,3,76.66666666666667,76.66666666666667,Low density,Interaction,pli_qcov,50,100.0
7uep__1__1.A_2.A__2.B_2.C_2.D_2.E,1.0,2,82.0,10,62.2,62.2,Low density,Interaction,pli_qcov,50,100.0
7ueq__1__1.A_2.A__2.B_2.C_2.D,1.0,2,85.0,16,62.25,62.25,Low density,Interaction,pli_qcov,50,100.0
7ueu__1__1.A_2.A__2.B,1.0,1,82.0,3,70.0,70.0,Low density,Interaction,pli_qcov,50,100.0
7ueu__1__1.A_2.A__2.C_2.D_2.E,1.0,1,95.0,6,80.83333333333333,80.83333333333333,Low density,Interaction,pli_qcov,50,100.0
7uf0__1__1.A_2.A__1.B,1.0,1,64.0,2,57.0,57.0,Low density,Interaction,pli_qcov,50,100.0
7ug5__1__1.A__1.E,0.75,1,82.0,236,58.813559322033896,58.813559322033896,High density,Interaction,pli_qcov,50,75.0
7ugb__1__1.A__1.C,0.5,1,79.0,12,62.333333333333336,62.333333333333336,Low density,Interaction,pli_qcov,50,50.0
7ugl__1__1.A__1.C,0.0,1,42.0,0,,42.0,No neighbours,Interaction,pli_qcov,50,0.0
7ugl__1__1.A__1.D,1.0,1,100.0,835,63.17724550898203,63.17724550898203,High density,Interaction,pli_qcov,50,100.0
7uj4__1__1.A__1.C_1.D,1.0,1,100.0,12,66.91666666666667,66.91666666666667,Low density,Interaction,pli_qcov,50,100.0
7uj7__1__1.A__1.E,1.0,1,87.0,504,61.86904761904762,61.86904761904762,High density,Interaction,pli_qcov,50,100.0
7uj8__1__1.A__1.C,1.0,1,92.0,401,62.109725685785534,62.109725685785534,High density,Interaction,pli_qcov,50,100.0
7ujc__1__1.B__1.D,1.0,1,94.0,239,56.89958158995816,56.89958158995816,High density,Interaction,pli_qcov,50,100.0
7ujf__1__1.A__1.E,1.0,1,85.0,436,61.34403669724771,61.34403669724771,High density,Interaction,pli_qcov,50,100.0
7ujo__1__1.D__1.H,1.0,1,100.0,498,64.63253012048193,64.63253012048193,High density,Interaction,pli_qcov,50,100.0
7ujy__1__1.B__1.F,1.0,1,92.0,544,64.36213235294117,64.36213235294117,High density,Interaction,pli_qcov,50,100.0
7uk7__1__1.A__1.B_1.C_1.D_1.F,1.0,1,71.0,10,63.8,63.8,Low density,Interaction,pli_qcov,50,100.0
7ukr__1__1.A__1.C,0.75,1,87.0,21,65.33333333333333,65.33333333333333,Low density,Interaction,pli_qcov,50,75.0
7ule__1__1.A_2.A__2.B_2.C_2.D_2.E_2.F,0.75,2,30.0,0,,30.0,No neighbours,Interaction,pli_qcov,50,75.0
7ulf__1__1.A_2.A__2.B_2.C_2.D_2.E,0.5,2,52.0,2,52.0,52.0,Low density,Interaction,pli_qcov,50,50.0
7um4__1__1.A__1.I,1.0,1,67.0,24,50.708333333333336,50.708333333333336,Low density,Interaction,pli_qcov,50,100.0
7umo__1__1.A__1.G_1.I,0.0,1,60.0,5,52.0,52.0,Low density,Interaction,pli_qcov,50,0.0
7un0__1__1.A__1.G,0.75,1,100.0,6,79.16666666666667,79.16666666666667,Low density,Interaction,pli_qcov,50,75.0
7uoh__1__1.A__1.C_1.D,0.5,2,58.0,8,56.0,56.0,Low density,Interaction,pli_qcov,50,50.0
7uoy__1__1.A__1.C_1.D_1.F,1.0,1,80.0,67,60.8955223880597,60.8955223880597,High density,Interaction,pli_qcov,50,100.0
7ur3__1__1.A__1.B,0.0,1,50.0,4,50.0,50.0,Low density,Interaction,pli_qcov,50,0.0
7ur9__1__1.A_1.B__1.D,0.25,1,58.0,22,50.72727272727273,50.72727272727273,Low density,Interaction,pli_qcov,50,25.0
7usg__1__1.A__1.B,1.0,1,100.0,837,68.89605734767025,68.89605734767025,High density,Interaction,pli_qcov,50,100.0
7ush__1__1.A__1.B,1.0,1,100.0,646,69.62848297213623,69.62848297213623,High density,Interaction,pli_qcov,50,100.0
7usi__1__1.A__1.G,0.5,1,100.0,674,66.83679525222551,66.83679525222551,High density,Interaction,pli_qcov,50,50.0
7utw__1__1.A_1.B__1.C_1.E_1.F,1.0,2,85.0,128,68.703125,68.703125,High density,Interaction,pli_qcov,50,100.0
7uum__1__1.A_2.A__1.B_1.C,0.5,2,29.0,0,,29.0,No neighbours,Interaction,pli_qcov,50,50.0
7uw2__1__1.A__1.C,1.0,1,81.0,115,57.71304347826087,57.71304347826087,High density,Interaction,pli_qcov,50,100.0
7uw4__1__1.A__1.C,1.0,1,83.0,147,57.61224489795919,57.61224489795919,High density,Interaction,pli_qcov,50,100.0
7uy0__1__1.A__1.E,1.0,1,79.0,95,55.31578947368421,55.31578947368421,High density,Interaction,pli_qcov,50,100.0
7uy1__1__1.A__1.C_1.D,0.5,2,71.0,108,55.96296296296296,55.96296296296296,High density,Interaction,pli_qcov,50,50.0
7uy4__1__1.A__1.C_1.D_1.E_1.F,0.375,2,50.0,2,50.0,50.0,Low density,Interaction,pli_qcov,50,37.5
7uyf__1__1.A__1.C_1.D,0.5,2,60.0,50,55.24,55.24,High density,Interaction,pli_qcov,50,50.0
7v04__1__1.A__1.B_1.C_1.D,1.0,1,75.0,65,51.92307692307692,51.92307692307692,High density,Interaction,pli_qcov,50,100.0
7v0h__1__1.B__1.N_1.P,0.5,2,80.0,2252,59.225577264653644,59.225577264653644,High density,Interaction,pli_qcov,50,50.0
7v13__1__1.A__1.C,1.0,1,75.0,161,52.73913043478261,52.73913043478261,High density,Interaction,pli_qcov,50,100.0
7v16__1__1.A__1.C,1.0,1,89.0,53,63.264150943396224,63.264150943396224,High density,Interaction,pli_qcov,50,100.0
7v17__1__1.A__1.C,1.0,1,88.0,174,53.62643678160919,53.62643678160919,High density,Interaction,pli_qcov,50,100.0
7v18__1__1.A__1.C,0.75,1,89.0,83,58.78313253012048,58.78313253012048,High density,Interaction,pli_qcov,50,75.0
7v1o__1__1.A__1.D,0.5,1,100.0,95,87.37894736842105,87.37894736842105,High density,Interaction,pli_qcov,50,50.0
7v34__1__1.A__1.C_1.D_1.G,0.5,2,48.0,0,,48.0,No neighbours,Interaction,pli_qcov,50,50.0
7v3d__1__1.A_1.B__1.F,1.0,1,60.0,3,55.333333333333336,55.333333333333336,Low density,Interaction,pli_qcov,50,100.0
7v3s__1__1.A__1.B,1.0,1,100.0,175,58.62285714285714,58.62285714285714,High density,Interaction,pli_qcov,50,100.0
7v6x__1__1.A__1.B_1.C,0.0,1,67.0,13,53.15384615384615,53.15384615384615,Low density,Interaction,pli_qcov,50,0.0
7v9d__1__2.A__2.B_2.C_2.G,1.0,1,75.0,16,58.125,58.125,Low density,Interaction,pli_qcov,50,100.0
7va2__1__1.A__1.D_1.E,0.0,1,78.0,5,64.8,64.8,Low density,Interaction,pli_qcov,50,0.0
7vb3__1__1.A_1.B__1.R_1.T_1.U,1.0,1,43.0,0,,43.0,No neighbours,Interaction,pli_qcov,50,100.0
7vb6__1__1.A_1.B__1.E_1.G_1.I,0.5,2,41.0,0,,41.0,No neighbours,Interaction,pli_qcov,50,50.0
7vbt__1__1.B__1.D,0.0,1,67.0,17,59.23529411764706,59.23529411764706,Low density,Interaction,pli_qcov,50,0.0
7vbv__1__1.B__1.N,0.25,1,55.0,1,55.0,55.0,Low density,Interaction,pli_qcov,50,25.0
7vdp__1__1.A__1.E_1.F,1.0,1,82.0,267,58.87640449438202,58.87640449438202,High density,Interaction,pli_qcov,50,100.0
7vdq__1__1.A__1.E,1.0,1,65.0,38,55.21052631578947,55.21052631578947,High density,Interaction,pli_qcov,50,100.0
7vdr__1__1.A__1.E_1.F_1.N,1.0,1,71.0,267,53.19850187265918,53.19850187265918,High density,Interaction,pli_qcov,50,100.0
7vds__1__1.A__1.E,0.75,1,85.0,319,57.63009404388715,57.63009404388715,High density,Interaction,pli_qcov,50,75.0
7vej__1__1.A__1.C_1.F_1.G,0.5,2,74.0,54,57.629629629629626,57.629629629629626,High density,Interaction,pli_qcov,50,50.0
7vem__1__1.A_1.B__1.C_1.D,0.75,1,48.0,0,,48.0,No neighbours,Interaction,pli_qcov,50,75.0
7vez__1__1.A_1.D__1.E,0.25,1,75.0,4,62.5,62.5,Low density,Interaction,pli_qcov,50,25.0
7vf6__1__1.B__1.H_1.J,0.75,1,62.0,11,54.72727272727273,54.72727272727273,Low density,Interaction,pli_qcov,50,75.0
7vhy__1__1.A__1.F,1.0,1,47.0,0,,47.0,No neighbours,Interaction,pli_qcov,50,100.0
7vhz__1__1.A__1.F,1.0,1,62.0,4,56.0,56.0,Low density,Interaction,pli_qcov,50,100.0
7vi0__1__1.A__1.F,0.75,1,56.0,2,56.0,56.0,Low density,Interaction,pli_qcov,50,75.0
7vi7__1__1.A__1.C,0.0,1,86.0,42,63.404761904761905,63.404761904761905,High density,Interaction,pli_qcov,50,0.0
7vjt__1__1.A__1.C,1.0,1,75.0,5,57.4,57.4,Low density,Interaction,pli_qcov,50,100.0
7vkf__1__1.A__1.B_1.C,0.625,2,82.0,150,54.093333333333334,54.093333333333334,High density,Interaction,pli_qcov,50,62.5
7vkg__1__1.A__1.B,0.75,1,82.0,49,63.265306122448976,63.265306122448976,High density,Interaction,pli_qcov,50,75.0
7vkh__1__1.A__1.C,0.75,1,78.0,40,59.3,59.3,High density,Interaction,pli_qcov,50,75.0
7vm0__1__1.A__1.C_1.D,0.75,1,71.0,4,60.25,60.25,Low density,Interaction,pli_qcov,50,75.0
7vm7__1__1.A__1.B,0.75,1,71.0,70,54.4,54.4,High density,Interaction,pli_qcov,50,75.0
7vmy__1__1.A__1.C_1.D_1.E,0.0,1,27.0,0,,27.0,No neighbours,Interaction,pli_qcov,50,0.0
7vnh__1__1.A__1.C,0.25,1,13.0,0,,13.0,No neighbours,Interaction,pli_qcov,50,25.0
7vns__1__1.A_2.A__2.C,0.0,1,54.0,2,54.0,54.0,Low density,Interaction,pli_qcov,50,0.0
7vo5__1__1.A__1.B,0.0,1,36.0,0,,36.0,No neighbours,Interaction,pli_qcov,50,0.0
7voc__1__1.A__1.B_1.D_1.E,0.75,2,41.0,0,,41.0,No neighbours,Interaction,pli_qcov,50,75.0
7vpe__1__1.A__1.B,0.0,1,25.0,0,,25.0,No neighbours,Interaction,pli_qcov,50,0.0
7vq9__1__1.A_1.B__1.I_1.J_1.K,0.375,2,56.0,6,53.0,53.0,Low density,Interaction,pli_qcov,50,37.5
7vqb__1__1.A_1.B__1.H_1.I_1.J,0.875,2,74.0,8,64.5,64.5,Low density,Interaction,pli_qcov,50,87.5
7vqp__1__1.A__1.C,1.0,1,56.0,24,50.5,50.5,Low density,Interaction,pli_qcov,50,100.0
7vqt__1__1.A__1.G_1.H,0.5,2,86.0,394,63.025380710659896,63.025380710659896,High density,Interaction,pli_qcov,50,50.0
7vqu__1__1.A__1.G_1.H,0.5,2,77.0,364,59.752747252747255,59.752747252747255,High density,Interaction,pli_qcov,50,50.0
7vre__1__1.A__1.B,1.0,1,89.0,449,60.67928730512249,60.67928730512249,High density,Interaction,pli_qcov,50,100.0
7vrh__1__1.A__1.D,0.0,1,80.0,5,64.0,64.0,Low density,Interaction,pli_qcov,50,0.0
7vsl__1__1.A__1.D,0.75,1,75.0,108,51.129629629629626,51.129629629629626,High density,Interaction,pli_qcov,50,75.0
7vte__1__1.A__1.F,1.0,1,78.0,6,68.83333333333333,68.83333333333333,Low density,Interaction,pli_qcov,50,100.0
7vtf__1__1.A_1.B__1.F,0.75,1,62.0,7,60.285714285714285,60.285714285714285,Low density,Interaction,pli_qcov,50,75.0
7vtg__1__1.A__1.E,1.0,1,64.0,5,56.8,56.8,Low density,Interaction,pli_qcov,50,100.0
7vve__1__1.A__1.D_1.H,0.0,1,36.0,0,,36.0,No neighbours,Interaction,pli_qcov,50,0.0
7vvt__1__1.A__1.C,0.0,1,100.0,407,80.21621621621621,80.21621621621621,High density,Interaction,pli_qcov,50,0.0
7vwe__1__1.A__1.D,1.0,1,68.0,23,60.17391304347826,60.17391304347826,Low density,Interaction,pli_qcov,50,100.0
7vwf__1__1.A_1.B__1.C_1.E,0.5,2,64.0,10,56.8,56.8,Low density,Interaction,pli_qcov,50,50.0
7vwg__1__1.A__1.D,1.0,1,80.0,66,60.43939393939394,60.43939393939394,High density,Interaction,pli_qcov,50,100.0
7vwh__1__1.B__1.F,1.0,1,71.0,58,57.03448275862069,57.03448275862069,High density,Interaction,pli_qcov,50,100.0
7w0g__1__1.B__1.D,1.0,1,75.0,85,55.023529411764706,55.023529411764706,High density,Interaction,pli_qcov,50,100.0
7w15__1__1.A__1.C_1.D_1.E_1.F,0.375,2,27.0,0,,27.0,No neighbours,Interaction,pli_qcov,50,37.5
7w1i__1__1.A__1.B,0.0,1,78.0,55,59.4,59.4,High density,Interaction,pli_qcov,50,0.0
7w2d__1__1.B__1.R,0.0,1,73.0,2,64.0,64.0,Low density,Interaction,pli_qcov,50,0.0
7w2f__1__1.A__1.M,0.25,1,86.0,11,63.45454545454545,63.45454545454545,Low density,Interaction,pli_qcov,50,25.0
7w3l__1__1.A__1.B_1.C_1.J,0.5,2,88.0,328,62.91463414634146,62.91463414634146,High density,Interaction,pli_qcov,50,50.0
7w3p__1__1.A__1.C,0.25,1,80.0,239,55.69037656903766,55.69037656903766,High density,Interaction,pli_qcov,50,25.0
7w41__1__1.A__1.B,0.0,1,23.0,0,,23.0,No neighbours,Interaction,pli_qcov,50,0.0
7w4x__1__1.A__1.C_1.D_1.E,0.5,1,100.0,694,74.14985590778097,74.14985590778097,High density,Interaction,pli_qcov,50,50.0
7w4y__1__1.A__1.E,0.75,1,86.0,540,63.13333333333333,63.13333333333333,High density,Interaction,pli_qcov,50,75.0
7w6f__1__1.A_1.B__1.C,0.75,1,50.0,1,50.0,50.0,Low density,Interaction,pli_qcov,50,75.0
7w8v__1__1.A__1.B_1.D,0.75,2,72.0,8,61.0,61.0,Low density,Interaction,pli_qcov,50,75.0
7w9z__1__1.B__1.F_1.G,1.0,1,63.0,4,57.25,57.25,Low density,Interaction,pli_qcov,50,100.0
7wbs__1__1.A_1.B__1.D,0.75,1,87.0,358,60.39664804469274,60.39664804469274,High density,Interaction,pli_qcov,50,75.0
7wc6__1__1.A__1.F,1.0,1,73.0,29,58.10344827586207,58.10344827586207,Low density,Interaction,pli_qcov,50,100.0
7wc7__1__1.A__1.M,0.75,1,57.0,23,50.91304347826087,50.91304347826087,Low density,Interaction,pli_qcov,50,75.0
7wc8__1__1.A__1.H,0.25,1,67.0,6,59.666666666666664,59.666666666666664,Low density,Interaction,pli_qcov,50,25.0
7wcf__1__1.A__1.B_1.C_1.D,0.75,1,17.0,0,,17.0,No neighbours,Interaction,pli_qcov,50,75.0
7wcl__1__1.A__1.C,1.0,1,75.0,796,52.506281407035175,52.506281407035175,High density,Interaction,pli_qcov,50,100.0
7wcv__1__1.A__1.B_1.C_1.D,1.0,2,75.0,6,66.66666666666667,66.66666666666667,Low density,Interaction,pli_qcov,50,100.0
7wdp__1__1.A__1.B_1.C,0.25,2,42.0,0,,42.0,No neighbours,Interaction,pli_qcov,50,25.0
7wdt__1__1.A__1.B,0.75,1,91.0,25,66.88,66.88,Low density,Interaction,pli_qcov,50,75.0
7wdt__1__1.A__1.C,0.0,1,25.0,0,,25.0,No neighbours,Interaction,pli_qcov,50,0.0
7wdu__1__1.A__1.C,0.0,1,38.0,0,,38.0,No neighbours,Interaction,pli_qcov,50,0.0
7wdv__1__1.A__1.B_1.C,0.5,2,56.0,18,51.333333333333336,51.333333333333336,Low density,Interaction,pli_qcov,50,50.0
7wew__1__1.A__1.K,0.75,1,59.0,7,52.0,52.0,Low density,Interaction,pli_qcov,50,75.0
7wf5__1__1.A__1.C,1.0,1,76.0,174,56.258620689655174,56.258620689655174,High density,Interaction,pli_qcov,50,100.0
7wgl__1__1.A__1.D,1.0,1,100.0,181,60.988950276243095,60.988950276243095,High density,Interaction,pli_qcov,50,100.0
7wgn__1__1.A__1.B,0.25,1,71.0,38,60.578947368421055,60.578947368421055,High density,Interaction,pli_qcov,50,25.0
7wgo__1__1.A__1.C,0.0,1,77.0,61,57.557377049180324,57.557377049180324,High density,Interaction,pli_qcov,50,0.0
7wgq__1__1.A__1.C,0.75,1,81.0,100,54.26,54.26,High density,Interaction,pli_qcov,50,75.0
7wjs__1__1.A__1.D_1.G,1.0,1,90.0,612,59.166666666666664,59.166666666666664,High density,Interaction,pli_qcov,50,100.0
7wl4__1__1.A__1.E_1.F,0.25,2,80.0,832,55.81730769230769,55.81730769230769,High density,Interaction,pli_qcov,50,25.0
7wlx__1__1.A__1.C,0.0,1,52.0,3,52.0,52.0,Low density,Interaction,pli_qcov,50,0.0
7wmf__1__1.A__1.C_1.E,0.5,1,50.0,2,50.0,50.0,Low density,Interaction,pli_qcov,50,50.0
7wmh__1__1.A__1.C,0.25,1,70.0,4,59.0,59.0,Low density,Interaction,pli_qcov,50,25.0
7wmi__1__1.B__1.F_1.G,0.25,1,70.0,6,56.666666666666664,56.666666666666664,Low density,Interaction,pli_qcov,50,25.0
7wmj__1__1.A__1.C,0.0,1,71.0,31,54.354838709677416,54.354838709677416,Low density,Interaction,pli_qcov,50,0.0
7wmk__1__1.A__1.B_1.G,1.0,1,70.0,57,53.07017543859649,53.07017543859649,High density,Interaction,pli_qcov,50,100.0
7wmo__1__1.A__1.C,0.0,1,63.0,4,58.0,58.0,Low density,Interaction,pli_qcov,50,0.0
7wpx__1__1.A__1.B_1.C,0.25,2,41.0,0,,41.0,No neighbours,Interaction,pli_qcov,50,25.0
7wqm__1__1.A__1.C_1.D,0.5,2,84.0,620,59.02903225806452,59.02903225806452,High density,Interaction,pli_qcov,50,50.0
7wqs__1__1.A__1.C_1.D,0.5,2,86.0,598,58.05351170568562,58.05351170568562,High density,Interaction,pli_qcov,50,50.0
7wrg__1__1.A__1.C_1.D,1.0,1,100.0,400,87.325,87.325,High density,Interaction,pli_qcov,50,100.0
7wua__1__1.A__1.E_1.F_1.G,0.5,1,48.0,0,,48.0,No neighbours,Interaction,pli_qcov,50,50.0
7wuy__1__1.A_1.B__1.D_1.EA,0.5,2,34.0,0,,34.0,No neighbours,Interaction,pli_qcov,50,50.0
7wzv__1__1.A__1.C_1.E_1.F_1.K_1.O,0.75,2,24.0,0,,24.0,No neighbours,Interaction,pli_qcov,50,75.0
7wzx__1__1.A__1.B_1.D_1.E_1.I,0.875,2,25.0,0,,25.0,No neighbours,Interaction,pli_qcov,50,87.5
7x0b__1__1.A__1.C_1.E_1.N,1.0,1,27.0,0,,27.0,No neighbours,Interaction,pli_qcov,50,100.0
7x1o__1__1.A__1.C_1.D,0.875,2,62.0,34,55.529411764705884,55.529411764705884,High density,Interaction,pli_qcov,50,87.5
7x2y__1__1.B__1.R_1.S,0.0,2,37.0,0,,37.0,No neighbours,Interaction,pli_qcov,50,0.0
7x3l__1__1.A__1.C_1.D,0.875,2,80.0,582,58.38487972508591,58.38487972508591,High density,Interaction,pli_qcov,50,87.5
7x3m__1__1.A__1.C_1.D,0.875,2,83.0,744,61.60215053763441,61.60215053763441,High density,Interaction,pli_qcov,50,87.5
7x3o__1__1.A__1.C_1.D,0.75,2,81.0,698,59.412607449856736,59.412607449856736,High density,Interaction,pli_qcov,50,75.0
7x4g__1__1.A__1.B_1.C_1.D,0.0,2,47.0,0,,47.0,No neighbours,Interaction,pli_qcov,50,0.0
7x4u__1__1.A__1.B,1.0,1,78.0,34,57.294117647058826,57.294117647058826,High density,Interaction,pli_qcov,50,100.0
7x5w__1__2.A__2.B_2.C,0.5,1,54.0,5,54.0,54.0,Low density,Interaction,pli_qcov,50,50.0
7x69__1__1.A__1.B_1.C,0.5,1,57.0,3,54.666666666666664,54.666666666666664,Low density,Interaction,pli_qcov,50,50.0
7x7j__1__1.A__1.C_1.D,0.5,2,42.0,0,,42.0,No neighbours,Interaction,pli_qcov,50,50.0
7x7k__1__1.A__1.C_1.D,0.5,2,42.0,0,,42.0,No neighbours,Interaction,pli_qcov,50,50.0
7x7x__1__1.A__1.C,0.0,1,70.0,3,56.666666666666664,56.666666666666664,Low density,Interaction,pli_qcov,50,0.0
7x81__1__1.A_1.B__1.D,0.0,1,21.0,0,,21.0,No neighbours,Interaction,pli_qcov,50,0.0
7x86__1__1.A_1.C__1.G,0.0,1,44.0,0,,44.0,No neighbours,Interaction,pli_qcov,50,0.0
7x9d__1__1.A__1.E,0.0,1,38.0,0,,38.0,No neighbours,Interaction,pli_qcov,50,0.0
7x9l__1__1.A__1.C_1.E_1.F,1.0,1,86.0,10,57.9,57.9,Low density,Interaction,pli_qcov,50,100.0
7xaa__1__1.A__1.C_1.D_1.E,0.25,1,73.0,64,57.671875,57.671875,High density,Interaction,pli_qcov,50,25.0
7xbb__1__1.A__1.C_1.D_1.E,0.75,1,100.0,726,64.22865013774104,64.22865013774104,High density,Interaction,pli_qcov,50,75.0
7xbt__1__1.A__1.B_1.C,1.0,1,86.0,45,58.77777777777778,58.77777777777778,High density,Interaction,pli_qcov,50,100.0
7xbv__1__1.A__1.B,0.5,1,67.0,43,58.04651162790697,58.04651162790697,High density,Interaction,pli_qcov,50,50.0
7xdv__1__1.A__1.C_1.D,0.75,1,88.0,81,57.55555555555556,57.55555555555556,High density,Interaction,pli_qcov,50,75.0
7xdy__1__1.A__1.C_1.D,0.75,1,78.0,104,57.69230769230769,57.69230769230769,High density,Interaction,pli_qcov,50,75.0
7xef__1__1.A__1.E,0.0,1,37.0,0,,37.0,No neighbours,Interaction,pli_qcov,50,0.0
7xej__1__1.A_2.A__1.B,1.0,1,68.0,27,52.629629629629626,52.629629629629626,Low density,Interaction,pli_qcov,50,100.0
7xek__1__1.A_2.A__1.B,1.0,1,65.0,10,54.3,54.3,Low density,Interaction,pli_qcov,50,100.0
7xen__1__1.A_2.A__2.B,0.75,1,59.0,28,52.714285714285715,52.714285714285715,Low density,Interaction,pli_qcov,50,75.0
7xep__1__1.A_2.A__1.E,1.0,1,75.0,30,52.833333333333336,52.833333333333336,Low density,Interaction,pli_qcov,50,100.0
7xeq__1__1.A_2.A__2.D,1.0,1,65.0,39,53.97435897435897,53.97435897435897,High density,Interaction,pli_qcov,50,100.0
7xes__1__1.A_2.A__2.D,0.5,1,100.0,69,71.69565217391305,71.69565217391305,High density,Interaction,pli_qcov,50,50.0
7xet__1__1.A_2.A__1.B,1.0,1,73.0,21,53.80952380952381,53.80952380952381,Low density,Interaction,pli_qcov,50,100.0
7xf7__1__1.A__1.B,0.0,1,61.0,1,61.0,61.0,Low density,Interaction,pli_qcov,50,0.0
7xgi__1__1.A__1.B_1.C_1.D,0.625,2,80.0,100,65.12,65.12,High density,Interaction,pli_qcov,50,62.5
7xh6__1__1.A__1.E,1.0,1,80.0,537,57.039106145251395,57.039106145251395,High density,Interaction,pli_qcov,50,100.0
7xhh__1__1.B__1.D,0.25,1,92.0,16,60.25,60.25,Low density,Interaction,pli_qcov,50,25.0
7xhq__1__1.A__1.C,0.75,1,75.0,26,62.26923076923077,62.26923076923077,Low density,Interaction,pli_qcov,50,75.0
7xhy__1__1.A__1.B_1.G,1.0,1,91.0,341,60.199413489736074,60.199413489736074,High density,Interaction,pli_qcov,50,100.0
7xi7__1__1.A__1.B,1.0,1,86.0,202,55.10891089108911,55.10891089108911,High density,Interaction,pli_qcov,50,100.0
7xis__1__1.A__1.B_1.C_1.D,0.0,1,20.0,0,,20.0,No neighbours,Interaction,pli_qcov,50,0.0
7xjb__1__1.A__1.E_1.F_1.G,0.625,2,85.0,90,65.33333333333333,65.33333333333333,High density,Interaction,pli_qcov,50,62.5
7xk9__1__1.A__1.C,1.0,1,87.0,57,64.59649122807018,64.59649122807018,High density,Interaction,pli_qcov,50,100.0
7xka__1__1.A__1.C,1.0,1,86.0,69,63.21739130434783,63.21739130434783,High density,Interaction,pli_qcov,50,100.0
7xlp__1__1.A__1.B,1.0,1,60.0,26,53.26923076923077,53.26923076923077,Low density,Interaction,pli_qcov,50,100.0
7xmk__1__1.A__1.D,1.0,1,80.0,688,55.23255813953488,55.23255813953488,High density,Interaction,pli_qcov,50,100.0
7xnc__1__1.A__1.B,0.75,1,67.0,263,56.669201520912544,56.669201520912544,High density,Interaction,pli_qcov,50,75.0
7xoz__1__1.B__1.F,0.0,1,56.0,2,56.0,56.0,Low density,Interaction,pli_qcov,50,0.0
7xpo__1__1.B__1.H,0.75,1,70.0,26,56.80769230769231,56.80769230769231,Low density,Interaction,pli_qcov,50,75.0
7xqv__1__1.A__1.D_1.E,1.0,1,100.0,1774,74.2108229988726,74.2108229988726,High density,Interaction,pli_qcov,50,100.0
7xqz__1__1.A__1.B_1.C_1.D,0.0,1,32.0,0,,32.0,No neighbours,Interaction,pli_qcov,50,0.0
7xr7__1__1.A__1.B_1.C_1.D,0.25,1,35.0,0,,35.0,No neighbours,Interaction,pli_qcov,50,25.0
7xrr__1__1.A__1.B,0.25,1,70.0,7,52.857142857142854,52.857142857142854,Low density,Interaction,pli_qcov,50,25.0
7xsv__1__1.A__1.B,1.0,1,90.0,175,53.48571428571429,53.48571428571429,High density,Interaction,pli_qcov,50,100.0
7xua__1__1.B__1.N,0.25,1,50.0,10,50.0,50.0,Low density,Interaction,pli_qcov,50,25.0
7xuc__1__1.A__1.H,0.0,1,58.0,7,55.142857142857146,55.142857142857146,Low density,Interaction,pli_qcov,50,0.0
7xvh__1__2.A__2.B_2.C,1.0,1,80.0,12,60.833333333333336,60.833333333333336,Low density,Interaction,pli_qcov,50,100.0
7xw8__1__1.A__1.E_1.F,0.5,2,82.0,366,62.595628415300546,62.595628415300546,High density,Interaction,pli_qcov,50,50.0
7xyj__1__1.A_1.B__1.E_1.F,1.0,1,100.0,257,81.89494163424125,81.89494163424125,High density,Interaction,pli_qcov,50,100.0
7xzr__1__1.A_1.C__1.E_1.F,0.0,1,69.0,63,52.111111111111114,52.111111111111114,High density,Interaction,pli_qcov,50,0.0
7y02__1__1.A__1.B_1.C,0.0,2,38.0,0,,38.0,No neighbours,Interaction,pli_qcov,50,0.0
7y03__1__1.A__1.B_1.C,0.125,2,35.0,0,,35.0,No neighbours,Interaction,pli_qcov,50,12.5
7y06__1__1.A__1.B_1.C,0.125,2,38.0,0,,38.0,No neighbours,Interaction,pli_qcov,50,12.5
7y0f__1__1.B__1.G,0.25,1,67.0,34,56.970588235294116,56.970588235294116,High density,Interaction,pli_qcov,50,25.0
7y1h__1__1.B__1.H_1.I_1.K_1.L,0.75,1,80.0,70,57.17142857142857,57.17142857142857,High density,Interaction,pli_qcov,50,75.0
7y3s__1__1.B__1.G_1.H_1.J_1.K,1.0,1,79.0,72,57.80555555555556,57.80555555555556,High density,Interaction,pli_qcov,50,100.0
7y4a__1__1.A__1.I_1.J_1.K,1.0,1,94.0,1776,69.82995495495496,69.82995495495496,High density,Interaction,pli_qcov,50,100.0
7y4u__1__1.A__1.B,0.0,1,50.0,10,50.0,50.0,Low density,Interaction,pli_qcov,50,0.0
7y88__1__1.A__1.B_1.C_1.D,0.5,1,53.0,1,53.0,53.0,Low density,Interaction,pli_qcov,50,50.0
7ya4__1__1.A__1.E_1.F,1.0,1,67.0,36,56.888888888888886,56.888888888888886,High density,Interaction,pli_qcov,50,100.0
7ycc__1__1.A__1.D_1.E_1.F,0.875,2,80.0,273,56.6996336996337,56.6996336996337,High density,Interaction,pli_qcov,50,87.5
7yce__1__1.A__1.B_1.C_1.D_1.E,0.75,2,72.0,734,52.40599455040872,52.40599455040872,High density,Interaction,pli_qcov,50,75.0
7yd2__1__1.A_1.B__1.K,0.0,1,7.0,0,,7.0,No neighbours,Interaction,pli_qcov,50,0.0
7ydx__1__2.B__2.H,1.0,1,77.0,202,57.84653465346535,57.84653465346535,High density,Interaction,pli_qcov,50,100.0
7yh9__1__1.A__1.G_1.H_1.I,0.0,1,79.0,102,54.48039215686274,54.48039215686274,High density,Interaction,pli_qcov,50,0.0
7yha__1__1.A__1.E_1.F_1.G_1.H,0.0,2,40.0,0,,40.0,No neighbours,Interaction,pli_qcov,50,0.0
7yhb__1__1.A__1.C_1.D_1.E,0.0,1,100.0,57,57.96491228070175,57.96491228070175,High density,Interaction,pli_qcov,50,0.0
7yhc__1__1.A__1.I_1.J_1.K,0.0,1,60.0,50,51.2,51.2,High density,Interaction,pli_qcov,50,0.0
7yj9__1__1.A_2.A__2.B,0.25,1,57.0,1,57.0,57.0,Low density,Interaction,pli_qcov,50,25.0
7yja__1__1.A_1.B__1.E,0.0,1,73.0,3,61.0,61.0,Low density,Interaction,pli_qcov,50,0.0
7yjb__1__1.A_2.A__2.B,0.0,1,64.0,1,64.0,64.0,Low density,Interaction,pli_qcov,50,0.0
7yop__1__1.A_1.B__1.E,0.0,1,65.0,14,54.785714285714285,54.785714285714285,Low density,Interaction,pli_qcov,50,0.0
7yp5__1__1.B__1.J_1.K,0.0,1,50.0,1,50.0,50.0,Low density,Interaction,pli_qcov,50,0.0
7yp6__1__1.A__1.D_1.E_1.L,0.0,1,47.0,0,,47.0,No neighbours,Interaction,pli_qcov,50,0.0
7yqf__1__1.B__1.J_1.K,0.75,1,62.0,120,52.3,52.3,High density,Interaction,pli_qcov,50,75.0
7ys8__1__1.B__1.E_1.F,1.0,1,83.0,303,58.65016501650165,58.65016501650165,High density,Interaction,pli_qcov,50,100.0
7ysx__1__1.B__1.J,1.0,1,86.0,111,57.891891891891895,57.891891891891895,High density,Interaction,pli_qcov,50,100.0
7yxd__1__1.A__1.I,1.0,1,90.0,188,57.3936170212766,57.3936170212766,High density,Interaction,pli_qcov,50,100.0
7yxe__1__1.A__1.C,1.0,1,44.0,0,,44.0,No neighbours,Interaction,pli_qcov,50,100.0
7yzs__1__1.A__1.B,0.5,1,47.0,0,,47.0,No neighbours,Interaction,pli_qcov,50,50.0
7yzu__1__1.A__1.B,1.0,1,62.0,4,58.0,58.0,Low density,Interaction,pli_qcov,50,100.0
7z0w__1__1.A_1.B__1.J_1.K,0.5,2,69.0,14,54.42857142857143,54.42857142857143,Low density,Interaction,pli_qcov,50,50.0
7z1g__1__1.A__1.B_1.D,1.0,1,83.0,414,54.05555555555556,54.05555555555556,High density,Interaction,pli_qcov,50,100.0
7z1r__1__1.A_2.A__1.B,0.25,1,83.0,34,58.029411764705884,58.029411764705884,High density,Interaction,pli_qcov,50,25.0
7z1v__1__1.A__1.C,1.0,1,71.0,57,59.21052631578947,59.21052631578947,High density,Interaction,pli_qcov,50,100.0
7z1w__1__1.A__1.C,1.0,1,83.0,85,61.89411764705882,61.89411764705882,High density,Interaction,pli_qcov,50,100.0
7z2q__1__1.A__1.C,1.0,1,70.0,78,54.87179487179487,54.87179487179487,High density,Interaction,pli_qcov,50,100.0
7z39__1__1.A__1.C,0.0,1,89.0,232,60.26724137931034,60.26724137931034,High density,Interaction,pli_qcov,50,0.0
7z3k__1__1.A__1.D_1.DA_1.E_1.F_1.P,0.5,1,35.0,0,,35.0,No neighbours,Interaction,pli_qcov,50,50.0
7z3y__1__1.A__1.D,0.5,1,50.0,2,50.0,50.0,Low density,Interaction,pli_qcov,50,50.0
7z41__1__1.A__1.C,0.75,1,86.0,75,64.90666666666667,64.90666666666667,High density,Interaction,pli_qcov,50,75.0
7z57__1__1.A__1.B_1.C_1.J,0.0,2,50.0,4,50.0,50.0,Low density,Interaction,pli_qcov,50,0.0
7z5b__1__1.A__1.D,0.75,1,80.0,11,59.09090909090909,59.09090909090909,Low density,Interaction,pli_qcov,50,75.0
7z5n__1__1.A__1.I_1.L_1.M,1.0,1,86.0,221,55.5972850678733,55.5972850678733,High density,Interaction,pli_qcov,50,100.0
7z5u__1__1.A__1.B_1.C,0.5,1,18.0,0,,18.0,No neighbours,Interaction,pli_qcov,50,50.0
7z5x__1__1.A__1.C,1.0,1,85.0,100,55.75,55.75,High density,Interaction,pli_qcov,50,100.0
7z62__1__2.A_2.B__2.C_2.D,0.0,1,56.0,5,56.0,56.0,Low density,Interaction,pli_qcov,50,0.0
7z63__1__1.A__1.E_1.F,0.5,1,86.0,66,60.65151515151515,60.65151515151515,High density,Interaction,pli_qcov,50,50.0
7z6c__1__1.A__1.B_1.C_1.D,0.5833333333333334,3,81.0,447,61.68456375838926,61.68456375838926,High density,Interaction,pli_qcov,50,58.333333333333336
7z6z__1__1.A__1.H_1.I_1.J_1.O_1.Y,0.75,1,73.0,21,59.61904761904762,59.61904761904762,Low density,Interaction,pli_qcov,50,75.0
7z70__1__1.A__1.C_1.E_1.L,1.0,1,62.0,1,62.0,62.0,Low density,Interaction,pli_qcov,50,100.0
7z74__1__1.A__1.B_1.C,0.5,1,62.0,4,53.0,53.0,Low density,Interaction,pli_qcov,50,50.0
7z78__1__1.A__1.D,1.0,1,83.0,83,52.68674698795181,52.68674698795181,High density,Interaction,pli_qcov,50,100.0
7z9t__1__1.A__1.C,0.5,1,75.0,303,54.92079207920792,54.92079207920792,High density,Interaction,pli_qcov,50,50.0
7za0__1__1.A__1.B,0.25,1,100.0,23,69.8695652173913,69.8695652173913,Low density,Interaction,pli_qcov,50,25.0
7zaa__1__1.A__1.C,1.0,1,100.0,939,75.61235356762514,75.61235356762514,High density,Interaction,pli_qcov,50,100.0
7zbv__1__1.A__1.B_1.E,0.0,1,57.0,1,57.0,57.0,Low density,Interaction,pli_qcov,50,0.0
7zeg__1__1.A__1.C,0.5,1,37.0,0,,37.0,No neighbours,Interaction,pli_qcov,50,50.0
7zej__1__1.A_2.B__1.C_1.D,0.625,2,62.0,10,58.2,58.2,Low density,Interaction,pli_qcov,50,62.5
7zer__1__1.A__1.B_1.C,1.0,1,60.0,7,53.142857142857146,53.142857142857146,Low density,Interaction,pli_qcov,50,100.0
7zf0__1__1.A__1.B_1.C_1.I_1.J_1.K,1.0,1,50.0,6,50.0,50.0,Low density,Interaction,pli_qcov,50,100.0
7zfv__1__1.A__1.C,0.0,1,100.0,1097,70.897903372835,70.897903372835,High density,Interaction,pli_qcov,50,0.0
7zg9__1__1.A__1.C,0.0,1,22.0,0,,22.0,No neighbours,Interaction,pli_qcov,50,0.0
7zgb__1__1.A__1.B,0.5,1,60.0,1,60.0,60.0,Low density,Interaction,pli_qcov,50,50.0
7zgc__1__1.A__1.B,0.25,1,50.0,1,50.0,50.0,Low density,Interaction,pli_qcov,50,25.0
7zgd__1__1.A__1.B,0.25,1,57.0,1,57.0,57.0,Low density,Interaction,pli_qcov,50,25.0
7zhf__1__1.A_2.A__1.B_1.C,0.75,1,50.0,2,50.0,50.0,Low density,Interaction,pli_qcov,50,75.0
7zi0__1__1.A__1.C,0.25,1,67.0,3,67.0,67.0,Low density,Interaction,pli_qcov,50,25.0
7zif__1__1.A__1.B_1.C,0.0,1,36.0,0,,36.0,No neighbours,Interaction,pli_qcov,50,0.0
7zig__1__1.A__1.B_1.C,0.25,1,36.0,0,,36.0,No neighbours,Interaction,pli_qcov,50,25.0
7zih__1__1.A__1.B_1.C,0.25,1,42.0,0,,42.0,No neighbours,Interaction,pli_qcov,50,25.0
7zii__1__1.A__1.B_1.C,0.25,1,45.0,0,,45.0,No neighbours,Interaction,pli_qcov,50,25.0
7zij__1__1.A__1.B_1.C,0.25,1,36.0,0,,36.0,No neighbours,Interaction,pli_qcov,50,25.0
7zik__1__1.A__1.D,0.5,1,90.0,5,68.0,68.0,Low density,Interaction,pli_qcov,50,50.0
7ziy__1__1.A__1.C,0.75,1,62.0,10,53.6,53.6,Low density,Interaction,pli_qcov,50,75.0
7zj0__1__1.A__1.C,0.5,1,57.0,3,57.0,57.0,Low density,Interaction,pli_qcov,50,50.0
7zjp__1__1.A__1.C,1.0,1,64.0,16,56.125,56.125,Low density,Interaction,pli_qcov,50,100.0
7zjq__1__1.A__1.E,0.75,1,50.0,1,50.0,50.0,Low density,Interaction,pli_qcov,50,75.0
7zks__1__1.A__1.B,0.25,1,75.0,271,52.2619926199262,52.2619926199262,High density,Interaction,pli_qcov,50,25.0
7zkx__1__1.A__1.B_1.L,0.0,1,86.0,292,59.88356164383562,59.88356164383562,High density,Interaction,pli_qcov,50,0.0
7zl5__1__1.A__1.C_1.D_1.E,0.75,1,71.0,132,57.10606060606061,57.10606060606061,High density,Interaction,pli_qcov,50,75.0
7zo2__1__2.A__2.B_2.C_2.F,0.0,1,81.0,32,67.75,67.75,Low density,Interaction,pli_qcov,50,0.0
7zo3__1__2.A__2.B_2.C_2.G,0.0,1,93.0,40,73.825,73.825,High density,Interaction,pli_qcov,50,0.0
7zo4__1__1.A__1.B_1.C_1.G,0.5,1,92.0,38,76.44736842105263,76.44736842105263,High density,Interaction,pli_qcov,50,50.0
7zsm__1__1.A_2.A__1.B,1.0,1,89.0,29,65.48275862068965,65.48275862068965,Low density,Interaction,pli_qcov,50,100.0
7zso__1__1.A_1.C__1.S,0.25,1,59.0,10,56.0,56.0,Low density,Interaction,pli_qcov,50,25.0
7zsq__1__1.B_1.C__1.G_1.I,0.75,1,56.0,18,52.0,52.0,Low density,Interaction,pli_qcov,50,75.0
7zst__1__1.B_1.C__1.H,0.0,1,60.0,16,60.0,60.0,Low density,Interaction,pli_qcov,50,0.0
7zwb__1__1.A__1.D,0.0,1,56.0,4,56.0,56.0,Low density,Interaction,pli_qcov,50,0.0
7zxw__1__1.A__1.C_1.D_1.G,0.5,1,75.0,1,75.0,75.0,Low density,Interaction,pli_qcov,50,50.0
7zxz__1__2.A_2.B__2.E,0.0,1,92.0,318,66.73270440251572,66.73270440251572,High density,Interaction,pli_qcov,50,0.0
7zym__1__1.A__1.B,0.75,1,100.0,803,54.81693648816937,54.81693648816937,High density,Interaction,pli_qcov,50,75.0
7zyn__1__1.A__1.B,0.75,1,100.0,879,57.69965870307167,57.69965870307167,High density,Interaction,pli_qcov,50,75.0
7zzs__1__1.A__1.D_1.J_1.L,0.625,2,69.0,68,55.38235294117647,55.38235294117647,High density,Interaction,pli_qcov,50,62.5
7zzt__1__1.A__1.D_1.J,0.75,1,88.0,128,53.1484375,53.1484375,High density,Interaction,pli_qcov,50,75.0
7zzu__1__1.A__1.M_1.P,0.5,1,57.0,8,57.0,57.0,Low density,Interaction,pli_qcov,50,50.0
7zzw__1__1.A__1.I_1.L,0.75,1,50.0,1,50.0,50.0,Low density,Interaction,pli_qcov,50,75.0
8a0b__1__1.A__1.D_1.H,0.75,1,60.0,59,50.847457627118644,50.847457627118644,High density,Interaction,pli_qcov,50,75.0
8a0t__1__1.A__1.C,0.0,1,60.0,16,51.25,51.25,Low density,Interaction,pli_qcov,50,0.0
8a0z__1__1.A__1.C_1.D_1.F,1.0,2,77.0,1184,59.961148648648646,59.961148648648646,High density,Interaction,pli_qcov,50,100.0
8a12__1__1.A__1.D_1.G,0.75,1,70.0,3,60.0,60.0,Low density,Interaction,pli_qcov,50,75.0
8a2p__1__1.A__1.B,0.75,1,88.0,19,57.8421052631579,57.8421052631579,Low density,Interaction,pli_qcov,50,75.0
8a34__1__1.A__1.C_1.D,0.0,1,91.0,36,67.25,67.25,High density,Interaction,pli_qcov,50,0.0
8a3a__1__1.A__1.B,1.0,1,83.0,47,59.1063829787234,59.1063829787234,High density,Interaction,pli_qcov,50,100.0
8a4a__1__1.B__1.C_1.D,1.0,1,93.0,1635,62.86055045871559,62.86055045871559,High density,Interaction,pli_qcov,50,100.0
8a4q__1__1.A_2.A__1.B,0.0,1,62.0,18,51.333333333333336,51.333333333333336,Low density,Interaction,pli_qcov,50,0.0
8a56__1__1.A_1.B__1.I,0.75,1,53.0,1,53.0,53.0,Low density,Interaction,pli_qcov,50,75.0
8a66__1__1.A__1.C,1.0,1,83.0,1167,55.62382176520994,55.62382176520994,High density,Interaction,pli_qcov,50,100.0
8a6v__1__1.A__1.C_1.D_1.E_1.F_1.G,0.875,2,62.0,10,56.6,56.6,Low density,Interaction,pli_qcov,50,87.5
8a70__1__1.A_1.B__1.D_1.E_1.F_1.G,0.5,1,50.0,1,50.0,50.0,Low density,Interaction,pli_qcov,50,50.0
8a7a__1__1.A_1.B__1.C_1.E_1.F_1.G,0.5,1,48.0,0,,48.0,No neighbours,Interaction,pli_qcov,50,50.0
8a7i__1__1.A__1.C,0.0,1,83.0,63,52.333333333333336,52.333333333333336,High density,Interaction,pli_qcov,50,0.0
8a9i__1__1.A__1.B,0.5,1,67.0,77,51.324675324675326,51.324675324675326,High density,Interaction,pli_qcov,50,50.0
8acm__1__1.A__1.E,0.5,1,89.0,60,61.68333333333333,61.68333333333333,High density,Interaction,pli_qcov,50,50.0
8ad7__1__1.A__1.J,1.0,1,82.0,11,62.36363636363637,62.36363636363637,Low density,Interaction,pli_qcov,50,100.0
8adf__1__1.B__1.D,0.25,1,83.0,83,53.66265060240964,53.66265060240964,High density,Interaction,pli_qcov,50,25.0
8adj__1__1.A__1.D,0.75,1,75.0,1,75.0,75.0,Low density,Interaction,pli_qcov,50,75.0
8ai3__1__1.A__1.C_1.E,1.0,1,25.0,0,,25.0,No neighbours,Interaction,pli_qcov,50,100.0
8ai7__1__1.A__1.Q,0.0,1,80.0,2,70.0,70.0,Low density,Interaction,pli_qcov,50,0.0
8aij__1__1.C_1.D__1.O_1.P_1.Q,0.25,1,60.0,14,52.142857142857146,52.142857142857146,Low density,Interaction,pli_qcov,50,25.0
8ajk__1__1.A_1.B__1.D_1.E,1.0,1,71.0,231,58.268398268398265,58.268398268398265,High density,Interaction,pli_qcov,50,100.0
8ak3__1__1.A__1.B_1.C,1.0,1,50.0,6,50.0,50.0,Low density,Interaction,pli_qcov,50,100.0
8ak5__1__1.A__1.C_1.E_1.F_1.G,0.5,2,74.0,124,58.04838709677419,58.04838709677419,High density,Interaction,pli_qcov,50,50.0
8ak6__1__1.A__1.E_1.F_1.H,0.5,1,62.0,14,54.285714285714285,54.285714285714285,Low density,Interaction,pli_qcov,50,50.0
8ak7__1__1.A__1.C_1.E_1.G,0.5,2,91.0,188,63.648936170212764,63.648936170212764,High density,Interaction,pli_qcov,50,50.0
8ak8__1__1.A__1.C_1.F_1.L,0.5,2,85.0,180,60.48888888888889,60.48888888888889,High density,Interaction,pli_qcov,50,50.0
8akd__1__1.A__1.C_1.E,0.5,2,86.0,240,65.61666666666666,65.61666666666666,High density,Interaction,pli_qcov,50,50.0
8akg__1__1.A__1.F_1.O,0.5,1,64.0,1,64.0,64.0,Low density,Interaction,pli_qcov,50,50.0
8am2__1__1.A__1.D,0.0,1,67.0,8,56.25,56.25,Low density,Interaction,pli_qcov,50,0.0
8aop__1__1.A__1.E,0.5,1,89.0,136,65.22058823529412,65.22058823529412,High density,Interaction,pli_qcov,50,50.0
8apt__1__1.A_2.A__1.B,1.0,1,100.0,85,66.6470588235294,66.6470588235294,High density,Interaction,pli_qcov,50,100.0
8apu__1__1.A_2.A__1.B,1.0,1,88.0,90,59.65555555555556,59.65555555555556,High density,Interaction,pli_qcov,50,100.0
8apw__1__1.A_2.A__2.C,1.0,1,64.0,27,58.333333333333336,58.333333333333336,Low density,Interaction,pli_qcov,50,100.0
8aqf__1__1.A__1.B,0.0,1,67.0,6,57.833333333333336,57.833333333333336,Low density,Interaction,pli_qcov,50,0.0
8aqj__1__1.A_3.A__3.B,0.5,1,100.0,307,68.73615635179154,68.73615635179154,High density,Interaction,pli_qcov,50,50.0
8arj__1__1.A__1.B,1.0,1,78.0,293,58.9283276450512,58.9283276450512,High density,Interaction,pli_qcov,50,100.0
8ase__1__1.B__1.F_1.G,0.5,1,75.0,274,55.74452554744526,55.74452554744526,High density,Interaction,pli_qcov,50,50.0
8asf__1__1.B__1.E,0.0,1,70.0,230,53.130434782608695,53.130434782608695,High density,Interaction,pli_qcov,50,0.0
8atb__1__1.A__1.C,1.0,1,50.0,2,50.0,50.0,Low density,Interaction,pli_qcov,50,100.0
8atl__1__1.A__1.C,1.0,1,41.0,0,,41.0,No neighbours,Interaction,pli_qcov,50,100.0
8aty__1__1.A__1.B_1.C,0.0,2,67.0,2,67.0,67.0,Low density,Interaction,pli_qcov,50,0.0
8au8__1__1.A_1.B__1.C_1.D_1.H,0.5,2,88.0,176,63.65909090909091,63.65909090909091,High density,Interaction,pli_qcov,50,50.0
8aue__1__1.A__1.C_1.D,0.5,2,77.0,508,63.153543307086615,63.153543307086615,High density,Interaction,pli_qcov,50,50.0
8aui__1__1.A_1.B__1.C_1.D_1.G,0.3333333333333333,3,83.0,381,58.30708661417323,58.30708661417323,High density,Interaction,pli_qcov,50,33.33333333333333
8auj__1__1.A__1.C_1.D,0.5,2,69.0,432,57.7962962962963,57.7962962962963,High density,Interaction,pli_qcov,50,50.0
8av1__1__1.B__1.J_1.M,1.0,1,89.0,513,59.45224171539961,59.45224171539961,High density,Interaction,pli_qcov,50,100.0
8aw1__1__1.A__1.C,1.0,1,69.0,47,54.8936170212766,54.8936170212766,High density,Interaction,pli_qcov,50,100.0
8aw7__1__1.A__1.B_1.C,0.25,1,68.0,13,62.23076923076923,62.23076923076923,Low density,Interaction,pli_qcov,50,25.0
8axp__1__1.A__1.C,0.0,1,17.0,0,,17.0,No neighbours,Interaction,pli_qcov,50,0.0
8ay6__1__1.A_1.B__1.C,0.5,1,83.0,91,58.91208791208791,58.91208791208791,High density,Interaction,pli_qcov,50,50.0
8ay8__1__1.A_1.B__1.D,1.0,1,69.0,11,59.0,59.0,Low density,Interaction,pli_qcov,50,100.0
8aya__1__1.A_1.B__1.C,1.0,1,90.0,72,61.25,61.25,High density,Interaction,pli_qcov,50,100.0
8azd__1__1.A__1.C,1.0,1,89.0,84,64.05952380952381,64.05952380952381,High density,Interaction,pli_qcov,50,100.0
8azi__1__1.A__1.C,1.0,1,95.0,74,64.1891891891892,64.1891891891892,High density,Interaction,pli_qcov,50,100.0
8azl__1__1.A__1.C,1.0,1,88.0,72,64.84722222222223,64.84722222222223,High density,Interaction,pli_qcov,50,100.0
8azm__1__1.A__1.C,1.0,1,80.0,64,62.1875,62.1875,High density,Interaction,pli_qcov,50,100.0
8azo__1__1.A__1.C,1.0,1,88.0,72,62.361111111111114,62.361111111111114,High density,Interaction,pli_qcov,50,100.0
8azp__1__1.A__1.C,1.0,1,100.0,117,62.81196581196581,62.81196581196581,High density,Interaction,pli_qcov,50,100.0
8b08__1__1.B__1.E,1.0,1,100.0,239,75.54811715481172,75.54811715481172,High density,Interaction,pli_qcov,50,100.0
8b1n__1__1.A_1.B__1.C_1.Q,1.0,1,70.0,29,55.86206896551724,55.86206896551724,Low density,Interaction,pli_qcov,50,100.0
8b1v__1__1.A_1.B__1.E,0.0,1,27.0,0,,27.0,No neighbours,Interaction,pli_qcov,50,0.0
8b25__1__1.A_1.B__1.J,0.0,1,40.0,0,,40.0,No neighbours,Interaction,pli_qcov,50,0.0
8b35__1__1.A_1.B__1.E,0.0,1,75.0,4,58.25,58.25,Low density,Interaction,pli_qcov,50,0.0
8b43__1__1.A__1.H_1.I_1.J_1.K_1.L,0.0,3,44.0,0,,44.0,No neighbours,Interaction,pli_qcov,50,0.0
8b5s__1__1.B__1.D,0.0,1,54.0,1,54.0,54.0,Low density,Interaction,pli_qcov,50,0.0
8b62__1__1.A__1.C,0.5,1,64.0,1,64.0,64.0,Low density,Interaction,pli_qcov,50,50.0
8b6m__1__1.A_1.B__1.E,1.0,1,76.0,50,60.52,60.52,High density,Interaction,pli_qcov,50,100.0
8b72__1__1.A_1.B__1.F_1.G,0.0,1,33.0,0,,33.0,No neighbours,Interaction,pli_qcov,50,0.0
8b75__1__1.A__1.B,0.75,1,75.0,2,71.0,71.0,Low density,Interaction,pli_qcov,50,75.0
8b80__1__1.A__1.F_1.G,0.75,1,83.0,48,55.833333333333336,55.833333333333336,High density,Interaction,pli_qcov,50,75.0
8b8h__1__1.A_1.B__1.H_1.K,1.0,1,71.0,2,64.0,64.0,Low density,Interaction,pli_qcov,50,100.0
8b8x__1__1.A_1.C__1.E,0.25,1,53.0,5,53.0,53.0,Low density,Interaction,pli_qcov,50,25.0
8b8z__1__1.A__1.E,0.25,1,60.0,3,55.333333333333336,55.333333333333336,Low density,Interaction,pli_qcov,50,25.0
8b91__1__1.A__1.E,0.0,1,50.0,1,50.0,50.0,Low density,Interaction,pli_qcov,50,0.0
8b9h__1__1.A__1.B,0.75,1,80.0,451,53.76940133037694,53.76940133037694,High density,Interaction,pli_qcov,50,75.0
8b9u__1__1.A_1.B__1.C_1.H,0.0,1,20.0,0,,20.0,No neighbours,Interaction,pli_qcov,50,0.0
8bab__1__1.A__1.H_1.I,0.75,1,100.0,774,63.77260981912145,63.77260981912145,High density,Interaction,pli_qcov,50,75.0
8baj__1__1.A__1.B,1.0,1,83.0,164,60.58536585365854,60.58536585365854,High density,Interaction,pli_qcov,50,100.0
8bam__1__1.A__1.C_1.D,0.875,2,78.0,176,56.61363636363637,56.61363636363637,High density,Interaction,pli_qcov,50,87.5
8bcy__1__1.A__1.C,0.75,1,82.0,34,61.88235294117647,61.88235294117647,High density,Interaction,pli_qcov,50,75.0
8bdm__1__1.C__1.M,1.0,1,82.0,82,62.90243902439025,62.90243902439025,High density,Interaction,pli_qcov,50,100.0
8bgc__1__1.A__1.F,1.0,1,85.0,106,59.764150943396224,59.764150943396224,High density,Interaction,pli_qcov,50,100.0
8bgt__1__1.A_2.A__2.D,0.0,1,40.0,0,,40.0,No neighbours,Interaction,pli_qcov,50,0.0
8bgx__1__1.A_1.D__1.E_1.F_1.I,0.625,2,52.0,2,52.0,52.0,Low density,Interaction,pli_qcov,50,62.5
8bgy__1__1.A_1.B__1.E_1.F,0.5,2,48.0,0,,48.0,No neighbours,Interaction,pli_qcov,50,50.0
8bgz__1__1.A_1.B__1.F,0.0,1,27.0,0,,27.0,No neighbours,Interaction,pli_qcov,50,0.0
8bh0__1__1.A_1.D__1.J,0.0,1,29.0,0,,29.0,No neighbours,Interaction,pli_qcov,50,0.0
8bi6__1__1.A__1.D,0.0,1,54.0,2,54.0,54.0,Low density,Interaction,pli_qcov,50,0.0
8bid__1__1.C_2.A__2.F_2.G,0.0,1,25.0,0,,25.0,No neighbours,Interaction,pli_qcov,50,0.0
8bih__1__1.A_1.L__1.N,0.0,1,25.0,0,,25.0,No neighbours,Interaction,pli_qcov,50,0.0
8bir__1__1.A_1.B__1.D,0.0,1,17.0,0,,17.0,No neighbours,Interaction,pli_qcov,50,0.0
8bj3__1__1.A_1.B__1.C,1.0,1,60.0,12,55.666666666666664,55.666666666666664,Low density,Interaction,pli_qcov,50,100.0
8bjd__1__1.A__1.B,1.0,1,91.0,112,60.38392857142857,60.38392857142857,High density,Interaction,pli_qcov,50,100.0
8bji__1__1.A_1.B__1.C_1.D,1.0,1,95.0,259,60.575289575289574,60.575289575289574,High density,Interaction,pli_qcov,50,100.0
8bjt__1__1.A__1.C,1.0,1,82.0,109,57.72477064220183,57.72477064220183,High density,Interaction,pli_qcov,50,100.0
8bju__1__1.A__1.B,1.0,1,91.0,189,60.23809523809524,60.23809523809524,High density,Interaction,pli_qcov,50,100.0
8bk0__1__1.A__1.H,1.0,1,89.0,541,61.79482439926063,61.79482439926063,High density,Interaction,pli_qcov,50,100.0
8bl0__1__1.A__1.C_1.E,0.75,2,58.0,54,52.851851851851855,52.851851851851855,High density,Interaction,pli_qcov,50,75.0
8bl1__1__1.A__1.C_1.E,0.75,2,65.0,78,55.51282051282051,55.51282051282051,High density,Interaction,pli_qcov,50,75.0
8blz__1__1.A__1.B_1.D,1.0,1,94.0,55,65.8,65.8,High density,Interaction,pli_qcov,50,100.0
8bnx__1__1.A__1.C,0.0,1,79.0,29,60.93103448275862,60.93103448275862,Low density,Interaction,pli_qcov,50,0.0
8bo3__1__1.A__1.B,1.0,1,69.0,33,57.06060606060606,57.06060606060606,High density,Interaction,pli_qcov,50,100.0
8bo4__1__1.A__1.C,1.0,1,73.0,40,59.05,59.05,High density,Interaction,pli_qcov,50,100.0
8boc__1__1.A__1.B,1.0,1,85.0,278,61.726618705035975,61.726618705035975,High density,Interaction,pli_qcov,50,100.0
8bok__1__1.A__1.B,1.0,1,85.0,226,61.24778761061947,61.24778761061947,High density,Interaction,pli_qcov,50,100.0
8bq4__1__1.B__1.D,0.25,1,75.0,19,56.421052631578945,56.421052631578945,Low density,Interaction,pli_qcov,50,25.0
8br0__1__1.A_1.B__1.E_1.F_1.G,1.0,2,82.0,120,64.5,64.5,High density,Interaction,pli_qcov,50,100.0
8br5__1__1.A__1.E,1.0,1,89.0,342,60.14912280701754,60.14912280701754,High density,Interaction,pli_qcov,50,100.0
8br6__1__1.A__1.C,1.0,1,71.0,228,52.30263157894737,52.30263157894737,High density,Interaction,pli_qcov,50,100.0
8bsg__1__1.A__1.B,0.25,1,73.0,3,61.0,61.0,Low density,Interaction,pli_qcov,50,25.0
8bst__1__1.A__1.R,0.75,1,85.0,649,67.23728813559322,67.23728813559322,High density,Interaction,pli_qcov,50,75.0
8bsu__1__1.A_1.D__1.I_1.OA_1.SA,0.5,2,100.0,36,54.166666666666664,54.166666666666664,High density,Interaction,pli_qcov,50,50.0
8bt0__1__1.A__1.M,1.0,1,64.0,9,60.0,60.0,Low density,Interaction,pli_qcov,50,100.0
8bt2__1__1.A__1.M,1.0,1,75.0,16,65.3125,65.3125,Low density,Interaction,pli_qcov,50,100.0
8bvx__1__1.A__1.D_1.F,0.25,1,30.0,0,,30.0,No neighbours,Interaction,pli_qcov,50,25.0
8bxx__1__1.A__1.E_1.F,1.0,1,93.0,146,69.23287671232876,69.23287671232876,High density,Interaction,pli_qcov,50,100.0
8bzx__1__1.A_1.B__1.E_1.F,0.75,1,73.0,2,63.0,63.0,Low density,Interaction,pli_qcov,50,75.0
8c08__1__1.A__1.C_1.D,1.0,1,73.0,4,63.75,63.75,Low density,Interaction,pli_qcov,50,100.0
8c0q__1__1.A__1.B_1.C,0.25,1,100.0,408,55.794117647058826,55.794117647058826,High density,Interaction,pli_qcov,50,25.0
8c0r__1__1.A__1.B_1.C,0.25,1,100.0,609,59.004926108374384,59.004926108374384,High density,Interaction,pli_qcov,50,25.0
8c1f__1__1.A__1.B_1.C_1.D_1.J,0.5,2,40.0,0,,40.0,No neighbours,Interaction,pli_qcov,50,50.0
8c1m__1__1.A__1.C,0.0,1,71.0,7,59.0,59.0,Low density,Interaction,pli_qcov,50,0.0
8c3i__1__1.B__1.D,1.0,1,88.0,105,68.84761904761905,68.84761904761905,High density,Interaction,pli_qcov,50,100.0
8c3n__1__1.A__1.C_1.D,1.0,1,72.0,22,55.63636363636363,55.63636363636363,Low density,Interaction,pli_qcov,50,100.0
8c3r__1__1.A__1.C,0.0,1,56.0,7,51.714285714285715,51.714285714285715,Low density,Interaction,pli_qcov,50,0.0
8c47__1__1.B__1.E_1.F,1.0,1,83.0,233,62.957081545064376,62.957081545064376,High density,Interaction,pli_qcov,50,100.0
8c4w__1__1.A__1.J_1.K_1.P,0.25,2,46.0,0,,46.0,No neighbours,Interaction,pli_qcov,50,25.0
8c6f__1__1.A__1.B_1.C,1.0,1,93.0,52,65.40384615384616,65.40384615384616,High density,Interaction,pli_qcov,50,100.0
8c6l__1__1.A__1.C,0.75,1,77.0,56,57.732142857142854,57.732142857142854,High density,Interaction,pli_qcov,50,75.0
8c6n__1__1.A__1.B,0.75,1,90.0,383,55.84856396866841,55.84856396866841,High density,Interaction,pli_qcov,50,75.0
8c6o__1__1.A__1.C,1.0,1,55.0,18,51.111111111111114,51.111111111111114,Low density,Interaction,pli_qcov,50,100.0
8c6p__1__1.A__1.B,0.0,1,75.0,284,52.897887323943664,52.897887323943664,High density,Interaction,pli_qcov,50,0.0
8c6q__1__1.A__1.C,0.0,1,83.0,44,57.31818181818182,57.31818181818182,High density,Interaction,pli_qcov,50,0.0
8c6s__1__1.A__1.C,0.0,1,75.0,165,53.58181818181818,53.58181818181818,High density,Interaction,pli_qcov,50,0.0
8c6z__1__1.A__1.C_1.E,0.0,1,69.0,6,56.166666666666664,56.166666666666664,Low density,Interaction,pli_qcov,50,0.0
8c70__1__1.A__1.B,0.0,1,71.0,122,58.14754098360656,58.14754098360656,High density,Interaction,pli_qcov,50,0.0
8c71__1__1.A__1.C,0.0,1,80.0,17,64.70588235294117,64.70588235294117,Low density,Interaction,pli_qcov,50,0.0
8c74__1__1.A__1.C,0.0,1,64.0,2,59.5,59.5,Low density,Interaction,pli_qcov,50,0.0
8c7r__1__1.A__1.C_1.D,0.625,2,42.0,0,,42.0,No neighbours,Interaction,pli_qcov,50,62.5
8c9d__1__1.A__1.D,0.5,1,48.0,0,,48.0,No neighbours,Interaction,pli_qcov,50,50.0
8c9e__1__1.A__1.C,1.0,1,69.0,5,58.6,58.6,Low density,Interaction,pli_qcov,50,100.0
8c9s__1__1.B__1.F_1.G,1.0,1,88.0,107,60.81308411214953,60.81308411214953,High density,Interaction,pli_qcov,50,100.0
8caa__1__1.B__1.F,1.0,1,82.0,9,60.0,60.0,Low density,Interaction,pli_qcov,50,100.0
8cbh__1__1.A__1.C,0.25,1,88.0,27,59.51851851851852,59.51851851851852,Low density,Interaction,pli_qcov,50,25.0
8cbr__1__1.A_1.B_1.D__1.E,0.0,1,56.0,18,52.333333333333336,52.333333333333336,Low density,Interaction,pli_qcov,50,0.0
8cbs__1__1.B_1.C_1.D__1.L,0.0,1,45.0,0,,45.0,No neighbours,Interaction,pli_qcov,50,0.0
8cbu__1__1.A_1.B_1.D__1.M,0.0,1,61.0,30,51.96666666666667,51.96666666666667,Low density,Interaction,pli_qcov,50,0.0
8ccj__1__1.A_2.A__1.B_1.J,1.0,1,68.0,52,57.01923076923077,57.01923076923077,High density,Interaction,pli_qcov,50,100.0
8cdw__1__1.B__1.D,1.0,1,100.0,1043,56.95110258868648,56.95110258868648,High density,Interaction,pli_qcov,50,100.0
8cdx__1__1.A__1.C_1.D,0.25,1,100.0,742,55.17654986522911,55.17654986522911,High density,Interaction,pli_qcov,50,25.0
8cdz__1__1.A__1.C_1.D_1.E,0.25,1,75.0,182,52.8021978021978,52.8021978021978,High density,Interaction,pli_qcov,50,25.0
8ceq__1__1.A__1.C,1.0,1,71.0,28,63.5,63.5,Low density,Interaction,pli_qcov,50,100.0
8ces__1__1.A__1.C,0.25,1,80.0,28,77.28571428571429,77.28571428571429,Low density,Interaction,pli_qcov,50,25.0
8cev__1__1.A__1.C,1.0,1,87.0,28,77.78571428571429,77.78571428571429,Low density,Interaction,pli_qcov,50,100.0
8cex__1__1.A__1.D,0.75,1,57.0,5,57.0,57.0,Low density,Interaction,pli_qcov,50,75.0
8cey__1__1.A__1.D,0.0,1,57.0,5,57.0,57.0,Low density,Interaction,pli_qcov,50,0.0
8chc__1__1.A__1.B,0.75,1,38.0,0,,38.0,No neighbours,Interaction,pli_qcov,50,75.0
8chk__1__1.A__1.D,1.0,1,83.0,175,65.98285714285714,65.98285714285714,High density,Interaction,pli_qcov,50,100.0
8chl__1__1.A__1.C_1.E,1.0,1,85.0,163,67.30061349693251,67.30061349693251,High density,Interaction,pli_qcov,50,100.0
8cij__1__1.A__1.B,0.0,1,57.0,45,50.93333333333333,50.93333333333333,High density,Interaction,pli_qcov,50,0.0
8cji__1__1.A__1.B_1.C,0.25,1,56.0,12,56.0,56.0,Low density,Interaction,pli_qcov,50,25.0
8cjj__1__1.A__1.B_1.C,0.25,1,42.0,0,,42.0,No neighbours,Interaction,pli_qcov,50,25.0
8cjk__1__1.A__1.B_1.C,0.25,1,38.0,0,,38.0,No neighbours,Interaction,pli_qcov,50,25.0
8cjo__1__1.A__1.B_1.C,0.0,1,75.0,3,75.0,75.0,Low density,Interaction,pli_qcov,50,0.0
8cju__1__1.A__1.B,0.0,1,48.0,0,,48.0,No neighbours,Interaction,pli_qcov,50,0.0
8ck5__1__1.A__1.D,1.0,1,83.0,177,61.40677966101695,61.40677966101695,High density,Interaction,pli_qcov,50,100.0
8ckc__1__2.A__2.D,1.0,1,83.0,195,60.4974358974359,60.4974358974359,High density,Interaction,pli_qcov,50,100.0
8ckh__1__1.A_1.B__1.D,0.0,1,65.0,3,61.0,61.0,Low density,Interaction,pli_qcov,50,0.0
8cnh__1__1.A__1.B_1.L,0.5,1,69.0,2,65.5,65.5,Low density,Interaction,pli_qcov,50,50.0
8cnm__1__1.A_1.B__1.F_1.N_1.S,0.375,2,74.0,66,55.21212121212121,55.21212121212121,High density,Interaction,pli_qcov,50,37.5
8cno__1__1.A_1.B__1.C_1.E_1.F,0.25,2,68.0,14,55.0,55.0,Low density,Interaction,pli_qcov,50,25.0
8cnt__1__1.A__1.B_1.C,0.0,1,67.0,18,57.55555555555556,57.55555555555556,Low density,Interaction,pli_qcov,50,0.0
8con__1__1.A_2.A__2.D_2.J,1.0,1,75.0,107,64.48598130841121,64.48598130841121,High density,Interaction,pli_qcov,50,100.0
8coq__1__1.A__1.C_1.D,0.625,2,80.0,816,59.23039215686274,59.23039215686274,High density,Interaction,pli_qcov,50,62.5
8cou__1__1.A__1.V,0.5,1,100.0,16,87.5625,87.5625,Low density,Interaction,pli_qcov,50,50.0
8cov__1__1.A__1.D,0.25,1,33.0,0,,33.0,No neighbours,Interaction,pli_qcov,50,25.0
8cow__1__1.B__1.I_1.J,1.0,2,85.0,1004,59.26294820717131,59.26294820717131,High density,Interaction,pli_qcov,50,100.0
8cp4__1__2.A__2.H_2.I,0.0,1,67.0,12,67.0,67.0,Low density,Interaction,pli_qcov,50,0.0
8cp7__1__1.A__1.B,0.75,1,92.0,17,73.17647058823529,73.17647058823529,Low density,Interaction,pli_qcov,50,75.0
8cp9__1__1.A__1.C_1.D,0.5,1,59.0,3,53.0,53.0,Low density,Interaction,pli_qcov,50,50.0
8cpb__1__1.B__1.H,0.0,1,80.0,3,66.66666666666667,66.66666666666667,Low density,Interaction,pli_qcov,50,0.0
8cq8__1__1.A__1.C_1.D_1.E,1.0,2,75.0,900,57.82666666666667,57.82666666666667,High density,Interaction,pli_qcov,50,100.0
8cq9__1__1.B__1.I_1.J_1.K,1.0,2,85.0,1100,60.338181818181816,60.338181818181816,High density,Interaction,pli_qcov,50,100.0
8cqv__1__1.A_1.B__1.K_1.P,1.0,1,95.0,9,80.11111111111111,80.11111111111111,Low density,Interaction,pli_qcov,50,100.0
8crj__1__1.A__1.B,0.0,1,79.0,14,58.07142857142857,58.07142857142857,Low density,Interaction,pli_qcov,50,0.0
8crl__1__1.A__1.C,1.0,1,100.0,11,65.0,65.0,Low density,Interaction,pli_qcov,50,100.0
8crp__1__1.A_1.C__1.E_1.I,0.5,2,80.0,54,69.33333333333333,69.33333333333333,High density,Interaction,pli_qcov,50,50.0
8csg__1__1.A__1.C_1.D,0.625,2,64.0,102,55.76470588235294,55.76470588235294,High density,Interaction,pli_qcov,50,62.5
8cta__1__1.A_1.B_1.D__1.Q,1.0,1,50.0,9,50.0,50.0,Low density,Interaction,pli_qcov,50,100.0
8ctb__1__1.A__1.C_1.D,0.5,2,64.0,122,56.08196721311475,56.08196721311475,High density,Interaction,pli_qcov,50,50.0
8cu7__1__1.A__1.C,0.75,1,75.0,43,54.18604651162791,54.18604651162791,High density,Interaction,pli_qcov,50,75.0
8cvc__1__1.A__1.C_1.J_1.O_1.P,0.5,1,62.0,2,56.0,56.0,Low density,Interaction,pli_qcov,50,50.0
8cvd__1__1.A__1.B_1.K_1.L,0.5,1,71.0,2,64.0,64.0,Low density,Interaction,pli_qcov,50,50.0
8cve__1__1.A__1.B_1.K_1.L,0.75,2,50.0,2,50.0,50.0,Low density,Interaction,pli_qcov,50,75.0
8cvf__1__1.A__1.D_1.E_1.F_1.G,0.5,1,62.0,2,56.0,56.0,Low density,Interaction,pli_qcov,50,50.0
8cvg__1__1.A__1.B_1.F_1.J,0.5,2,48.0,0,,48.0,No neighbours,Interaction,pli_qcov,50,50.0
8cyu__1__1.A_1.B__1.F,1.0,1,100.0,61,65.57377049180327,65.57377049180327,High density,Interaction,pli_qcov,50,100.0
8cyz__1__1.A_1.C__1.E,1.0,1,100.0,68,66.17647058823529,66.17647058823529,High density,Interaction,pli_qcov,50,100.0
8cz7__1__1.A_1.C__1.E,1.0,1,100.0,242,58.47107438016529,58.47107438016529,High density,Interaction,pli_qcov,50,100.0
8czl__1__1.A__1.C_1.D,0.5,1,53.0,1,53.0,53.0,Low density,Interaction,pli_qcov,50,50.0
8d19__1__1.A__1.C_1.D,1.0,1,57.0,2,53.5,53.5,Low density,Interaction,pli_qcov,50,100.0
8d3e__1__1.A__1.C_1.D,1.0,1,79.0,178,57.50561797752809,57.50561797752809,High density,Interaction,pli_qcov,50,100.0
8d3h__1__1.A__1.C_1.D,0.625,2,57.0,38,51.68421052631579,51.68421052631579,High density,Interaction,pli_qcov,50,62.5
8d3j__1__1.A__1.D_1.E_1.F,0.625,2,63.0,170,54.77647058823529,54.77647058823529,High density,Interaction,pli_qcov,50,62.5
8d5b__1__1.A__1.B_1.G_1.H,1.0,1,91.0,8,74.125,74.125,Low density,Interaction,pli_qcov,50,100.0
8d6c__1__1.A__1.F,1.0,1,71.0,276,52.30797101449275,52.30797101449275,High density,Interaction,pli_qcov,50,100.0
8d6e__1__1.A__1.D,1.0,1,83.0,337,53.225519287833826,53.225519287833826,High density,Interaction,pli_qcov,50,100.0
8d6f__1__1.A__1.D,1.0,1,64.0,222,52.648648648648646,52.648648648648646,High density,Interaction,pli_qcov,50,100.0
8d6m__1__1.A__1.C,0.25,1,71.0,4,64.0,64.0,Low density,Interaction,pli_qcov,50,25.0
8d6t__1__1.A__1.C,0.25,1,86.0,4,67.75,67.75,Low density,Interaction,pli_qcov,50,25.0
8d9b__1__1.A__1.C_1.D,1.0,1,75.0,123,53.2520325203252,53.2520325203252,High density,Interaction,pli_qcov,50,100.0
8d9c__1__1.A__1.C_1.D,1.0,1,75.0,40,53.75,53.75,High density,Interaction,pli_qcov,50,100.0
8db0__1__1.A__1.E,0.75,1,44.0,0,,44.0,No neighbours,Interaction,pli_qcov,50,75.0
8dcd__1__1.A__1.E_1.Q_1.R,0.25,1,71.0,4,64.25,64.25,Low density,Interaction,pli_qcov,50,25.0
8ddb__1__1.A__1.B_1.C_1.E,1.0,1,100.0,70,69.35714285714286,69.35714285714286,High density,Interaction,pli_qcov,50,100.0
8dil__1__1.A_1.B__1.K_1.L_1.M,1.0,1,76.0,1,76.0,76.0,Low density,Interaction,pli_qcov,50,100.0
8dj6__1__1.C__1.F_1.O,0.0,1,67.0,20,57.55,57.55,Low density,Interaction,pli_qcov,50,0.0
8djv__1__1.A__1.B_1.C_1.D,1.0,1,67.0,68,67.0,67.0,High density,Interaction,pli_qcov,50,100.0
8dk4__1__1.A__1.C,1.0,1,92.0,97,56.97938144329897,56.97938144329897,High density,Interaction,pli_qcov,50,100.0
8dkp__1__1.A__1.C_1.D,0.875,2,90.0,252,67.15873015873017,67.15873015873017,High density,Interaction,pli_qcov,50,87.5
8dkq__1__1.A__1.C_1.D,0.875,2,88.0,248,65.94354838709677,65.94354838709677,High density,Interaction,pli_qcov,50,87.5
8dkt__1__1.A_1.B__1.D_1.E,0.5,1,76.0,18,57.333333333333336,57.333333333333336,Low density,Interaction,pli_qcov,50,50.0
8dml__1__1.B__1.J,0.25,1,36.0,0,,36.0,No neighbours,Interaction,pli_qcov,50,25.0
8doc__1__2.A__2.B_2.D_2.E,1.0,1,89.0,10,79.1,79.1,Low density,Interaction,pli_qcov,50,100.0
8dos__1__1.A_1.B__1.C_1.G,0.0,1,68.0,7,54.285714285714285,54.285714285714285,Low density,Interaction,pli_qcov,50,0.0
8dpb__1__1.A_1.B__1.I_1.J,1.0,1,59.0,10,58.1,58.1,Low density,Interaction,pli_qcov,50,100.0
8dq8__1__1.B__1.F_1.G,1.0,2,73.0,250,58.904,58.904,High density,Interaction,pli_qcov,50,100.0
8dqd__1__1.A__1.B,0.75,1,40.0,0,,40.0,No neighbours,Interaction,pli_qcov,50,75.0
8dqh__1__1.B__1.J_1.K_1.L,1.0,1,71.0,74,60.2972972972973,60.2972972972973,High density,Interaction,pli_qcov,50,100.0
8dqs__1__1.A__1.B_1.C_1.D,0.5,1,80.0,52,63.07692307692308,63.07692307692308,High density,Interaction,pli_qcov,50,50.0
8dsc__1__1.B__1.L,0.0,1,62.0,12,54.0,54.0,Low density,Interaction,pli_qcov,50,0.0
8dse__1__1.A_1.B__1.C_1.G,0.375,2,64.0,48,58.75,58.75,High density,Interaction,pli_qcov,50,37.5
8dsh__1__1.A_1.B__1.C,0.0,1,56.0,1,56.0,56.0,Low density,Interaction,pli_qcov,50,0.0
8dsh__1__1.A_1.B__1.E_1.F,0.0,2,34.0,0,,34.0,No neighbours,Interaction,pli_qcov,50,0.0
8dsm__1__1.A_1.B__1.J,0.5,1,64.0,33,55.93939393939394,55.93939393939394,High density,Interaction,pli_qcov,50,50.0
8dsr__1__1.A__1.C,0.0,1,86.0,319,60.84639498432602,60.84639498432602,High density,Interaction,pli_qcov,50,0.0
8dt1__1__1.B__1.J_1.K,1.0,1,95.0,2281,66.27444103463394,66.27444103463394,High density,Interaction,pli_qcov,50,100.0
8dt5__1__1.B__1.I_1.M_1.O,0.0,1,78.0,28,62.67857142857143,62.67857142857143,Low density,Interaction,pli_qcov,50,0.0
8du3__1__1.A__1.B,1.0,1,90.0,52,66.34615384615384,66.34615384615384,High density,Interaction,pli_qcov,50,100.0
8du9__1__1.B__1.D,0.0,1,71.0,140,57.02857142857143,57.02857142857143,High density,Interaction,pli_qcov,50,0.0
8dub__1__1.A__1.C,0.0,1,80.0,235,58.41276595744681,58.41276595744681,High density,Interaction,pli_qcov,50,0.0
8duh__1__1.A__1.C,0.25,1,86.0,390,57.712820512820514,57.712820512820514,High density,Interaction,pli_qcov,50,25.0
8dui__1__1.A__1.C,0.25,1,87.0,352,60.48579545454545,60.48579545454545,High density,Interaction,pli_qcov,50,25.0
8duk__1__1.A__1.E,0.25,1,80.0,268,58.208955223880594,58.208955223880594,High density,Interaction,pli_qcov,50,25.0
8dv7__1__1.B__1.D,0.0,1,76.0,163,58.104294478527606,58.104294478527606,High density,Interaction,pli_qcov,50,0.0
8dv8__1__1.A__1.C,0.0,1,86.0,417,58.36450839328537,58.36450839328537,High density,Interaction,pli_qcov,50,0.0
8dvh__1__1.A__1.C_1.D,0.5,1,91.0,33,70.0,70.0,High density,Interaction,pli_qcov,50,50.0
8dvo__1__1.A__1.B_1.C_1.D,0.0,1,100.0,99,59.343434343434346,59.343434343434346,High density,Interaction,pli_qcov,50,0.0
8dxk__1__1.A_1.B__1.C,1.0,1,100.0,90,61.03333333333333,61.03333333333333,High density,Interaction,pli_qcov,50,100.0
8e0h__1__1.A__1.C,0.75,1,94.0,280,73.88928571428572,73.88928571428572,High density,Interaction,pli_qcov,50,75.0
8e1h__1__1.A__1.C_1.E_1.F,1.0,1,87.0,18,65.61111111111111,65.61111111111111,Low density,Interaction,pli_qcov,50,100.0
8e1i__1__1.A__1.C_1.D_1.E_1.F,1.0,1,74.0,12,58.333333333333336,58.333333333333336,Low density,Interaction,pli_qcov,50,100.0
8e1o__1__1.A__1.D,1.0,1,75.0,10,59.2,59.2,Low density,Interaction,pli_qcov,50,100.0
8e1t__1__1.A__1.C_1.E,1.0,1,100.0,17,78.6470588235294,78.6470588235294,Low density,Interaction,pli_qcov,50,100.0
8e1x__1__1.A__1.C,0.25,1,50.0,4,50.0,50.0,Low density,Interaction,pli_qcov,50,25.0
8e4s__1__1.A__1.B_1.C_1.D,0.0,1,100.0,65,75.63076923076923,75.63076923076923,High density,Interaction,pli_qcov,50,0.0
8e5i__1__1.A__1.B_1.E,1.0,1,95.0,261,73.08045977011494,73.08045977011494,High density,Interaction,pli_qcov,50,100.0
8e5m__1__1.A_1.E__1.U,0.0,1,77.0,79,58.075949367088604,58.075949367088604,High density,Interaction,pli_qcov,50,0.0
8e62__1__1.A_1.C__1.G_1.H,0.75,2,34.0,0,,34.0,No neighbours,Interaction,pli_qcov,50,75.0
8e81__1__1.A__1.B,0.5,1,83.0,409,53.3838630806846,53.3838630806846,High density,Interaction,pli_qcov,50,50.0
8e9e__1__1.A_1.B__1.I_1.J_1.K,1.0,2,72.0,56,58.25,58.25,High density,Interaction,pli_qcov,50,100.0
8e9r__1__1.A_1.B__1.E_1.F,1.0,1,81.0,140,62.45,62.45,High density,Interaction,pli_qcov,50,100.0
8ea6__1__1.A_1.B__1.C,0.0,1,8.0,0,,8.0,No neighbours,Interaction,pli_qcov,50,0.0
8eef__1__1.A__1.C_1.D,0.625,2,74.0,128,61.40625,61.40625,High density,Interaction,pli_qcov,50,62.5
8efj__1__1.A__1.D,0.0,1,78.0,342,60.27777777777778,60.27777777777778,High density,Interaction,pli_qcov,50,0.0
8egf__1__1.A__1.B_1.C,1.0,1,67.0,34,56.55882352941177,56.55882352941177,High density,Interaction,pli_qcov,50,100.0
8egz__1__1.B__1.I,1.0,1,100.0,203,74.13793103448276,74.13793103448276,High density,Interaction,pli_qcov,50,100.0
8eh0__1__1.A__1.C_1.E,0.5,2,87.0,302,66.79470198675497,66.79470198675497,High density,Interaction,pli_qcov,50,50.0
8emu__1__1.A__1.E,0.0,1,100.0,84,61.01190476190476,61.01190476190476,High density,Interaction,pli_qcov,50,0.0
8eni__1__2.A__2.B,0.25,1,61.0,35,51.0,51.0,High density,Interaction,pli_qcov,50,25.0
8eq9__1__1.A__1.B,0.25,1,78.0,137,57.68613138686131,57.68613138686131,High density,Interaction,pli_qcov,50,25.0
8eqz__1__1.A__1.C,0.0,1,80.0,11,63.63636363636363,63.63636363636363,Low density,Interaction,pli_qcov,50,0.0
8er0__1__1.A__1.C_1.D,0.875,2,62.0,38,54.473684210526315,54.473684210526315,High density,Interaction,pli_qcov,50,87.5
8erb__1__1.A_1.C__1.Q,1.0,1,89.0,49,61.0,61.0,High density,Interaction,pli_qcov,50,100.0
8erd__1__1.A__1.B,1.0,1,79.0,215,54.074418604651164,54.074418604651164,High density,Interaction,pli_qcov,50,100.0
8erj__1__1.A_2.C__1.I,1.0,1,94.0,61,64.8360655737705,64.8360655737705,High density,Interaction,pli_qcov,50,100.0
8etd__1__1.B__1.E_1.F,1.0,1,94.0,1748,70.20308924485126,70.20308924485126,High density,Interaction,pli_qcov,50,100.0
8evx__1__1.A__1.C_1.D_1.E_1.F_1.G,1.0,1,80.0,66,66.24242424242425,66.24242424242425,High density,Interaction,pli_qcov,50,100.0
8evz__1__1.A__1.D_1.E_1.F_1.G,1.0,1,76.0,56,65.10714285714286,65.10714285714286,High density,Interaction,pli_qcov,50,100.0
8ewz__1__1.A__1.B_1.C_1.H,0.25,1,69.0,21,56.42857142857143,56.42857142857143,Low density,Interaction,pli_qcov,50,25.0
8ex1__1__1.A__1.B,1.0,1,100.0,824,63.00485436893204,63.00485436893204,High density,Interaction,pli_qcov,50,100.0
8ex2__1__1.A__1.B,1.0,1,88.0,921,56.272529858849076,56.272529858849076,High density,Interaction,pli_qcov,50,100.0
8ex3__1__1.A__1.B_1.C,0.5,1,85.0,35,67.74285714285715,67.74285714285715,High density,Interaction,pli_qcov,50,50.0
8exl__1__1.A__1.B,1.0,1,64.0,10,58.6,58.6,Low density,Interaction,pli_qcov,50,100.0
8exu__1__1.A__1.B,1.0,1,70.0,20,52.0,52.0,Low density,Interaction,pli_qcov,50,100.0
8eym__1__1.A_1.B__1.C_1.E,0.5,1,6.0,0,,6.0,No neighbours,Interaction,pli_qcov,50,50.0
8ez1__1__1.A_1.B__1.D,0.25,1,68.0,64,53.6875,53.6875,High density,Interaction,pli_qcov,50,25.0
8f1g__1__1.A__1.C,0.0,1,50.0,4,50.0,50.0,Low density,Interaction,pli_qcov,50,0.0
8f1z__1__1.A__1.B,1.0,1,67.0,153,51.59477124183007,51.59477124183007,High density,Interaction,pli_qcov,50,100.0
8f4q__1__1.A__1.F,0.0,1,0.0,0,,0.0,No neighbours,Interaction,pli_qcov,50,0.0
8f71__1__1.B__1.E_1.F,1.0,1,22.0,0,,22.0,No neighbours,Interaction,pli_qcov,50,100.0
8f8k__1__1.A__1.F_1.G_1.I_1.J_1.K,0.0,1,63.0,2,58.0,58.0,Low density,Interaction,pli_qcov,50,0.0
8f8l__1__1.A__1.B_1.D_1.E,0.0,1,58.0,3,52.666666666666664,52.666666666666664,Low density,Interaction,pli_qcov,50,0.0
8f8m__1__1.A__1.C,0.0,1,73.0,38,57.13157894736842,57.13157894736842,High density,Interaction,pli_qcov,50,0.0
8fb1__1__1.A__1.C,0.75,1,77.0,17,59.0,59.0,Low density,Interaction,pli_qcov,50,75.0
8fb1__1__1.A__1.D,0.75,1,93.0,25,72.48,72.48,Low density,Interaction,pli_qcov,50,75.0
8fcd__1__1.A_1.B__1.C,1.0,1,79.0,135,57.977777777777774,57.977777777777774,High density,Interaction,pli_qcov,50,100.0
8fdb__1__1.A_1.B__1.D_1.F_1.H,0.125,2,9.0,0,,9.0,No neighbours,Interaction,pli_qcov,50,12.5
8fdx__1__1.A__1.B_1.C,1.0,2,90.0,56,67.60714285714286,67.60714285714286,High density,Interaction,pli_qcov,50,100.0
8fdz__1__1.A__1.B_1.C,1.0,2,76.0,46,63.73913043478261,63.73913043478261,High density,Interaction,pli_qcov,50,100.0
8fe6__1__1.A__1.I,1.0,1,96.0,107,72.49532710280374,72.49532710280374,High density,Interaction,pli_qcov,50,100.0
8fe8__1__1.A_1.B__1.C,0.75,1,92.0,65,67.66153846153846,67.66153846153846,High density,Interaction,pli_qcov,50,75.0
8fe9__1__1.A__1.B,1.0,1,100.0,2623,71.74990468928708,71.74990468928708,High density,Interaction,pli_qcov,50,100.0
8fen__1__1.A__1.B_1.C,0.625,2,94.0,56,66.96428571428571,66.96428571428571,High density,Interaction,pli_qcov,50,62.5
8fev__1__1.A__1.C_1.D,0.5,2,68.0,34,61.470588235294116,61.470588235294116,High density,Interaction,pli_qcov,50,50.0
8fgz__1__1.A__1.B,1.0,1,91.0,86,64.4186046511628,64.4186046511628,High density,Interaction,pli_qcov,50,100.0
8fh4__1__1.A__1.E,0.5,1,78.0,230,57.86521739130435,57.86521739130435,High density,Interaction,pli_qcov,50,50.0
8fh5__1__1.A__1.B_1.C,1.0,2,88.0,376,64.72340425531915,64.72340425531915,High density,Interaction,pli_qcov,50,100.0
8fh9__1__1.A__1.B_1.C,1.0,2,87.0,382,61.75916230366492,61.75916230366492,High density,Interaction,pli_qcov,50,100.0
8fjt__1__1.A_1.B__1.C_1.E,0.5,2,69.0,44,56.09090909090909,56.09090909090909,High density,Interaction,pli_qcov,50,50.0
8fju__1__1.A_1.B__1.C_1.D,0.5,2,65.0,30,56.8,56.8,Low density,Interaction,pli_qcov,50,50.0
8fjx__1__1.A__1.B_1.C,0.625,2,85.0,70,65.4,65.4,High density,Interaction,pli_qcov,50,62.5
8fjy__1__1.A__1.B_1.C,0.75,2,89.0,68,73.38235294117646,73.38235294117646,High density,Interaction,pli_qcov,50,75.0
8fjz__1__1.C__1.I,1.0,1,67.0,93,52.204301075268816,52.204301075268816,High density,Interaction,pli_qcov,50,100.0
8fko__1__1.C__1.I,0.5,1,73.0,104,56.64423076923077,56.64423076923077,High density,Interaction,pli_qcov,50,50.0
8fly__1__1.A__1.K,0.5,1,57.0,8,51.75,51.75,Low density,Interaction,pli_qcov,50,50.0
8flz__1__1.A__1.K,0.25,1,56.0,2,53.0,53.0,Low density,Interaction,pli_qcov,50,25.0
8fm0__1__1.A__1.K,0.25,1,56.0,9,52.666666666666664,52.666666666666664,Low density,Interaction,pli_qcov,50,25.0
8fm2__1__1.A__1.K,0.25,1,67.0,23,54.69565217391305,54.69565217391305,Low density,Interaction,pli_qcov,50,25.0
8fm3__1__1.A__1.K,0.25,1,56.0,8,53.0,53.0,Low density,Interaction,pli_qcov,50,25.0
8fm4__1__1.A__1.K,0.25,1,57.0,8,51.75,51.75,Low density,Interaction,pli_qcov,50,25.0
8fm5__1__1.A__1.K,0.0,1,47.0,0,,47.0,No neighbours,Interaction,pli_qcov,50,0.0
8fm7__1__1.A__1.K,0.25,1,56.0,7,51.714285714285715,51.714285714285715,Low density,Interaction,pli_qcov,50,25.0
8fm8__1__1.A__1.K,0.0,1,53.0,2,53.0,53.0,Low density,Interaction,pli_qcov,50,0.0
8fo5__1__1.A_1.B__1.E,0.0,1,45.0,0,,45.0,No neighbours,Interaction,pli_qcov,50,0.0
8fp1__1__1.A__1.B,0.75,1,100.0,749,54.468624833110816,54.468624833110816,High density,Interaction,pli_qcov,50,75.0
8fp5__1__1.A__1.C_1.D,0.75,1,67.0,16,52.9375,52.9375,Low density,Interaction,pli_qcov,50,75.0
8fqx__1__1.A__1.B_1.C,0.5,1,100.0,18,61.72222222222222,61.72222222222222,Low density,Interaction,pli_qcov,50,50.0
8fsi__1__1.A__1.B_1.C_1.D_1.F,0.75,1,75.0,1,75.0,75.0,Low density,Interaction,pli_qcov,50,75.0
8ftr__1__2.A__2.B,0.75,1,80.0,52,60.76923076923077,60.76923076923077,High density,Interaction,pli_qcov,50,75.0
8fts__1__2.A__2.B_2.C_2.D,0.75,1,30.0,0,,30.0,No neighbours,Interaction,pli_qcov,50,75.0
8fwp__1__1.A_1.B__1.D_1.E,0.25,1,82.0,38,65.65789473684211,65.65789473684211,High density,Interaction,pli_qcov,50,25.0
8fwz__1__1.B__1.E,1.0,1,94.0,255,64.31372549019608,64.31372549019608,High density,Interaction,pli_qcov,50,100.0
8fx1__1__1.A__1.C,0.75,1,85.0,185,57.513513513513516,57.513513513513516,High density,Interaction,pli_qcov,50,75.0
8fx2__1__1.B__1.D,1.0,1,77.0,168,57.92857142857143,57.92857142857143,High density,Interaction,pli_qcov,50,100.0
8fx3__1__1.B__1.D,0.75,1,76.0,100,58.24,58.24,High density,Interaction,pli_qcov,50,75.0
8fxn__1__1.A__1.B,0.0,1,75.0,300,54.31,54.31,High density,Interaction,pli_qcov,50,0.0
8fy7__1__1.A_1.B__1.C,1.0,1,85.0,47,60.276595744680854,60.276595744680854,High density,Interaction,pli_qcov,50,100.0
8fz1__1__1.A__1.G_1.I_1.K,0.5,1,73.0,227,57.497797356828194,57.497797356828194,High density,Interaction,pli_qcov,50,50.0
8g20__1__1.A__1.C_1.D_1.G,0.25,1,88.0,101,53.504950495049506,53.504950495049506,High density,Interaction,pli_qcov,50,25.0
8g3e__1__1.A__1.C,0.0,1,86.0,19,61.526315789473685,61.526315789473685,Low density,Interaction,pli_qcov,50,0.0
8g3s__1__1.A__1.E,1.0,1,92.0,110,58.78181818181818,58.78181818181818,High density,Interaction,pli_qcov,50,100.0
8g63__1__1.A__1.B,1.0,1,82.0,535,60.06355140186916,60.06355140186916,High density,Interaction,pli_qcov,50,100.0
8g68__1__1.A__1.C,0.0,1,33.0,0,,33.0,No neighbours,Interaction,pli_qcov,50,0.0
8g69__1__1.A__1.C,0.0,1,25.0,0,,25.0,No neighbours,Interaction,pli_qcov,50,0.0
8g8x__1__1.A__1.C,1.0,1,100.0,956,61.66108786610879,61.66108786610879,High density,Interaction,pli_qcov,50,100.0
8gb4__1__1.A__1.E_1.F_1.G,0.875,2,67.0,28,57.285714285714285,57.285714285714285,Low density,Interaction,pli_qcov,50,87.5
8gcz__1__1.A__1.N,0.25,1,70.0,41,56.34146341463415,56.34146341463415,High density,Interaction,pli_qcov,50,25.0
8gdk__1__1.A__1.O,0.75,1,67.0,28,53.464285714285715,53.464285714285715,Low density,Interaction,pli_qcov,50,75.0
8gds__1__1.A__1.E,0.0,1,64.0,107,51.504672897196265,51.504672897196265,High density,Interaction,pli_qcov,50,0.0
8gem__1__1.A__1.B,0.5,1,60.0,11,53.63636363636363,53.63636363636363,Low density,Interaction,pli_qcov,50,50.0
8geu__1__1.A__1.B,0.75,1,67.0,8,57.375,57.375,Low density,Interaction,pli_qcov,50,75.0
8gev__1__1.A__1.B,0.75,1,69.0,10,57.8,57.8,Low density,Interaction,pli_qcov,50,75.0
8gez__1__1.A__1.B,0.0,1,62.0,2,56.0,56.0,Low density,Interaction,pli_qcov,50,0.0
8gf0__1__1.A__1.B,0.25,1,56.0,1,56.0,56.0,Low density,Interaction,pli_qcov,50,25.0
8gfd__1__1.A__1.B,0.0,1,56.0,2,56.0,56.0,Low density,Interaction,pli_qcov,50,0.0
8gff__1__1.A__1.B,0.0,1,50.0,2,50.0,50.0,Low density,Interaction,pli_qcov,50,0.0
8gfg__1__1.A__1.B,0.0,1,50.0,1,50.0,50.0,Low density,Interaction,pli_qcov,50,0.0
8gfh__1__1.A__1.B_1.C,0.375,2,41.0,0,,41.0,No neighbours,Interaction,pli_qcov,50,37.5
8gfq__1__1.A__1.B,0.75,1,45.0,0,,45.0,No neighbours,Interaction,pli_qcov,50,75.0
8gfs__1__1.A__1.B,0.0,1,55.0,3,55.0,55.0,Low density,Interaction,pli_qcov,50,0.0
8gja__1__1.A_1.B__1.G_1.H,1.0,1,61.0,24,54.041666666666664,54.041666666666664,Low density,Interaction,pli_qcov,50,100.0
8gjb__1__1.B__1.G_1.H,1.0,1,88.0,119,72.19327731092437,72.19327731092437,High density,Interaction,pli_qcov,50,100.0
8gkf__1__1.A__1.J,0.75,1,55.0,2,52.5,52.5,Low density,Interaction,pli_qcov,50,75.0
8gm5__1__1.A__1.D,0.75,1,33.0,0,,33.0,No neighbours,Interaction,pli_qcov,50,75.0
8gne__1__1.A__1.B,0.5,1,80.0,47,54.8936170212766,54.8936170212766,High density,Interaction,pli_qcov,50,50.0
8gne__1__1.A__1.E,0.0,1,75.0,34,60.85294117647059,60.85294117647059,High density,Interaction,pli_qcov,50,0.0
8gpc__1__1.A__1.C_1.D_1.E,1.0,1,93.0,98,69.6938775510204,69.6938775510204,High density,Interaction,pli_qcov,50,100.0
8gpd__1__1.A__1.C_1.D_1.E,1.0,1,100.0,135,73.5037037037037,73.5037037037037,High density,Interaction,pli_qcov,50,100.0
8gpe__1__1.A__1.C_1.D_1.E,1.0,1,86.0,105,66.3047619047619,66.3047619047619,High density,Interaction,pli_qcov,50,100.0
8grw__1__1.A_1.B__1.C_1.D,0.0,1,64.0,19,53.21052631578947,53.21052631578947,Low density,Interaction,pli_qcov,50,0.0
8gtg__1__1.A__1.C,0.5,1,100.0,6,73.33333333333333,73.33333333333333,Low density,Interaction,pli_qcov,50,50.0
8gti__1__1.A__1.H,0.0,1,83.0,6,66.83333333333333,66.83333333333333,Low density,Interaction,pli_qcov,50,0.0
8gtm__1__1.A__1.C,0.25,1,100.0,6,79.16666666666667,79.16666666666667,Low density,Interaction,pli_qcov,50,25.0
8gtv__1__1.A_2.B__2.D,0.0,1,89.0,11,63.0,63.0,Low density,Interaction,pli_qcov,50,0.0
8gu1__1__1.A_1.B__1.D,0.0,1,31.0,0,,31.0,No neighbours,Interaction,pli_qcov,50,0.0
8gvj__1__1.A__1.B,0.0,1,83.0,124,54.056451612903224,54.056451612903224,High density,Interaction,pli_qcov,50,0.0
8gwd__1__2.A__2.B_2.C,0.5,1,89.0,10,65.9,65.9,Low density,Interaction,pli_qcov,50,50.0
8gww__1__1.A__1.C,0.75,1,88.0,23,58.56521739130435,58.56521739130435,Low density,Interaction,pli_qcov,50,75.0
8gyd__1__1.A_1.B__1.K,0.0,1,25.0,0,,25.0,No neighbours,Interaction,pli_qcov,50,0.0
8gyj__1__1.A_1.B__1.D_1.I,0.0,1,60.0,3,54.666666666666664,54.666666666666664,Low density,Interaction,pli_qcov,50,0.0
8gzc__1__1.A__1.F,1.0,1,47.0,0,,47.0,No neighbours,Interaction,pli_qcov,50,100.0
8h4j__1__1.A_1.D__1.I_1.O,0.5,2,61.0,18,55.0,55.0,Low density,Interaction,pli_qcov,50,50.0
8h53__1__1.A__1.E_1.F_1.P_1.Q,1.0,1,76.0,9,60.44444444444444,60.44444444444444,Low density,Interaction,pli_qcov,50,100.0
8h59__1__1.A__1.B,0.0,1,59.0,19,53.94736842105263,53.94736842105263,Low density,Interaction,pli_qcov,50,0.0
8h5y__1__1.A__1.D_1.E,0.0,1,60.0,2,56.5,56.5,Low density,Interaction,pli_qcov,50,0.0
8h7r__1__1.A__1.B,0.25,1,33.0,0,,33.0,No neighbours,Interaction,pli_qcov,50,25.0
8h99__1__1.B__1.H_1.J_1.K,1.0,1,54.0,5,51.6,51.6,Low density,Interaction,pli_qcov,50,100.0
8haq__1__1.A__1.C,0.25,1,80.0,756,53.439153439153436,53.439153439153436,High density,Interaction,pli_qcov,50,25.0
8hcc__1__1.B__1.I_1.J_1.K,1.0,1,50.0,9,50.0,50.0,Low density,Interaction,pli_qcov,50,100.0
8hch__1__1.C__1.J,0.0,1,57.0,8,57.0,57.0,Low density,Interaction,pli_qcov,50,0.0
8hd3__1__1.A__1.C,0.0,1,73.0,69,56.43478260869565,56.43478260869565,High density,Interaction,pli_qcov,50,0.0
8he2__1__1.A__1.B_1.C,0.0,1,56.0,2,56.0,56.0,Low density,Interaction,pli_qcov,50,0.0
8he8__1__1.A__1.D_1.E,1.0,1,100.0,282,58.691489361702125,58.691489361702125,High density,Interaction,pli_qcov,50,100.0
8hf8__1__1.A__1.C,1.0,1,77.0,74,60.41891891891892,60.41891891891892,High density,Interaction,pli_qcov,50,100.0
8hfh__1__1.A__1.B_1.C,0.75,1,91.0,69,54.89855072463768,54.89855072463768,High density,Interaction,pli_qcov,50,75.0
8hfn__1__1.A__1.C_1.D,0.0,1,36.0,0,,36.0,No neighbours,Interaction,pli_qcov,50,0.0
8hi5__1__1.A__1.B_1.C,0.5,2,63.0,170,55.16470588235294,55.16470588235294,High density,Interaction,pli_qcov,50,50.0
8hjg__1__1.A__1.E_1.F,1.0,1,81.0,70,61.18571428571428,61.18571428571428,High density,Interaction,pli_qcov,50,100.0
8hko__1__1.A__1.D_1.E_1.G_1.H,1.0,1,69.0,18,57.388888888888886,57.388888888888886,Low density,Interaction,pli_qcov,50,100.0
8hlj__1__1.A__1.C,1.0,1,100.0,292,62.45890410958904,62.45890410958904,High density,Interaction,pli_qcov,50,100.0
8ho6__1__1.A__1.B_1.C,0.0,1,65.0,8,53.875,53.875,Low density,Interaction,pli_qcov,50,0.0
8hp4__1__1.A_1.B__1.C_1.D,1.0,1,95.0,79,77.39240506329114,77.39240506329114,High density,Interaction,pli_qcov,50,100.0
8hpc__1__1.A_1.H__1.P,0.75,1,75.0,6,69.66666666666667,69.66666666666667,Low density,Interaction,pli_qcov,50,75.0
8hrv__1__1.A_1.B_1.C__1.E_1.H,0.75,1,93.0,8,73.625,73.625,Low density,Interaction,pli_qcov,50,75.0
8htg__1__1.A__1.F_1.G,1.0,1,95.0,178,70.91573033707866,70.91573033707866,High density,Interaction,pli_qcov,50,100.0
8hul__1__1.A__1.C,1.0,1,88.0,206,57.529126213592235,57.529126213592235,High density,Interaction,pli_qcov,50,100.0
8hum__1__1.A__1.C,1.0,1,75.0,79,54.063291139240505,54.063291139240505,High density,Interaction,pli_qcov,50,100.0
8huu__1__1.A__1.C,0.0,1,78.0,99,58.333333333333336,58.333333333333336,High density,Interaction,pli_qcov,50,0.0
8hx2__1__1.A__1.B_1.C,0.25,1,67.0,7,58.285714285714285,58.285714285714285,Low density,Interaction,pli_qcov,50,25.0
8hxh__1__1.A__1.B_1.C,1.0,1,88.0,22,61.27272727272727,61.27272727272727,Low density,Interaction,pli_qcov,50,100.0
8hxu__1__1.A__1.C_1.D_1.E,0.25,1,75.0,64,52.640625,52.640625,High density,Interaction,pli_qcov,50,25.0
8hy6__1__1.A__1.C_1.D_1.E,0.25,1,56.0,30,56.0,56.0,Low density,Interaction,pli_qcov,50,25.0
8hyk__1__1.A__1.B_1.C,0.25,1,33.0,0,,33.0,No neighbours,Interaction,pli_qcov,50,25.0
8hym__1__2.A__2.B_2.C,1.0,1,78.0,15,63.333333333333336,63.333333333333336,Low density,Interaction,pli_qcov,50,100.0
8hyp__1__2.A__2.B_2.C,0.5,1,78.0,4,67.0,67.0,Low density,Interaction,pli_qcov,50,50.0
8hz7__1__1.A__1.B_1.C,1.0,1,71.0,10,62.6,62.6,Low density,Interaction,pli_qcov,50,100.0
8i0d__1__1.A__1.B,0.0,1,70.0,52,54.61538461538461,54.61538461538461,High density,Interaction,pli_qcov,50,0.0
8i19__1__1.A__1.C_1.D_1.E,1.0,1,67.0,8,56.625,56.625,Low density,Interaction,pli_qcov,50,100.0
8i1o__1__1.A__1.F,1.0,1,94.0,65,74.38461538461539,74.38461538461539,High density,Interaction,pli_qcov,50,100.0
8i2n__1__1.A__1.C,0.75,1,80.0,291,53.333333333333336,53.333333333333336,High density,Interaction,pli_qcov,50,75.0
8i2u__1__1.A__1.B_1.C,1.0,1,71.0,14,60.0,60.0,Low density,Interaction,pli_qcov,50,100.0
8i4i__1__1.A__1.C,1.0,1,89.0,27,71.48148148148148,71.48148148148148,Low density,Interaction,pli_qcov,50,100.0
8ie5__1__1.A__1.B,0.75,1,80.0,470,53.91489361702128,53.91489361702128,High density,Interaction,pli_qcov,50,75.0
8ie6__1__1.A__1.B,0.25,1,89.0,532,59.12218045112782,59.12218045112782,High density,Interaction,pli_qcov,50,25.0
8im3__1__2.C__2.K_2.L,0.0,1,55.0,1,55.0,55.0,Low density,Interaction,pli_qcov,50,0.0
8in7__1__1.A__1.B,0.25,1,91.0,72,60.47222222222222,60.47222222222222,High density,Interaction,pli_qcov,50,25.0
8ina__1__1.A__1.B_1.C,1.0,1,94.0,77,72.45454545454545,72.45454545454545,High density,Interaction,pli_qcov,50,100.0
8ind__1__1.A__1.B_1.C_1.D,0.5,2,62.0,14,55.57142857142857,55.57142857142857,Low density,Interaction,pli_qcov,50,50.0
8ino__1__1.A__1.B_1.C_1.D,0.5,2,72.0,56,57.142857142857146,57.142857142857146,High density,Interaction,pli_qcov,50,50.0
8inv__1__1.A__1.B_1.C_1.D,0.5,2,59.0,22,54.45454545454545,54.45454545454545,Low density,Interaction,pli_qcov,50,50.0
8iqn__1__1.A__1.B,0.75,1,77.0,93,58.774193548387096,58.774193548387096,High density,Interaction,pli_qcov,50,75.0
8iqt__1__1.A__1.B,1.0,1,91.0,138,64.65217391304348,64.65217391304348,High density,Interaction,pli_qcov,50,100.0
8iqu__1__1.A__1.B,1.0,1,69.0,5,65.2,65.2,Low density,Interaction,pli_qcov,50,100.0
8iui__1__1.A__1.C,0.0,1,90.0,217,59.07834101382488,59.07834101382488,High density,Interaction,pli_qcov,50,0.0
8ivg__1__1.A__1.B_1.C,0.0,1,88.0,14,59.357142857142854,59.357142857142854,Low density,Interaction,pli_qcov,50,0.0
8ivn__1__1.A_1.B__1.C,0.0,1,16.0,0,,16.0,No neighbours,Interaction,pli_qcov,50,0.0
8ivr__1__1.A__1.B,0.25,1,88.0,14,56.142857142857146,56.142857142857146,Low density,Interaction,pli_qcov,50,25.0
8ivs__1__1.A_1.B__1.C,0.0,1,18.0,0,,18.0,No neighbours,Interaction,pli_qcov,50,0.0
8ivt__1__1.A_1.B__1.F,0.0,1,23.0,0,,23.0,No neighbours,Interaction,pli_qcov,50,0.0
8ivu__1__1.A_1.B__1.I,0.75,1,64.0,27,52.851851851851855,52.851851851851855,Low density,Interaction,pli_qcov,50,75.0
8iw3__1__1.A_1.B__1.C,0.0,1,18.0,0,,18.0,No neighbours,Interaction,pli_qcov,50,0.0
8iw6__1__1.A_1.B__1.F,0.0,1,15.0,0,,15.0,No neighbours,Interaction,pli_qcov,50,0.0
8ix9__1__2.A__2.D_2.E_2.F,0.75,1,57.0,7,52.857142857142854,52.857142857142854,Low density,Interaction,pli_qcov,50,75.0
8izc__1__1.A_1.B__1.I,0.25,1,69.0,44,55.61363636363637,55.61363636363637,High density,Interaction,pli_qcov,50,25.0
8j1g__1__1.B__1.H_1.I,0.75,2,35.0,0,,35.0,No neighbours,Interaction,pli_qcov,50,75.0
8j30__1__1.A__1.C,0.0,1,71.0,2,67.5,67.5,Low density,Interaction,pli_qcov,50,0.0
8j3c__1__1.A__1.B_1.C,1.0,1,64.0,10,56.8,56.8,Low density,Interaction,pli_qcov,50,100.0
8j40__1__1.A_2.A__1.D,0.0,1,33.0,0,,33.0,No neighbours,Interaction,pli_qcov,50,0.0
8j5e__1__1.A__1.B,0.0,1,50.0,1,50.0,50.0,Low density,Interaction,pli_qcov,50,0.0
8j5f__1__2.A__2.B,0.25,1,50.0,1,50.0,50.0,Low density,Interaction,pli_qcov,50,25.0
8j5x__1__1.A__1.B,1.0,1,61.0,7,54.714285714285715,54.714285714285715,Low density,Interaction,pli_qcov,50,100.0
8j7j__1__1.A_1.B__1.C,0.0,1,22.0,0,,22.0,No neighbours,Interaction,pli_qcov,50,0.0
8j8x__1__1.A__1.B_1.C,1.0,1,62.0,15,54.0,54.0,Low density,Interaction,pli_qcov,50,100.0
8jby__1__1.A__1.C,1.0,1,82.0,101,62.396039603960396,62.396039603960396,High density,Interaction,pli_qcov,50,100.0
8jc5__1__1.A__1.E_1.F,1.0,1,92.0,825,64.6969696969697,64.6969696969697,High density,Interaction,pli_qcov,50,100.0
8jdb__1__1.A__1.B_1.C,0.75,2,61.0,12,56.0,56.0,Low density,Interaction,pli_qcov,50,75.0
8jdg__1__1.A__1.B_1.C,0.75,2,64.0,12,56.5,56.5,Low density,Interaction,pli_qcov,50,75.0
8jdn__1__1.A__1.B_1.C,1.0,2,67.0,14,59.714285714285715,59.714285714285715,Low density,Interaction,pli_qcov,50,100.0
8jdo__1__1.A__1.B_1.C,0.75,2,61.0,10,57.2,57.2,Low density,Interaction,pli_qcov,50,75.0
8jdp__1__1.A__1.B_1.C,1.0,2,61.0,8,56.0,56.0,Low density,Interaction,pli_qcov,50,100.0
8jdq__1__1.A__1.B_1.C,0.625,2,60.0,10,55.8,55.8,Low density,Interaction,pli_qcov,50,62.5
8jdr__1__1.A__1.B_1.C,1.0,2,57.0,8,53.5,53.5,Low density,Interaction,pli_qcov,50,100.0
8jds__1__1.A__1.B_1.C_1.D,0.875,2,70.0,16,59.5,59.5,Low density,Interaction,pli_qcov,50,87.5
8jdt__1__1.A__1.B_1.C_1.D,1.0,2,64.0,12,57.0,57.0,Low density,Interaction,pli_qcov,50,100.0
8jdv__1__1.A__1.B_1.C_1.D,1.0,1,65.0,16,56.5,56.5,Low density,Interaction,pli_qcov,50,100.0
8jdx__1__1.A__1.B_1.C_1.D,1.0,2,68.0,22,55.72727272727273,55.72727272727273,Low density,Interaction,pli_qcov,50,100.0
8jdy__1__1.A__1.B_1.C_1.D,1.0,2,57.0,8,54.75,54.75,Low density,Interaction,pli_qcov,50,100.0
8jdz__1__1.A__1.B_1.C_1.D,1.0,2,68.0,26,55.30769230769231,55.30769230769231,Low density,Interaction,pli_qcov,50,100.0
8jg8__1__1.A__1.B,1.0,1,67.0,297,56.888888888888886,56.888888888888886,High density,Interaction,pli_qcov,50,100.0
8jjk__1__1.A__1.B_1.F_1.G_1.H,0.5,1,0.0,0,,0.0,No neighbours,Interaction,pli_qcov,50,50.0
8jk8__1__1.A__1.B_1.C_1.D,0.75,1,0.0,0,,0.0,No neighbours,Interaction,pli_qcov,50,75.0
8jkp__1__2.A__2.B_2.C_2.D_2.E,0.5,1,0.0,0,,0.0,No neighbours,Interaction,pli_qcov,50,50.0
8jkr__1__1.A__1.B_1.G_1.H_1.I,0.5,1,0.0,0,,0.0,No neighbours,Interaction,pli_qcov,50,50.0
8jm8__1__1.A__1.C_1.I,1.0,2,92.0,114,61.473684210526315,61.473684210526315,High density,Interaction,pli_qcov,50,100.0
8jmo__1__1.A__1.D,0.25,1,36.0,0,,36.0,No neighbours,Interaction,pli_qcov,50,25.0
8jmp__1__1.A__1.D,0.0,1,46.0,0,,46.0,No neighbours,Interaction,pli_qcov,50,0.0
8jmz__1__1.A__1.C_1.E_1.J,0.5,1,63.0,13,54.92307692307692,54.92307692307692,Low density,Interaction,pli_qcov,50,50.0
8jot__1__1.A__1.B,0.0,1,57.0,91,51.69230769230769,51.69230769230769,High density,Interaction,pli_qcov,50,0.0
8jqp__1__2.A__2.C_2.D_2.E,1.0,1,74.0,91,63.97802197802198,63.97802197802198,High density,Interaction,pli_qcov,50,100.0
8jqz__1__1.A_2.B__1.C,0.0,1,72.0,3,72.0,72.0,Low density,Interaction,pli_qcov,50,0.0
8jt3__1__1.A_1.C__1.E,1.0,1,85.0,40,57.0,57.0,High density,Interaction,pli_qcov,50,100.0
8ju9__1__1.A_2.A_4.A__1.B,0.25,1,39.0,0,,39.0,No neighbours,Interaction,pli_qcov,50,25.0
8jwy__1__1.A__1.B,1.0,1,58.0,5,55.0,55.0,Low density,Interaction,pli_qcov,50,100.0
8jya__1__1.B__1.G,0.0,1,89.0,13,78.84615384615384,78.84615384615384,Low density,Interaction,pli_qcov,50,0.0
8jyc__1__1.A_1.B_1.C__1.T,0.0,1,73.0,10,61.8,61.8,Low density,Interaction,pli_qcov,50,0.0
8jye__1__1.A_1.B_1.D__1.P,0.0,1,80.0,10,65.2,65.2,Low density,Interaction,pli_qcov,50,0.0
8jyf__1__1.B__1.F,0.0,1,89.0,13,79.6923076923077,79.6923076923077,Low density,Interaction,pli_qcov,50,0.0
8jyg__1__1.A_1.B__1.C_1.Y,0.5,1,79.0,8,66.875,66.875,Low density,Interaction,pli_qcov,50,50.0
8k4c__1__1.B__1.G,0.75,1,86.0,356,61.49438202247191,61.49438202247191,High density,Interaction,pli_qcov,50,75.0
8k5y__1__1.A__1.H,0.0,1,20.0,0,,20.0,No neighbours,Interaction,pli_qcov,50,0.0
8k9y__1__1.A__1.C_1.E,0.25,1,89.0,95,73.10526315789474,73.10526315789474,High density,Interaction,pli_qcov,50,25.0
8ke1__1__2.A__2.B_2.C_2.D_2.E,1.0,1,85.0,160,64.6875,64.6875,High density,Interaction,pli_qcov,50,100.0
8ke2__1__2.A__2.B_2.C_2.D_2.E,0.5,1,84.0,158,63.56962025316456,63.56962025316456,High density,Interaction,pli_qcov,50,50.0
8ke4__1__2.A__2.B_2.C_2.D_2.E,0.5,2,75.0,140,60.371428571428574,60.371428571428574,High density,Interaction,pli_qcov,50,50.0
8ogh__1__1.A_1.B__1.M_1.R,0.0,1,63.0,3,58.0,58.0,Low density,Interaction,pli_qcov,50,0.0
8oku__1__1.A_1.B__1.C,0.0,1,64.0,38,52.76315789473684,52.76315789473684,High density,Interaction,pli_qcov,50,0.0
8oli__1__1.A__1.B_1.C,0.75,1,80.0,121,55.12396694214876,55.12396694214876,High density,Interaction,pli_qcov,50,75.0
8omp__1__1.A__1.B_1.C,0.0,1,100.0,96,62.46875,62.46875,High density,Interaction,pli_qcov,50,0.0
8onn__1__1.A__1.F,0.5,1,60.0,40,52.5,52.5,High density,Interaction,pli_qcov,50,50.0
8oo2__1__1.A_1.B__1.C_1.D,0.0,1,37.0,0,,37.0,No neighbours,Interaction,pli_qcov,50,0.0
8ooj__1__1.B__1.H,0.5,1,85.0,102,62.65686274509804,62.65686274509804,High density,Interaction,pli_qcov,50,50.0
8oov__1__1.A_1.B__1.D,1.0,1,61.0,23,51.0,51.0,Low density,Interaction,pli_qcov,50,100.0
8oq2__1__1.B__1.H_1.I,1.0,1,88.0,124,61.306451612903224,61.306451612903224,High density,Interaction,pli_qcov,50,100.0
8otv__1__1.A_1.B__1.F,0.0,1,29.0,0,,29.0,No neighbours,Interaction,pli_qcov,50,0.0
8ou2__1__1.A__1.C,1.0,1,53.0,4,53.0,53.0,Low density,Interaction,pli_qcov,50,100.0
8ou3__1__1.A_1.C__1.E,1.0,1,100.0,54,75.37037037037037,75.37037037037037,High density,Interaction,pli_qcov,50,100.0
8ou5__1__1.A_1.C__1.E,1.0,1,100.0,111,72.05405405405405,72.05405405405405,High density,Interaction,pli_qcov,50,100.0
8ouk__1__1.A__1.B_1.C,1.0,1,83.0,1035,59.18357487922705,59.18357487922705,High density,Interaction,pli_qcov,50,100.0
8oum__1__1.A__1.F_1.G,1.0,1,95.0,942,68.89384288747345,68.89384288747345,High density,Interaction,pli_qcov,50,100.0
8oun__1__1.A__1.C_1.D,1.0,1,90.0,280,66.76785714285714,66.76785714285714,High density,Interaction,pli_qcov,50,100.0
8ouu__1__1.A__1.F,0.0,1,50.0,1,50.0,50.0,Low density,Interaction,pli_qcov,50,0.0
8ov7__1__1.A__1.B,0.0,1,60.0,67,51.940298507462686,51.940298507462686,High density,Interaction,pli_qcov,50,0.0
8ovr__1__1.A__1.B,0.0,1,62.0,3,54.0,54.0,Low density,Interaction,pli_qcov,50,0.0
8ovs__1__1.A__1.C_1.F_1.I_1.Q_1.T,0.5,1,0.0,0,,0.0,No neighbours,Interaction,pli_qcov,50,50.0
8ozv__1__1.A_2.A__1.B_1.C,0.625,2,66.0,40,54.85,54.85,High density,Interaction,pli_qcov,50,62.5
8p0e__1__1.A__1.C,1.0,1,61.0,73,52.89041095890411,52.89041095890411,High density,Interaction,pli_qcov,50,100.0
8p0m__1__1.C__1.L,0.0,1,42.0,0,,42.0,No neighbours,Interaction,pli_qcov,50,0.0
8p0o__1__1.A__1.H_1.P,0.0,1,38.0,0,,38.0,No neighbours,Interaction,pli_qcov,50,0.0
8p0p__1__1.A__1.C,0.0,1,64.0,2,59.5,59.5,Low density,Interaction,pli_qcov,50,0.0
8p1e__1__1.D_1.E__1.P,0.0,1,100.0,120,67.55,67.55,High density,Interaction,pli_qcov,50,0.0
8p1p__1__1.A__1.E,0.0,1,50.0,1,50.0,50.0,Low density,Interaction,pli_qcov,50,0.0
8p41__1__1.A__1.K_1.L,0.0,2,40.0,0,,40.0,No neighbours,Interaction,pli_qcov,50,0.0
8p44__1__1.A_1.B__1.E,0.0,1,43.0,0,,43.0,No neighbours,Interaction,pli_qcov,50,0.0
8p4z__1__1.A__1.C,1.0,1,100.0,1933,60.3445421624418,60.3445421624418,High density,Interaction,pli_qcov,50,100.0
8p5c__1__1.A_1.B__1.C,0.0,1,86.0,112,62.169642857142854,62.169642857142854,High density,Interaction,pli_qcov,50,0.0
8paf__1__1.A_1.B__1.C,1.0,1,82.0,38,60.68421052631579,60.68421052631579,High density,Interaction,pli_qcov,50,100.0
8pbo__1__1.A__1.C,1.0,1,86.0,140,64.6,64.6,High density,Interaction,pli_qcov,50,100.0
8pfl__1__1.A__1.C,0.0,1,8.0,0,,8.0,No neighbours,Interaction,pli_qcov,50,0.0
8ph4__1__1.A_1.B__1.D_1.F,0.0,1,22.0,0,,22.0,No neighbours,Interaction,pli_qcov,50,0.0
8pj0__1__1.A_1.B__1.V,0.75,1,44.0,0,,44.0,No neighbours,Interaction,pli_qcov,50,75.0
8pj7__1__1.A__1.B,0.25,1,77.0,18,60.0,60.0,Low density,Interaction,pli_qcov,50,25.0
8pji__1__1.A__1.E,1.0,1,79.0,52,57.01923076923077,57.01923076923077,High density,Interaction,pli_qcov,50,100.0
8pom__1__1.A__1.C,1.0,1,71.0,13,57.53846153846154,57.53846153846154,Low density,Interaction,pli_qcov,50,100.0
8pp0__1__1.A__1.C,0.75,1,75.0,111,57.747747747747745,57.747747747747745,High density,Interaction,pli_qcov,50,75.0
8pp8__1__1.A__1.D,0.75,1,52.0,1,52.0,52.0,Low density,Interaction,pli_qcov,50,75.0
8pp9__1__1.A__1.C_1.D_1.H,0.875,2,49.0,0,,49.0,No neighbours,Interaction,pli_qcov,50,87.5
8ppf__1__1.A__1.D,0.25,1,53.0,1,53.0,53.0,Low density,Interaction,pli_qcov,50,25.0
8ppg__1__1.A__1.F_1.G_1.H_1.I,0.375,2,57.0,4,55.0,55.0,Low density,Interaction,pli_qcov,50,37.5
8pq9__1__1.A__1.C,0.25,1,86.0,250,57.844,57.844,High density,Interaction,pli_qcov,50,25.0
8pqa__1__1.A__1.C,0.0,1,83.0,796,52.66834170854271,52.66834170854271,High density,Interaction,pli_qcov,50,0.0
8pqf__1__1.A__1.C,0.0,1,75.0,276,51.48550724637681,51.48550724637681,High density,Interaction,pli_qcov,50,0.0
8pqq__1__1.B_1.D__1.J,0.5,1,58.0,1,58.0,58.0,Low density,Interaction,pli_qcov,50,50.0
8pqr__1__1.A_1.B_1.C__1.E,0.25,1,50.0,1,50.0,50.0,Low density,Interaction,pli_qcov,50,25.0
8prx__1__1.D__1.IA_1.JA_1.KA,0.25,1,86.0,252,68.09126984126983,68.09126984126983,High density,Interaction,pli_qcov,50,25.0
8px2__1__1.A__1.B,1.0,1,100.0,770,63.06103896103896,63.06103896103896,High density,Interaction,pli_qcov,50,100.0
8px8__1__1.A__1.D,0.75,1,83.0,463,58.07775377969762,58.07775377969762,High density,Interaction,pli_qcov,50,75.0
8pyi__1__1.A__1.I,0.25,1,73.0,43,58.55813953488372,58.55813953488372,High density,Interaction,pli_qcov,50,25.0
8pyn__1__1.A__1.B,0.5,1,80.0,305,54.81967213114754,54.81967213114754,High density,Interaction,pli_qcov,50,50.0
8q0t__1__1.A__1.C,0.0,1,38.0,0,,38.0,No neighbours,Interaction,pli_qcov,50,0.0
8q0u__1__1.A__1.D,0.25,1,45.0,0,,45.0,No neighbours,Interaction,pli_qcov,50,25.0
8q17__1__1.A__1.F,0.0,1,36.0,0,,36.0,No neighbours,Interaction,pli_qcov,50,0.0
8q1m__1__1.A_1.B__1.G,0.0,1,89.0,77,64.28571428571429,64.28571428571429,High density,Interaction,pli_qcov,50,0.0
8q2u__1__1.A__1.C,0.75,1,100.0,65,62.30769230769231,62.30769230769231,High density,Interaction,pli_qcov,50,75.0
8q2w__1__1.A__1.C,1.0,1,100.0,65,62.30769230769231,62.30769230769231,High density,Interaction,pli_qcov,50,100.0
8q2y__1__1.A__1.C,1.0,1,71.0,10,58.4,58.4,Low density,Interaction,pli_qcov,50,100.0
8q31__1__1.A__1.C,1.0,1,62.0,10,52.4,52.4,Low density,Interaction,pli_qcov,50,100.0
8q34__1__1.A__1.F,0.5,1,100.0,950,70.73684210526316,70.73684210526316,High density,Interaction,pli_qcov,50,50.0
8q5v__1__1.A_1.B__1.P_1.Q,1.0,1,94.0,32,74.5,74.5,Low density,Interaction,pli_qcov,50,100.0
8q5x__1__1.A_1.C__1.E_1.F,0.0,1,70.0,13,59.38461538461539,59.38461538461539,Low density,Interaction,pli_qcov,50,0.0
8q9v__1__2.A__2.C_2.D_2.E,0.0,1,42.0,0,,42.0,No neighbours,Interaction,pli_qcov,50,0.0
8qc4__1__1.A__1.C,0.75,1,92.0,6,61.666666666666664,61.666666666666664,Low density,Interaction,pli_qcov,50,75.0
8qc5__1__1.B__1.E_1.F,1.0,1,56.0,3,54.0,54.0,Low density,Interaction,pli_qcov,50,100.0
8qdy__1__1.A_2.A__1.B,0.25,1,60.0,3,55.333333333333336,55.333333333333336,Low density,Interaction,pli_qcov,50,25.0
8qdz__1__1.A_2.A__2.B,0.5,1,56.0,4,51.5,51.5,Low density,Interaction,pli_qcov,50,50.0
8qe0__1__1.A_2.A__2.B,0.5,1,47.0,0,,47.0,No neighbours,Interaction,pli_qcov,50,50.0
8qe1__1__1.A_2.A__1.B,0.75,1,52.0,1,52.0,52.0,Low density,Interaction,pli_qcov,50,75.0
8qe3__1__1.A_2.A__1.B,0.75,1,67.0,3,57.666666666666664,57.666666666666664,Low density,Interaction,pli_qcov,50,75.0
8qel__1__1.B__1.C,1.0,1,73.0,251,56.721115537848604,56.721115537848604,High density,Interaction,pli_qcov,50,100.0
8qhq__1__1.A_1.B__1.G,1.0,1,56.0,7,51.714285714285715,51.714285714285715,Low density,Interaction,pli_qcov,50,100.0
8qic__1__1.B__1.F_1.J,0.0,1,53.0,2,53.0,53.0,Low density,Interaction,pli_qcov,50,0.0
8qk2__1__1.A__1.D,1.0,1,60.0,2,55.0,55.0,Low density,Interaction,pli_qcov,50,100.0
8qk5__1__1.A__1.D,0.0,1,58.0,1,58.0,58.0,Low density,Interaction,pli_qcov,50,0.0
8qk9__1__1.A__1.D,0.75,1,47.0,0,,47.0,No neighbours,Interaction,pli_qcov,50,75.0
8qka__1__1.A__1.D,0.0,1,67.0,4,54.25,54.25,Low density,Interaction,pli_qcov,50,0.0
8qkb__1__1.D__1.CA_1.HA,1.0,1,82.0,42,61.642857142857146,61.642857142857146,High density,Interaction,pli_qcov,50,100.0
8qlr__1__1.B__1.F,1.0,1,78.0,12,61.75,61.75,Low density,Interaction,pli_qcov,50,100.0
8qmx__1__1.A__1.C_1.D_1.F,0.3333333333333333,3,59.0,3,59.0,59.0,Low density,Interaction,pli_qcov,50,33.33333333333333
8qmy__1__1.A__1.D_1.E,1.0,1,61.0,5,61.0,61.0,Low density,Interaction,pli_qcov,50,100.0
8qpn__1__1.A__1.B_1.I,1.0,1,82.0,24,59.5,59.5,Low density,Interaction,pli_qcov,50,100.0
8qq4__1__1.A__1.B_1.I,1.0,1,90.0,31,57.41935483870968,57.41935483870968,Low density,Interaction,pli_qcov,50,100.0
8qqg__1__1.A__1.D,1.0,1,85.0,267,61.13483146067416,61.13483146067416,High density,Interaction,pli_qcov,50,100.0
8qqy__1__1.A__1.B,1.0,1,86.0,932,60.90665236051502,60.90665236051502,High density,Interaction,pli_qcov,50,100.0
8qtt__1__1.C__1.D_1.V,0.0,1,76.0,315,61.0,61.0,High density,Interaction,pli_qcov,50,0.0
8qve__1__1.A__1.B_1.D,1.0,1,78.0,189,58.492063492063494,58.492063492063494,High density,Interaction,pli_qcov,50,100.0
8qyg__1__1.A_1.B__1.C_1.L,1.0,1,74.0,39,61.46153846153846,61.46153846153846,High density,Interaction,pli_qcov,50,100.0
8qyq__1__1.A__1.H,0.0,1,30.0,0,,30.0,No neighbours,Interaction,pli_qcov,50,0.0
8qyu__1__1.A__1.K_1.L,0.25,1,22.0,0,,22.0,No neighbours,Interaction,pli_qcov,50,25.0
8qyw__1__1.A_2.A__1.C_1.E,0.5,1,88.0,17,75.05882352941177,75.05882352941177,Low density,Interaction,pli_qcov,50,50.0
8r0i__1__1.A_2.A__1.D,0.75,1,29.0,0,,29.0,No neighbours,Interaction,pli_qcov,50,75.0
8r11__1__1.A_1.B__1.C,1.0,1,100.0,142,58.80281690140845,58.80281690140845,High density,Interaction,pli_qcov,50,100.0
8r12__1__1.A_1.B__1.C,0.0,1,62.0,16,53.0,53.0,Low density,Interaction,pli_qcov,50,0.0
8r1n__1__1.A__1.C,0.0,1,76.0,35,58.285714285714285,58.285714285714285,High density,Interaction,pli_qcov,50,0.0
8r1p__1__1.A_1.B__1.C,0.25,1,75.0,52,54.96153846153846,54.96153846153846,High density,Interaction,pli_qcov,50,25.0
8r3d__1__1.B_1.E__1.J,1.0,1,69.0,10,60.2,60.2,Low density,Interaction,pli_qcov,50,100.0
8r41__1__1.A__1.E_1.F_1.G,1.0,1,92.0,12,68.66666666666667,68.66666666666667,Low density,Interaction,pli_qcov,50,100.0
8r42__1__1.B__1.Q,0.25,1,90.0,14,75.71428571428571,75.71428571428571,Low density,Interaction,pli_qcov,50,25.0
8r4o__1__1.A__1.M,0.75,1,82.0,328,58.15548780487805,58.15548780487805,High density,Interaction,pli_qcov,50,75.0
8r4q__1__1.A__1.M_1.N,0.75,1,50.0,48,50.0,50.0,High density,Interaction,pli_qcov,50,75.0
8r4u__1__1.A__1.I,0.5,1,82.0,238,58.47899159663866,58.47899159663866,High density,Interaction,pli_qcov,50,50.0
8r4x__1__1.A__1.J_1.K_1.L_1.P,0.5,1,71.0,12,58.75,58.75,Low density,Interaction,pli_qcov,50,50.0
8r99__1__1.A__1.B_1.C,0.25,1,88.0,281,52.85053380782918,52.85053380782918,High density,Interaction,pli_qcov,50,25.0
8rb6__1__1.A__1.C_1.D,0.5,2,61.0,102,54.254901960784316,54.254901960784316,High density,Interaction,pli_qcov,50,50.0
8rdk__1__1.A__1.D,0.0,1,78.0,11,64.0,64.0,Low density,Interaction,pli_qcov,50,0.0
8s8x__1__1.A__1.C_1.E_1.F_1.I,0.5833333333333334,3,73.0,45,59.06666666666667,59.06666666666667,High density,Interaction,pli_qcov,50,58.333333333333336
8s98__1__1.A__1.D,1.0,1,100.0,765,62.38039215686275,62.38039215686275,High density,Interaction,pli_qcov,50,100.0
8sam__1__1.A__1.C_1.D,0.0,1,25.0,0,,25.0,No neighbours,Interaction,pli_qcov,50,0.0
8se5__1__1.A_1.B__1.H,0.25,1,0.0,0,,0.0,No neighbours,Interaction,pli_qcov,50,25.0
8sf3__1__1.A__1.B_1.C,0.75,1,86.0,91,63.38461538461539,63.38461538461539,High density,Interaction,pli_qcov,50,75.0
8sft__1__1.A__1.E_1.F,0.5,2,4.0,0,,4.0,No neighbours,Interaction,pli_qcov,50,50.0
8sge__1__1.A__1.H,0.75,1,43.0,0,,43.0,No neighbours,Interaction,pli_qcov,50,75.0
8sip__1__1.A_1.B__1.C,0.75,1,44.0,0,,44.0,No neighbours,Interaction,pli_qcov,50,75.0
8six__1__1.A__1.B,0.75,1,75.0,403,52.89578163771712,52.89578163771712,High density,Interaction,pli_qcov,50,75.0
8sk0__1__1.B__1.G_1.H,0.75,1,92.0,203,59.783251231527096,59.783251231527096,High density,Interaction,pli_qcov,50,75.0
8slg__1__1.A__1.C,1.0,1,52.0,3,52.0,52.0,Low density,Interaction,pli_qcov,50,100.0
8sqg__1__1.A__1.C_1.D,0.25,1,69.0,16,57.3125,57.3125,Low density,Interaction,pli_qcov,50,25.0
8su1__1__1.A__1.C_1.D_1.E_1.F,1.0,1,73.0,3,66.66666666666667,66.66666666666667,Low density,Interaction,pli_qcov,50,100.0
8sv9__1__1.A__1.C,1.0,1,36.0,0,,36.0,No neighbours,Interaction,pli_qcov,50,100.0
8svl__1__1.A__1.B_1.C_1.G,1.0,1,100.0,36,67.19444444444444,67.19444444444444,High density,Interaction,pli_qcov,50,100.0
8swe__1__1.A__1.E,1.0,1,100.0,955,61.527748691099475,61.527748691099475,High density,Interaction,pli_qcov,50,100.0
8swr__1__1.A_1.B__1.I,1.0,1,69.0,26,57.88461538461539,57.88461538461539,Low density,Interaction,pli_qcov,50,100.0
8swt__1__1.A_2.A__1.C_1.D,1.0,1,75.0,56,56.94642857142857,56.94642857142857,High density,Interaction,pli_qcov,50,100.0
8swu__1__1.A_1.B__1.D_1.E,1.0,1,90.0,44,64.77272727272727,64.77272727272727,High density,Interaction,pli_qcov,50,100.0
8sx2__1__1.A__1.C,1.0,1,79.0,21,57.04761904761905,57.04761904761905,Low density,Interaction,pli_qcov,50,100.0
8sx4__1__1.A__1.C,0.0,1,69.0,43,51.27906976744186,51.27906976744186,High density,Interaction,pli_qcov,50,0.0
8sxy__1__1.A__1.C,0.0,1,50.0,3,50.0,50.0,Low density,Interaction,pli_qcov,50,0.0
8sye__1__1.A__1.C,0.0,1,48.0,0,,48.0,No neighbours,Interaction,pli_qcov,50,0.0
8sz3__1__1.A_2.B__1.G,0.0,1,38.0,0,,38.0,No neighbours,Interaction,pli_qcov,50,0.0
8sze__1__1.A__1.C,1.0,1,100.0,514,66.01556420233463,66.01556420233463,High density,Interaction,pli_qcov,50,100.0
8szq__1__1.A__1.B_1.C,0.25,1,62.0,18,54.77777777777778,54.77777777777778,Low density,Interaction,pli_qcov,50,25.0
8szs__1__1.A__1.B_1.C,0.25,1,57.0,7,53.42857142857143,53.42857142857143,Low density,Interaction,pli_qcov,50,25.0
8t1q__1__1.A__1.B_1.F_1.G,0.25,1,18.0,0,,18.0,No neighbours,Interaction,pli_qcov,50,25.0
8t1y__1__1.A__1.B,1.0,1,71.0,53,58.716981132075475,58.716981132075475,High density,Interaction,pli_qcov,50,100.0
8t27__1__1.A__1.B,1.0,1,75.0,36,55.333333333333336,55.333333333333336,High density,Interaction,pli_qcov,50,100.0
8t2h__1__1.A__1.C_1.D_1.E,0.5,1,73.0,129,55.325581395348834,55.325581395348834,High density,Interaction,pli_qcov,50,50.0
8t5k__1__1.A_2.A__1.B_2.B,0.5,2,79.0,34,56.64705882352941,56.64705882352941,High density,Interaction,pli_qcov,50,50.0
8t5n__1__1.A__1.B_1.M,1.0,1,61.0,19,52.68421052631579,52.68421052631579,Low density,Interaction,pli_qcov,50,100.0
8t8v__1__1.A__1.B_1.C_1.E_1.F,0.75,1,35.0,0,,35.0,No neighbours,Interaction,pli_qcov,50,75.0
8t9v__1__1.A__1.B,0.75,1,75.0,4,68.5,68.5,Low density,Interaction,pli_qcov,50,75.0
8tab__1__1.A__1.E_1.G,1.0,1,78.0,4,69.75,69.75,Low density,Interaction,pli_qcov,50,100.0
8tc9__1__1.A__1.E_1.M,1.0,1,79.0,4,64.5,64.5,Low density,Interaction,pli_qcov,50,100.0
8tce__1__1.A__1.C,0.25,1,71.0,2,71.0,71.0,Low density,Interaction,pli_qcov,50,25.0
8tqv__1__1.A__1.C,0.0,1,29.0,0,,29.0,No neighbours,Interaction,pli_qcov,50,0.0
8tti__1__1.A__1.E,1.0,1,83.0,24,62.583333333333336,62.583333333333336,Low density,Interaction,pli_qcov,50,100.0
8twj__1__1.A__1.B_1.C_1.D_1.E,0.75,1,29.0,0,,29.0,No neighbours,Interaction,pli_qcov,50,75.0
8typ__1__1.A__1.C,0.75,1,80.0,38,60.526315789473685,60.526315789473685,High density,Interaction,pli_qcov,50,75.0
8u0n__1__1.B__1.E_1.F,0.0,2,77.0,8,67.5,67.5,Low density,Interaction,pli_qcov,50,0.0
8u2e__1__1.A__1.B,0.0,1,100.0,1166,55.926243567753005,55.926243567753005,High density,Interaction,pli_qcov,50,0.0
8u2r__1__1.A__1.C,1.0,1,84.0,68,62.60294117647059,62.60294117647059,High density,Interaction,pli_qcov,50,100.0
8u37__1__1.A__1.B,0.5,1,80.0,397,61.46095717884131,61.46095717884131,High density,Interaction,pli_qcov,50,50.0
8u4w__1__1.A__1.E,0.75,1,62.0,19,57.36842105263158,57.36842105263158,Low density,Interaction,pli_qcov,50,75.0
8u7w__1__1.A__1.C,0.75,1,64.0,4,57.25,57.25,Low density,Interaction,pli_qcov,50,75.0
8u7x__1__1.A__1.C,0.75,1,54.0,1,54.0,54.0,Low density,Interaction,pli_qcov,50,75.0
8u8j__1__1.A__1.B,1.0,1,100.0,845,60.41301775147929,60.41301775147929,High density,Interaction,pli_qcov,50,100.0
8u8k__1__1.A__1.B,1.0,1,100.0,1083,55.90212373037858,55.90212373037858,High density,Interaction,pli_qcov,50,100.0
8u97__1__1.A__1.B,1.0,1,75.0,17,58.411764705882355,58.411764705882355,Low density,Interaction,pli_qcov,50,100.0
8uak__1__1.A__1.B,0.75,1,100.0,817,55.090575275397796,55.090575275397796,High density,Interaction,pli_qcov,50,75.0
8ufp__1__1.A_1.B__1.K,0.0,1,100.0,26,62.34615384615385,62.34615384615385,Low density,Interaction,pli_qcov,50,0.0
8ug3__1__1.A_1.B__1.C,0.25,1,50.0,5,50.0,50.0,Low density,Interaction,pli_qcov,50,25.0
8ui1__1__1.A__1.B_1.C,1.0,1,79.0,47,57.48936170212766,57.48936170212766,High density,Interaction,pli_qcov,50,100.0
8ujy__1__1.B__1.D,1.0,1,82.0,11,60.72727272727273,60.72727272727273,Low density,Interaction,pli_qcov,50,100.0
8uk6__1__1.A__1.C,0.0,1,0.0,0,,0.0,No neighbours,Interaction,pli_qcov,50,0.0
8un3__1__1.A__1.E_1.F_1.H,0.5,2,69.0,286,53.20979020979021,53.20979020979021,High density,Interaction,pli_qcov,50,50.0
8uob__1__1.A__1.B,0.25,1,91.0,26,77.5,77.5,Low density,Interaction,pli_qcov,50,25.0
8ur9__1__1.A_1.B__1.C,1.0,1,90.0,102,54.90196078431372,54.90196078431372,High density,Interaction,pli_qcov,50,100.0
8usm__1__1.A__1.C,1.0,1,93.0,20,57.8,57.8,Low density,Interaction,pli_qcov,50,100.0
8uuf__1__1.A__1.B,1.0,1,92.0,28,74.0,74.0,Low density,Interaction,pli_qcov,50,100.0
8uuu__1__1.A__1.B,0.5,1,92.0,27,75.55555555555556,75.55555555555556,Low density,Interaction,pli_qcov,50,50.0
8uuv__1__1.A__1.B,0.75,1,91.0,26,77.5,77.5,Low density,Interaction,pli_qcov,50,75.0
8ux7__1__1.B__1.I,0.5,1,100.0,249,73.84738955823293,73.84738955823293,High density,Interaction,pli_qcov,50,50.0
8v2t__1__1.A_3.A_4.A__3.C_4.B,1.0,1,65.0,6,56.0,56.0,Low density,Interaction,pli_qcov,50,100.0
8v8e__1__1.A__1.D,0.0,1,70.0,90,52.44444444444444,52.44444444444444,High density,Interaction,pli_qcov,50,0.0
8vh9__1__1.A_1.B__1.C_1.F,1.0,1,79.0,53,60.905660377358494,60.905660377358494,High density,Interaction,pli_qcov,50,100.0
8vw1__1__1.A__1.B_1.C,1.0,1,80.0,5,65.0,65.0,Low density,Interaction,pli_qcov,50,100.0
8w4s__1__1.A__1.D,0.25,1,67.0,12,54.166666666666664,54.166666666666664,Low density,Interaction,pli_qcov,50,25.0
8wd4__1__1.A__1.B,1.0,1,100.0,1496,57.39705882352941,57.39705882352941,High density,Interaction,pli_qcov,50,100.0
8wdx__1__1.A__1.B,1.0,1,92.0,30,57.43333333333333,57.43333333333333,Low density,Interaction,pli_qcov,50,100.0
8wjy__1__1.A__1.B,1.0,1,60.0,64,54.203125,54.203125,High density,Interaction,pli_qcov,50,100.0
8wmy__1__1.A__1.C_1.D_1.E,0.25,1,0.0,0,,0.0,No neighbours,Interaction,pli_qcov,50,25.0
8wnj__1__1.A__1.F,1.0,1,67.0,6,57.0,57.0,Low density,Interaction,pli_qcov,50,100.0
8wo2__1__1.A__1.D,1.0,1,62.0,5,53.6,53.6,Low density,Interaction,pli_qcov,50,100.0
8wr2__1__1.A__1.E_1.F,0.0,1,27.0,0,,27.0,No neighbours,Interaction,pli_qcov,50,0.0
8wrj__1__1.A__1.B,0.0,1,22.0,0,,22.0,No neighbours,Interaction,pli_qcov,50,0.0
8wsm__1__1.A__1.B_1.C,1.0,1,86.0,5,78.8,78.8,Low density,Interaction,pli_qcov,50,100.0
8wsw__1__1.A__1.E,0.0,1,75.0,346,51.945086705202314,51.945086705202314,High density,Interaction,pli_qcov,50,0.0
8wwo__1__1.A_2.D__2.K_2.L,1.0,1,68.0,5,60.8,60.8,Low density,Interaction,pli_qcov,50,100.0
8wzq__1__1.A__1.C,1.0,1,100.0,131,69.26717557251908,69.26717557251908,High density,Interaction,pli_qcov,50,100.0
8x1a__1__1.A__1.B,0.75,1,88.0,7,69.0,69.0,Low density,Interaction,pli_qcov,50,75.0
8x35__1__1.A_1.B__1.C_1.D_1.E,0.75,2,71.0,20,61.4,61.4,Low density,Interaction,pli_qcov,50,75.0
8x6r__1__1.A__1.G_1.H_1.I,0.625,2,83.0,2683,56.062243756988444,56.062243756988444,High density,Interaction,pli_qcov,50,62.5
8xhd__1__1.A_1.B__1.C,0.25,1,65.0,6,53.333333333333336,53.333333333333336,Low density,Interaction,pli_qcov,50,25.0
8xkf__1__1.A_1.C__1.M_1.S,0.75,1,75.0,44,58.02272727272727,58.02272727272727,High density,Interaction,pli_qcov,50,75.0
8y33__1__1.A__1.B,0.0,1,55.0,1,55.0,55.0,Low density,Interaction,pli_qcov,50,0.0
8yhw__1__1.A__1.E_1.F,1.0,1,82.0,74,57.513513513513516,57.513513513513516,High density,Interaction,pli_qcov,50,100.0
9eun__1__1.A__1.E,1.0,1,79.0,23,64.6086956521739,64.6086956521739,Low density,Interaction,pli_qcov,50,100.0
9f40__1__1.A__1.Q,0.5,1,79.0,3,71.33333333333333,71.33333333333333,Low density,Interaction,pli_qcov,50,50.0
9f41__1__1.A__1.Q,0.5,1,90.0,4,70.0,70.0,Low density,Interaction,pli_qcov,50,50.0
