query_system,mean_success,n_proper_ligands,best_similarity,density,mean_similarity_above_threshold,visualisation_similarity,density_group,similarity_metric,similarity_column,threshold,mean_success_percent
5s9l__1__1.A__1.H_1.I,0.75,1,100.0,4,92.53731343283582,92.53731343283582,Low density,Ligand chemistry,morgan_tanimoto,50,75.0
5s9m__1__1.A__1.C_1.I,0.5,1,48.717948717948715,0,,48.717948717948715,No neighbours,Ligand chemistry,morgan_tanimoto,50,50.0
5s9z__1__1.A_1.B__1.R,0.0,1,31.428571428571427,0,,31.428571428571427,No neighbours,Ligand chemistry,morgan_tanimoto,50,0.0
5sau__1__1.A__1.B,1.0,1,46.478873239436616,0,,46.478873239436616,No neighbours,Ligand chemistry,morgan_tanimoto,50,100.0
5sav__1__1.A__1.B,1.0,1,35.13513513513514,0,,35.13513513513514,No neighbours,Ligand chemistry,morgan_tanimoto,50,100.0
5saw__1__1.A__1.B,1.0,1,50.0,1,50.0,50.0,Low density,Ligand chemistry,morgan_tanimoto,50,100.0
5sb2__1__1.A__1.G,1.0,1,34.090909090909086,0,,34.090909090909086,No neighbours,Ligand chemistry,morgan_tanimoto,50,100.0
5scm__1__1.A__1.F_1.G_1.H_1.I,0.625,2,100.0,783,72.53037703258151,72.53037703258151,High density,Ligand chemistry,morgan_tanimoto,50,62.5
5scn__1__1.A__1.B_1.C,1.0,2,100.0,782,72.44342746520576,72.44342746520576,High density,Ligand chemistry,morgan_tanimoto,50,100.0
5sdu__1__1.A__1.G,0.75,1,24.242424242424242,0,,24.242424242424242,No neighbours,Ligand chemistry,morgan_tanimoto,50,75.0
5sdy__1__1.A__1.D,0.25,1,20.618556701030926,0,,20.618556701030926,No neighbours,Ligand chemistry,morgan_tanimoto,50,25.0
5se0__1__1.A__1.G,0.5,1,22.448979591836736,0,,22.448979591836736,No neighbours,Ligand chemistry,morgan_tanimoto,50,50.0
5se2__1__1.A__1.G,0.5,1,35.18518518518518,0,,35.18518518518518,No neighbours,Ligand chemistry,morgan_tanimoto,50,50.0
5se3__1__1.A__1.G,1.0,1,26.31578947368421,0,,26.31578947368421,No neighbours,Ligand chemistry,morgan_tanimoto,50,100.0
5se5__1__1.A__1.G,0.25,1,22.058823529411764,0,,22.058823529411764,No neighbours,Ligand chemistry,morgan_tanimoto,50,25.0
5se6__1__1.A__1.G,0.25,1,25.0,0,,25.0,No neighbours,Ligand chemistry,morgan_tanimoto,50,25.0
5se8__1__1.A__1.G,1.0,1,25.0,0,,25.0,No neighbours,Ligand chemistry,morgan_tanimoto,50,100.0
5se9__1__1.A__1.G,1.0,1,26.31578947368421,0,,26.31578947368421,No neighbours,Ligand chemistry,morgan_tanimoto,50,100.0
5sea__1__1.A__1.G,0.25,1,22.22222222222222,0,,22.22222222222222,No neighbours,Ligand chemistry,morgan_tanimoto,50,25.0
5seb__1__1.A__1.G,0.75,1,45.76271186440678,0,,45.76271186440678,No neighbours,Ligand chemistry,morgan_tanimoto,50,75.0
5sec__1__1.A__1.G,1.0,1,29.310344827586203,0,,29.310344827586203,No neighbours,Ligand chemistry,morgan_tanimoto,50,100.0
5see__1__1.A__1.E,0.5,1,22.340425531914892,0,,22.340425531914892,No neighbours,Ligand chemistry,morgan_tanimoto,50,50.0
5seh__1__1.A__1.G,1.0,1,24.731182795698924,0,,24.731182795698924,No neighbours,Ligand chemistry,morgan_tanimoto,50,100.0
5sek__1__1.A__1.G,0.75,1,30.357142857142854,0,,30.357142857142854,No neighbours,Ligand chemistry,morgan_tanimoto,50,75.0
5sel__1__1.A__1.G,0.75,1,23.809523809523807,0,,23.809523809523807,No neighbours,Ligand chemistry,morgan_tanimoto,50,75.0
5sem__1__1.A__1.G,0.75,1,23.52941176470588,0,,23.52941176470588,No neighbours,Ligand chemistry,morgan_tanimoto,50,75.0
5sen__1__1.A__1.G,1.0,1,28.57142857142857,0,,28.57142857142857,No neighbours,Ligand chemistry,morgan_tanimoto,50,100.0
5seo__1__1.A__1.G,1.0,1,36.666666666666664,0,,36.666666666666664,No neighbours,Ligand chemistry,morgan_tanimoto,50,100.0
5sex__1__1.A__1.G,1.0,1,26.5625,0,,26.5625,No neighbours,Ligand chemistry,morgan_tanimoto,50,100.0
5sez__1__1.A__1.G,0.75,1,30.555555555555557,0,,30.555555555555557,No neighbours,Ligand chemistry,morgan_tanimoto,50,75.0
5sf0__1__1.A__1.G,1.0,1,22.82608695652174,0,,22.82608695652174,No neighbours,Ligand chemistry,morgan_tanimoto,50,100.0
5sf1__1__1.A__1.E,0.75,1,19.736842105263158,0,,19.736842105263158,No neighbours,Ligand chemistry,morgan_tanimoto,50,75.0
5sf4__1__1.A__1.G,0.5,1,22.54901960784314,0,,22.54901960784314,No neighbours,Ligand chemistry,morgan_tanimoto,50,50.0
5sf7__1__1.A__1.G,1.0,1,48.38709677419355,0,,48.38709677419355,No neighbours,Ligand chemistry,morgan_tanimoto,50,100.0
5sfc__1__1.A__1.G,0.25,1,22.666666666666664,0,,22.666666666666664,No neighbours,Ligand chemistry,morgan_tanimoto,50,25.0
5sfd__1__1.A__1.G,0.5,1,66.66666666666666,8,63.69047619047618,63.69047619047618,Low density,Ligand chemistry,morgan_tanimoto,50,50.0
5sfg__1__1.A__1.G,0.25,1,21.11111111111111,0,,21.11111111111111,No neighbours,Ligand chemistry,morgan_tanimoto,50,25.0
5sfh__1__1.A__1.G,0.5,1,43.93939393939394,0,,43.93939393939394,No neighbours,Ligand chemistry,morgan_tanimoto,50,50.0
5sfl__1__1.A__1.G,0.5,1,22.105263157894736,0,,22.105263157894736,No neighbours,Ligand chemistry,morgan_tanimoto,50,50.0
5sfn__1__1.A__1.G,1.0,1,22.89156626506024,0,,22.89156626506024,No neighbours,Ligand chemistry,morgan_tanimoto,50,100.0
5sfo__1__1.A__1.G,1.0,1,21.50537634408602,0,,21.50537634408602,No neighbours,Ligand chemistry,morgan_tanimoto,50,100.0
5sfp__1__1.A__1.G,0.75,1,26.027397260273972,0,,26.027397260273972,No neighbours,Ligand chemistry,morgan_tanimoto,50,75.0
5sfr__1__1.A__1.G,0.25,1,21.782178217821784,0,,21.782178217821784,No neighbours,Ligand chemistry,morgan_tanimoto,50,25.0
5sfx__1__1.A__1.G,0.5,1,24.175824175824175,0,,24.175824175824175,No neighbours,Ligand chemistry,morgan_tanimoto,50,50.0
5sfy__1__1.A__1.G,0.5,1,27.631578947368425,0,,27.631578947368425,No neighbours,Ligand chemistry,morgan_tanimoto,50,50.0
5sg0__1__1.A__1.G,1.0,1,26.666666666666668,0,,26.666666666666668,No neighbours,Ligand chemistry,morgan_tanimoto,50,100.0
5sg5__1__1.A__1.G,0.25,1,38.095238095238095,0,,38.095238095238095,No neighbours,Ligand chemistry,morgan_tanimoto,50,25.0
5sg6__1__1.A__1.G,0.5,1,67.9245283018868,8,64.8713550600343,64.8713550600343,Low density,Ligand chemistry,morgan_tanimoto,50,50.0
5sg9__1__1.A__1.G,0.0,1,31.25,0,,31.25,No neighbours,Ligand chemistry,morgan_tanimoto,50,0.0
5sgh__1__1.A__1.G,1.0,1,34.44444444444444,0,,34.44444444444444,No neighbours,Ligand chemistry,morgan_tanimoto,50,100.0
5sgk__1__1.A__1.G,1.0,1,24.175824175824175,0,,24.175824175824175,No neighbours,Ligand chemistry,morgan_tanimoto,50,100.0
5sgl__1__1.A__1.G,0.0,1,27.77777777777778,0,,27.77777777777778,No neighbours,Ligand chemistry,morgan_tanimoto,50,0.0
5sgm__1__1.A__1.D,1.0,1,21.11111111111111,0,,21.11111111111111,No neighbours,Ligand chemistry,morgan_tanimoto,50,100.0
5sgp__1__1.A__1.H,1.0,1,23.52941176470588,0,,23.52941176470588,No neighbours,Ligand chemistry,morgan_tanimoto,50,100.0
5sgr__1__1.A__1.G,0.75,1,31.88405797101449,0,,31.88405797101449,No neighbours,Ligand chemistry,morgan_tanimoto,50,75.0
5sgs__1__1.A__1.G,1.0,1,32.3943661971831,0,,32.3943661971831,No neighbours,Ligand chemistry,morgan_tanimoto,50,100.0
5sgt__1__1.A__1.G,0.25,1,76.27118644067797,1,76.27118644067797,76.27118644067797,Low density,Ligand chemistry,morgan_tanimoto,50,25.0
5sgw__1__1.A__1.G,1.0,1,35.0,0,,35.0,No neighbours,Ligand chemistry,morgan_tanimoto,50,100.0
5sgx__1__1.A__1.G,0.75,1,53.84615384615385,4,53.84615384615385,53.84615384615385,Low density,Ligand chemistry,morgan_tanimoto,50,75.0
5sgz__1__1.A__1.G,1.0,1,40.32258064516129,0,,40.32258064516129,No neighbours,Ligand chemistry,morgan_tanimoto,50,100.0
5sh0__1__1.A__1.G,0.0,1,23.076923076923077,0,,23.076923076923077,No neighbours,Ligand chemistry,morgan_tanimoto,50,0.0
5sh1__1__1.A__1.G,0.0,1,30.18867924528302,0,,30.18867924528302,No neighbours,Ligand chemistry,morgan_tanimoto,50,0.0
5sh2__1__1.A__1.G,1.0,1,25.263157894736842,0,,25.263157894736842,No neighbours,Ligand chemistry,morgan_tanimoto,50,100.0
5sh6__1__1.A__1.G,0.5,1,28.749999999999996,0,,28.749999999999996,No neighbours,Ligand chemistry,morgan_tanimoto,50,50.0
5sh8__1__1.A__1.E,0.25,1,22.22222222222222,0,,22.22222222222222,No neighbours,Ligand chemistry,morgan_tanimoto,50,25.0
5shc__1__1.A__1.G,1.0,1,24.390243902439025,0,,24.390243902439025,No neighbours,Ligand chemistry,morgan_tanimoto,50,100.0
5shf__1__1.A__1.G,1.0,1,27.027027027027028,0,,27.027027027027028,No neighbours,Ligand chemistry,morgan_tanimoto,50,100.0
5shg__1__1.A__1.G,1.0,1,51.78571428571429,2,51.78571428571429,51.78571428571429,Low density,Ligand chemistry,morgan_tanimoto,50,100.0
5shh__1__1.A__1.G,0.75,1,20.0,0,,20.0,No neighbours,Ligand chemistry,morgan_tanimoto,50,75.0
5shi__1__1.A__1.E,0.5,1,23.18840579710145,0,,23.18840579710145,No neighbours,Ligand chemistry,morgan_tanimoto,50,50.0
5shp__1__1.A__1.G,0.75,1,22.58064516129032,0,,22.58064516129032,No neighbours,Ligand chemistry,morgan_tanimoto,50,75.0
5shu__1__1.A__1.G,1.0,1,19.444444444444446,0,,19.444444444444446,No neighbours,Ligand chemistry,morgan_tanimoto,50,100.0
5shx__1__1.A__1.G,0.5,1,27.500000000000004,0,,27.500000000000004,No neighbours,Ligand chemistry,morgan_tanimoto,50,50.0
5si3__1__1.A__1.E,0.5,1,26.027397260273972,0,,26.027397260273972,No neighbours,Ligand chemistry,morgan_tanimoto,50,50.0
5si6__1__1.A__1.G,1.0,1,21.978021978021978,0,,21.978021978021978,No neighbours,Ligand chemistry,morgan_tanimoto,50,100.0
5si7__1__1.A__1.G,0.75,1,30.76923076923077,0,,30.76923076923077,No neighbours,Ligand chemistry,morgan_tanimoto,50,75.0
5si8__1__1.A__1.G,0.75,1,24.742268041237114,0,,24.742268041237114,No neighbours,Ligand chemistry,morgan_tanimoto,50,75.0
5si9__1__1.A__1.G,0.75,1,25.31645569620253,0,,25.31645569620253,No neighbours,Ligand chemistry,morgan_tanimoto,50,75.0
5sie__1__1.A__1.G,0.75,1,20.0,0,,20.0,No neighbours,Ligand chemistry,morgan_tanimoto,50,75.0
5sif__1__1.A__1.I,0.5,1,50.0,4,50.0,50.0,Low density,Ligand chemistry,morgan_tanimoto,50,50.0
5sig__1__1.A__1.G,0.0,1,40.67796610169492,0,,40.67796610169492,No neighbours,Ligand chemistry,morgan_tanimoto,50,0.0
5sih__1__1.A__1.H,0.0,1,21.052631578947366,0,,21.052631578947366,No neighbours,Ligand chemistry,morgan_tanimoto,50,0.0
5sio__1__1.A__1.H,1.0,1,25.0,0,,25.0,No neighbours,Ligand chemistry,morgan_tanimoto,50,100.0
5sip__1__1.A__1.G,0.5,1,23.75,0,,23.75,No neighbours,Ligand chemistry,morgan_tanimoto,50,50.0
5siq__1__1.A__1.H,0.25,1,32.432432432432435,0,,32.432432432432435,No neighbours,Ligand chemistry,morgan_tanimoto,50,25.0
5sir__1__1.A__1.G,1.0,1,25.0,0,,25.0,No neighbours,Ligand chemistry,morgan_tanimoto,50,100.0
5siy__1__1.A__1.G,0.75,1,49.36708860759494,0,,49.36708860759494,No neighbours,Ligand chemistry,morgan_tanimoto,50,75.0
5siz__1__1.A__1.G,0.0,1,23.076923076923077,0,,23.076923076923077,No neighbours,Ligand chemistry,morgan_tanimoto,50,0.0
5sj1__1__1.A__1.G,0.5,1,16.176470588235293,0,,16.176470588235293,No neighbours,Ligand chemistry,morgan_tanimoto,50,50.0
5sj7__1__1.A__1.G,0.5,1,18.181818181818183,0,,18.181818181818183,No neighbours,Ligand chemistry,morgan_tanimoto,50,50.0
5sj8__1__1.A__1.G,1.0,1,76.08695652173914,3,76.08695652173914,76.08695652173914,Low density,Ligand chemistry,morgan_tanimoto,50,100.0
5sjb__1__1.A__1.G,0.5,1,26.923076923076923,0,,26.923076923076923,No neighbours,Ligand chemistry,morgan_tanimoto,50,50.0
5sjc__1__1.A__1.F,0.75,1,24.0,0,,24.0,No neighbours,Ligand chemistry,morgan_tanimoto,50,75.0
5sjf__1__1.A__1.H,0.0,1,73.33333333333333,8,63.93939393939394,63.93939393939394,Low density,Ligand chemistry,morgan_tanimoto,50,0.0
5sjg__1__1.A__1.G,0.75,1,45.45454545454545,0,,45.45454545454545,No neighbours,Ligand chemistry,morgan_tanimoto,50,75.0
5sjl__1__1.A__1.G,0.25,1,20.87912087912088,0,,20.87912087912088,No neighbours,Ligand chemistry,morgan_tanimoto,50,25.0
5sjo__1__1.A__1.H,0.75,1,74.13793103448276,8,64.41271551724138,64.41271551724138,Low density,Ligand chemistry,morgan_tanimoto,50,75.0
5sjt__1__1.A__1.H,1.0,1,24.358974358974358,0,,24.358974358974358,No neighbours,Ligand chemistry,morgan_tanimoto,50,100.0
5sju__1__1.A__1.G,0.5,1,19.78021978021978,0,,19.78021978021978,No neighbours,Ligand chemistry,morgan_tanimoto,50,50.0
5sjv__1__1.A__1.G,1.0,1,28.333333333333332,0,,28.333333333333332,No neighbours,Ligand chemistry,morgan_tanimoto,50,100.0
5sjw__1__1.A__1.I,0.75,1,25.0,0,,25.0,No neighbours,Ligand chemistry,morgan_tanimoto,50,75.0
5sk0__1__1.A__1.G,0.25,1,26.82926829268293,0,,26.82926829268293,No neighbours,Ligand chemistry,morgan_tanimoto,50,25.0
5sk4__1__1.A__1.G,1.0,1,69.64285714285714,8,59.82142857142857,59.82142857142857,Low density,Ligand chemistry,morgan_tanimoto,50,100.0
5sk5__1__1.A__1.H,1.0,1,24.46808510638298,0,,24.46808510638298,No neighbours,Ligand chemistry,morgan_tanimoto,50,100.0
5sk6__1__1.A__1.G,1.0,1,22.641509433962266,0,,22.641509433962266,No neighbours,Ligand chemistry,morgan_tanimoto,50,100.0
5sk9__1__1.A__1.G,1.0,1,29.82456140350877,0,,29.82456140350877,No neighbours,Ligand chemistry,morgan_tanimoto,50,100.0
5skd__1__1.A__1.G,0.5,1,74.13793103448276,8,64.41271551724138,64.41271551724138,Low density,Ligand chemistry,morgan_tanimoto,50,50.0
5skf__1__1.A__1.I,0.25,1,45.714285714285715,0,,45.714285714285715,No neighbours,Ligand chemistry,morgan_tanimoto,50,25.0
5skg__1__1.A__1.G,0.75,1,25.301204819277107,0,,25.301204819277107,No neighbours,Ligand chemistry,morgan_tanimoto,50,75.0
5skh__1__1.A__1.H,1.0,1,83.01886792452831,12,64.6786056923569,64.6786056923569,Low density,Ligand chemistry,morgan_tanimoto,50,100.0
5ski__1__1.A__1.G,0.75,1,37.68115942028986,0,,37.68115942028986,No neighbours,Ligand chemistry,morgan_tanimoto,50,75.0
5skl__1__1.A__1.G,1.0,1,22.58064516129032,0,,22.58064516129032,No neighbours,Ligand chemistry,morgan_tanimoto,50,100.0
5skm__1__1.A__1.G,0.75,1,27.472527472527474,0,,27.472527472527474,No neighbours,Ligand chemistry,morgan_tanimoto,50,75.0
5sko__1__1.A__1.G,0.5,1,25.0,0,,25.0,No neighbours,Ligand chemistry,morgan_tanimoto,50,50.0
5skr__1__1.A__1.G,0.75,1,31.506849315068493,0,,31.506849315068493,No neighbours,Ligand chemistry,morgan_tanimoto,50,75.0
5skt__1__1.A__1.G,0.0,1,29.577464788732392,0,,29.577464788732392,No neighbours,Ligand chemistry,morgan_tanimoto,50,0.0
5sku__1__1.A__1.G,0.0,1,22.340425531914892,0,,22.340425531914892,No neighbours,Ligand chemistry,morgan_tanimoto,50,0.0
5slg__1__1.A__1.G,0.0,1,10.843373493975903,0,,10.843373493975903,No neighbours,Ligand chemistry,morgan_tanimoto,50,0.0
5umb__1__1.A__1.E_1.F_1.G,1.0,1,100.0,199,93.90143566177065,93.90143566177065,High density,Ligand chemistry,morgan_tanimoto,50,100.0
6x4j__1__1.A_2.A__2.B_2.C_2.D_2.E,1.0,2,100.0,20,87.31587057010786,87.31587057010786,High density,Ligand chemistry,morgan_tanimoto,50,100.0
6x4k__1__1.A_2.A__1.B_1.C_1.D_1.E,1.0,2,100.0,16,90.5084745762712,90.5084745762712,Low density,Ligand chemistry,morgan_tanimoto,50,100.0
6x4l__1__1.A_2.A__2.B_2.C_2.D_2.E,1.0,2,100.0,20,86.43523002421308,86.43523002421308,High density,Ligand chemistry,morgan_tanimoto,50,100.0
6xqr__1__1.B__1.E,0.0,1,30.303030303030305,0,,30.303030303030305,No neighbours,Ligand chemistry,morgan_tanimoto,50,0.0
6z48__1__1.B__1.J,1.0,1,30.107526881720432,0,,30.107526881720432,No neighbours,Ligand chemistry,morgan_tanimoto,50,100.0
6zfz__1__1.A__1.B,0.75,1,29.333333333333332,0,,29.333333333333332,No neighbours,Ligand chemistry,morgan_tanimoto,50,75.0
6zg4__1__1.A__1.B,0.25,1,23.376623376623375,0,,23.376623376623375,No neighbours,Ligand chemistry,morgan_tanimoto,50,25.0
6zg9__1__1.A__1.B,1.0,1,17.80821917808219,0,,17.80821917808219,No neighbours,Ligand chemistry,morgan_tanimoto,50,100.0
6zk2__1__1.A_1.B__1.E_1.F,0.5,1,39.58333333333333,0,,39.58333333333333,No neighbours,Ligand chemistry,morgan_tanimoto,50,50.0
6zk5__1__1.A_1.B__1.F_1.G,1.0,1,39.58333333333333,0,,39.58333333333333,No neighbours,Ligand chemistry,morgan_tanimoto,50,100.0
6zx1__1__1.A_2.A__1.B,1.0,1,100.0,334,66.41953848728478,66.41953848728478,High density,Ligand chemistry,morgan_tanimoto,50,100.0
7a4q__1__1.A__1.B,1.0,1,26.582278481012654,0,,26.582278481012654,No neighbours,Ligand chemistry,morgan_tanimoto,50,100.0
7ab9__1__1.A__1.G_1.P,0.5,1,100.0,9,70.31063321385902,70.31063321385902,Low density,Ligand chemistry,morgan_tanimoto,50,50.0
7abe__1__1.A__1.G_1.W,1.0,1,100.0,10,69.58476469766792,69.58476469766792,Low density,Ligand chemistry,morgan_tanimoto,50,100.0
7abj__1__1.A__1.T,1.0,1,100.0,4,68.44155844155844,68.44155844155844,Low density,Ligand chemistry,morgan_tanimoto,50,100.0
7afz__1__2.A__2.B_2.C_2.D,0.75,1,16.666666666666664,0,,16.666666666666664,No neighbours,Ligand chemistry,morgan_tanimoto,50,75.0
7ait__1__1.A__1.C,0.25,1,46.464646464646464,0,,46.464646464646464,No neighbours,Ligand chemistry,morgan_tanimoto,50,25.0
7aiu__1__1.A__1.H,0.0,1,48.95833333333333,0,,48.95833333333333,No neighbours,Ligand chemistry,morgan_tanimoto,50,0.0
7an8__1__1.B__1.E,0.75,1,45.45454545454545,0,,45.45454545454545,No neighbours,Ligand chemistry,morgan_tanimoto,50,75.0
7ana__1__1.A__1.C,0.25,1,100.0,43,74.06843527575838,74.06843527575838,High density,Ligand chemistry,morgan_tanimoto,50,25.0
7au4__1__1.A_2.A__2.D,1.0,1,20.634920634920633,0,,20.634920634920633,No neighbours,Ligand chemistry,morgan_tanimoto,50,100.0
7ay9__1__1.A__1.I,0.75,1,57.3170731707317,6,57.3170731707317,57.3170731707317,Low density,Ligand chemistry,morgan_tanimoto,50,75.0
7aya__1__1.A__1.H_1.N_1.U,1.0,1,100.0,16,65.3210461893278,65.3210461893278,Low density,Ligand chemistry,morgan_tanimoto,50,100.0
7ayz__1__1.A__1.D,0.25,1,10.526315789473683,0,,10.526315789473683,No neighbours,Ligand chemistry,morgan_tanimoto,50,25.0
7b2u__1__1.A_1.B__1.C,0.5,1,26.666666666666668,0,,26.666666666666668,No neighbours,Ligand chemistry,morgan_tanimoto,50,50.0
7b3g__1__1.A__1.I,0.5,1,20.0,0,,20.0,No neighbours,Ligand chemistry,morgan_tanimoto,50,50.0
7b3h__1__1.A__1.H,1.0,1,19.402985074626866,0,,19.402985074626866,No neighbours,Ligand chemistry,morgan_tanimoto,50,100.0
7b3i__1__1.A__1.I,1.0,1,22.413793103448278,0,,22.413793103448278,No neighbours,Ligand chemistry,morgan_tanimoto,50,100.0
7b3p__1__1.A__1.G,1.0,1,19.230769230769234,0,,19.230769230769234,No neighbours,Ligand chemistry,morgan_tanimoto,50,100.0
7b3x__1__1.A__1.F,1.0,1,16.666666666666664,0,,16.666666666666664,No neighbours,Ligand chemistry,morgan_tanimoto,50,100.0
7b4x__1__1.A__1.M,1.0,1,15.09433962264151,0,,15.09433962264151,No neighbours,Ligand chemistry,morgan_tanimoto,50,100.0
7b6v__1__1.C_1.D__1.Y,0.25,1,100.0,1084,57.171008539640056,57.171008539640056,High density,Ligand chemistry,morgan_tanimoto,50,25.0
7b77__1__1.A_2.A__1.F,1.0,1,43.05555555555556,0,,43.05555555555556,No neighbours,Ligand chemistry,morgan_tanimoto,50,100.0
7b87__1__1.A__1.N,0.0,1,23.333333333333332,0,,23.333333333333332,No neighbours,Ligand chemistry,morgan_tanimoto,50,0.0
7b89__1__1.A__1.D,0.75,1,68.57142857142857,1,68.57142857142857,68.57142857142857,Low density,Ligand chemistry,morgan_tanimoto,50,75.0
7b8a__1__1.A__1.F,0.0,1,20.33898305084746,0,,20.33898305084746,No neighbours,Ligand chemistry,morgan_tanimoto,50,0.0
7bbn__1__1.B__1.E_1.F,1.0,1,100.0,286,92.96410636881366,92.96410636881366,High density,Ligand chemistry,morgan_tanimoto,50,100.0
7bc1__1__2.A_3.A__3.B_3.C,0.5,2,100.0,397,88.89373674921045,88.89373674921045,High density,Ligand chemistry,morgan_tanimoto,50,50.0
7bc9__1__1.A__1.J,0.0,1,41.30434782608695,0,,41.30434782608695,No neighbours,Ligand chemistry,morgan_tanimoto,50,0.0
7bcf__1__1.A__1.H,1.0,1,20.0,0,,20.0,No neighbours,Ligand chemistry,morgan_tanimoto,50,100.0
7bdd__1__1.A__1.G,0.0,1,24.0,0,,24.0,No neighbours,Ligand chemistry,morgan_tanimoto,50,0.0
7bi6__1__1.A__1.B_1.G,0.0,1,100.0,1,100.0,100.0,Low density,Ligand chemistry,morgan_tanimoto,50,0.0
7bia__1__1.A_1.B__1.D_1.E,0.5,2,100.0,581,87.86539167010264,87.86539167010264,High density,Ligand chemistry,morgan_tanimoto,50,50.0
7bis__1__1.A_2.A__2.F,0.5,1,20.238095238095237,0,,20.238095238095237,No neighbours,Ligand chemistry,morgan_tanimoto,50,50.0
7bk9__1__1.A_2.A__2.F,0.0,1,16.666666666666664,0,,16.666666666666664,No neighbours,Ligand chemistry,morgan_tanimoto,50,0.0
7blw__1__1.A__1.F,0.5,1,16.94915254237288,0,,16.94915254237288,No neighbours,Ligand chemistry,morgan_tanimoto,50,50.0
7bm3__1__1.A__1.M_1.P,0.0,1,17.1875,0,,17.1875,No neighbours,Ligand chemistry,morgan_tanimoto,50,0.0
7bm7__1__1.A__1.F,0.0,1,27.659574468085108,0,,27.659574468085108,No neighbours,Ligand chemistry,morgan_tanimoto,50,0.0
7bmd__1__1.A__1.G_1.R,0.0,1,20.833333333333336,0,,20.833333333333336,No neighbours,Ligand chemistry,morgan_tanimoto,50,0.0
7bn5__1__1.A__1.G,1.0,1,30.909090909090907,0,,30.909090909090907,No neighbours,Ligand chemistry,morgan_tanimoto,50,100.0
7bn6__1__1.A__1.C_1.D,0.875,2,100.0,342,99.34130197288093,99.34130197288093,High density,Ligand chemistry,morgan_tanimoto,50,87.5
7bn7__1__1.A__1.E_1.F,1.0,1,100.0,342,99.34130197288093,99.34130197288093,High density,Ligand chemistry,morgan_tanimoto,50,100.0
7bn8__1__1.A__1.G,0.75,1,27.083333333333332,0,,27.083333333333332,No neighbours,Ligand chemistry,morgan_tanimoto,50,75.0
7bnc__1__1.A__1.K,0.5,1,28.57142857142857,0,,28.57142857142857,No neighbours,Ligand chemistry,morgan_tanimoto,50,50.0
7bo0__1__1.A__1.C_1.D,0.75,2,100.0,344,99.21415793508818,99.21415793508818,High density,Ligand chemistry,morgan_tanimoto,50,75.0
7bo3__1__1.A__1.M_1.N,0.75,1,46.03174603174603,0,,46.03174603174603,No neighbours,Ligand chemistry,morgan_tanimoto,50,75.0
7bo7__1__1.A__1.C,1.0,1,23.364485981308412,0,,23.364485981308412,No neighbours,Ligand chemistry,morgan_tanimoto,50,100.0
7cqs__1__1.A__1.B_1.C,1.0,1,35.61643835616438,0,,35.61643835616438,No neighbours,Ligand chemistry,morgan_tanimoto,50,100.0
7dcb__1__1.A_1.B__1.C_1.D,0.5,1,70.0,8,58.10591449694632,58.10591449694632,Low density,Ligand chemistry,morgan_tanimoto,50,50.0
7dcw__1__1.A_1.B__1.D,0.0,1,59.61538461538461,4,55.27939042089986,55.27939042089986,Low density,Ligand chemistry,morgan_tanimoto,50,0.0
7dg4__1__1.A__1.B,0.75,1,53.06122448979592,1,53.06122448979592,53.06122448979592,Low density,Ligand chemistry,morgan_tanimoto,50,75.0
7dgc__1__1.A_1.B__1.C_1.D,0.25,1,76.0,2,76.0,76.0,Low density,Ligand chemistry,morgan_tanimoto,50,25.0
7dh3__1__1.A__1.B,0.75,1,46.93877551020408,0,,46.93877551020408,No neighbours,Ligand chemistry,morgan_tanimoto,50,75.0
7dh9__1__1.A__1.B,1.0,1,40.98360655737705,0,,40.98360655737705,No neighbours,Ligand chemistry,morgan_tanimoto,50,100.0
7dhn__1__1.A__1.B,0.25,1,37.5,0,,37.5,No neighbours,Ligand chemistry,morgan_tanimoto,50,25.0
7dji__1__1.D_1.E__1.L,0.25,1,19.047619047619047,0,,19.047619047619047,No neighbours,Ligand chemistry,morgan_tanimoto,50,25.0
7dlc__1__1.A_1.B__1.C_1.D,0.5,1,64.81481481481481,4,57.84600389863547,57.84600389863547,Low density,Ligand chemistry,morgan_tanimoto,50,50.0
7dm6__1__1.A_1.B__1.C_1.D,0.0,1,72.54901960784314,9,58.09067553743918,58.09067553743918,Low density,Ligand chemistry,morgan_tanimoto,50,0.0
7dmc__1__1.A__1.B_1.E_1.F,0.5,1,14.473684210526317,0,,14.473684210526317,No neighbours,Ligand chemistry,morgan_tanimoto,50,50.0
7dn8__1__1.B__1.I_1.J,1.0,1,100.0,689,93.64839069249388,93.64839069249388,High density,Ligand chemistry,morgan_tanimoto,50,100.0
7dow__1__1.A_1.B__1.C,0.5,1,66.0377358490566,3,63.63300036995931,63.63300036995931,Low density,Ligand chemistry,morgan_tanimoto,50,50.0
7dox__1__1.A_1.B__1.E_1.F,0.25,1,62.5,2,62.5,62.5,Low density,Ligand chemistry,morgan_tanimoto,50,25.0
7doy__1__1.A_1.B__1.E,0.25,1,58.92857142857143,2,58.92857142857143,58.92857142857143,Low density,Ligand chemistry,morgan_tanimoto,50,25.0
7dpk__1__1.A_1.B__1.C_1.D,0.5,1,100.0,4,81.73076923076923,81.73076923076923,Low density,Ligand chemistry,morgan_tanimoto,50,50.0
7du9__1__1.A_1.B__1.D,0.75,1,100.0,2,100.0,100.0,Low density,Ligand chemistry,morgan_tanimoto,50,75.0
7dua__1__1.B__1.D,1.0,1,30.48780487804878,0,,30.48780487804878,No neighbours,Ligand chemistry,morgan_tanimoto,50,100.0
7dut__1__2.A__2.B_2.C,1.0,1,100.0,39,95.38425802643759,95.38425802643759,High density,Ligand chemistry,morgan_tanimoto,50,100.0
7duy__1__1.A__1.B_1.C_1.D,0.5,1,48.78048780487805,0,,48.78048780487805,No neighbours,Ligand chemistry,morgan_tanimoto,50,50.0
7dva__1__1.A__1.C_1.E,1.0,1,61.53846153846154,80,60.88108320251179,60.88108320251179,High density,Ligand chemistry,morgan_tanimoto,50,100.0
7dvb__1__1.A__1.E,1.0,1,100.0,2,80.48780487804878,80.48780487804878,Low density,Ligand chemistry,morgan_tanimoto,50,100.0
7dxl__1__1.A__1.C,0.75,1,29.896907216494846,0,,29.896907216494846,No neighbours,Ligand chemistry,morgan_tanimoto,50,75.0
7dyq__1__1.A__1.B_1.C,0.0,1,29.411764705882355,0,,29.411764705882355,No neighbours,Ligand chemistry,morgan_tanimoto,50,0.0
7dyw__1__1.A__1.B_1.C,0.75,1,28.000000000000004,0,,28.000000000000004,No neighbours,Ligand chemistry,morgan_tanimoto,50,75.0
7e1n__1__1.A_1.B__1.D,0.0,1,15.555555555555555,0,,15.555555555555555,No neighbours,Ligand chemistry,morgan_tanimoto,50,0.0
7e3n__1__1.A_2.A__1.B_1.C_1.D,1.0,1,100.0,180,80.29564195155973,80.29564195155973,High density,Ligand chemistry,morgan_tanimoto,50,100.0
7e48__1__1.C__1.J_1.K,0.375,2,100.0,1925,89.84135553982308,89.84135553982308,High density,Ligand chemistry,morgan_tanimoto,50,37.5
7e5f__1__1.A_2.A__2.B,0.5,1,100.0,16,81.36961996336996,81.36961996336996,Low density,Ligand chemistry,morgan_tanimoto,50,50.0
7e5g__1__1.A_2.A__2.B,0.0,1,80.95238095238095,15,54.69136336558054,54.69136336558054,Low density,Ligand chemistry,morgan_tanimoto,50,0.0
7e60__1__1.A__1.B_1.C,0.0,1,43.13725490196079,0,,43.13725490196079,No neighbours,Ligand chemistry,morgan_tanimoto,50,0.0
7eba__1__1.A__1.C,0.0,1,19.41747572815534,0,,19.41747572815534,No neighbours,Ligand chemistry,morgan_tanimoto,50,0.0
7ec3__1__1.A__1.E_1.F,0.75,2,100.0,24,98.46813725490195,98.46813725490195,High density,Ligand chemistry,morgan_tanimoto,50,75.0
7ed1__1__1.A_1.B__1.C_1.D_1.E_1.F,0.25,1,100.0,13,100.0,100.0,Low density,Ligand chemistry,morgan_tanimoto,50,25.0
7ed2__1__1.A_1.B__1.F_1.G_1.H,0.5,1,57.831325301204814,13,57.83132530120483,57.83132530120483,Low density,Ligand chemistry,morgan_tanimoto,50,50.0
7edz__1__1.A_2.A__1.E_1.G_1.I,0.625,2,84.61538461538461,6,66.28265806764792,66.28265806764792,Low density,Ligand chemistry,morgan_tanimoto,50,62.5
7ee5__1__1.A__1.H,0.5,1,100.0,8,91.84782608695652,91.84782608695652,Low density,Ligand chemistry,morgan_tanimoto,50,50.0
7eer__1__2.A__2.E_2.F,0.625,2,100.0,106,69.1401346046677,69.1401346046677,High density,Ligand chemistry,morgan_tanimoto,50,62.5
7ef7__1__1.A__1.B_1.C,0.75,1,55.172413793103445,1,55.172413793103445,55.172413793103445,Low density,Ligand chemistry,morgan_tanimoto,50,75.0
7ejh__1__1.C__1.L_1.M,0.375,2,100.0,2615,88.59463128780946,88.59463128780946,High density,Ligand chemistry,morgan_tanimoto,50,37.5
7eji__1__1.D__1.V_1.W,0.375,2,100.0,2757,88.60409465761762,88.60409465761762,High density,Ligand chemistry,morgan_tanimoto,50,37.5
7ejv__1__1.B__1.D,0.75,1,33.33333333333333,0,,33.33333333333333,No neighbours,Ligand chemistry,morgan_tanimoto,50,75.0
7ejw__1__1.A_1.B__1.I_1.J,1.0,1,87.5,146,85.39411483963933,85.39411483963933,High density,Ligand chemistry,morgan_tanimoto,50,100.0
7ekr__1__1.A__1.C,0.75,1,100.0,37,85.55272597825791,85.55272597825791,High density,Ligand chemistry,morgan_tanimoto,50,75.0
7elt__1__2.A__2.B,0.75,1,100.0,63,65.55107327305707,65.55107327305707,High density,Ligand chemistry,morgan_tanimoto,50,75.0
7en5__1__1.A_3.A_4.A__3.B,0.0,1,100.0,16,64.90693196405648,64.90693196405648,Low density,Ligand chemistry,morgan_tanimoto,50,0.0
7en7__1__1.A_2.A_4.A__2.B,0.0,1,70.2127659574468,2,70.2127659574468,70.2127659574468,Low density,Ligand chemistry,morgan_tanimoto,50,0.0
7en9__1__1.A_2.A__2.B,1.0,1,25.0,0,,25.0,No neighbours,Ligand chemistry,morgan_tanimoto,50,100.0
7end__1__1.A_2.A__2.B,0.75,1,25.609756097560975,0,,25.609756097560975,No neighbours,Ligand chemistry,morgan_tanimoto,50,75.0
7ene__1__1.A_1.B__1.E,0.25,1,25.609756097560975,0,,25.609756097560975,No neighbours,Ligand chemistry,morgan_tanimoto,50,25.0
7ens__1__2.A__2.B_2.C_2.D,1.0,2,100.0,61,85.98522940710117,85.98522940710117,High density,Ligand chemistry,morgan_tanimoto,50,100.0
7eqk__1__1.B__1.F_1.G,0.25,1,40.909090909090914,0,,40.909090909090914,No neighbours,Ligand chemistry,morgan_tanimoto,50,25.0
7er2__1__1.A__1.B,1.0,1,72.0,7,57.58839627805145,57.58839627805145,Low density,Ligand chemistry,morgan_tanimoto,50,100.0
7erb__1__1.A__1.E_1.F,0.625,2,100.0,16,95.48192771084337,95.48192771084337,Low density,Ligand chemistry,morgan_tanimoto,50,62.5
7ere__1__1.A_1.B__1.G_1.I,0.5,2,100.0,25,88.53970192818673,88.53970192818673,High density,Ligand chemistry,morgan_tanimoto,50,50.0
7es1__1__1.A__1.C,0.0,1,78.78787878787878,6,70.25974025974025,70.25974025974025,Low density,Ligand chemistry,morgan_tanimoto,50,0.0
7esb__1__1.A__1.B_1.C_1.D_1.E,0.0,1,98.07692307692307,15,67.20085470085469,67.20085470085469,Low density,Ligand chemistry,morgan_tanimoto,50,0.0
7esc__1__1.A__1.B_1.C,1.0,1,100.0,7,86.89287035568942,86.89287035568942,Low density,Ligand chemistry,morgan_tanimoto,50,100.0
7eue__1__1.B__1.F,0.0,1,56.41025641025641,1,56.41025641025641,56.41025641025641,Low density,Ligand chemistry,morgan_tanimoto,50,0.0
7euz__1__1.B__1.E_1.F,0.75,1,51.162790697674424,1,51.162790697674424,51.162790697674424,Low density,Ligand chemistry,morgan_tanimoto,50,75.0
7ev2__1__2.A__2.B_2.C_2.D,1.0,2,100.0,62,83.55241804608893,83.55241804608893,High density,Ligand chemistry,morgan_tanimoto,50,100.0
7ev3__1__2.A__2.B_2.C_2.D,1.0,2,100.0,61,83.96757493043029,83.96757493043029,High density,Ligand chemistry,morgan_tanimoto,50,100.0
7eve__1__1.A__1.B_1.C_1.D,1.0,1,100.0,3084,97.94315572902241,97.94315572902241,High density,Ligand chemistry,morgan_tanimoto,50,100.0
7evu__1__1.B__1.E_1.F,0.875,2,100.0,39,92.31031946195883,92.31031946195883,High density,Ligand chemistry,morgan_tanimoto,50,87.5
7evv__1__1.A__1.B_1.C,0.75,2,100.0,27,100.0,100.0,High density,Ligand chemistry,morgan_tanimoto,50,75.0
7ex2__1__1.A__1.C_1.D_1.E,0.0,1,18.96551724137931,0,,18.96551724137931,No neighbours,Ligand chemistry,morgan_tanimoto,50,0.0
7ex3__1__1.A__1.B_1.C_1.D,0.0,1,16.923076923076923,0,,16.923076923076923,No neighbours,Ligand chemistry,morgan_tanimoto,50,0.0
7eyt__1__1.A_1.C__1.E_1.F_1.G,0.0,1,38.961038961038966,0,,38.961038961038966,No neighbours,Ligand chemistry,morgan_tanimoto,50,0.0
7eyu__1__1.A_1.B__1.C_1.D_1.E,0.0,1,37.333333333333336,0,,37.333333333333336,No neighbours,Ligand chemistry,morgan_tanimoto,50,0.0
7ezq__1__2.A__2.B_2.C,1.0,1,82.45614035087719,3,69.42086398792681,69.42086398792681,Low density,Ligand chemistry,morgan_tanimoto,50,100.0
7f06__1__1.A__1.C,1.0,1,58.06451612903226,44,57.33137829912023,57.33137829912023,High density,Ligand chemistry,morgan_tanimoto,50,100.0
7f10__1__1.B__1.C,0.0,1,14.864864864864865,0,,14.864864864864865,No neighbours,Ligand chemistry,morgan_tanimoto,50,0.0
7f2k__1__1.A__1.C_1.D_1.E,0.5,1,59.523809523809526,4,56.01190476190476,56.01190476190476,Low density,Ligand chemistry,morgan_tanimoto,50,50.0
7f2l__1__1.A__1.C_1.D_1.E,0.0,1,57.608695652173914,2,57.608695652173914,57.608695652173914,Low density,Ligand chemistry,morgan_tanimoto,50,0.0
7f2m__1__1.A__1.C_1.D_1.E,0.0,1,57.608695652173914,2,57.608695652173914,57.608695652173914,Low density,Ligand chemistry,morgan_tanimoto,50,0.0
7f2u__1__1.A__1.C_1.D_1.E,1.0,1,100.0,16,69.26080994477222,69.26080994477222,Low density,Ligand chemistry,morgan_tanimoto,50,100.0
7f35__1__1.A_1.B__1.G,0.0,1,18.072289156626507,0,,18.072289156626507,No neighbours,Ligand chemistry,morgan_tanimoto,50,0.0
7f42__1__1.B__1.C,0.25,1,100.0,10,100.0,100.0,Low density,Ligand chemistry,morgan_tanimoto,50,25.0
7f4c__1__1.A__1.C_1.D,1.0,1,100.0,28,80.78044929962805,80.78044929962805,High density,Ligand chemistry,morgan_tanimoto,50,100.0
7f50__1__1.A__1.B_1.C_1.E,1.0,1,100.0,199,80.33446989101034,80.33446989101034,High density,Ligand chemistry,morgan_tanimoto,50,100.0
7f51__1__1.A__1.C,0.0,1,79.16666666666666,213,67.57318832597059,67.57318832597059,High density,Ligand chemistry,morgan_tanimoto,50,0.0
7f6j__1__1.A__1.D_1.E,1.0,1,100.0,1959,90.34981602646158,90.34981602646158,High density,Ligand chemistry,morgan_tanimoto,50,100.0
7f6w__1__2.A__2.B,1.0,1,100.0,81,69.68831753398318,69.68831753398318,High density,Ligand chemistry,morgan_tanimoto,50,100.0
7f7d__1__2.A__2.B,0.0,1,70.58823529411765,10,69.14027149321267,69.14027149321267,Low density,Ligand chemistry,morgan_tanimoto,50,0.0
7f7m__1__1.A__1.C_1.D,0.5,2,100.0,670,91.71909650598927,91.71909650598927,High density,Ligand chemistry,morgan_tanimoto,50,50.0
7f8t__1__1.A__1.L_1.M,0.75,1,100.0,64,97.88804945054945,97.88804945054945,High density,Ligand chemistry,morgan_tanimoto,50,75.0
7f8u__1__1.A__1.B,0.0,1,20.930232558139537,0,,20.930232558139537,No neighbours,Ligand chemistry,morgan_tanimoto,50,0.0
7f99__1__1.B__1.L_1.O,0.75,2,100.0,27,100.0,100.0,High density,Ligand chemistry,morgan_tanimoto,50,75.0
7f9a__1__1.A__1.C_1.O,0.875,2,100.0,27,100.0,100.0,High density,Ligand chemistry,morgan_tanimoto,50,87.5
7f9b__1__1.A__1.C_1.I,0.875,2,100.0,27,100.0,100.0,High density,Ligand chemistry,morgan_tanimoto,50,87.5
7fai__1__1.A__1.E,0.0,1,26.36363636363636,0,,26.36363636363636,No neighbours,Ligand chemistry,morgan_tanimoto,50,0.0
7faj__1__1.A__1.E,0.0,1,26.168224299065418,0,,26.168224299065418,No neighbours,Ligand chemistry,morgan_tanimoto,50,0.0
7fak__1__1.A__1.B,0.5,1,15.929203539823009,0,,15.929203539823009,No neighbours,Ligand chemistry,morgan_tanimoto,50,50.0
7fan__1__1.A__1.B_1.C,0.625,2,100.0,27,100.0,100.0,High density,Ligand chemistry,morgan_tanimoto,50,62.5
7faq__1__1.A__1.B_1.C_1.D_1.E,0.75,1,25.0,0,,25.0,No neighbours,Ligand chemistry,morgan_tanimoto,50,75.0
7far__1__1.A__1.B_1.C_1.D,0.5,1,23.595505617977526,0,,23.595505617977526,No neighbours,Ligand chemistry,morgan_tanimoto,50,50.0
7fcz__1__2.B__2.D,0.75,1,53.16455696202531,4,51.89873417721518,51.89873417721518,Low density,Ligand chemistry,morgan_tanimoto,50,75.0
7fd0__1__1.A__1.C,0.5,1,50.602409638554214,2,50.602409638554214,50.602409638554214,Low density,Ligand chemistry,morgan_tanimoto,50,50.0
7fd6__1__1.A__1.B,0.5,1,55.072463768115945,2,55.072463768115945,55.072463768115945,Low density,Ligand chemistry,morgan_tanimoto,50,50.0
7fe2__1__1.A__1.E_1.I,0.75,1,57.14285714285714,8,57.14285714285714,57.14285714285714,Low density,Ligand chemistry,morgan_tanimoto,50,75.0
7fee__1__1.A__1.D,0.5,1,100.0,1,100.0,100.0,Low density,Ligand chemistry,morgan_tanimoto,50,50.0
7fee__1__1.A__1.E,0.0,1,25.333333333333336,0,,25.333333333333336,No neighbours,Ligand chemistry,morgan_tanimoto,50,0.0
7fgm__1__1.A__1.C_1.D_1.E,1.0,1,100.0,199,93.90143566177065,93.90143566177065,High density,Ligand chemistry,morgan_tanimoto,50,100.0
7fgp__1__1.A__1.C_1.G,1.0,1,100.0,41,100.0,100.0,High density,Ligand chemistry,morgan_tanimoto,50,100.0
7fha__1__1.A__1.C,1.0,1,100.0,68,93.47532116294794,93.47532116294794,High density,Ligand chemistry,morgan_tanimoto,50,100.0
7fhb__1__1.A__1.B,0.5,1,100.0,7,69.73214285714286,69.73214285714286,Low density,Ligand chemistry,morgan_tanimoto,50,50.0
7fhs__1__1.A__1.E_1.G,1.0,1,34.0,0,,34.0,No neighbours,Ligand chemistry,morgan_tanimoto,50,100.0
7fja__1__1.A__1.C_1.D,0.75,1,100.0,36,79.52422620094426,79.52422620094426,High density,Ligand chemistry,morgan_tanimoto,50,75.0
7fmg__1__1.A__1.C,0.0,1,75.0,1,75.0,75.0,Low density,Ligand chemistry,morgan_tanimoto,50,0.0
7fnt__1__1.B__1.C,0.0,1,21.052631578947366,0,,21.052631578947366,No neighbours,Ligand chemistry,morgan_tanimoto,50,0.0
7fti__1__1.A__1.C,0.75,1,24.561403508771928,0,,24.561403508771928,No neighbours,Ligand chemistry,morgan_tanimoto,50,75.0
7ftr__1__1.A__1.C_1.D_1.E_1.G,0.375,2,100.0,21,70.07345792068013,70.07345792068013,High density,Ligand chemistry,morgan_tanimoto,50,37.5
7ftu__1__1.A__1.C_1.D_1.E_1.G,0.25,2,100.0,22,69.58716437883105,69.58716437883105,High density,Ligand chemistry,morgan_tanimoto,50,25.0
7ftv__1__1.A__1.C,0.0,1,21.73913043478261,0,,21.73913043478261,No neighbours,Ligand chemistry,morgan_tanimoto,50,0.0
7ftw__1__1.A__1.C,0.0,1,28.985507246376812,0,,28.985507246376812,No neighbours,Ligand chemistry,morgan_tanimoto,50,0.0
7ftz__1__1.A__1.D,0.0,1,20.253164556962027,0,,20.253164556962027,No neighbours,Ligand chemistry,morgan_tanimoto,50,0.0
7fu2__1__1.A__1.C,0.0,1,19.642857142857142,0,,19.642857142857142,No neighbours,Ligand chemistry,morgan_tanimoto,50,0.0
7fu6__1__1.A__1.C,0.0,1,22.666666666666664,0,,22.666666666666664,No neighbours,Ligand chemistry,morgan_tanimoto,50,0.0
7fu7__1__1.A__1.C,0.0,1,23.52941176470588,0,,23.52941176470588,No neighbours,Ligand chemistry,morgan_tanimoto,50,0.0
7fu8__1__1.A__1.C,0.0,1,18.88888888888889,0,,18.88888888888889,No neighbours,Ligand chemistry,morgan_tanimoto,50,0.0
7fuc__1__1.A__1.C,0.0,1,20.87912087912088,0,,20.87912087912088,No neighbours,Ligand chemistry,morgan_tanimoto,50,0.0
7fuf__1__1.A__1.C,0.0,1,21.27659574468085,0,,21.27659574468085,No neighbours,Ligand chemistry,morgan_tanimoto,50,0.0
7fum__1__1.A__1.C,0.0,1,22.22222222222222,0,,22.22222222222222,No neighbours,Ligand chemistry,morgan_tanimoto,50,0.0
7fur__1__1.A__1.C_1.D_1.E_1.F,0.375,2,100.0,23,71.43352990273279,71.43352990273279,High density,Ligand chemistry,morgan_tanimoto,50,37.5
7fw3__1__1.A__1.B,0.0,1,23.809523809523807,0,,23.809523809523807,No neighbours,Ligand chemistry,morgan_tanimoto,50,0.0
7fwb__1__1.A__1.B,0.0,1,21.73913043478261,0,,21.73913043478261,No neighbours,Ligand chemistry,morgan_tanimoto,50,0.0
7fwe__1__1.A__1.B,0.75,1,38.88888888888889,0,,38.88888888888889,No neighbours,Ligand chemistry,morgan_tanimoto,50,75.0
7fwh__1__1.A__1.B,1.0,1,30.0,0,,30.0,No neighbours,Ligand chemistry,morgan_tanimoto,50,100.0
7fwi__1__1.A__1.D,0.0,1,40.476190476190474,0,,40.476190476190474,No neighbours,Ligand chemistry,morgan_tanimoto,50,0.0
7fwl__1__1.A__1.B,0.5,1,18.0327868852459,0,,18.0327868852459,No neighbours,Ligand chemistry,morgan_tanimoto,50,50.0
7fwm__1__1.A__1.B,0.0,1,28.78787878787879,0,,28.78787878787879,No neighbours,Ligand chemistry,morgan_tanimoto,50,0.0
7fwn__1__1.A__1.D,0.5,1,66.66666666666666,1,66.66666666666666,66.66666666666666,Low density,Ligand chemistry,morgan_tanimoto,50,50.0
7fwr__1__1.A__1.B,0.25,1,20.967741935483872,0,,20.967741935483872,No neighbours,Ligand chemistry,morgan_tanimoto,50,25.0
7fx1__1__1.A__1.B,1.0,1,34.48275862068966,0,,34.48275862068966,No neighbours,Ligand chemistry,morgan_tanimoto,50,100.0
7fxi__1__1.A__1.D,0.75,1,41.86046511627907,0,,41.86046511627907,No neighbours,Ligand chemistry,morgan_tanimoto,50,75.0
7fy8__1__1.A__1.I_1.J,0.0,1,17.647058823529413,0,,17.647058823529413,No neighbours,Ligand chemistry,morgan_tanimoto,50,0.0
7fyr__1__1.A__1.B,0.0,1,16.363636363636363,0,,16.363636363636363,No neighbours,Ligand chemistry,morgan_tanimoto,50,0.0
7fys__1__1.A__1.B,0.75,1,17.94871794871795,0,,17.94871794871795,No neighbours,Ligand chemistry,morgan_tanimoto,50,75.0
7fyx__1__1.A__1.C,0.75,1,23.333333333333332,0,,23.333333333333332,No neighbours,Ligand chemistry,morgan_tanimoto,50,75.0
7fz0__1__1.A__1.E,1.0,1,35.38461538461539,0,,35.38461538461539,No neighbours,Ligand chemistry,morgan_tanimoto,50,100.0
7fz3__1__1.A__1.B,1.0,1,17.94871794871795,0,,17.94871794871795,No neighbours,Ligand chemistry,morgan_tanimoto,50,100.0
7fzc__1__1.A__1.B,1.0,1,18.0,0,,18.0,No neighbours,Ligand chemistry,morgan_tanimoto,50,100.0
7fzl__1__1.A__1.B,0.25,1,21.311475409836063,0,,21.311475409836063,No neighbours,Ligand chemistry,morgan_tanimoto,50,25.0
7fzs__1__1.A__1.B,1.0,1,59.183673469387756,16,59.183673469387756,59.183673469387756,Low density,Ligand chemistry,morgan_tanimoto,50,100.0
7g00__1__1.A__1.Q,0.0,1,18.055555555555554,0,,18.055555555555554,No neighbours,Ligand chemistry,morgan_tanimoto,50,0.0
7g07__1__1.A__1.B,0.5,1,17.5,0,,17.5,No neighbours,Ligand chemistry,morgan_tanimoto,50,50.0
7g0g__1__1.A__1.B,0.5,1,26.0,0,,26.0,No neighbours,Ligand chemistry,morgan_tanimoto,50,50.0
7g0j__1__1.A__1.D,1.0,1,29.411764705882355,0,,29.411764705882355,No neighbours,Ligand chemistry,morgan_tanimoto,50,100.0
7g0t__1__1.A__1.B,0.0,1,22.58064516129032,0,,22.58064516129032,No neighbours,Ligand chemistry,morgan_tanimoto,50,0.0
7g10__1__1.A__1.D,0.25,1,20.408163265306122,0,,20.408163265306122,No neighbours,Ligand chemistry,morgan_tanimoto,50,25.0
7g1b__1__1.A__1.B,0.75,1,32.758620689655174,0,,32.758620689655174,No neighbours,Ligand chemistry,morgan_tanimoto,50,75.0
7g1e__1__1.A__1.C,1.0,1,31.914893617021278,0,,31.914893617021278,No neighbours,Ligand chemistry,morgan_tanimoto,50,100.0
7g1j__1__1.A__1.B,0.25,1,18.556701030927837,0,,18.556701030927837,No neighbours,Ligand chemistry,morgan_tanimoto,50,25.0
7g1m__1__1.A__1.B,0.75,1,17.333333333333336,0,,17.333333333333336,No neighbours,Ligand chemistry,morgan_tanimoto,50,75.0
7g20__1__1.A__1.B,0.5,1,28.30188679245283,0,,28.30188679245283,No neighbours,Ligand chemistry,morgan_tanimoto,50,50.0
7gaw__1__1.A_1.B__1.K,0.0,1,38.46153846153847,0,,38.46153846153847,No neighbours,Ligand chemistry,morgan_tanimoto,50,0.0
7gb6__1__1.A_2.A__1.F,1.0,1,51.78571428571429,2,51.78571428571429,51.78571428571429,Low density,Ligand chemistry,morgan_tanimoto,50,100.0
7gb7__1__1.A_2.A__1.B,0.75,1,36.666666666666664,0,,36.666666666666664,No neighbours,Ligand chemistry,morgan_tanimoto,50,75.0
7gb8__1__1.A_2.A__1.F,1.0,1,69.38775510204081,4,67.3861852433281,67.3861852433281,Low density,Ligand chemistry,morgan_tanimoto,50,100.0
7gbc__1__1.A_2.A__2.E,0.25,1,77.08333333333334,6,66.25854700854701,66.25854700854701,Low density,Ligand chemistry,morgan_tanimoto,50,25.0
7gbd__1__1.A_2.A__2.E,1.0,1,72.72727272727273,2,72.72727272727273,72.72727272727273,Low density,Ligand chemistry,morgan_tanimoto,50,100.0
7gbe__1__1.A_2.A__1.B,0.75,1,20.28985507246377,0,,20.28985507246377,No neighbours,Ligand chemistry,morgan_tanimoto,50,75.0
7gbg__1__1.A_2.A__2.E,1.0,1,53.70370370370371,2,53.70370370370371,53.70370370370371,Low density,Ligand chemistry,morgan_tanimoto,50,100.0
7gbi__1__1.A_2.A__2.D,0.5,1,33.33333333333333,0,,33.33333333333333,No neighbours,Ligand chemistry,morgan_tanimoto,50,50.0
7gbo__1__1.A_2.A__1.E,1.0,1,59.61538461538461,4,57.58547008547008,57.58547008547008,Low density,Ligand chemistry,morgan_tanimoto,50,100.0
7gbp__1__1.A_2.A__2.F,1.0,1,73.46938775510205,4,64.5124716553288,64.5124716553288,Low density,Ligand chemistry,morgan_tanimoto,50,100.0
7gbq__1__1.A_2.A__1.E,1.0,1,57.692307692307686,4,57.14804063860667,57.14804063860667,Low density,Ligand chemistry,morgan_tanimoto,50,100.0
7gbr__1__1.A_2.A__2.F,0.75,1,30.357142857142854,0,,30.357142857142854,No neighbours,Ligand chemistry,morgan_tanimoto,50,75.0
7gbs__1__1.A_2.A__1.E_1.F,1.0,1,73.91304347826086,6,64.43359952676722,64.43359952676722,Low density,Ligand chemistry,morgan_tanimoto,50,100.0
7gbw__1__1.A_2.A__1.F,1.0,1,70.58823529411765,4,63.475935828877006,63.475935828877006,Low density,Ligand chemistry,morgan_tanimoto,50,100.0
7gby__1__1.A_2.A__1.E,1.0,1,53.65853658536586,4,51.829268292682926,51.829268292682926,Low density,Ligand chemistry,morgan_tanimoto,50,100.0
7gbz__1__1.A_2.A__2.F,1.0,1,57.89473684210527,4,54.45757250268529,54.45757250268529,Low density,Ligand chemistry,morgan_tanimoto,50,100.0
7gc0__1__1.A_2.A__1.E,0.75,1,51.162790697674424,2,51.162790697674424,51.162790697674424,Low density,Ligand chemistry,morgan_tanimoto,50,75.0
7gc1__1__1.A_2.A__2.E,0.5,1,46.808510638297875,0,,46.808510638297875,No neighbours,Ligand chemistry,morgan_tanimoto,50,50.0
7gc2__1__1.A_2.A__2.E,0.5,1,52.38095238095239,4,51.19047619047619,51.19047619047619,Low density,Ligand chemistry,morgan_tanimoto,50,50.0
7gc3__1__1.A_2.A__2.F,0.25,1,28.78787878787879,0,,28.78787878787879,No neighbours,Ligand chemistry,morgan_tanimoto,50,25.0
7gc4__1__1.A_2.A__1.F_1.G,1.0,1,60.78431372549019,2,60.78431372549019,60.78431372549019,Low density,Ligand chemistry,morgan_tanimoto,50,100.0
7gc8__1__1.A_2.A__2.E,1.0,1,30.303030303030305,0,,30.303030303030305,No neighbours,Ligand chemistry,morgan_tanimoto,50,100.0
7gcd__1__1.A_2.A__1.F_1.G,1.0,1,53.65853658536586,2,53.65853658536586,53.65853658536586,Low density,Ligand chemistry,morgan_tanimoto,50,100.0
7gce__1__1.A_2.A__2.E,0.75,1,50.0,2,50.0,50.0,Low density,Ligand chemistry,morgan_tanimoto,50,75.0
7gcf__1__1.A_2.A__2.E,1.0,1,42.857142857142854,0,,42.857142857142854,No neighbours,Ligand chemistry,morgan_tanimoto,50,100.0
7gcj__1__1.A_2.A__1.E,1.0,1,56.41025641025641,2,56.41025641025641,56.41025641025641,Low density,Ligand chemistry,morgan_tanimoto,50,100.0
7gck__1__1.A_2.A__1.E,1.0,1,48.38709677419355,0,,48.38709677419355,No neighbours,Ligand chemistry,morgan_tanimoto,50,100.0
7gcn__1__1.A_2.A__2.F,1.0,1,54.54545454545454,2,54.54545454545454,54.54545454545454,Low density,Ligand chemistry,morgan_tanimoto,50,100.0
7gco__1__1.A_2.A__2.E,0.75,1,26.865671641791046,0,,26.865671641791046,No neighbours,Ligand chemistry,morgan_tanimoto,50,75.0
7gcq__1__1.A_2.A__1.F,1.0,1,75.55555555555556,6,61.470217981845884,61.470217981845884,Low density,Ligand chemistry,morgan_tanimoto,50,100.0
7gcs__1__1.A_2.A__1.E,0.75,1,44.89795918367347,0,,44.89795918367347,No neighbours,Ligand chemistry,morgan_tanimoto,50,75.0
7gcu__1__1.A_2.A__1.E,1.0,1,57.407407407407405,4,55.48941798941799,55.48941798941799,Low density,Ligand chemistry,morgan_tanimoto,50,100.0
7gd0__1__1.A_2.A__1.F,1.0,1,41.66666666666667,0,,41.66666666666667,No neighbours,Ligand chemistry,morgan_tanimoto,50,100.0
7gd1__1__1.A_2.A__1.E,0.25,1,44.0,0,,44.0,No neighbours,Ligand chemistry,morgan_tanimoto,50,25.0
7gda__1__1.A_2.A__1.D,1.0,1,76.08695652173914,4,63.04347826086956,63.04347826086956,Low density,Ligand chemistry,morgan_tanimoto,50,100.0
7gdc__1__1.A_2.A__2.D,0.5,1,32.35294117647059,0,,32.35294117647059,No neighbours,Ligand chemistry,morgan_tanimoto,50,50.0
7gde__1__1.A_2.A__1.E,1.0,1,61.224489795918366,4,59.043617446978786,59.043617446978786,Low density,Ligand chemistry,morgan_tanimoto,50,100.0
7gdg__1__1.A_2.A__2.F,1.0,1,65.71428571428571,4,58.993506493506494,58.993506493506494,Low density,Ligand chemistry,morgan_tanimoto,50,100.0
7gdj__1__1.A_2.A__2.E,1.0,1,73.33333333333333,6,60.444444444444436,60.444444444444436,Low density,Ligand chemistry,morgan_tanimoto,50,100.0
7gdk__1__1.A_2.A__2.E,1.0,1,60.0,4,56.41509433962264,56.41509433962264,Low density,Ligand chemistry,morgan_tanimoto,50,100.0
7gdl__1__1.A_2.A__1.E,1.0,1,58.82352941176471,2,58.82352941176471,58.82352941176471,Low density,Ligand chemistry,morgan_tanimoto,50,100.0
7gdm__1__1.A_2.A__2.E,1.0,1,52.38095238095239,2,52.38095238095239,52.38095238095239,Low density,Ligand chemistry,morgan_tanimoto,50,100.0
7gdz__1__1.A_2.A__1.E,1.0,1,68.0,4,60.315789473684205,60.315789473684205,Low density,Ligand chemistry,morgan_tanimoto,50,100.0
7ge2__1__1.A_2.A__2.E,0.75,1,28.57142857142857,0,,28.57142857142857,No neighbours,Ligand chemistry,morgan_tanimoto,50,75.0
7ge3__1__1.A_2.A__1.D,1.0,1,67.3469387755102,4,65.04601840736294,65.04601840736294,Low density,Ligand chemistry,morgan_tanimoto,50,100.0
7ge4__1__1.A_2.A__1.E_1.F,1.0,1,69.23076923076923,4,63.31908831908831,63.31908831908831,Low density,Ligand chemistry,morgan_tanimoto,50,100.0
7ge8__1__1.A_2.A__2.E,0.75,1,36.666666666666664,0,,36.666666666666664,No neighbours,Ligand chemistry,morgan_tanimoto,50,75.0
7ge9__1__1.A_2.A__1.E,1.0,1,73.91304347826086,6,64.43359952676722,64.43359952676722,Low density,Ligand chemistry,morgan_tanimoto,50,100.0
7gec__1__1.A_2.A__2.E,1.0,1,56.60377358490566,4,55.660377358490564,55.660377358490564,Low density,Ligand chemistry,morgan_tanimoto,50,100.0
7ged__1__1.A_2.A__1.E,1.0,1,32.0,0,,32.0,No neighbours,Ligand chemistry,morgan_tanimoto,50,100.0
7gee__1__1.A_2.A__2.E,0.5,1,57.692307692307686,4,56.11888111888111,56.11888111888111,Low density,Ligand chemistry,morgan_tanimoto,50,50.0
7gef__1__1.A_2.A__1.D,1.0,1,53.65853658536586,2,53.65853658536586,53.65853658536586,Low density,Ligand chemistry,morgan_tanimoto,50,100.0
7geg__1__1.A_2.A__2.E,1.0,1,61.53846153846154,4,60.957910014513786,60.957910014513786,Low density,Ligand chemistry,morgan_tanimoto,50,100.0
7geh__1__1.A_2.A__2.E,0.0,1,58.2089552238806,2,58.2089552238806,58.2089552238806,Low density,Ligand chemistry,morgan_tanimoto,50,0.0
7gek__1__1.A_2.A__1.E,1.0,1,56.86274509803921,4,54.84646688864225,54.84646688864225,Low density,Ligand chemistry,morgan_tanimoto,50,100.0
7gem__1__1.A_2.A__1.E_1.F,0.75,1,63.26530612244898,2,63.26530612244898,63.26530612244898,Low density,Ligand chemistry,morgan_tanimoto,50,75.0
7gen__1__1.A_2.A__2.E,1.0,1,72.0,4,63.272727272727266,63.272727272727266,Low density,Ligand chemistry,morgan_tanimoto,50,100.0
7ges__1__1.A_2.A__2.E,1.0,1,58.490566037735846,2,58.490566037735846,58.490566037735846,Low density,Ligand chemistry,morgan_tanimoto,50,100.0
7geu__1__1.A_2.A__2.E,1.0,1,66.0,2,66.0,66.0,Low density,Ligand chemistry,morgan_tanimoto,50,100.0
7gew__1__1.A_2.A__1.E,1.0,1,70.0,4,65.76923076923077,65.76923076923077,Low density,Ligand chemistry,morgan_tanimoto,50,100.0
7gey__1__1.A_2.A__2.E,1.0,1,41.07142857142857,0,,41.07142857142857,No neighbours,Ligand chemistry,morgan_tanimoto,50,100.0
7gf0__1__1.A_2.A__1.E,0.75,1,80.43478260869566,6,67.37185785638253,67.37185785638253,Low density,Ligand chemistry,morgan_tanimoto,50,75.0
7gf2__1__1.A_2.A__2.E,1.0,1,70.0,4,65.76923076923077,65.76923076923077,Low density,Ligand chemistry,morgan_tanimoto,50,100.0
7gf3__1__1.A_2.A__1.E,1.0,1,75.0,4,67.3076923076923,67.3076923076923,Low density,Ligand chemistry,morgan_tanimoto,50,100.0
7gf5__1__1.A_2.A__1.E,0.75,1,56.14035087719298,4,53.07017543859649,53.07017543859649,Low density,Ligand chemistry,morgan_tanimoto,50,75.0
7gf6__1__1.A_2.A__2.E,1.0,1,60.71428571428571,2,60.71428571428571,60.71428571428571,Low density,Ligand chemistry,morgan_tanimoto,50,100.0
7gfb__1__1.A_2.A__2.E,1.0,1,46.774193548387096,0,,46.774193548387096,No neighbours,Ligand chemistry,morgan_tanimoto,50,100.0
7gfh__1__1.A_2.A__1.E,1.0,1,59.25925925925925,4,58.33333333333333,58.33333333333333,Low density,Ligand chemistry,morgan_tanimoto,50,100.0
7gfl__1__1.A_2.A__2.E,1.0,1,43.859649122807014,0,,43.859649122807014,No neighbours,Ligand chemistry,morgan_tanimoto,50,100.0
7gfr__1__1.A_2.A__2.E,1.0,1,68.0,4,64.35714285714286,64.35714285714286,Low density,Ligand chemistry,morgan_tanimoto,50,100.0
7gfs__1__1.A_2.A__2.E,0.5,1,36.53846153846153,0,,36.53846153846153,No neighbours,Ligand chemistry,morgan_tanimoto,50,50.0
7gft__1__1.A_2.A__1.E,0.25,1,40.625,0,,40.625,No neighbours,Ligand chemistry,morgan_tanimoto,50,25.0
7gfx__1__1.A_2.A__2.E,1.0,1,61.53846153846154,4,60.957910014513786,60.957910014513786,Low density,Ligand chemistry,morgan_tanimoto,50,100.0
7gfz__1__1.A_2.A__2.E_2.F,0.0,2,28.40909090909091,0,,28.40909090909091,No neighbours,Ligand chemistry,morgan_tanimoto,50,0.0
7gg2__1__1.A_2.A__2.E,1.0,1,45.588235294117645,0,,45.588235294117645,No neighbours,Ligand chemistry,morgan_tanimoto,50,100.0
7gga__1__1.A_2.A__1.E_1.F,1.0,1,45.588235294117645,0,,45.588235294117645,No neighbours,Ligand chemistry,morgan_tanimoto,50,100.0
7ggd__1__1.A__1.E,0.0,1,21.12676056338028,0,,21.12676056338028,No neighbours,Ligand chemistry,morgan_tanimoto,50,0.0
7gge__1__1.A_2.A__2.E_2.F,1.0,1,57.8125,22,55.13272686388559,55.13272686388559,High density,Ligand chemistry,morgan_tanimoto,50,100.0
7ggh__1__1.A_2.A__2.E_2.F,1.0,1,35.38461538461539,0,,35.38461538461539,No neighbours,Ligand chemistry,morgan_tanimoto,50,100.0
7ggo__1__1.A_2.A__2.E_2.G,0.5,1,22.666666666666664,0,,22.666666666666664,No neighbours,Ligand chemistry,morgan_tanimoto,50,50.0
7ggq__1__1.A_2.A__2.E_2.F,1.0,1,46.774193548387096,0,,46.774193548387096,No neighbours,Ligand chemistry,morgan_tanimoto,50,100.0
7ggv__1__1.A_2.A__2.E_2.G,1.0,1,45.588235294117645,0,,45.588235294117645,No neighbours,Ligand chemistry,morgan_tanimoto,50,100.0
7ggw__1__1.A_2.A__1.E_1.F,1.0,1,25.925925925925924,0,,25.925925925925924,No neighbours,Ligand chemistry,morgan_tanimoto,50,100.0
7gh0__1__1.A_2.A__2.E_2.F,0.75,1,29.166666666666668,0,,29.166666666666668,No neighbours,Ligand chemistry,morgan_tanimoto,50,75.0
7gh1__1__1.A_2.A__2.E_2.F,0.0,1,45.45454545454545,0,,45.45454545454545,No neighbours,Ligand chemistry,morgan_tanimoto,50,0.0
7gh3__1__1.A_2.A__2.E,1.0,1,50.0,2,50.0,50.0,Low density,Ligand chemistry,morgan_tanimoto,50,100.0
7gh5__1__1.A_2.A__1.B,1.0,1,64.58333333333334,6,59.82142857142858,59.82142857142858,Low density,Ligand chemistry,morgan_tanimoto,50,100.0
7gh6__1__1.A_2.A__2.B,0.75,1,29.761904761904763,0,,29.761904761904763,No neighbours,Ligand chemistry,morgan_tanimoto,50,75.0
7gh7__1__1.A_2.A__1.B_1.F,1.0,1,70.0,4,65.55555555555556,65.55555555555556,Low density,Ligand chemistry,morgan_tanimoto,50,100.0
7ghn__1__1.A_1.B__1.N,1.0,1,80.88235294117648,17,59.97910813303122,59.97910813303122,Low density,Ligand chemistry,morgan_tanimoto,50,100.0
7gho__1__1.A_1.B__1.E_1.F,1.0,1,36.507936507936506,0,,36.507936507936506,No neighbours,Ligand chemistry,morgan_tanimoto,50,100.0
7ghp__1__1.A_1.B__1.M_1.O,1.0,1,35.82089552238806,0,,35.82089552238806,No neighbours,Ligand chemistry,morgan_tanimoto,50,100.0
7ghq__1__1.A_1.B__1.D_1.E,1.0,1,38.095238095238095,0,,38.095238095238095,No neighbours,Ligand chemistry,morgan_tanimoto,50,100.0
7ghr__1__1.A_1.B__1.M,1.0,1,28.78787878787879,0,,28.78787878787879,No neighbours,Ligand chemistry,morgan_tanimoto,50,100.0
7ghs__1__1.A_1.B__1.E_1.F,0.75,1,39.0625,0,,39.0625,No neighbours,Ligand chemistry,morgan_tanimoto,50,75.0
7ghx__1__1.A_1.B__1.O_1.Q,0.75,1,25.97402597402597,0,,25.97402597402597,No neighbours,Ligand chemistry,morgan_tanimoto,50,75.0
7ghy__1__1.A_1.B__1.O_1.P_1.Q,0.75,1,25.64102564102564,0,,25.64102564102564,No neighbours,Ligand chemistry,morgan_tanimoto,50,75.0
7gi4__1__1.A_1.B__1.J,1.0,1,56.666666666666664,2,56.666666666666664,56.666666666666664,Low density,Ligand chemistry,morgan_tanimoto,50,100.0
7gi6__1__1.A_1.B__1.D,0.75,1,43.93939393939394,0,,43.93939393939394,No neighbours,Ligand chemistry,morgan_tanimoto,50,75.0
7gi7__1__1.A_1.B__1.L,1.0,1,45.45454545454545,0,,45.45454545454545,No neighbours,Ligand chemistry,morgan_tanimoto,50,100.0
7gi8__1__1.A_1.B__1.R_1.U_1.V,0.5,1,46.03174603174603,0,,46.03174603174603,No neighbours,Ligand chemistry,morgan_tanimoto,50,50.0
7gi9__1__1.A_1.B__1.F,1.0,1,61.81818181818181,8,56.30482017982018,56.30482017982018,Low density,Ligand chemistry,morgan_tanimoto,50,100.0
7gia__1__1.A_1.B__1.F,1.0,1,64.0,4,62.0,62.0,Low density,Ligand chemistry,morgan_tanimoto,50,100.0
7gib__1__1.A_1.B__1.E_1.F,1.0,1,74.46808510638297,6,61.56092969171777,61.56092969171777,Low density,Ligand chemistry,morgan_tanimoto,50,100.0
7gid__1__1.A_1.B__1.E_1.F,1.0,1,74.4186046511628,6,62.775790101371506,62.775790101371506,Low density,Ligand chemistry,morgan_tanimoto,50,100.0
7gih__1__1.A_1.B__1.L_1.P,1.0,1,66.66666666666666,6,57.36331569664903,57.36331569664903,Low density,Ligand chemistry,morgan_tanimoto,50,100.0
7gij__1__1.A_1.B__1.E_1.F,0.75,1,42.66666666666667,0,,42.66666666666667,No neighbours,Ligand chemistry,morgan_tanimoto,50,75.0
7gim__1__1.A_1.B__1.E_1.F,0.75,1,44.44444444444444,0,,44.44444444444444,No neighbours,Ligand chemistry,morgan_tanimoto,50,75.0
7gin__1__1.A_1.B__1.F_1.G,1.0,1,42.857142857142854,0,,42.857142857142854,No neighbours,Ligand chemistry,morgan_tanimoto,50,100.0
7gio__1__1.A_1.B__1.L_1.O,1.0,1,68.62745098039215,2,68.62745098039215,68.62745098039215,Low density,Ligand chemistry,morgan_tanimoto,50,100.0
7gip__1__1.A_1.B__1.N_1.O,0.0,1,40.0,0,,40.0,No neighbours,Ligand chemistry,morgan_tanimoto,50,0.0
7giq__1__1.A_1.B__1.F_1.G,1.0,1,33.76623376623377,0,,33.76623376623377,No neighbours,Ligand chemistry,morgan_tanimoto,50,100.0
7gir__1__1.A_1.B__1.F_1.I,1.0,1,46.26865671641791,0,,46.26865671641791,No neighbours,Ligand chemistry,morgan_tanimoto,50,100.0
7gis__1__1.A_1.B__1.E_1.F,0.75,1,80.0,4,70.55555555555556,70.55555555555556,Low density,Ligand chemistry,morgan_tanimoto,50,75.0
7git__1__1.A_1.B__1.E_1.F,0.5,1,51.724137931034484,2,51.724137931034484,51.724137931034484,Low density,Ligand chemistry,morgan_tanimoto,50,50.0
7giu__1__1.A_1.B__1.K_1.L,1.0,1,40.298507462686565,0,,40.298507462686565,No neighbours,Ligand chemistry,morgan_tanimoto,50,100.0
7gix__1__1.A_1.B__1.E_1.F,0.75,1,30.666666666666664,0,,30.666666666666664,No neighbours,Ligand chemistry,morgan_tanimoto,50,75.0
7giy__1__1.A_1.B__1.E_1.F,0.75,1,44.26229508196721,0,,44.26229508196721,No neighbours,Ligand chemistry,morgan_tanimoto,50,75.0
7gj0__1__1.A_1.B__1.M_1.N,0.75,1,42.30769230769231,0,,42.30769230769231,No neighbours,Ligand chemistry,morgan_tanimoto,50,75.0
7gj2__1__1.A_1.B__1.E_1.F,0.25,1,39.24050632911392,0,,39.24050632911392,No neighbours,Ligand chemistry,morgan_tanimoto,50,25.0
7gj4__1__1.A_1.B__1.E_1.F,0.75,1,34.78260869565217,0,,34.78260869565217,No neighbours,Ligand chemistry,morgan_tanimoto,50,75.0
7gj6__1__1.A_1.B__1.E_1.F,1.0,1,51.78571428571429,2,51.78571428571429,51.78571428571429,Low density,Ligand chemistry,morgan_tanimoto,50,100.0
7gj8__1__1.A_1.B__1.E_1.F,0.75,1,47.368421052631575,0,,47.368421052631575,No neighbours,Ligand chemistry,morgan_tanimoto,50,75.0
7gjc__1__1.A_1.B__1.E,1.0,1,29.87012987012987,0,,29.87012987012987,No neighbours,Ligand chemistry,morgan_tanimoto,50,100.0
7gjd__1__1.A_1.B__1.E_1.F,1.0,1,45.3125,0,,45.3125,No neighbours,Ligand chemistry,morgan_tanimoto,50,100.0
7gjf__1__1.A_1.B__1.E_1.F,0.5,1,39.75903614457831,0,,39.75903614457831,No neighbours,Ligand chemistry,morgan_tanimoto,50,50.0
7gjg__1__1.A_1.B__1.E_1.F,0.75,1,37.03703703703704,0,,37.03703703703704,No neighbours,Ligand chemistry,morgan_tanimoto,50,75.0
7gji__1__1.A_1.B__1.L,1.0,1,42.25352112676056,0,,42.25352112676056,No neighbours,Ligand chemistry,morgan_tanimoto,50,100.0
7gjk__1__1.A_1.B__1.E_1.F,1.0,1,46.57534246575342,0,,46.57534246575342,No neighbours,Ligand chemistry,morgan_tanimoto,50,100.0
7gjl__1__1.A_1.B__1.D_1.E,1.0,1,27.536231884057973,0,,27.536231884057973,No neighbours,Ligand chemistry,morgan_tanimoto,50,100.0
7gjp__1__1.A_1.B__1.E_1.F,1.0,1,40.0,0,,40.0,No neighbours,Ligand chemistry,morgan_tanimoto,50,100.0
7gjq__1__1.A_1.B__1.E_1.F,0.75,1,46.774193548387096,0,,46.774193548387096,No neighbours,Ligand chemistry,morgan_tanimoto,50,75.0
7gjv__1__1.A_1.B__1.J_1.K,0.75,1,41.42857142857143,0,,41.42857142857143,No neighbours,Ligand chemistry,morgan_tanimoto,50,75.0
7gjx__1__1.A_1.B__1.E_1.J,0.5,1,46.774193548387096,0,,46.774193548387096,No neighbours,Ligand chemistry,morgan_tanimoto,50,50.0
7gjy__1__1.A_1.B__1.H_1.I,0.0,1,36.708860759493675,0,,36.708860759493675,No neighbours,Ligand chemistry,morgan_tanimoto,50,0.0
7gjz__1__1.A_1.B__1.I_1.K,1.0,1,57.8125,2,57.8125,57.8125,Low density,Ligand chemistry,morgan_tanimoto,50,100.0
7gk0__1__1.A_1.B__1.E_1.J,1.0,1,31.16883116883117,0,,31.16883116883117,No neighbours,Ligand chemistry,morgan_tanimoto,50,100.0
7gk1__1__1.A_1.B__1.D_1.I,1.0,1,47.69230769230769,0,,47.69230769230769,No neighbours,Ligand chemistry,morgan_tanimoto,50,100.0
7gk2__1__1.A_1.B__1.E_1.J,0.5,1,38.55421686746988,0,,38.55421686746988,No neighbours,Ligand chemistry,morgan_tanimoto,50,50.0
7gk3__1__1.A_1.B__1.E_1.J,1.0,1,45.588235294117645,0,,45.588235294117645,No neighbours,Ligand chemistry,morgan_tanimoto,50,100.0
7gk6__1__1.A_1.B__1.E_1.J,1.0,1,47.540983606557376,0,,47.540983606557376,No neighbours,Ligand chemistry,morgan_tanimoto,50,100.0
7gk7__1__1.A_1.B__1.H,0.5,1,33.70786516853933,0,,33.70786516853933,No neighbours,Ligand chemistry,morgan_tanimoto,50,50.0
7gk8__1__1.A_1.B__1.H,1.0,1,44.285714285714285,0,,44.285714285714285,No neighbours,Ligand chemistry,morgan_tanimoto,50,100.0
7gk9__1__1.A_1.B__1.M_1.O,1.0,1,31.16883116883117,0,,31.16883116883117,No neighbours,Ligand chemistry,morgan_tanimoto,50,100.0
7gka__1__1.A_1.B__1.E_1.J,1.0,1,36.507936507936506,0,,36.507936507936506,No neighbours,Ligand chemistry,morgan_tanimoto,50,100.0
7gkc__1__1.A_1.B__1.E_1.J,0.5,1,44.15584415584416,0,,44.15584415584416,No neighbours,Ligand chemistry,morgan_tanimoto,50,50.0
7gke__1__1.A_1.B__1.E_1.J,1.0,1,43.93939393939394,0,,43.93939393939394,No neighbours,Ligand chemistry,morgan_tanimoto,50,100.0
7gkf__1__1.A_1.B__1.E_1.J,0.75,1,33.80281690140845,0,,33.80281690140845,No neighbours,Ligand chemistry,morgan_tanimoto,50,75.0
7gkg__1__1.A_1.B__1.E_1.J,1.0,1,46.96969696969697,0,,46.96969696969697,No neighbours,Ligand chemistry,morgan_tanimoto,50,100.0
7gkh__1__1.A_1.B__1.J,0.75,1,28.57142857142857,0,,28.57142857142857,No neighbours,Ligand chemistry,morgan_tanimoto,50,75.0
7gki__1__1.A__1.I,1.0,1,75.51020408163265,6,63.263804891439555,63.263804891439555,Low density,Ligand chemistry,morgan_tanimoto,50,100.0
7gkk__1__1.A_1.B__1.O,1.0,1,70.0,4,63.18181818181819,63.18181818181819,Low density,Ligand chemistry,morgan_tanimoto,50,100.0
7gkm__1__1.A_1.B__1.I_1.J,1.0,1,31.16883116883117,0,,31.16883116883117,No neighbours,Ligand chemistry,morgan_tanimoto,50,100.0
7gkn__1__1.A_1.B__1.Q_1.S_1.T,1.0,1,36.36363636363637,0,,36.36363636363637,No neighbours,Ligand chemistry,morgan_tanimoto,50,100.0
7gko__1__1.A_1.B__1.I_1.J,0.5,1,37.66233766233766,0,,37.66233766233766,No neighbours,Ligand chemistry,morgan_tanimoto,50,50.0
7gkq__1__1.A_1.B__1.E_1.J,0.25,1,42.465753424657535,0,,42.465753424657535,No neighbours,Ligand chemistry,morgan_tanimoto,50,25.0
7gks__1__1.A_1.B__1.H,0.0,1,38.75,0,,38.75,No neighbours,Ligand chemistry,morgan_tanimoto,50,0.0
7gkt__1__1.A_1.B__1.E_1.J,1.0,1,41.0958904109589,0,,41.0958904109589,No neighbours,Ligand chemistry,morgan_tanimoto,50,100.0
7gkw__1__1.A_1.B__1.E_1.J,0.75,1,45.94594594594595,0,,45.94594594594595,No neighbours,Ligand chemistry,morgan_tanimoto,50,75.0
7gkx__1__1.A_1.B__1.I,0.5,1,46.57534246575342,0,,46.57534246575342,No neighbours,Ligand chemistry,morgan_tanimoto,50,50.0
7gkz__1__1.A_1.B__1.E_1.J,0.75,1,28.985507246376812,0,,28.985507246376812,No neighbours,Ligand chemistry,morgan_tanimoto,50,75.0
7gl1__1__1.A_1.B__1.D_1.I,1.0,1,26.25,0,,26.25,No neighbours,Ligand chemistry,morgan_tanimoto,50,100.0
7gl2__1__1.A_1.B__1.H_1.I,0.5,1,38.666666666666664,0,,38.666666666666664,No neighbours,Ligand chemistry,morgan_tanimoto,50,50.0
7gl3__1__1.A_1.B__1.H,0.5,1,40.845070422535215,0,,40.845070422535215,No neighbours,Ligand chemistry,morgan_tanimoto,50,50.0
7gl6__1__1.A_1.B__1.E_1.J,1.0,1,39.682539682539684,0,,39.682539682539684,No neighbours,Ligand chemistry,morgan_tanimoto,50,100.0
7gl7__1__1.A_1.B__1.E_1.J,1.0,1,34.146341463414636,0,,34.146341463414636,No neighbours,Ligand chemistry,morgan_tanimoto,50,100.0
7gla__1__1.A_1.B__1.I,1.0,1,33.76623376623377,0,,33.76623376623377,No neighbours,Ligand chemistry,morgan_tanimoto,50,100.0
7glb__1__1.A_1.B__1.N,0.25,1,45.20547945205479,0,,45.20547945205479,No neighbours,Ligand chemistry,morgan_tanimoto,50,25.0
7gld__1__1.A_1.B__1.H,0.25,1,42.30769230769231,0,,42.30769230769231,No neighbours,Ligand chemistry,morgan_tanimoto,50,25.0
7glg__1__1.A_1.B__1.H,0.0,1,39.02439024390244,0,,39.02439024390244,No neighbours,Ligand chemistry,morgan_tanimoto,50,0.0
7gli__1__1.A_1.B__1.L,0.0,1,42.5,0,,42.5,No neighbours,Ligand chemistry,morgan_tanimoto,50,0.0
7gln__1__1.A_1.B__1.I,0.5,1,41.02564102564102,0,,41.02564102564102,No neighbours,Ligand chemistry,morgan_tanimoto,50,50.0
7glo__1__1.A_1.B__1.E_1.J,1.0,1,43.859649122807014,0,,43.859649122807014,No neighbours,Ligand chemistry,morgan_tanimoto,50,100.0
7glq__1__1.A_1.B__1.E_1.J,1.0,1,50.0,2,50.0,50.0,Low density,Ligand chemistry,morgan_tanimoto,50,100.0
7glw__1__1.A_1.B__1.E_1.J_1.K,1.0,1,46.3768115942029,0,,46.3768115942029,No neighbours,Ligand chemistry,morgan_tanimoto,50,100.0
7gly__1__1.A_1.B__1.I,0.5,1,40.0,0,,40.0,No neighbours,Ligand chemistry,morgan_tanimoto,50,50.0
7gm0__1__1.A_1.B__1.N,0.25,1,26.08695652173913,0,,26.08695652173913,No neighbours,Ligand chemistry,morgan_tanimoto,50,25.0
7gm1__1__1.A_1.B__1.I,0.25,1,32.94117647058823,0,,32.94117647058823,No neighbours,Ligand chemistry,morgan_tanimoto,50,25.0
7gm3__1__1.A_1.B__1.D_1.I,1.0,1,71.15384615384616,4,64.14835164835165,64.14835164835165,Low density,Ligand chemistry,morgan_tanimoto,50,100.0
7gm4__1__1.A_1.B__1.I,0.5,1,34.5679012345679,0,,34.5679012345679,No neighbours,Ligand chemistry,morgan_tanimoto,50,50.0
7gm5__1__1.A_1.B__1.I,0.25,1,40.845070422535215,0,,40.845070422535215,No neighbours,Ligand chemistry,morgan_tanimoto,50,25.0
7gm6__1__1.A_1.B__1.N,0.75,1,33.33333333333333,0,,33.33333333333333,No neighbours,Ligand chemistry,morgan_tanimoto,50,75.0
7gm8__1__1.A_1.B__1.I,0.5,1,36.84210526315789,0,,36.84210526315789,No neighbours,Ligand chemistry,morgan_tanimoto,50,50.0
7gm9__1__1.A_1.B__1.I,1.0,1,35.80246913580247,0,,35.80246913580247,No neighbours,Ligand chemistry,morgan_tanimoto,50,100.0
7gma__1__1.A_1.B__1.J,0.0,1,42.465753424657535,0,,42.465753424657535,No neighbours,Ligand chemistry,morgan_tanimoto,50,0.0
7gmb__1__1.A_1.B__1.D_1.I,1.0,1,62.71186440677966,4,56.752757600215226,56.752757600215226,Low density,Ligand chemistry,morgan_tanimoto,50,100.0
7gmh__1__1.A_1.B__1.O,1.0,1,74.0,4,65.18181818181819,65.18181818181819,Low density,Ligand chemistry,morgan_tanimoto,50,100.0
7gmi__1__1.A_1.B__1.D_1.I,1.0,1,69.81132075471697,4,62.97583581595498,62.97583581595498,Low density,Ligand chemistry,morgan_tanimoto,50,100.0
7gmj__1__1.A_1.B__1.E_1.J_1.K,1.0,1,32.0,0,,32.0,No neighbours,Ligand chemistry,morgan_tanimoto,50,100.0
7gmk__1__1.A_1.B__1.E_1.J,1.0,1,71.15384615384616,4,64.14835164835165,64.14835164835165,Low density,Ligand chemistry,morgan_tanimoto,50,100.0
7gml__1__1.A_1.B__1.E_1.J,1.0,1,64.91228070175438,4,58.685648547598504,58.685648547598504,Low density,Ligand chemistry,morgan_tanimoto,50,100.0
7gmm__1__1.A_1.B__1.E_1.J,1.0,1,69.81132075471697,4,62.97583581595498,62.97583581595498,Low density,Ligand chemistry,morgan_tanimoto,50,100.0
7gmo__1__1.A_1.B__1.E_1.J,0.5,1,39.743589743589745,0,,39.743589743589745,No neighbours,Ligand chemistry,morgan_tanimoto,50,50.0
7gmp__1__1.A_1.B__1.D_1.I,1.0,1,71.15384615384616,4,64.14835164835165,64.14835164835165,Low density,Ligand chemistry,morgan_tanimoto,50,100.0
7gmq__1__1.A_1.B__1.D_1.I,1.0,1,62.71186440677966,4,56.752757600215226,56.752757600215226,Low density,Ligand chemistry,morgan_tanimoto,50,100.0
7gms__1__1.A_1.B__1.I,0.25,1,29.03225806451613,0,,29.03225806451613,No neighbours,Ligand chemistry,morgan_tanimoto,50,25.0
7gmu__1__1.A_1.B__1.I,1.0,1,71.15384615384616,4,64.14835164835165,64.14835164835165,Low density,Ligand chemistry,morgan_tanimoto,50,100.0
7gmw__1__1.A_1.B__1.E_1.J,0.5,1,34.5679012345679,0,,34.5679012345679,No neighbours,Ligand chemistry,morgan_tanimoto,50,50.0
7gmy__1__1.A_1.B__1.I,0.25,1,32.94117647058823,0,,32.94117647058823,No neighbours,Ligand chemistry,morgan_tanimoto,50,25.0
7gn0__1__1.A_1.B__1.I,0.75,1,41.891891891891895,0,,41.891891891891895,No neighbours,Ligand chemistry,morgan_tanimoto,50,75.0
7gn4__1__1.A_1.B__1.E_1.J,0.75,1,43.66197183098591,0,,43.66197183098591,No neighbours,Ligand chemistry,morgan_tanimoto,50,75.0
7gn5__1__1.A_1.B__1.I,0.25,1,43.037974683544306,0,,43.037974683544306,No neighbours,Ligand chemistry,morgan_tanimoto,50,25.0
7gn8__1__1.A_1.B__1.I_1.J,1.0,1,36.25,0,,36.25,No neighbours,Ligand chemistry,morgan_tanimoto,50,100.0
7gn9__1__1.A_1.B__1.O,0.5,1,40.25974025974026,0,,40.25974025974026,No neighbours,Ligand chemistry,morgan_tanimoto,50,50.0
7gnb__1__1.A_1.B__1.M_1.O,0.5,1,33.33333333333333,0,,33.33333333333333,No neighbours,Ligand chemistry,morgan_tanimoto,50,50.0
7gnc__1__1.A_1.B__1.E_1.J,1.0,1,35.80246913580247,0,,35.80246913580247,No neighbours,Ligand chemistry,morgan_tanimoto,50,100.0
7gnd__1__1.A_1.B__1.E_1.J,1.0,1,29.166666666666668,0,,29.166666666666668,No neighbours,Ligand chemistry,morgan_tanimoto,50,100.0
7gnf__1__1.A_1.B__1.P_1.R,1.0,1,28.767123287671232,0,,28.767123287671232,No neighbours,Ligand chemistry,morgan_tanimoto,50,100.0
7gng__1__1.A_1.B__1.Q,1.0,1,23.863636363636363,0,,23.863636363636363,No neighbours,Ligand chemistry,morgan_tanimoto,50,100.0
7gnh__1__1.A_1.B__1.M,0.25,1,22.54901960784314,0,,22.54901960784314,No neighbours,Ligand chemistry,morgan_tanimoto,50,25.0
7gnk__1__1.A_1.B__1.T,1.0,1,32.55813953488372,0,,32.55813953488372,No neighbours,Ligand chemistry,morgan_tanimoto,50,100.0
7gnl__1__1.A_1.B__1.N,0.0,1,38.372093023255815,0,,38.372093023255815,No neighbours,Ligand chemistry,morgan_tanimoto,50,0.0
7gnm__1__1.A_1.B__1.S,0.0,1,39.02439024390244,0,,39.02439024390244,No neighbours,Ligand chemistry,morgan_tanimoto,50,0.0
7gnn__1__1.A_1.B__1.I,0.5,1,37.80487804878049,0,,37.80487804878049,No neighbours,Ligand chemistry,morgan_tanimoto,50,50.0
7gno__1__1.A_1.B__1.P_1.S,0.0,1,38.55421686746988,0,,38.55421686746988,No neighbours,Ligand chemistry,morgan_tanimoto,50,0.0
7gnp__1__1.A_1.B__1.H_1.J,0.75,1,38.2716049382716,0,,38.2716049382716,No neighbours,Ligand chemistry,morgan_tanimoto,50,75.0
7gnq__1__1.A_1.B__1.G_1.I_1.L,0.5,1,42.30769230769231,0,,42.30769230769231,No neighbours,Ligand chemistry,morgan_tanimoto,50,50.0
7gnr__1__1.A_1.B__1.E_1.J,1.0,1,33.734939759036145,0,,33.734939759036145,No neighbours,Ligand chemistry,morgan_tanimoto,50,100.0
7gns__1__1.A_1.B__1.H_1.J,1.0,1,27.173913043478258,0,,27.173913043478258,No neighbours,Ligand chemistry,morgan_tanimoto,50,100.0
7gnt__1__1.A_1.B__1.N_1.O,1.0,1,26.595744680851062,0,,26.595744680851062,No neighbours,Ligand chemistry,morgan_tanimoto,50,100.0
7gnu__1__1.A_1.B__1.O_1.Q,0.75,1,28.08988764044944,0,,28.08988764044944,No neighbours,Ligand chemistry,morgan_tanimoto,50,75.0
7grr__1__1.A__1.D,0.0,1,30.909090909090907,0,,30.909090909090907,No neighbours,Ligand chemistry,morgan_tanimoto,50,0.0
7grs__1__1.B__1.Q,0.0,1,25.0,0,,25.0,No neighbours,Ligand chemistry,morgan_tanimoto,50,0.0
7grt__1__1.A__1.C_1.E_1.I,0.0,1,40.816326530612244,0,,40.816326530612244,No neighbours,Ligand chemistry,morgan_tanimoto,50,0.0
7grw__1__1.B__1.M_1.N,0.0,1,31.70731707317073,0,,31.70731707317073,No neighbours,Ligand chemistry,morgan_tanimoto,50,0.0
7gs0__1__1.A_1.B__1.D,0.0,1,32.35294117647059,0,,32.35294117647059,No neighbours,Ligand chemistry,morgan_tanimoto,50,0.0
7h1j__1__1.B__1.E,0.0,1,21.428571428571427,0,,21.428571428571427,No neighbours,Ligand chemistry,morgan_tanimoto,50,0.0
7jhq__1__2.D__2.Q,0.25,1,78.57142857142857,129,61.04355168936946,61.04355168936946,High density,Ligand chemistry,morgan_tanimoto,50,25.0
7jni__1__1.A__1.C,0.0,1,29.213483146067414,0,,29.213483146067414,No neighbours,Ligand chemistry,morgan_tanimoto,50,0.0
7jyd__1__1.A__1.C,0.25,1,78.18181818181819,7,69.85308808838222,69.85308808838222,Low density,Ligand chemistry,morgan_tanimoto,50,25.0
7k4g__1__1.B__1.J_1.K_1.L,1.0,1,81.81818181818183,12,67.15909090909092,67.15909090909092,Low density,Ligand chemistry,morgan_tanimoto,50,100.0
7k4i__1__1.B__1.J_1.K_1.L,1.0,1,38.775510204081634,0,,38.775510204081634,No neighbours,Ligand chemistry,morgan_tanimoto,50,100.0
7k4j__1__1.E__1.S_1.T_1.U,1.0,1,38.297872340425535,0,,38.297872340425535,No neighbours,Ligand chemistry,morgan_tanimoto,50,100.0
7k5v__1__1.A__1.C,0.0,1,28.57142857142857,0,,28.57142857142857,No neighbours,Ligand chemistry,morgan_tanimoto,50,0.0
7kbj__1__1.B_1.C__1.L_1.M_1.O,0.0,1,56.00000000000001,4,54.25,54.25,Low density,Ligand chemistry,morgan_tanimoto,50,0.0
7kbr__1__1.B_1.C__1.EA_1.IA_1.N,0.25,1,51.85185185185185,2,51.85185185185185,51.85185185185185,Low density,Ligand chemistry,morgan_tanimoto,50,25.0
7kh4__1__1.A_1.F__1.G_1.W,1.0,1,100.0,6,100.0,100.0,Low density,Ligand chemistry,morgan_tanimoto,50,100.0
7kkh__1__1.A_1.B__1.D,0.75,1,20.833333333333336,0,,20.833333333333336,No neighbours,Ligand chemistry,morgan_tanimoto,50,75.0
7knr__1__1.A__1.B_1.C_1.D,0.25,1,73.84615384615385,19,61.20428048405887,61.20428048405887,High density,Ligand chemistry,morgan_tanimoto,50,25.0
7ko6__1__1.A__1.D,0.75,1,23.333333333333332,0,,23.333333333333332,No neighbours,Ligand chemistry,morgan_tanimoto,50,75.0
7kop__1__1.A__1.B_1.C_1.D,0.25,1,61.97183098591549,27,60.78756642136923,60.78756642136923,High density,Ligand chemistry,morgan_tanimoto,50,25.0
7kxz__1__1.A__1.C,0.75,1,33.33333333333333,0,,33.33333333333333,No neighbours,Ligand chemistry,morgan_tanimoto,50,75.0
7l00__1__1.B__1.J_1.K_1.L,1.0,1,100.0,42,100.0,100.0,High density,Ligand chemistry,morgan_tanimoto,50,100.0
7l1j__1__1.A_1.B__1.E_1.G,1.0,1,66.66666666666666,8,61.33333333333333,61.33333333333333,Low density,Ligand chemistry,morgan_tanimoto,50,100.0
7l1p__1__1.A_1.B__1.C,0.5,1,100.0,2,79.33333333333333,79.33333333333333,Low density,Ligand chemistry,morgan_tanimoto,50,50.0
7l2y__1__1.A_2.A__1.J,1.0,1,70.17543859649122,6,62.89678454090364,62.89678454090364,Low density,Ligand chemistry,morgan_tanimoto,50,100.0
7l8o__1__1.A__1.G_1.H,0.5,1,28.205128205128204,0,,28.205128205128204,No neighbours,Ligand chemistry,morgan_tanimoto,50,50.0
7l91__1__3.A__3.B_3.C_3.D,0.75,1,47.61904761904761,0,,47.61904761904761,No neighbours,Ligand chemistry,morgan_tanimoto,50,75.0
7l9g__1__1.A__1.B_1.D,0.75,1,100.0,42,81.50836098484852,81.50836098484852,High density,Ligand chemistry,morgan_tanimoto,50,75.0
7lbv__1__1.A__1.B,1.0,1,100.0,39,87.70357394657624,87.70357394657624,High density,Ligand chemistry,morgan_tanimoto,50,100.0
7ldy__1__1.A_1.B__1.H,1.0,1,100.0,268,73.63260467265444,73.63260467265444,High density,Ligand chemistry,morgan_tanimoto,50,100.0
7le3__1__1.A_1.B__1.C,1.0,1,100.0,192,63.57321199923496,63.57321199923496,High density,Ligand chemistry,morgan_tanimoto,50,100.0
7le5__1__1.A_1.B__1.H,1.0,1,100.0,188,66.35800083596831,66.35800083596831,High density,Ligand chemistry,morgan_tanimoto,50,100.0
7le6__1__1.A_1.B__1.C,1.0,1,100.0,186,63.05993120876294,63.05993120876294,High density,Ligand chemistry,morgan_tanimoto,50,100.0
7lff__1__1.A__1.C_1.D,1.0,1,100.0,412,93.0784949688546,93.0784949688546,High density,Ligand chemistry,morgan_tanimoto,50,100.0
7lk0__1__1.A_2.A__1.D,1.0,1,62.121212121212125,470,53.4944108955466,53.4944108955466,High density,Ligand chemistry,morgan_tanimoto,50,100.0
7lm4__1__1.A__1.B_1.C_1.D,1.0,1,78.46153846153847,3,66.15384615384615,66.15384615384615,Low density,Ligand chemistry,morgan_tanimoto,50,100.0
7lov__1__1.A__1.C_1.D_1.H,0.75,2,100.0,25,82.33162203176096,82.33162203176096,High density,Ligand chemistry,morgan_tanimoto,50,75.0
7lp0__1__1.A__1.C,0.75,1,100.0,5,61.90476190476191,61.90476190476191,Low density,Ligand chemistry,morgan_tanimoto,50,75.0
7lpk__1__1.A__1.C,1.0,1,61.702127659574465,5,54.2451874366768,54.2451874366768,Low density,Ligand chemistry,morgan_tanimoto,50,100.0
7lpw__1__1.A_1.B__1.G,0.0,1,18.81188118811881,0,,18.81188118811881,No neighbours,Ligand chemistry,morgan_tanimoto,50,0.0
7lr9__1__1.A__1.C,0.5,1,100.0,17,80.88235294117646,80.88235294117646,Low density,Ligand chemistry,morgan_tanimoto,50,50.0
7lrk__1__1.A__1.C,1.0,1,61.702127659574465,5,54.2451874366768,54.2451874366768,Low density,Ligand chemistry,morgan_tanimoto,50,100.0
7lro__1__1.A__1.D,1.0,1,63.63636363636363,5,59.043062200956946,59.043062200956946,Low density,Ligand chemistry,morgan_tanimoto,50,100.0
7ltx__1__1.A__1.E_1.F_1.G,0.625,2,100.0,560,86.17546829564981,86.17546829564981,High density,Ligand chemistry,morgan_tanimoto,50,62.5
7ltz__1__1.A__1.B_1.C,1.0,1,38.095238095238095,0,,38.095238095238095,No neighbours,Ligand chemistry,morgan_tanimoto,50,100.0
7lxr__1__1.A__1.E_1.F,0.25,1,100.0,412,88.160707429261,88.160707429261,High density,Ligand chemistry,morgan_tanimoto,50,25.0
7ly6__1__1.A_2.A__1.B_1.C_1.D,0.5,2,100.0,1,100.0,100.0,Low density,Ligand chemistry,morgan_tanimoto,50,50.0
7lzr__1__1.A_1.B__1.H,1.0,1,20.689655172413794,0,,20.689655172413794,No neighbours,Ligand chemistry,morgan_tanimoto,50,100.0
7m0n__1__1.B__1.J_1.M_1.N,0.0,1,100.0,9,100.0,100.0,Low density,Ligand chemistry,morgan_tanimoto,50,0.0
7m9g__1__1.A_1.B__1.E,1.0,1,100.0,241,72.04961736741146,72.04961736741146,High density,Ligand chemistry,morgan_tanimoto,50,100.0
7m9h__1__1.A_1.B__1.E,1.0,1,100.0,224,67.24382362583141,67.24382362583141,High density,Ligand chemistry,morgan_tanimoto,50,100.0
7m9r__1__1.A_1.B__1.C,1.0,1,83.11688311688312,226,64.50810046388762,64.50810046388762,High density,Ligand chemistry,morgan_tanimoto,50,100.0
7m9t__1__1.A_1.B__1.D,1.0,1,78.4090909090909,177,65.05700066684705,65.05700066684705,High density,Ligand chemistry,morgan_tanimoto,50,100.0
7m9v__1__1.A_1.B__1.C,1.0,1,77.64705882352942,230,66.95480786128911,66.95480786128911,High density,Ligand chemistry,morgan_tanimoto,50,100.0
7m9x__1__1.A_1.B__1.C,1.0,1,78.16091954022988,175,64.41896257529336,64.41896257529336,High density,Ligand chemistry,morgan_tanimoto,50,100.0
7ma0__1__1.A_1.B__1.I,1.0,1,100.0,245,75.128856448237,75.128856448237,High density,Ligand chemistry,morgan_tanimoto,50,100.0
7ma1__1__1.A_1.B__1.M,1.0,1,100.0,241,69.27335409846161,69.27335409846161,High density,Ligand chemistry,morgan_tanimoto,50,100.0
7ma2__1__1.A_1.B__1.E,1.0,1,89.41176470588236,252,65.02856045967937,65.02856045967937,High density,Ligand chemistry,morgan_tanimoto,50,100.0
7ma3__1__1.A_1.B__1.E,1.0,1,100.0,248,69.00453713188192,69.00453713188192,High density,Ligand chemistry,morgan_tanimoto,50,100.0
7ma4__1__1.A_1.B__1.D,1.0,1,100.0,237,69.2053920715367,69.2053920715367,High density,Ligand chemistry,morgan_tanimoto,50,100.0
7ma5__1__1.A_1.B__1.G,1.0,1,100.0,217,64.9607375008539,64.9607375008539,High density,Ligand chemistry,morgan_tanimoto,50,100.0
7ma7__1__1.A_1.B__1.E,1.0,1,100.0,247,68.12704648603795,68.12704648603795,High density,Ligand chemistry,morgan_tanimoto,50,100.0
7ma8__1__1.A_1.B__1.E,1.0,1,100.0,231,68.79862621175243,68.79862621175243,High density,Ligand chemistry,morgan_tanimoto,50,100.0
7maq__1__1.A_1.B__1.C,1.0,1,100.0,247,79.98722874344945,79.98722874344945,High density,Ligand chemistry,morgan_tanimoto,50,100.0
7mcj__1__1.A__1.C_1.D,0.0,1,13.829787234042554,0,,13.829787234042554,No neighbours,Ligand chemistry,morgan_tanimoto,50,0.0
7mdp__1__1.A__1.D,0.0,1,20.0,0,,20.0,No neighbours,Ligand chemistry,morgan_tanimoto,50,0.0
7mgj__1__1.A__1.E,1.0,1,71.1864406779661,9,64.35421873211021,64.35421873211021,Low density,Ligand chemistry,morgan_tanimoto,50,100.0
7mgk__1__1.A__1.E,1.0,1,46.03174603174603,0,,46.03174603174603,No neighbours,Ligand chemistry,morgan_tanimoto,50,100.0
7mgt__1__1.A__1.B_1.C_1.D,1.0,1,75.0,6,70.96774193548387,70.96774193548387,Low density,Ligand chemistry,morgan_tanimoto,50,100.0
7mjd__1__1.B__1.S,0.0,1,21.428571428571427,0,,21.428571428571427,No neighbours,Ligand chemistry,morgan_tanimoto,50,0.0
7mkx__1__1.A__1.E,0.75,1,44.44444444444444,0,,44.44444444444444,No neighbours,Ligand chemistry,morgan_tanimoto,50,75.0
7mlo__1__1.A__1.C,0.75,1,50.0,1,50.0,50.0,Low density,Ligand chemistry,morgan_tanimoto,50,75.0
7mlp__1__1.A__1.B,0.75,1,61.29032258064516,1,61.29032258064516,61.29032258064516,Low density,Ligand chemistry,morgan_tanimoto,50,75.0
7mlt__1__1.A__1.W,0.5,1,55.88235294117647,1,55.88235294117647,55.88235294117647,Low density,Ligand chemistry,morgan_tanimoto,50,50.0
7mmr__1__1.A_1.E__1.BA_1.CA_1.K,1.0,1,100.0,18,100.0,100.0,High density,Ligand chemistry,morgan_tanimoto,50,100.0
7mnw__1__1.A__1.I_1.J,1.0,1,100.0,1940,88.29385923433496,88.29385923433496,High density,Ligand chemistry,morgan_tanimoto,50,100.0
7msk__1__1.A__1.C_1.D,0.75,1,86.88524590163934,16,76.63934426229507,76.63934426229507,Low density,Ligand chemistry,morgan_tanimoto,50,75.0
7mwn__1__1.A_1.B__1.C,0.25,1,17.105263157894736,0,,17.105263157894736,No neighbours,Ligand chemistry,morgan_tanimoto,50,25.0
7mwt__1__1.A__1.B_1.C,0.875,2,100.0,147,88.66029058873715,88.66029058873715,High density,Ligand chemistry,morgan_tanimoto,50,87.5
7mwu__1__1.A__1.B_1.C,0.875,2,100.0,148,88.73691024692137,88.73691024692137,High density,Ligand chemistry,morgan_tanimoto,50,87.5
7mwv__1__1.A__1.B_1.C,1.0,2,100.0,147,88.66029058873715,88.66029058873715,High density,Ligand chemistry,morgan_tanimoto,50,100.0
7mxh__1__1.A__1.D,0.0,1,66.66666666666666,2,58.823529411764696,58.823529411764696,Low density,Ligand chemistry,morgan_tanimoto,50,0.0
7mxk__1__1.A__1.B_1.C,0.0,1,81.25,194,70.46253897389084,70.46253897389084,High density,Ligand chemistry,morgan_tanimoto,50,0.0
7mxn__1__1.A__1.C,0.75,1,29.411764705882355,0,,29.411764705882355,No neighbours,Ligand chemistry,morgan_tanimoto,50,75.0
7my0__1__1.A__1.C_1.F_1.G,0.5,1,100.0,38,92.4342105263158,92.4342105263158,High density,Ligand chemistry,morgan_tanimoto,50,50.0
7myd__1__1.A__1.C_1.G,1.0,1,100.0,338,96.13433903374732,96.13433903374732,High density,Ligand chemistry,morgan_tanimoto,50,100.0
7n1r__1__1.A__1.P_1.Q_1.R,1.0,1,100.0,199,81.86012760185257,81.86012760185257,High density,Ligand chemistry,morgan_tanimoto,50,100.0
7n4w__1__1.A__1.D,0.25,1,26.47058823529412,0,,26.47058823529412,No neighbours,Ligand chemistry,morgan_tanimoto,50,25.0
7n4z__1__1.A__1.F,0.0,1,31.16883116883117,0,,31.16883116883117,No neighbours,Ligand chemistry,morgan_tanimoto,50,0.0
7n53__1__1.A__1.D,0.0,1,21.21212121212121,0,,21.21212121212121,No neighbours,Ligand chemistry,morgan_tanimoto,50,0.0
7n54__1__1.B__1.H,0.75,1,21.73913043478261,0,,21.73913043478261,No neighbours,Ligand chemistry,morgan_tanimoto,50,75.0
7n8w__1__1.A_1.B__1.C_1.E,0.0,1,100.0,12,88.0281690140845,88.0281690140845,Low density,Ligand chemistry,morgan_tanimoto,50,0.0
7n9d__1__1.A__1.D,0.5,1,31.57894736842105,0,,31.57894736842105,No neighbours,Ligand chemistry,morgan_tanimoto,50,50.0
7n9g__1__1.A__1.E_1.F,1.0,1,100.0,32,91.88138263863634,91.88138263863634,High density,Ligand chemistry,morgan_tanimoto,50,100.0
7nag__1__1.A__1.C,0.0,1,67.41573033707866,24,67.41573033707866,67.41573033707866,High density,Ligand chemistry,morgan_tanimoto,50,0.0
7nah__1__1.A__1.C,0.0,1,63.04347826086957,24,63.04347826086957,63.04347826086957,High density,Ligand chemistry,morgan_tanimoto,50,0.0
7nai__1__1.A__1.C,0.0,1,67.04545454545455,24,67.04545454545455,67.04545454545455,High density,Ligand chemistry,morgan_tanimoto,50,0.0
7nb3__1__1.A__1.C,0.0,1,20.87912087912088,0,,20.87912087912088,No neighbours,Ligand chemistry,morgan_tanimoto,50,0.0
7nb7__1__1.A__1.E,0.75,1,47.5,0,,47.5,No neighbours,Ligand chemistry,morgan_tanimoto,50,75.0
7nbt__1__1.A_2.A__1.C,1.0,1,37.17948717948718,0,,37.17948717948718,No neighbours,Ligand chemistry,morgan_tanimoto,50,100.0
7nbw__1__1.A_2.A__1.B,0.75,1,37.735849056603776,0,,37.735849056603776,No neighbours,Ligand chemistry,morgan_tanimoto,50,75.0
7ng1__1__2.A__2.C_2.D,0.0,1,52.17391304347826,4,52.17391304347826,52.17391304347826,Low density,Ligand chemistry,morgan_tanimoto,50,0.0
7ngd__1__1.A__1.B,0.75,1,59.523809523809526,2,59.523809523809526,59.523809523809526,Low density,Ligand chemistry,morgan_tanimoto,50,75.0
7ngg__1__2.A__2.B,1.0,1,41.86046511627907,0,,41.86046511627907,No neighbours,Ligand chemistry,morgan_tanimoto,50,100.0
7ngi__1__2.A__2.C,0.0,1,51.11111111111111,2,51.11111111111111,51.11111111111111,Low density,Ligand chemistry,morgan_tanimoto,50,0.0
7ngj__1__1.A__1.B,0.5,1,51.21951219512195,2,51.21951219512195,51.21951219512195,Low density,Ligand chemistry,morgan_tanimoto,50,50.0
7ngk__1__2.A__2.C,0.0,1,47.368421052631575,0,,47.368421052631575,No neighbours,Ligand chemistry,morgan_tanimoto,50,0.0
7ngm__1__2.A__2.B,0.75,1,40.0,0,,40.0,No neighbours,Ligand chemistry,morgan_tanimoto,50,75.0
7ngs__1__1.A__1.B,0.75,1,90.32258064516128,2,90.32258064516128,90.32258064516128,Low density,Ligand chemistry,morgan_tanimoto,50,75.0
7ngw__1__2.A__2.B,1.0,1,42.857142857142854,0,,42.857142857142854,No neighbours,Ligand chemistry,morgan_tanimoto,50,100.0
7ngx__1__1.A__1.B,0.25,1,46.34146341463415,0,,46.34146341463415,No neighbours,Ligand chemistry,morgan_tanimoto,50,25.0
7ngy__1__2.A__2.B,0.5,1,87.5,2,87.5,87.5,Low density,Ligand chemistry,morgan_tanimoto,50,50.0
7nlk__1__1.A__1.C_1.E,0.5,1,30.76923076923077,0,,30.76923076923077,No neighbours,Ligand chemistry,morgan_tanimoto,50,50.0
7nlm__1__1.A__1.B_1.C,0.0,1,28.57142857142857,0,,28.57142857142857,No neighbours,Ligand chemistry,morgan_tanimoto,50,0.0
7nlv__1__1.A_1.C__1.G,1.0,1,100.0,438,62.55179135865064,62.55179135865064,High density,Ligand chemistry,morgan_tanimoto,50,100.0
7nqw__1__1.A__1.D_1.E_1.F,0.5,1,67.07317073170732,10,62.412285416203034,62.412285416203034,Low density,Ligand chemistry,morgan_tanimoto,50,50.0
7nr5__1__1.A__1.F,0.75,1,53.333333333333336,1,53.333333333333336,53.333333333333336,Low density,Ligand chemistry,morgan_tanimoto,50,75.0
7nr6__1__1.B__1.H,1.0,1,46.55172413793103,0,,46.55172413793103,No neighbours,Ligand chemistry,morgan_tanimoto,50,100.0
7nr8__1__1.A__1.F_1.I,0.5,1,75.0,9,56.48833379225582,56.48833379225582,Low density,Ligand chemistry,morgan_tanimoto,50,50.0
7ntb__1__1.A__1.B_1.C,0.75,1,83.78378378378379,26,56.99366146260752,56.99366146260752,High density,Ligand chemistry,morgan_tanimoto,50,75.0
7ntz__1__1.A__1.B,1.0,1,66.21621621621621,31,59.409221276273854,59.409221276273854,High density,Ligand chemistry,morgan_tanimoto,50,100.0
7nu0__1__1.A__1.C_1.D_1.E,0.875,2,66.10169491525424,24,57.342344742669034,57.342344742669034,High density,Ligand chemistry,morgan_tanimoto,50,87.5
7nud__1__1.B__1.D,0.0,1,46.73913043478261,0,,46.73913043478261,No neighbours,Ligand chemistry,morgan_tanimoto,50,0.0
7nue__1__1.A__1.C,0.0,1,46.236559139784944,0,,46.236559139784944,No neighbours,Ligand chemistry,morgan_tanimoto,50,0.0
7nwa__1__1.A_1.B__1.E,0.75,1,73.33333333333333,6,65.19105077928607,65.19105077928607,Low density,Ligand chemistry,morgan_tanimoto,50,75.0
7nwc__1__1.A_1.B__1.G,0.0,1,15.476190476190476,0,,15.476190476190476,No neighbours,Ligand chemistry,morgan_tanimoto,50,0.0
7nxu__1__1.A__1.B_1.C_1.D,0.0,1,100.0,44,89.7920112409742,89.7920112409742,High density,Ligand chemistry,morgan_tanimoto,50,0.0
7nya__1__1.A_1.B__1.F,0.0,1,15.11627906976744,0,,15.11627906976744,No neighbours,Ligand chemistry,morgan_tanimoto,50,0.0
7nzn__1__1.A_2.A__1.B,0.0,1,31.858407079646017,0,,31.858407079646017,No neighbours,Ligand chemistry,morgan_tanimoto,50,0.0
7nzy__1__1.A__1.E,0.75,1,28.169014084507044,0,,28.169014084507044,No neighbours,Ligand chemistry,morgan_tanimoto,50,75.0
7o1b__1__1.A__1.E,0.0,1,79.41176470588235,4,67.3374613003096,67.3374613003096,Low density,Ligand chemistry,morgan_tanimoto,50,0.0
7o2t__1__1.A_2.A__1.B,0.0,1,38.88888888888889,0,,38.88888888888889,No neighbours,Ligand chemistry,morgan_tanimoto,50,0.0
7o46__1__1.A_2.A__1.B,1.0,1,30.508474576271187,0,,30.508474576271187,No neighbours,Ligand chemistry,morgan_tanimoto,50,100.0
7o6x__1__1.A__1.E,1.0,1,90.14084507042254,12,76.07380881353372,76.07380881353372,Low density,Ligand chemistry,morgan_tanimoto,50,100.0
7o7j__1__1.A__1.B,0.0,1,34.73684210526316,0,,34.73684210526316,No neighbours,Ligand chemistry,morgan_tanimoto,50,0.0
7o7k__1__1.A__1.E,0.5,1,100.0,1,100.0,100.0,Low density,Ligand chemistry,morgan_tanimoto,50,50.0
7o9i__1__1.A__1.B,0.0,1,84.12698412698413,103,74.97019958937092,74.97019958937092,High density,Ligand chemistry,morgan_tanimoto,50,0.0
7oa1__1__1.A__1.D_1.H,1.0,1,76.74418604651163,29,57.72965246379076,57.72965246379076,High density,Ligand chemistry,morgan_tanimoto,50,100.0
7oa4__1__1.A__1.E_1.F_1.H_1.I,0.0,1,20.754716981132077,0,,20.754716981132077,No neighbours,Ligand chemistry,morgan_tanimoto,50,0.0
7oat__1__1.B__1.F_1.G,1.0,1,100.0,1353,95.9855941073454,95.9855941073454,High density,Ligand chemistry,morgan_tanimoto,50,100.0
7oed__1__1.A__1.C,0.5,1,82.43243243243244,2,81.21621621621622,81.21621621621622,Low density,Ligand chemistry,morgan_tanimoto,50,50.0
7of8__1__1.A__1.B,0.0,1,26.08695652173913,0,,26.08695652173913,No neighbours,Ligand chemistry,morgan_tanimoto,50,0.0
7ofa__1__1.A__1.B_1.C,0.5,1,21.73913043478261,0,,21.73913043478261,No neighbours,Ligand chemistry,morgan_tanimoto,50,50.0
7ohg__1__1.A__1.B_1.D_1.E_1.F,0.0,1,80.3030303030303,25,76.20170820170819,76.20170820170819,High density,Ligand chemistry,morgan_tanimoto,50,0.0
7oj6__1__1.A_1.C__1.Y,0.0,1,14.736842105263156,0,,14.736842105263156,No neighbours,Ligand chemistry,morgan_tanimoto,50,0.0
7ojo__1__1.A_1.B__1.E_1.F,0.75,2,50.847457627118644,4,50.847457627118644,50.847457627118644,Low density,Ligand chemistry,morgan_tanimoto,50,75.0
7ojw__1__1.A_1.C__1.F,0.0,1,19.791666666666664,0,,19.791666666666664,No neighbours,Ligand chemistry,morgan_tanimoto,50,0.0
7ojy__1__1.A_1.B__1.D,0.0,1,14.285714285714285,0,,14.285714285714285,No neighbours,Ligand chemistry,morgan_tanimoto,50,0.0
7ok1__1__1.A_1.B__1.D,0.25,1,15.476190476190476,0,,15.476190476190476,No neighbours,Ligand chemistry,morgan_tanimoto,50,25.0
7ok8__1__1.A__1.B_1.C_1.D,1.0,1,48.888888888888886,0,,48.888888888888886,No neighbours,Ligand chemistry,morgan_tanimoto,50,100.0
7okc__1__1.A_2.A__2.B,0.0,1,16.666666666666664,0,,16.666666666666664,No neighbours,Ligand chemistry,morgan_tanimoto,50,0.0
7oli__1__1.A__1.C,1.0,1,100.0,2,100.0,100.0,Low density,Ligand chemistry,morgan_tanimoto,50,100.0
7olj__1__1.A_1.B__1.E,1.0,1,53.84615384615385,5,53.84615384615385,53.84615384615385,Low density,Ligand chemistry,morgan_tanimoto,50,100.0
7oll__1__1.A_2.A__2.B_2.C_2.D,1.0,1,100.0,6,79.67479674796748,79.67479674796748,Low density,Ligand chemistry,morgan_tanimoto,50,100.0
7olr__1__1.A_2.A__2.B_2.C_2.D,1.0,2,100.0,57,97.97027032055216,97.97027032055216,High density,Ligand chemistry,morgan_tanimoto,50,100.0
7om1__1__1.A_1.B__1.E,1.0,1,56.75675675675676,5,56.75675675675676,56.75675675675676,Low density,Ligand chemistry,morgan_tanimoto,50,100.0
7omd__1__1.A__1.C_1.D,0.0,1,42.857142857142854,0,,42.857142857142854,No neighbours,Ligand chemistry,morgan_tanimoto,50,0.0
7ome__1__1.A__1.B,0.0,1,42.857142857142854,0,,42.857142857142854,No neighbours,Ligand chemistry,morgan_tanimoto,50,0.0
7omo__1__1.A__1.C,0.0,1,57.99999999999999,4,57.99999999999999,57.99999999999999,Low density,Ligand chemistry,morgan_tanimoto,50,0.0
7omr__1__1.A__1.B,0.0,1,100.0,4,100.0,100.0,Low density,Ligand chemistry,morgan_tanimoto,50,0.0
7on9__1__1.A__1.E_1.F,1.0,1,100.0,101,98.76506672406371,98.76506672406371,High density,Ligand chemistry,morgan_tanimoto,50,100.0
7opm__1__1.A__1.D,0.75,1,35.61643835616438,0,,35.61643835616438,No neighbours,Ligand chemistry,morgan_tanimoto,50,75.0
7orq__1__1.A__1.B_1.C_1.D,1.0,1,43.47826086956522,0,,43.47826086956522,No neighbours,Ligand chemistry,morgan_tanimoto,50,100.0
7osq__1__1.A__1.B_1.C,0.5,2,100.0,43,100.0,100.0,High density,Ligand chemistry,morgan_tanimoto,50,50.0
7osx__1__1.A__1.C,0.75,1,61.76470588235294,5,61.76470588235294,61.76470588235294,Low density,Ligand chemistry,morgan_tanimoto,50,75.0
7oud__1__1.A__1.B_1.C,0.0,2,100.0,119,97.78218979899651,97.78218979899651,High density,Ligand chemistry,morgan_tanimoto,50,0.0
7ouj__1__1.A__1.B_1.D,0.5,2,100.0,152,98.57456140350878,98.57456140350878,High density,Ligand chemistry,morgan_tanimoto,50,50.0
7ovd__1__1.A__1.B,0.75,1,25.757575757575758,0,,25.757575757575758,No neighbours,Ligand chemistry,morgan_tanimoto,50,75.0
7oy5__1__1.A__1.C,0.75,1,39.743589743589745,0,,39.743589743589745,No neighbours,Ligand chemistry,morgan_tanimoto,50,75.0
7oyf__1__1.A_1.B__1.C_1.D_1.E_1.F_1.S,1.0,1,100.0,6,99.03846153846155,99.03846153846155,Low density,Ligand chemistry,morgan_tanimoto,50,100.0
7oze__1__1.A__1.E_1.F,0.75,1,60.526315789473685,13,52.128397917871595,52.128397917871595,Low density,Ligand chemistry,morgan_tanimoto,50,75.0
7p1a__1__1.A__1.B_1.D,0.5,1,40.0,0,,40.0,No neighbours,Ligand chemistry,morgan_tanimoto,50,50.0
7p1e__1__1.A__1.C_1.G,0.0,1,100.0,17,69.92458521870287,69.92458521870287,Low density,Ligand chemistry,morgan_tanimoto,50,0.0
7p1f__1__1.A__1.C,1.0,1,100.0,28,68.34415584415585,68.34415584415585,High density,Ligand chemistry,morgan_tanimoto,50,100.0
7p1o__1__1.A__1.D,1.0,1,100.0,14,68.3093392395718,68.3093392395718,Low density,Ligand chemistry,morgan_tanimoto,50,100.0
7p1s__1__1.A__1.E,1.0,1,100.0,18,69.6969696969697,69.6969696969697,High density,Ligand chemistry,morgan_tanimoto,50,100.0
7p1u__1__1.A__1.C_1.D,0.75,1,100.0,12,69.48751076658053,69.48751076658053,Low density,Ligand chemistry,morgan_tanimoto,50,75.0
7p3b__1__1.A__1.C_1.D_1.E,1.0,1,100.0,5,92.1311475409836,92.1311475409836,Low density,Ligand chemistry,morgan_tanimoto,50,100.0
7p3v__1__1.B__1.D,0.75,1,51.162790697674424,10,51.162790697674424,51.162790697674424,Low density,Ligand chemistry,morgan_tanimoto,50,75.0
7p4c__1__1.A__1.E_1.F,0.75,1,52.94117647058824,1,52.94117647058824,52.94117647058824,Low density,Ligand chemistry,morgan_tanimoto,50,75.0
7p4o__1__1.A__1.C_1.F,0.375,2,100.0,4,100.0,100.0,Low density,Ligand chemistry,morgan_tanimoto,50,37.5
7p4v__1__1.A_3.A__1.B,0.25,1,71.66666666666667,241,69.8525994501142,69.8525994501142,High density,Ligand chemistry,morgan_tanimoto,50,25.0
7p50__1__1.A_1.B__1.D_1.E_1.F,0.75,2,100.0,274,97.58094703350179,97.58094703350179,High density,Ligand chemistry,morgan_tanimoto,50,75.0
7p5e__1__1.A__1.B_1.D,1.0,1,28.749999999999996,0,,28.749999999999996,No neighbours,Ligand chemistry,morgan_tanimoto,50,100.0
7p5f__1__1.A__1.C,0.75,1,60.0,4,53.4683724235963,53.4683724235963,Low density,Ligand chemistry,morgan_tanimoto,50,75.0
7p5i__1__1.A__1.D,1.0,1,40.963855421686745,0,,40.963855421686745,No neighbours,Ligand chemistry,morgan_tanimoto,50,100.0
7p5k__1__1.A__1.C,0.5,1,53.65853658536586,1,53.65853658536586,53.65853658536586,Low density,Ligand chemistry,morgan_tanimoto,50,50.0
7p5n__1__1.A__1.C,0.5,1,100.0,1,100.0,100.0,Low density,Ligand chemistry,morgan_tanimoto,50,50.0
7p5p__1__1.A__1.D,1.0,1,44.565217391304344,0,,44.565217391304344,No neighbours,Ligand chemistry,morgan_tanimoto,50,100.0
7p84__1__1.A_1.B__1.E_1.F_1.G_1.H,0.5,1,69.33333333333334,8,61.395833333333336,61.395833333333336,Low density,Ligand chemistry,morgan_tanimoto,50,50.0
7p8m__1__1.A_1.B__1.E_1.F_1.G_1.H,0.5,1,67.08860759493672,8,59.629294755877034,59.629294755877034,Low density,Ligand chemistry,morgan_tanimoto,50,50.0
7p97__1__1.A__1.C_1.D_1.E,0.75,1,40.78947368421053,0,,40.78947368421053,No neighbours,Ligand chemistry,morgan_tanimoto,50,75.0
7p9p__1__1.B_2.A__2.D_2.I,0.0,2,100.0,50,84.73272490221643,84.73272490221643,High density,Ligand chemistry,morgan_tanimoto,50,0.0
7pa1__1__1.A__1.D,1.0,1,100.0,16,88.34745762711864,88.34745762711864,Low density,Ligand chemistry,morgan_tanimoto,50,100.0
7paw__1__1.B__1.C,0.0,1,22.340425531914892,0,,22.340425531914892,No neighbours,Ligand chemistry,morgan_tanimoto,50,0.0
7pax__1__2.A_2.B__2.C_2.D_2.E,1.0,1,100.0,71,75.01519965475148,75.01519965475148,High density,Ligand chemistry,morgan_tanimoto,50,100.0
7pcc__1__1.A_1.B__1.C_1.I,1.0,1,100.0,237,72.17492655955368,72.17492655955368,High density,Ligand chemistry,morgan_tanimoto,50,100.0
7pcg__1__1.A_1.B__1.F_1.H_1.J_1.K_1.L,0.75,2,100.0,341,80.66116596661062,80.66116596661062,High density,Ligand chemistry,morgan_tanimoto,50,75.0
7pci__1__1.A_2.A__2.B_2.C_2.D_2.E_2.F,0.75,2,100.0,197,67.47883230055574,67.47883230055574,High density,Ligand chemistry,morgan_tanimoto,50,75.0
7pcl__1__1.A_1.B__1.G_1.H_1.I_1.J,0.875,2,100.0,219,70.11393855757613,70.11393855757613,High density,Ligand chemistry,morgan_tanimoto,50,87.5
7pcm__1__1.A_1.B__1.F_1.I_1.J_1.K,1.0,2,100.0,241,79.58688614290274,79.58688614290274,High density,Ligand chemistry,morgan_tanimoto,50,100.0
7pco__1__1.A_1.B__1.F_1.H_1.I_1.J,0.875,2,100.0,360,78.80296076079208,78.80296076079208,High density,Ligand chemistry,morgan_tanimoto,50,87.5
7pcs__1__1.B__1.G_1.H,1.0,1,100.0,2350,86.17288460587599,86.17288460587599,High density,Ligand chemistry,morgan_tanimoto,50,100.0
7pct__1__1.A_1.B__1.F_1.G_1.I_1.J_1.K,0.625,2,100.0,316,78.53666210765493,78.53666210765493,High density,Ligand chemistry,morgan_tanimoto,50,62.5
7pd6__1__1.A_1.B__1.K,0.0,1,16.417910447761194,0,,16.417910447761194,No neighbours,Ligand chemistry,morgan_tanimoto,50,0.0
7pdb__1__1.C_1.D__1.H,0.25,1,27.419354838709676,0,,27.419354838709676,No neighbours,Ligand chemistry,morgan_tanimoto,50,25.0
7pdr__1__1.A_1.E__1.I,0.0,1,26.76056338028169,0,,26.76056338028169,No neighbours,Ligand chemistry,morgan_tanimoto,50,0.0
7pdt__1__1.A__1.E,1.0,1,100.0,8,91.66666666666666,91.66666666666666,Low density,Ligand chemistry,morgan_tanimoto,50,100.0
7pe4__1__1.A__1.B_1.C,1.0,1,100.0,37,81.58192090395481,81.58192090395481,High density,Ligand chemistry,morgan_tanimoto,50,100.0
7pe5__1__1.D_1.E__1.I,0.0,1,16.455696202531644,0,,16.455696202531644,No neighbours,Ligand chemistry,morgan_tanimoto,50,0.0
7pe6__1__1.A_1.B__1.F,0.0,1,33.33333333333333,0,,33.33333333333333,No neighbours,Ligand chemistry,morgan_tanimoto,50,0.0
7pfm__1__1.A_1.B__1.C,1.0,1,69.49152542372882,26,57.317665133938505,57.317665133938505,High density,Ligand chemistry,morgan_tanimoto,50,100.0
7phe__1__1.A__1.C,0.0,1,65.78947368421053,2,65.78947368421053,65.78947368421053,Low density,Ligand chemistry,morgan_tanimoto,50,0.0
7phj__1__1.A__1.B_1.C,0.25,1,26.744186046511626,0,,26.744186046511626,No neighbours,Ligand chemistry,morgan_tanimoto,50,25.0
7phn__1__1.A__1.B_1.C,1.0,1,26.744186046511626,0,,26.744186046511626,No neighbours,Ligand chemistry,morgan_tanimoto,50,100.0
7pi1__1__1.A__1.F,0.75,1,100.0,11,100.0,100.0,Low density,Ligand chemistry,morgan_tanimoto,50,75.0
7pj9__1__1.A__1.C,1.0,1,69.23076923076923,4,66.19433198380567,66.19433198380567,Low density,Ligand chemistry,morgan_tanimoto,50,100.0
7pjk__1__1.A__1.E,1.0,1,57.89473684210527,83,57.89473684210526,57.89473684210526,High density,Ligand chemistry,morgan_tanimoto,50,100.0
7pjm__1__1.A_1.B__1.D_1.G_1.H,0.75,2,100.0,205,79.01418364832998,79.01418364832998,High density,Ligand chemistry,morgan_tanimoto,50,75.0
7plf__1__1.A__1.C_1.D,0.0,1,53.125,4,53.125,53.125,Low density,Ligand chemistry,morgan_tanimoto,50,0.0
7pom__1__1.C__1.I_1.J,1.0,1,59.01639344262295,13,58.58498705780847,58.58498705780847,Low density,Ligand chemistry,morgan_tanimoto,50,100.0
7pox__1__1.A__1.C,0.0,1,100.0,12,75.81568396441814,75.81568396441814,Low density,Ligand chemistry,morgan_tanimoto,50,0.0
7ppg__1__1.A_1.B__1.E_1.G_1.H,1.0,1,34.146341463414636,0,,34.146341463414636,No neighbours,Ligand chemistry,morgan_tanimoto,50,100.0
7pph__1__1.A_1.B__1.H_1.J,0.75,1,28.125,0,,28.125,No neighbours,Ligand chemistry,morgan_tanimoto,50,75.0
7pqs__1__1.A__1.C,0.5,1,25.274725274725274,0,,25.274725274725274,No neighbours,Ligand chemistry,morgan_tanimoto,50,50.0
7pqv__1__1.A__1.B,1.0,1,31.914893617021278,0,,31.914893617021278,No neighbours,Ligand chemistry,morgan_tanimoto,50,100.0
7pri__1__1.A__1.C_1.F,0.0,1,53.125,4,53.125,53.125,Low density,Ligand chemistry,morgan_tanimoto,50,0.0
7psc__1__1.A_1.B__1.C_1.D,1.0,1,100.0,578,99.01432669598759,99.01432669598759,High density,Ligand chemistry,morgan_tanimoto,50,100.0
7pu9__1__1.A__1.B_1.C,0.0,2,16.216216216216218,0,,16.216216216216218,No neighbours,Ligand chemistry,morgan_tanimoto,50,0.0
7puw__1__1.B__1.G_1.H,1.0,1,60.0,8,60.0,60.0,Low density,Ligand chemistry,morgan_tanimoto,50,100.0
7pvn__1__1.A__1.C_1.H_1.J,1.0,1,100.0,96,92.26468283211098,92.26468283211098,High density,Ligand chemistry,morgan_tanimoto,50,100.0
7pwu__1__1.A__1.C,1.0,1,29.6875,0,,29.6875,No neighbours,Ligand chemistry,morgan_tanimoto,50,100.0
7pwy__1__1.A_1.B__1.I_1.J,0.0,1,18.333333333333332,0,,18.333333333333332,No neighbours,Ligand chemistry,morgan_tanimoto,50,0.0
7pz1__1__1.A__1.D,0.75,1,85.0,11,69.94761277369975,69.94761277369975,Low density,Ligand chemistry,morgan_tanimoto,50,75.0
7pzu__1__1.A__1.B_1.C,0.0,1,34.65346534653465,0,,34.65346534653465,No neighbours,Ligand chemistry,morgan_tanimoto,50,0.0
7pzv__1__1.A__1.B_1.C,0.25,1,23.300970873786408,0,,23.300970873786408,No neighbours,Ligand chemistry,morgan_tanimoto,50,25.0
7q1n__1__1.A__1.F_1.K,0.0,2,46.15384615384615,0,,46.15384615384615,No neighbours,Ligand chemistry,morgan_tanimoto,50,0.0
7q1o__1__1.A__1.I_1.L,0.125,2,46.15384615384615,0,,46.15384615384615,No neighbours,Ligand chemistry,morgan_tanimoto,50,12.5
7q29__1__1.A__1.G_1.I_1.J_1.O,1.0,1,44.776119402985074,0,,44.776119402985074,No neighbours,Ligand chemistry,morgan_tanimoto,50,100.0
7q2o__1__1.A_1.B__1.D,0.0,1,28.846153846153843,0,,28.846153846153843,No neighbours,Ligand chemistry,morgan_tanimoto,50,0.0
7q6f__1__1.A__1.C_1.D,1.0,1,100.0,17,93.34899148707723,93.34899148707723,Low density,Ligand chemistry,morgan_tanimoto,50,100.0
7q6g__1__1.A__1.B_1.C,1.0,1,98.07692307692307,13,91.98103070332536,91.98103070332536,Low density,Ligand chemistry,morgan_tanimoto,50,100.0
7q6v__1__1.A__1.E,0.25,1,26.373626373626376,0,,26.373626373626376,No neighbours,Ligand chemistry,morgan_tanimoto,50,25.0
7q6w__1__1.A__1.E,0.25,1,25.0,0,,25.0,No neighbours,Ligand chemistry,morgan_tanimoto,50,25.0
7q7c__1__1.A__1.B_1.C,1.0,1,100.0,610,89.63432910312811,89.63432910312811,High density,Ligand chemistry,morgan_tanimoto,50,100.0
7q7i__1__1.A__1.B,1.0,1,34.11764705882353,0,,34.11764705882353,No neighbours,Ligand chemistry,morgan_tanimoto,50,100.0
7q7k__1__1.A__1.B,0.75,1,38.46153846153847,0,,38.46153846153847,No neighbours,Ligand chemistry,morgan_tanimoto,50,75.0
7q7t__1__1.A_2.A__2.C,1.0,1,53.62318840579711,2,53.62318840579711,53.62318840579711,Low density,Ligand chemistry,morgan_tanimoto,50,100.0
7q7v__1__1.A_2.A__2.B,1.0,1,52.85714285714286,2,52.85714285714286,52.85714285714286,Low density,Ligand chemistry,morgan_tanimoto,50,100.0
7q8k__1__1.A__1.C_1.F_1.H,1.0,1,55.769230769230774,6,54.17295123177477,54.17295123177477,Low density,Ligand chemistry,morgan_tanimoto,50,100.0
7q8q__1__1.A__1.C_1.E_1.J,0.0,1,49.25373134328358,0,,49.25373134328358,No neighbours,Ligand chemistry,morgan_tanimoto,50,0.0
7q8z__1__1.A__1.E,0.5,1,48.148148148148145,0,,48.148148148148145,No neighbours,Ligand chemistry,morgan_tanimoto,50,50.0
7q90__1__1.A__1.D,0.5,1,52.83018867924528,2,52.83018867924528,52.83018867924528,Low density,Ligand chemistry,morgan_tanimoto,50,50.0
7qa3__1__1.A__1.C,0.75,1,54.6875,2,54.6875,54.6875,Low density,Ligand chemistry,morgan_tanimoto,50,75.0
7qaa__1__1.B__1.D,0.25,1,100.0,5,60.65573770491803,60.65573770491803,Low density,Ligand chemistry,morgan_tanimoto,50,25.0
7qdt__1__1.A__1.B,1.0,1,100.0,33,80.37029918636684,80.37029918636684,High density,Ligand chemistry,morgan_tanimoto,50,100.0
7qea__1__1.A__1.C,0.25,1,21.176470588235293,0,,21.176470588235293,No neighbours,Ligand chemistry,morgan_tanimoto,50,25.0
7qei__1__1.A__1.B,1.0,1,100.0,16,76.59400201612902,76.59400201612902,Low density,Ligand chemistry,morgan_tanimoto,50,100.0
7qfe__1__1.A__1.D,0.0,1,22.22222222222222,0,,22.22222222222222,No neighbours,Ligand chemistry,morgan_tanimoto,50,0.0
7qfo__1__1.A_2.A__1.C_1.D,1.0,1,100.0,22,93.22033898305085,93.22033898305085,High density,Ligand chemistry,morgan_tanimoto,50,100.0
7qg1__1__1.A__1.C,1.0,1,67.07317073170732,2,67.07317073170732,67.07317073170732,Low density,Ligand chemistry,morgan_tanimoto,50,100.0
7qg3__1__1.A__1.C,1.0,1,42.22222222222222,0,,42.22222222222222,No neighbours,Ligand chemistry,morgan_tanimoto,50,100.0
7qg5__1__1.A__1.C,1.0,1,43.18181818181818,0,,43.18181818181818,No neighbours,Ligand chemistry,morgan_tanimoto,50,100.0
7qgm__1__2.A__2.B_2.C_2.E,0.25,1,43.82022471910113,0,,43.82022471910113,No neighbours,Ligand chemistry,morgan_tanimoto,50,25.0
7qgz__1__1.A__1.B_1.C,0.25,1,36.92307692307693,0,,36.92307692307693,No neighbours,Ligand chemistry,morgan_tanimoto,50,25.0
7qh1__1__1.A__1.E_1.F,0.5,1,44.871794871794876,0,,44.871794871794876,No neighbours,Ligand chemistry,morgan_tanimoto,50,50.0
7qhd__1__1.A__1.J_1.P,0.0,1,47.0,0,,47.0,No neighbours,Ligand chemistry,morgan_tanimoto,50,0.0
7qhe__1__1.A__1.I,0.0,1,46.51162790697674,0,,46.51162790697674,No neighbours,Ligand chemistry,morgan_tanimoto,50,0.0
7qhl__1__1.A__1.E,1.0,1,39.75903614457831,0,,39.75903614457831,No neighbours,Ligand chemistry,morgan_tanimoto,50,100.0
7qhz__1__1.A__1.B,1.0,1,34.93975903614458,0,,34.93975903614458,No neighbours,Ligand chemistry,morgan_tanimoto,50,100.0
7qi0__1__1.A__1.C,0.75,1,29.7029702970297,0,,29.7029702970297,No neighbours,Ligand chemistry,morgan_tanimoto,50,75.0
7qk0__1__1.A_2.A__1.B_2.E,1.0,1,47.91666666666667,0,,47.91666666666667,No neighbours,Ligand chemistry,morgan_tanimoto,50,100.0
7qls__1__1.A__1.C_1.D_1.E,0.25,1,100.0,61,61.33157350586015,61.33157350586015,High density,Ligand chemistry,morgan_tanimoto,50,25.0
7qnh__1__1.B__1.E_1.F,1.0,1,100.0,53,61.5567665986762,61.5567665986762,High density,Ligand chemistry,morgan_tanimoto,50,100.0
7qnn__1__1.A__1.C,0.0,1,22.058823529411764,0,,22.058823529411764,No neighbours,Ligand chemistry,morgan_tanimoto,50,0.0
7qqa__1__1.A_1.B__1.H_1.I,1.0,1,100.0,73,98.54356211189113,98.54356211189113,High density,Ligand chemistry,morgan_tanimoto,50,100.0
7qrb__1__1.A__1.G,0.0,1,37.03703703703704,0,,37.03703703703704,No neighbours,Ligand chemistry,morgan_tanimoto,50,0.0
7qrc__1__1.A__1.D,0.75,1,14.14141414141414,0,,14.14141414141414,No neighbours,Ligand chemistry,morgan_tanimoto,50,75.0
7qrk__1__1.A__1.B_1.C_1.D,0.25,1,47.540983606557376,0,,47.540983606557376,No neighbours,Ligand chemistry,morgan_tanimoto,50,25.0
7qt2__1__1.A_1.B__1.E,0.75,1,23.4375,0,,23.4375,No neighbours,Ligand chemistry,morgan_tanimoto,50,75.0
7qt6__1__1.A__1.B,0.25,1,100.0,2,100.0,100.0,Low density,Ligand chemistry,morgan_tanimoto,50,25.0
7qty__1__1.A__1.C,0.0,1,8.421052631578947,0,,8.421052631578947,No neighbours,Ligand chemistry,morgan_tanimoto,50,0.0
7qv8__1__1.A__1.C_1.D,0.0,1,100.0,367,91.37570893881407,91.37570893881407,High density,Ligand chemistry,morgan_tanimoto,50,0.0
7qy9__1__1.A__1.C,1.0,1,100.0,2,100.0,100.0,Low density,Ligand chemistry,morgan_tanimoto,50,100.0
7qyn__1__1.B__1.O,0.0,1,50.0,8,50.0,50.0,Low density,Ligand chemistry,morgan_tanimoto,50,0.0
7qzl__1__1.B__1.F_1.H,0.625,2,100.0,12,92.97188755020079,92.97188755020079,Low density,Ligand chemistry,morgan_tanimoto,50,62.5
7r02__1__1.B__1.L,0.0,1,20.253164556962027,0,,20.253164556962027,No neighbours,Ligand chemistry,morgan_tanimoto,50,0.0
7r0a__1__1.A__1.C,0.0,1,28.35820895522388,0,,28.35820895522388,No neighbours,Ligand chemistry,morgan_tanimoto,50,0.0
7r0d__1__1.A_1.B__1.E_1.F,0.0,1,75.75757575757575,9,75.75757575757575,75.75757575757575,Low density,Ligand chemistry,morgan_tanimoto,50,0.0
7r26__1__1.A__1.B,1.0,1,100.0,4,74.74935684019371,74.74935684019371,Low density,Ligand chemistry,morgan_tanimoto,50,100.0
7r2v__1__1.A__1.C_1.D,1.0,1,100.0,4,79.71014492753622,79.71014492753622,Low density,Ligand chemistry,morgan_tanimoto,50,100.0
7r2y__1__1.A_1.C__1.G_1.H,0.75,1,100.0,97,94.19772667195349,94.19772667195349,High density,Ligand chemistry,morgan_tanimoto,50,75.0
7r3a__1__1.A_1.E__1.V_1.W,0.625,2,100.0,590,82.75281449929881,82.75281449929881,High density,Ligand chemistry,morgan_tanimoto,50,62.5
7r4a__1__1.A__1.C,1.0,1,18.333333333333332,0,,18.333333333333332,No neighbours,Ligand chemistry,morgan_tanimoto,50,100.0
7r5d__1__1.A__1.C,1.0,1,22.727272727272727,0,,22.727272727272727,No neighbours,Ligand chemistry,morgan_tanimoto,50,100.0
7r6g__1__1.A__1.C,0.0,1,100.0,54,88.90698969646338,88.90698969646338,High density,Ligand chemistry,morgan_tanimoto,50,0.0
7r6z__1__1.A__1.C_1.E_1.F,0.0,1,17.77777777777778,0,,17.77777777777778,No neighbours,Ligand chemistry,morgan_tanimoto,50,0.0
7r7e__1__1.A__1.C_1.D_1.F,1.0,1,100.0,99,81.11025977265422,81.11025977265422,High density,Ligand chemistry,morgan_tanimoto,50,100.0
7r7l__1__1.A__1.C,1.0,1,50.0,2,50.0,50.0,Low density,Ligand chemistry,morgan_tanimoto,50,100.0
7r7r__1__1.A__1.B,1.0,1,100.0,3,73.69547325102882,73.69547325102882,Low density,Ligand chemistry,morgan_tanimoto,50,100.0
7r9n__1__1.B__1.E,0.75,1,100.0,2,100.0,100.0,Low density,Ligand chemistry,morgan_tanimoto,50,75.0
7r9p__1__1.A__1.C,0.75,1,25.882352941176475,0,,25.882352941176475,No neighbours,Ligand chemistry,morgan_tanimoto,50,75.0
7r9t__1__1.A__1.C,0.0,1,21.0,0,,21.0,No neighbours,Ligand chemistry,morgan_tanimoto,50,0.0
7rae__1__1.A__1.C,1.0,1,100.0,54,88.96478445658774,88.96478445658774,High density,Ligand chemistry,morgan_tanimoto,50,100.0
7raf__1__1.A__1.C,1.0,1,100.0,36,84.04144925189695,84.04144925189695,High density,Ligand chemistry,morgan_tanimoto,50,100.0
7rbw__1__1.A__1.C,0.5,1,17.708333333333336,0,,17.708333333333336,No neighbours,Ligand chemistry,morgan_tanimoto,50,50.0
7rck__1__1.A__1.C_1.D,1.0,1,98.07692307692307,12,88.89504563233378,88.89504563233378,Low density,Ligand chemistry,morgan_tanimoto,50,100.0
7rdp__1__1.A__1.B,1.0,1,58.333333333333336,34,56.86274509803921,56.86274509803921,High density,Ligand chemistry,morgan_tanimoto,50,100.0
7rf9__1__1.A_1.B__1.G,1.0,1,100.0,4,85.2112676056338,85.2112676056338,Low density,Ligand chemistry,morgan_tanimoto,50,100.0
7rh1__1__1.A__1.D,0.25,1,67.79661016949152,3,64.17209908735332,64.17209908735332,Low density,Ligand chemistry,morgan_tanimoto,50,25.0
7rh3__1__1.A__1.C,0.25,1,63.49206349206349,3,60.20243846330803,60.20243846330803,Low density,Ligand chemistry,morgan_tanimoto,50,25.0
7rh4__1__1.A__1.C,0.5,1,64.51612903225806,3,61.14800759013283,61.14800759013283,Low density,Ligand chemistry,morgan_tanimoto,50,50.0
7rke__1__1.A__1.E,0.75,1,24.193548387096776,0,,24.193548387096776,No neighbours,Ligand chemistry,morgan_tanimoto,50,75.0
7rl2__1__1.A__1.C,0.0,1,100.0,14,100.0,100.0,Low density,Ligand chemistry,morgan_tanimoto,50,0.0
7rls__1__1.A_2.A__2.B,0.5,1,77.27272727272727,4,77.27272727272727,77.27272727272727,Low density,Ligand chemistry,morgan_tanimoto,50,50.0
7rmb__1__1.A_2.A__2.B,0.25,1,80.43478260869566,4,80.43478260869566,80.43478260869566,Low density,Ligand chemistry,morgan_tanimoto,50,25.0
7rmw__1__1.A__1.G,0.0,1,100.0,16,83.56026785714286,83.56026785714286,Low density,Ligand chemistry,morgan_tanimoto,50,0.0
7rn4__1__1.A_2.A__2.B,0.25,1,64.0,4,64.0,64.0,Low density,Ligand chemistry,morgan_tanimoto,50,25.0
7rnk__1__1.A_2.A__2.B,0.5,1,41.935483870967744,0,,41.935483870967744,No neighbours,Ligand chemistry,morgan_tanimoto,50,50.0
7rnm__1__1.B__1.F,0.75,1,25.806451612903224,0,,25.806451612903224,No neighbours,Ligand chemistry,morgan_tanimoto,50,75.0
7ror__1__1.A__1.C_1.D,1.0,1,78.37837837837837,11,68.90297713827127,68.90297713827127,Low density,Ligand chemistry,morgan_tanimoto,50,100.0
7ros__1__1.A__1.C,1.0,1,67.46987951807229,2,67.46987951807229,67.46987951807229,Low density,Ligand chemistry,morgan_tanimoto,50,100.0
7rq0__1__1.A_1.B__1.L,0.5,1,64.1025641025641,1,64.1025641025641,64.1025641025641,Low density,Ligand chemistry,morgan_tanimoto,50,50.0
7rre__1__1.A__1.B_1.C_1.D,0.0,1,84.61538461538461,2,84.61538461538461,84.61538461538461,Low density,Ligand chemistry,morgan_tanimoto,50,0.0
7rsp__1__1.A__1.C_1.D,0.5,1,35.526315789473685,0,,35.526315789473685,No neighbours,Ligand chemistry,morgan_tanimoto,50,50.0
7rsv__1__1.A__1.C_1.D,0.75,1,35.44303797468354,0,,35.44303797468354,No neighbours,Ligand chemistry,morgan_tanimoto,50,75.0
7rwe__1__1.A__1.B,0.0,1,50.943396226415096,1,50.943396226415096,50.943396226415096,Low density,Ligand chemistry,morgan_tanimoto,50,0.0
7rwf__1__1.A__1.C,0.0,1,41.935483870967744,0,,41.935483870967744,No neighbours,Ligand chemistry,morgan_tanimoto,50,0.0
7rxo__1__1.A__1.C,0.0,1,38.666666666666664,0,,38.666666666666664,No neighbours,Ligand chemistry,morgan_tanimoto,50,0.0
7s04__1__2.A__2.B_2.C_2.D,1.0,2,100.0,106,84.99220156902098,84.99220156902098,High density,Ligand chemistry,morgan_tanimoto,50,100.0
7s0u__1__1.A__1.F_1.G,0.5,2,100.0,135,64.22733797534057,64.22733797534057,High density,Ligand chemistry,morgan_tanimoto,50,50.0
7s14__1__1.A_1.B__1.E_1.K,1.0,1,100.0,142,99.36542330908527,99.36542330908527,High density,Ligand chemistry,morgan_tanimoto,50,100.0
7s1c__1__1.A__1.C,0.5,1,57.89473684210527,1,57.89473684210527,57.89473684210527,Low density,Ligand chemistry,morgan_tanimoto,50,50.0
7s1d__1__1.A__1.C,0.0,1,25.0,0,,25.0,No neighbours,Ligand chemistry,morgan_tanimoto,50,0.0
7s1q__1__1.A__1.C_1.D,0.5,2,100.0,123,64.56182234605582,64.56182234605582,High density,Ligand chemistry,morgan_tanimoto,50,50.0
7s1r__1__1.A__1.C_1.D,0.5,2,100.0,109,64.43653853371868,64.43653853371868,High density,Ligand chemistry,morgan_tanimoto,50,50.0
7s1s__1__1.A__1.C_1.D,0.5,2,100.0,132,64.13381329366133,64.13381329366133,High density,Ligand chemistry,morgan_tanimoto,50,50.0
7s2k__1__2.B__2.H_2.I,0.5,2,100.0,60,79.08221766933788,79.08221766933788,High density,Ligand chemistry,morgan_tanimoto,50,50.0
7s5f__1__1.A__1.E_1.F,0.5,2,100.0,615,92.08655383233486,92.08655383233486,High density,Ligand chemistry,morgan_tanimoto,50,50.0
7s6u__1__1.A__1.B,0.75,1,100.0,8,85.52490542244641,85.52490542244641,Low density,Ligand chemistry,morgan_tanimoto,50,75.0
7s6v__1__1.A__1.B,0.5,1,40.0,0,,40.0,No neighbours,Ligand chemistry,morgan_tanimoto,50,50.0
7s7t__1__1.A__1.B,0.0,1,13.953488372093023,0,,13.953488372093023,No neighbours,Ligand chemistry,morgan_tanimoto,50,0.0
7s7x__1__1.A__1.D,0.0,1,13.953488372093023,0,,13.953488372093023,No neighbours,Ligand chemistry,morgan_tanimoto,50,0.0
7s84__1__1.A__1.B,0.0,1,35.08771929824561,0,,35.08771929824561,No neighbours,Ligand chemistry,morgan_tanimoto,50,0.0
7sa0__1__1.A__1.F,0.0,1,26.47058823529412,0,,26.47058823529412,No neighbours,Ligand chemistry,morgan_tanimoto,50,0.0
7scr__1__1.E__1.K,0.25,1,70.49180327868852,60,59.752621641271254,59.752621641271254,High density,Ligand chemistry,morgan_tanimoto,50,25.0
7scw__1__1.A_1.B__1.C_1.D,1.0,1,100.0,1931,84.30918491771547,84.30918491771547,High density,Ligand chemistry,morgan_tanimoto,50,100.0
7sdd__1__2.A__2.B,0.25,1,100.0,16,96.67397660818713,96.67397660818713,Low density,Ligand chemistry,morgan_tanimoto,50,25.0
7sdr__1__1.A__1.D,0.5,1,55.319148936170215,3,55.319148936170215,55.319148936170215,Low density,Ligand chemistry,morgan_tanimoto,50,50.0
7se9__1__1.A__1.C_1.D,0.0,1,12.5,0,,12.5,No neighbours,Ligand chemistry,morgan_tanimoto,50,0.0
7sec__1__1.A__1.D_1.G,0.0,1,15.463917525773196,0,,15.463917525773196,No neighbours,Ligand chemistry,morgan_tanimoto,50,0.0
7ser__1__1.A__1.C_1.D,0.5,2,100.0,113,64.1462808325101,64.1462808325101,High density,Ligand chemistry,morgan_tanimoto,50,50.0
7ses__1__1.A__1.C_1.D,0.5,2,100.0,131,64.06171473077478,64.06171473077478,High density,Ligand chemistry,morgan_tanimoto,50,50.0
7sfo__1__1.A__1.E,1.0,1,24.65753424657534,0,,24.65753424657534,No neighbours,Ligand chemistry,morgan_tanimoto,50,100.0
7sgg__1__1.A__1.B_1.D,0.5,1,100.0,43,83.84689098603778,83.84689098603778,High density,Ligand chemistry,morgan_tanimoto,50,50.0
7sgi__1__1.A__1.B_1.C,0.25,1,65.78947368421053,24,65.78947368421053,65.78947368421053,High density,Ligand chemistry,morgan_tanimoto,50,25.0
7sgk__1__1.A__1.B_1.C,0.25,1,55.319148936170215,46,55.319148936170215,55.319148936170215,High density,Ligand chemistry,morgan_tanimoto,50,25.0
7sh0__1__1.A__1.C_1.D_1.H,0.0,1,24.096385542168676,0,,24.096385542168676,No neighbours,Ligand chemistry,morgan_tanimoto,50,0.0
7shh__1__1.A__1.E,1.0,1,36.36363636363637,0,,36.36363636363637,No neighbours,Ligand chemistry,morgan_tanimoto,50,100.0
7si4__1__1.A__1.B,1.0,1,50.0,1,50.0,50.0,Low density,Ligand chemistry,morgan_tanimoto,50,100.0
7si5__1__1.A__1.D,1.0,1,52.4390243902439,4,50.609756097560975,50.609756097560975,Low density,Ligand chemistry,morgan_tanimoto,50,100.0
7sia__1__1.A_1.B__1.C,0.5,1,81.94444444444444,2,69.91959064327486,69.91959064327486,Low density,Ligand chemistry,morgan_tanimoto,50,50.0
7siu__1__1.A__1.C,0.0,1,34.831460674157306,0,,34.831460674157306,No neighbours,Ligand chemistry,morgan_tanimoto,50,0.0
7skk__1__1.A__1.E_1.F,0.625,2,87.5,10,65.5,65.5,Low density,Ligand chemistry,morgan_tanimoto,50,62.5
7slr__1__1.A_1.B__1.C,0.75,1,25.510204081632654,0,,25.510204081632654,No neighbours,Ligand chemistry,morgan_tanimoto,50,75.0
7sls__1__1.A_1.B__1.C,1.0,1,22.0,0,,22.0,No neighbours,Ligand chemistry,morgan_tanimoto,50,100.0
7slz__1__1.A__1.B,0.0,1,17.894736842105264,0,,17.894736842105264,No neighbours,Ligand chemistry,morgan_tanimoto,50,0.0
7snz__1__1.A_1.B__1.C,0.25,1,75.92592592592592,19,61.25528706462172,61.25528706462172,High density,Ligand chemistry,morgan_tanimoto,50,25.0
7so1__1__1.A_1.B__1.C,0.0,1,80.3030303030303,18,54.306958473625144,54.306958473625144,High density,Ligand chemistry,morgan_tanimoto,50,0.0
7sok__1__1.A__1.E,1.0,1,56.25,4,56.25,56.25,Low density,Ligand chemistry,morgan_tanimoto,50,100.0
7spy__1__1.A_2.A__2.B_2.C,0.75,1,100.0,105,97.48351648351648,97.48351648351648,High density,Ligand chemistry,morgan_tanimoto,50,75.0
7sqe__1__1.A__1.D,0.5,1,100.0,3,100.0,100.0,Low density,Ligand chemistry,morgan_tanimoto,50,50.0
7sqm__1__1.A__1.B,1.0,1,18.75,0,,18.75,No neighbours,Ligand chemistry,morgan_tanimoto,50,100.0
7sqn__1__1.A__1.B_1.E,0.875,2,100.0,171,86.8892556523062,86.8892556523062,High density,Ligand chemistry,morgan_tanimoto,50,87.5
7ssj__1__1.A__1.G_1.H,1.0,1,100.0,28,96.87108624864324,96.87108624864324,High density,Ligand chemistry,morgan_tanimoto,50,100.0
7stq__1__1.A_2.A__1.B_1.D_1.E,0.875,2,100.0,635,67.58604203880748,67.58604203880748,High density,Ligand chemistry,morgan_tanimoto,50,87.5
7suf__1__1.A__1.B_1.D,1.0,1,34.11764705882353,0,,34.11764705882353,No neighbours,Ligand chemistry,morgan_tanimoto,50,100.0
7sv1__1__1.A__1.C_1.D,0.0,1,100.0,6,68.03669378208312,68.03669378208312,Low density,Ligand chemistry,morgan_tanimoto,50,0.0
7sv5__1__1.A__1.C_1.D,0.0,1,84.7457627118644,14,77.76287063866948,77.76287063866948,Low density,Ligand chemistry,morgan_tanimoto,50,0.0
7sxg__1__1.A__1.C,0.25,1,31.3953488372093,0,,31.3953488372093,No neighbours,Ligand chemistry,morgan_tanimoto,50,25.0
7sxj__1__1.A__1.C,1.0,1,100.0,4,100.0,100.0,Low density,Ligand chemistry,morgan_tanimoto,50,100.0
7szb__1__1.A__1.E,0.0,1,18.055555555555554,0,,18.055555555555554,No neighbours,Ligand chemistry,morgan_tanimoto,50,0.0
7szc__1__1.A__1.F,0.0,1,23.214285714285715,0,,23.214285714285715,No neighbours,Ligand chemistry,morgan_tanimoto,50,0.0
7szp__1__1.A_1.B__1.E_1.J,1.0,1,100.0,116,90.86422799333786,90.86422799333786,High density,Ligand chemistry,morgan_tanimoto,50,100.0
7szr__1__1.A__1.G,0.0,1,38.372093023255815,0,,38.372093023255815,No neighbours,Ligand chemistry,morgan_tanimoto,50,0.0
7t0a__1__1.A_1.B__1.BA_1.CA_1.GA_1.HA,0.75,1,38.63636363636363,0,,38.63636363636363,No neighbours,Ligand chemistry,morgan_tanimoto,50,75.0
7t0c__1__1.A_1.B__1.VA,0.25,1,100.0,22,100.0,100.0,High density,Ligand chemistry,morgan_tanimoto,50,25.0
7t0e__1__1.A_1.B__1.C_1.CA_1.HB_1.IB,1.0,2,100.0,106,81.93058324336485,81.93058324336485,High density,Ligand chemistry,morgan_tanimoto,50,100.0
7t0f__1__1.A_1.B__1.C,0.5,1,65.3061224489796,2,65.3061224489796,65.3061224489796,Low density,Ligand chemistry,morgan_tanimoto,50,50.0
7t1d__1__1.A_1.B__1.G_1.I,0.0,1,26.744186046511626,0,,26.744186046511626,No neighbours,Ligand chemistry,morgan_tanimoto,50,0.0
7t2z__1__1.A_1.B__1.F_1.H,0.5,2,100.0,140,99.3563579277865,99.3563579277865,High density,Ligand chemistry,morgan_tanimoto,50,50.0
7t33__1__1.A_1.B__1.E_1.H,0.625,2,100.0,158,99.42968423981083,99.42968423981083,High density,Ligand chemistry,morgan_tanimoto,50,62.5
7t39__1__1.A__1.B,0.0,1,76.0,1,76.0,76.0,Low density,Ligand chemistry,morgan_tanimoto,50,0.0
7t4t__1__1.A__1.C_1.E,0.5,1,100.0,292,71.08843690858369,71.08843690858369,High density,Ligand chemistry,morgan_tanimoto,50,50.0
7t5k__1__1.A__1.D,0.75,1,17.647058823529413,0,,17.647058823529413,No neighbours,Ligand chemistry,morgan_tanimoto,50,75.0
7t5r__1__1.A_1.C__1.I_1.J,0.0,2,28.169014084507044,0,,28.169014084507044,No neighbours,Ligand chemistry,morgan_tanimoto,50,0.0
7t5x__1__1.A_1.C__1.I,0.25,1,21.34831460674157,0,,21.34831460674157,No neighbours,Ligand chemistry,morgan_tanimoto,50,25.0
7t5y__1__1.B__1.G,1.0,1,21.21212121212121,0,,21.21212121212121,No neighbours,Ligand chemistry,morgan_tanimoto,50,100.0
7t5z__1__1.A_1.C__1.I,0.0,1,17.894736842105264,0,,17.894736842105264,No neighbours,Ligand chemistry,morgan_tanimoto,50,0.0
7t60__1__1.B_1.C__1.M,0.25,1,23.52941176470588,0,,23.52941176470588,No neighbours,Ligand chemistry,morgan_tanimoto,50,25.0
7t61__1__1.B_1.C__1.L,0.0,1,17.59259259259259,0,,17.59259259259259,No neighbours,Ligand chemistry,morgan_tanimoto,50,0.0
7t6c__1__1.A__1.E,0.25,1,26.0,0,,26.0,No neighbours,Ligand chemistry,morgan_tanimoto,50,25.0
7t6h__1__1.A__1.C_1.D,1.0,2,100.0,552,98.36757445453098,98.36757445453098,High density,Ligand chemistry,morgan_tanimoto,50,100.0
7t7m__1__1.A__1.I,1.0,1,50.57471264367817,8,50.57471264367817,50.57471264367817,Low density,Ligand chemistry,morgan_tanimoto,50,100.0
7tab__1__1.A__1.B,1.0,1,53.48837209302325,7,53.31470854726668,53.31470854726668,Low density,Ligand chemistry,morgan_tanimoto,50,100.0
7tba__1__1.A__1.U_1.V_1.W,0.5,1,20.0,0,,20.0,No neighbours,Ligand chemistry,morgan_tanimoto,50,50.0
7tbc__1__1.A__1.B_1.J_1.L_1.S,0.0,1,30.927835051546392,0,,30.927835051546392,No neighbours,Ligand chemistry,morgan_tanimoto,50,0.0
7tbd__1__1.A__1.E,0.0,1,30.927835051546392,0,,30.927835051546392,No neighbours,Ligand chemistry,morgan_tanimoto,50,0.0
7tbu__1__1.A__1.D,0.0,1,100.0,48,80.57400004405092,80.57400004405092,High density,Ligand chemistry,morgan_tanimoto,50,0.0
7te8__1__1.A_1.B__1.E,0.0,1,57.14285714285714,1,57.14285714285714,57.14285714285714,Low density,Ligand chemistry,morgan_tanimoto,50,0.0
7tev__1__1.A_2.A__2.D,1.0,1,38.666666666666664,0,,38.666666666666664,No neighbours,Ligand chemistry,morgan_tanimoto,50,100.0
7tjo__1__1.A__1.E,0.25,1,72.5,19,62.66438398690648,62.66438398690648,High density,Ligand chemistry,morgan_tanimoto,50,25.0
7tm5__1__1.A__1.C_1.D_1.E,1.0,1,100.0,48,80.57400004405092,80.57400004405092,High density,Ligand chemistry,morgan_tanimoto,50,100.0
7tm6__1__1.A__1.C_1.D,1.0,2,100.0,64,85.4305000330382,85.4305000330382,High density,Ligand chemistry,morgan_tanimoto,50,100.0
7tmf__1__1.A_1.B__1.J_1.P,1.0,1,100.0,56,100.0,100.0,High density,Ligand chemistry,morgan_tanimoto,50,100.0
7toc__1__1.A_1.B__1.C_1.D_1.G_1.L,0.75,1,100.0,141,88.12150744673541,88.12150744673541,High density,Ligand chemistry,morgan_tanimoto,50,75.0
7tuo__1__1.A__1.B,0.0,1,17.24137931034483,0,,17.24137931034483,No neighbours,Ligand chemistry,morgan_tanimoto,50,0.0
7twu__1__1.B__1.N,1.0,1,96.3855421686747,13,58.87877051269251,58.87877051269251,Low density,Ligand chemistry,morgan_tanimoto,50,100.0
7txk__1__1.A__1.C,0.5,1,21.428571428571427,0,,21.428571428571427,No neighbours,Ligand chemistry,morgan_tanimoto,50,50.0
7txp__1__1.A_2.A__2.B,1.0,1,100.0,42,72.79009304871376,72.79009304871376,High density,Ligand chemistry,morgan_tanimoto,50,100.0
7tzb__1__1.A__1.C,1.0,1,100.0,72,72.62170402653713,72.62170402653713,High density,Ligand chemistry,morgan_tanimoto,50,100.0
7u0r__1__1.B__1.I_1.J_1.K_1.L,0.75,2,100.0,88,83.00446205880624,83.00446205880624,High density,Ligand chemistry,morgan_tanimoto,50,75.0
7u0t__1__1.A_1.B__1.H,0.5,1,95.34883720930233,89,85.1552661096863,85.1552661096863,High density,Ligand chemistry,morgan_tanimoto,50,50.0
7u1m__1__1.A__1.D,0.0,1,14.563106796116504,0,,14.563106796116504,No neighbours,Ligand chemistry,morgan_tanimoto,50,0.0
7u1u__1__1.A_2.A__1.B_1.D,1.0,1,100.0,511,84.31574139372802,84.31574139372802,High density,Ligand chemistry,morgan_tanimoto,50,100.0
7u2p__1__1.A_1.B__1.C_1.D,0.75,1,100.0,22,84.05617722094522,84.05617722094522,High density,Ligand chemistry,morgan_tanimoto,50,75.0
7u2z__1__1.A__1.C,0.0,1,32.87671232876712,0,,32.87671232876712,No neighbours,Ligand chemistry,morgan_tanimoto,50,0.0
7u30__1__1.A__1.I,1.0,1,29.87012987012987,0,,29.87012987012987,No neighbours,Ligand chemistry,morgan_tanimoto,50,100.0
7u31__1__1.A__1.D,0.75,1,30.303030303030305,0,,30.303030303030305,No neighbours,Ligand chemistry,morgan_tanimoto,50,75.0
7u3m__1__1.A__1.B_1.C,0.5,1,57.14285714285714,1,57.14285714285714,57.14285714285714,Low density,Ligand chemistry,morgan_tanimoto,50,50.0
7u4o__1__1.A__1.G,0.75,1,71.42857142857143,6,71.42857142857143,71.42857142857143,Low density,Ligand chemistry,morgan_tanimoto,50,75.0
7u59__1__1.A__1.E_1.F,0.5,1,33.33333333333333,0,,33.33333333333333,No neighbours,Ligand chemistry,morgan_tanimoto,50,50.0
7u5z__1__1.A_1.B__1.C,0.75,1,25.0,0,,25.0,No neighbours,Ligand chemistry,morgan_tanimoto,50,75.0
7u64__1__1.A_1.B__1.S,0.75,1,23.4375,0,,23.4375,No neighbours,Ligand chemistry,morgan_tanimoto,50,75.0
7u6a__1__1.A__1.B_1.F,0.0,1,41.509433962264154,0,,41.509433962264154,No neighbours,Ligand chemistry,morgan_tanimoto,50,0.0
7u6b__1__1.A__1.B_1.E,1.0,1,31.506849315068493,0,,31.506849315068493,No neighbours,Ligand chemistry,morgan_tanimoto,50,100.0
7u70__1__1.A__1.C,1.0,1,44.26229508196721,0,,44.26229508196721,No neighbours,Ligand chemistry,morgan_tanimoto,50,100.0
7u8v__1__1.A__1.C,0.0,1,35.41666666666667,0,,35.41666666666667,No neighbours,Ligand chemistry,morgan_tanimoto,50,0.0
7u8w__1__1.A__1.C,0.0,1,25.396825396825395,0,,25.396825396825395,No neighbours,Ligand chemistry,morgan_tanimoto,50,0.0
7u8x__1__1.A__1.B,0.0,1,27.11864406779661,0,,27.11864406779661,No neighbours,Ligand chemistry,morgan_tanimoto,50,0.0
7u8y__1__1.B__1.G_1.H_1.I_1.J,0.0,2,8.823529411764707,0,,8.823529411764707,No neighbours,Ligand chemistry,morgan_tanimoto,50,0.0
7u8z__1__1.A__1.F_1.G,0.0,1,75.43859649122807,4,75.43859649122807,75.43859649122807,Low density,Ligand chemistry,morgan_tanimoto,50,0.0
7u98__1__1.A__1.E,0.5,1,40.50632911392405,0,,40.50632911392405,No neighbours,Ligand chemistry,morgan_tanimoto,50,50.0
7u99__1__1.A__1.B,1.0,1,34.5679012345679,0,,34.5679012345679,No neighbours,Ligand chemistry,morgan_tanimoto,50,100.0
7u9a__1__1.A__1.B,1.0,1,45.614035087719294,0,,45.614035087719294,No neighbours,Ligand chemistry,morgan_tanimoto,50,100.0
7u9u__1__2.A__2.C_2.D,1.0,1,100.0,204,97.69742759489117,97.69742759489117,High density,Ligand chemistry,morgan_tanimoto,50,100.0
7uad__1__1.A__1.B,1.0,1,27.692307692307693,0,,27.692307692307693,No neighbours,Ligand chemistry,morgan_tanimoto,50,100.0
7uas__1__1.A__1.C,1.0,1,26.168224299065418,0,,26.168224299065418,No neighbours,Ligand chemistry,morgan_tanimoto,50,100.0
7ubo__1__1.A__1.E,0.5,1,29.213483146067414,0,,29.213483146067414,No neighbours,Ligand chemistry,morgan_tanimoto,50,50.0
7udq__1__1.A__1.C,0.5,1,7.6923076923076925,0,,7.6923076923076925,No neighbours,Ligand chemistry,morgan_tanimoto,50,50.0
7ue4__1__1.A_2.A__2.F,1.0,1,71.15384615384616,4,61.0006518904824,61.0006518904824,Low density,Ligand chemistry,morgan_tanimoto,50,100.0
7ue6__1__1.A_2.A__2.C_2.F_2.G_2.H,1.0,2,100.0,28,83.92059648718244,83.92059648718244,High density,Ligand chemistry,morgan_tanimoto,50,100.0
7ue8__1__1.A_2.A__2.D,1.0,1,50.79365079365079,2,50.79365079365079,50.79365079365079,Low density,Ligand chemistry,morgan_tanimoto,50,100.0
7ueo__1__1.A_2.A__2.B_2.C_2.E,1.0,1,100.0,14,91.81598062953995,91.81598062953995,Low density,Ligand chemistry,morgan_tanimoto,50,100.0
7ueo__1__1.A_2.A__2.D,1.0,1,71.9298245614035,4,62.52741228070175,62.52741228070175,Low density,Ligand chemistry,morgan_tanimoto,50,100.0
7uep__1__1.A_2.A__2.B_2.C_2.D_2.E,1.0,2,100.0,24,84.91077033449915,84.91077033449915,High density,Ligand chemistry,morgan_tanimoto,50,100.0
7ueq__1__1.A_2.A__2.B_2.C_2.D,1.0,2,100.0,30,84.37677771283849,84.37677771283849,High density,Ligand chemistry,morgan_tanimoto,50,100.0
7ueu__1__1.A_2.A__2.B,1.0,1,67.24137931034483,4,65.82407948568088,65.82407948568088,Low density,Ligand chemistry,morgan_tanimoto,50,100.0
7ueu__1__1.A_2.A__2.C_2.D_2.E,1.0,1,100.0,16,85.22727272727272,85.22727272727272,Low density,Ligand chemistry,morgan_tanimoto,50,100.0
7uf0__1__1.A_2.A__1.B,1.0,1,100.0,17,90.44117647058823,90.44117647058823,Low density,Ligand chemistry,morgan_tanimoto,50,100.0
7ug5__1__1.A__1.E,0.75,1,25.510204081632654,0,,25.510204081632654,No neighbours,Ligand chemistry,morgan_tanimoto,50,75.0
7ugb__1__1.A__1.C,0.5,1,100.0,567,84.15869996755106,84.15869996755106,High density,Ligand chemistry,morgan_tanimoto,50,50.0
7ugl__1__1.A__1.C,0.0,1,25.510204081632654,0,,25.510204081632654,No neighbours,Ligand chemistry,morgan_tanimoto,50,0.0
7ugl__1__1.A__1.D,1.0,1,100.0,17,77.64101789624708,77.64101789624708,Low density,Ligand chemistry,morgan_tanimoto,50,100.0
7uj4__1__1.A__1.C_1.D,1.0,1,79.06976744186046,2,79.06976744186046,79.06976744186046,Low density,Ligand chemistry,morgan_tanimoto,50,100.0
7uj7__1__1.A__1.E,1.0,1,57.35294117647059,83,53.22687810063785,53.22687810063785,High density,Ligand chemistry,morgan_tanimoto,50,100.0
7uj8__1__1.A__1.C,1.0,1,100.0,81,93.94751196580779,93.94751196580779,High density,Ligand chemistry,morgan_tanimoto,50,100.0
7ujc__1__1.B__1.D,1.0,1,100.0,16,97.21252907942838,97.21252907942838,Low density,Ligand chemistry,morgan_tanimoto,50,100.0
7ujf__1__1.A__1.E,1.0,1,78.33333333333333,10,72.66666666666667,72.66666666666667,Low density,Ligand chemistry,morgan_tanimoto,50,100.0
7ujo__1__1.D__1.H,1.0,1,57.35294117647059,83,53.22687810063785,53.22687810063785,High density,Ligand chemistry,morgan_tanimoto,50,100.0
7ujy__1__1.B__1.F,1.0,1,75.40983606557377,8,75.40983606557377,75.40983606557377,Low density,Ligand chemistry,morgan_tanimoto,50,100.0
7uk7__1__1.A__1.B_1.C_1.D_1.F,1.0,1,100.0,10,96.27118644067797,96.27118644067797,Low density,Ligand chemistry,morgan_tanimoto,50,100.0
7ukr__1__1.A__1.C,0.75,1,25.0,0,,25.0,No neighbours,Ligand chemistry,morgan_tanimoto,50,75.0
7ule__1__1.A_2.A__2.B_2.C_2.D_2.E_2.F,0.75,2,100.0,2,100.0,100.0,Low density,Ligand chemistry,morgan_tanimoto,50,75.0
7ulf__1__1.A_2.A__2.B_2.C_2.D_2.E,0.5,2,98.21428571428571,2,98.21428571428571,98.21428571428571,Low density,Ligand chemistry,morgan_tanimoto,50,50.0
7um4__1__1.A__1.I,1.0,1,23.61111111111111,0,,23.61111111111111,No neighbours,Ligand chemistry,morgan_tanimoto,50,100.0
7umo__1__1.A__1.G_1.I,0.0,1,13.793103448275861,0,,13.793103448275861,No neighbours,Ligand chemistry,morgan_tanimoto,50,0.0
7un0__1__1.A__1.G,0.75,1,39.0625,0,,39.0625,No neighbours,Ligand chemistry,morgan_tanimoto,50,75.0
7uoh__1__1.A__1.C_1.D,0.5,2,100.0,130,64.44587460556122,64.44587460556122,High density,Ligand chemistry,morgan_tanimoto,50,50.0
7uoy__1__1.A__1.C_1.D_1.F,1.0,1,25.0,0,,25.0,No neighbours,Ligand chemistry,morgan_tanimoto,50,100.0
7ur3__1__1.A__1.B,0.0,1,53.44827586206896,1,53.44827586206896,53.44827586206896,Low density,Ligand chemistry,morgan_tanimoto,50,0.0
7ur9__1__1.A_1.B__1.D,0.25,1,29.411764705882355,0,,29.411764705882355,No neighbours,Ligand chemistry,morgan_tanimoto,50,25.0
7usg__1__1.A__1.B,1.0,1,71.42857142857143,7,60.66738962402373,60.66738962402373,Low density,Ligand chemistry,morgan_tanimoto,50,100.0
7ush__1__1.A__1.B,1.0,1,100.0,10,69.0013082462295,69.0013082462295,Low density,Ligand chemistry,morgan_tanimoto,50,100.0
7usi__1__1.A__1.G,0.5,1,71.42857142857143,7,60.66738962402373,60.66738962402373,Low density,Ligand chemistry,morgan_tanimoto,50,50.0
7utw__1__1.A_1.B__1.C_1.E_1.F,1.0,2,100.0,436,62.792959983062595,62.792959983062595,High density,Ligand chemistry,morgan_tanimoto,50,100.0
7uum__1__1.A_2.A__1.B_1.C,0.5,2,100.0,87,90.70985922697113,90.70985922697113,High density,Ligand chemistry,morgan_tanimoto,50,50.0
7uw2__1__1.A__1.C,1.0,1,82.35294117647058,4,76.26418988648089,76.26418988648089,Low density,Ligand chemistry,morgan_tanimoto,50,100.0
7uw4__1__1.A__1.C,1.0,1,75.47169811320755,4,72.82356835484939,72.82356835484939,Low density,Ligand chemistry,morgan_tanimoto,50,100.0
7uy0__1__1.A__1.E,1.0,1,100.0,25,76.26118903958228,76.26118903958228,High density,Ligand chemistry,morgan_tanimoto,50,100.0
7uy1__1__1.A__1.C_1.D,0.5,2,100.0,210,63.06451949784008,63.06451949784008,High density,Ligand chemistry,morgan_tanimoto,50,50.0
7uy4__1__1.A__1.C_1.D_1.E_1.F,0.375,2,80.0,11,73.76623376623375,73.76623376623375,Low density,Ligand chemistry,morgan_tanimoto,50,37.5
7uyf__1__1.A__1.C_1.D,0.5,2,100.0,149,64.32759621505767,64.32759621505767,High density,Ligand chemistry,morgan_tanimoto,50,50.0
7v04__1__1.A__1.B_1.C_1.D,1.0,1,41.66666666666667,0,,41.66666666666667,No neighbours,Ligand chemistry,morgan_tanimoto,50,100.0
7v0h__1__1.B__1.N_1.P,0.5,2,100.0,2970,88.73645339850654,88.73645339850654,High density,Ligand chemistry,morgan_tanimoto,50,50.0
7v13__1__1.A__1.C,1.0,1,25.225225225225223,0,,25.225225225225223,No neighbours,Ligand chemistry,morgan_tanimoto,50,100.0
7v16__1__1.A__1.C,1.0,1,25.892857142857146,0,,25.892857142857146,No neighbours,Ligand chemistry,morgan_tanimoto,50,100.0
7v17__1__1.A__1.C,1.0,1,25.892857142857146,0,,25.892857142857146,No neighbours,Ligand chemistry,morgan_tanimoto,50,100.0
7v18__1__1.A__1.C,0.75,1,22.950819672131146,0,,22.950819672131146,No neighbours,Ligand chemistry,morgan_tanimoto,50,75.0
7v1o__1__1.A__1.D,0.5,1,100.0,96,98.10330912025826,98.10330912025826,High density,Ligand chemistry,morgan_tanimoto,50,50.0
7v34__1__1.A__1.C_1.D_1.G,0.5,2,100.0,8,100.0,100.0,Low density,Ligand chemistry,morgan_tanimoto,50,50.0
7v3d__1__1.A_1.B__1.F,1.0,1,53.16455696202531,14,51.35654008438818,51.35654008438818,Low density,Ligand chemistry,morgan_tanimoto,50,100.0
7v3s__1__1.A__1.B,1.0,1,48.275862068965516,0,,48.275862068965516,No neighbours,Ligand chemistry,morgan_tanimoto,50,100.0
7v6x__1__1.A__1.B_1.C,0.0,1,27.380952380952383,0,,27.380952380952383,No neighbours,Ligand chemistry,morgan_tanimoto,50,0.0
7v9d__1__2.A__2.B_2.C_2.G,1.0,1,75.0,27,75.0,75.0,High density,Ligand chemistry,morgan_tanimoto,50,100.0
7va2__1__1.A__1.D_1.E,0.0,1,63.23529411764706,14,58.53622793341989,58.53622793341989,Low density,Ligand chemistry,morgan_tanimoto,50,0.0
7vb3__1__1.A_1.B__1.R_1.T_1.U,1.0,1,100.0,402,89.8436246258782,89.8436246258782,High density,Ligand chemistry,morgan_tanimoto,50,100.0
7vb6__1__1.A_1.B__1.E_1.G_1.I,0.5,2,100.0,414,89.78798112540146,89.78798112540146,High density,Ligand chemistry,morgan_tanimoto,50,50.0
7vbt__1__1.B__1.D,0.0,1,24.731182795698924,0,,24.731182795698924,No neighbours,Ligand chemistry,morgan_tanimoto,50,0.0
7vbv__1__1.B__1.N,0.25,1,19.51219512195122,0,,19.51219512195122,No neighbours,Ligand chemistry,morgan_tanimoto,50,25.0
7vdp__1__1.A__1.E_1.F,1.0,1,26.041666666666668,0,,26.041666666666668,No neighbours,Ligand chemistry,morgan_tanimoto,50,100.0
7vdq__1__1.A__1.E,1.0,1,30.0,0,,30.0,No neighbours,Ligand chemistry,morgan_tanimoto,50,100.0
7vdr__1__1.A__1.E_1.F_1.N,1.0,1,28.723404255319153,0,,28.723404255319153,No neighbours,Ligand chemistry,morgan_tanimoto,50,100.0
7vds__1__1.A__1.E,0.75,1,34.69387755102041,0,,34.69387755102041,No neighbours,Ligand chemistry,morgan_tanimoto,50,75.0
7vej__1__1.A__1.C_1.F_1.G,0.5,2,100.0,90,76.22562677676451,76.22562677676451,High density,Ligand chemistry,morgan_tanimoto,50,50.0
7vem__1__1.A_1.B__1.C_1.D,0.75,1,100.0,415,86.54292149326977,86.54292149326977,High density,Ligand chemistry,morgan_tanimoto,50,75.0
7vez__1__1.A_1.D__1.E,0.25,1,100.0,4,100.0,100.0,Low density,Ligand chemistry,morgan_tanimoto,50,25.0
7vf6__1__1.B__1.H_1.J,0.75,1,100.0,55,79.07070076388257,79.07070076388257,High density,Ligand chemistry,morgan_tanimoto,50,75.0
7vhy__1__1.A__1.F,1.0,1,20.224719101123593,0,,20.224719101123593,No neighbours,Ligand chemistry,morgan_tanimoto,50,100.0
7vhz__1__1.A__1.F,1.0,1,20.930232558139537,0,,20.930232558139537,No neighbours,Ligand chemistry,morgan_tanimoto,50,100.0
7vi0__1__1.A__1.F,0.75,1,17.582417582417584,0,,17.582417582417584,No neighbours,Ligand chemistry,morgan_tanimoto,50,75.0
7vi7__1__1.A__1.C,0.0,1,100.0,33,85.39562289562289,85.39562289562289,High density,Ligand chemistry,morgan_tanimoto,50,0.0
7vjt__1__1.A__1.C,1.0,1,46.875,0,,46.875,No neighbours,Ligand chemistry,morgan_tanimoto,50,100.0
7vkf__1__1.A__1.B_1.C,0.625,2,100.0,123,68.96393363519559,68.96393363519559,High density,Ligand chemistry,morgan_tanimoto,50,62.5
7vkg__1__1.A__1.B,0.75,1,25.925925925925924,0,,25.925925925925924,No neighbours,Ligand chemistry,morgan_tanimoto,50,75.0
7vkh__1__1.A__1.C,0.75,1,25.0,0,,25.0,No neighbours,Ligand chemistry,morgan_tanimoto,50,75.0
7vm0__1__1.A__1.C_1.D,0.75,1,100.0,7,100.0,100.0,Low density,Ligand chemistry,morgan_tanimoto,50,75.0
7vm7__1__1.A__1.B,0.75,1,56.00000000000001,16,52.25741322169893,52.25741322169893,Low density,Ligand chemistry,morgan_tanimoto,50,75.0
7vmy__1__1.A__1.C_1.D_1.E,0.0,1,72.72727272727273,4,68.92045454545455,68.92045454545455,Low density,Ligand chemistry,morgan_tanimoto,50,0.0
7vnh__1__1.A__1.C,0.25,1,13.953488372093023,0,,13.953488372093023,No neighbours,Ligand chemistry,morgan_tanimoto,50,25.0
7vns__1__1.A_2.A__2.C,0.0,1,100.0,8,100.0,100.0,Low density,Ligand chemistry,morgan_tanimoto,50,0.0
7vo5__1__1.A__1.B,0.0,1,19.230769230769234,0,,19.230769230769234,No neighbours,Ligand chemistry,morgan_tanimoto,50,0.0
7voc__1__1.A__1.B_1.D_1.E,0.75,2,100.0,13,70.10464990829648,70.10464990829648,Low density,Ligand chemistry,morgan_tanimoto,50,75.0
7vpe__1__1.A__1.B,0.0,1,14.754098360655737,0,,14.754098360655737,No neighbours,Ligand chemistry,morgan_tanimoto,50,0.0
7vq9__1__1.A_1.B__1.I_1.J_1.K,0.375,2,100.0,52,66.75870665772443,66.75870665772443,High density,Ligand chemistry,morgan_tanimoto,50,37.5
7vqb__1__1.A_1.B__1.H_1.I_1.J,0.875,2,100.0,55,80.04625292971451,80.04625292971451,High density,Ligand chemistry,morgan_tanimoto,50,87.5
7vqp__1__1.A__1.C,1.0,1,83.05084745762711,18,64.9693936028017,64.9693936028017,High density,Ligand chemistry,morgan_tanimoto,50,100.0
7vqt__1__1.A__1.G_1.H,0.5,2,100.0,206,95.19754595467168,95.19754595467168,High density,Ligand chemistry,morgan_tanimoto,50,50.0
7vqu__1__1.A__1.G_1.H,0.5,2,100.0,205,95.06852606422248,95.06852606422248,High density,Ligand chemistry,morgan_tanimoto,50,50.0
7vre__1__1.A__1.B,1.0,1,48.45360824742268,0,,48.45360824742268,No neighbours,Ligand chemistry,morgan_tanimoto,50,100.0
7vrh__1__1.A__1.D,0.0,1,25.0,0,,25.0,No neighbours,Ligand chemistry,morgan_tanimoto,50,0.0
7vsl__1__1.A__1.D,0.75,1,71.42857142857143,2,63.492063492063494,63.492063492063494,Low density,Ligand chemistry,morgan_tanimoto,50,75.0
7vte__1__1.A__1.F,1.0,1,38.0,0,,38.0,No neighbours,Ligand chemistry,morgan_tanimoto,50,100.0
7vtf__1__1.A_1.B__1.F,0.75,1,32.5,0,,32.5,No neighbours,Ligand chemistry,morgan_tanimoto,50,75.0
7vtg__1__1.A__1.E,1.0,1,100.0,1,100.0,100.0,Low density,Ligand chemistry,morgan_tanimoto,50,100.0
7vve__1__1.A__1.D_1.H,0.0,1,68.96551724137932,1,68.96551724137932,68.96551724137932,Low density,Ligand chemistry,morgan_tanimoto,50,0.0
7vvt__1__1.A__1.C,0.0,1,35.0,0,,35.0,No neighbours,Ligand chemistry,morgan_tanimoto,50,0.0
7vwe__1__1.A__1.D,1.0,1,61.33333333333333,2,61.33333333333333,61.33333333333333,Low density,Ligand chemistry,morgan_tanimoto,50,100.0
7vwf__1__1.A_1.B__1.C_1.E,0.5,2,100.0,96,100.0,100.0,High density,Ligand chemistry,morgan_tanimoto,50,50.0
7vwg__1__1.A__1.D,1.0,1,72.3076923076923,22,65.71893820166412,65.71893820166412,High density,Ligand chemistry,morgan_tanimoto,50,100.0
7vwh__1__1.B__1.F,1.0,1,74.24242424242425,22,60.940727552950555,60.940727552950555,High density,Ligand chemistry,morgan_tanimoto,50,100.0
7w0g__1__1.B__1.D,1.0,1,32.5,0,,32.5,No neighbours,Ligand chemistry,morgan_tanimoto,50,100.0
7w15__1__1.A__1.C_1.D_1.E_1.F,0.375,2,100.0,33,83.52145503399422,83.52145503399422,High density,Ligand chemistry,morgan_tanimoto,50,37.5
7w1i__1__1.A__1.B,0.0,1,27.586206896551722,0,,27.586206896551722,No neighbours,Ligand chemistry,morgan_tanimoto,50,0.0
7w2d__1__1.B__1.R,0.0,1,20.27027027027027,0,,20.27027027027027,No neighbours,Ligand chemistry,morgan_tanimoto,50,0.0
7w2f__1__1.A__1.M,0.25,1,23.52941176470588,0,,23.52941176470588,No neighbours,Ligand chemistry,morgan_tanimoto,50,25.0
7w3l__1__1.A__1.B_1.C_1.J,0.5,2,100.0,200,95.96651581157272,95.96651581157272,High density,Ligand chemistry,morgan_tanimoto,50,50.0
7w3p__1__1.A__1.C,0.25,1,30.136986301369863,0,,30.136986301369863,No neighbours,Ligand chemistry,morgan_tanimoto,50,25.0
7w41__1__1.A__1.B,0.0,1,21.782178217821784,0,,21.782178217821784,No neighbours,Ligand chemistry,morgan_tanimoto,50,0.0
7w4x__1__1.A__1.C_1.D_1.E,0.5,1,25.925925925925924,0,,25.925925925925924,No neighbours,Ligand chemistry,morgan_tanimoto,50,50.0
7w4y__1__1.A__1.E,0.75,1,20.28985507246377,0,,20.28985507246377,No neighbours,Ligand chemistry,morgan_tanimoto,50,75.0
7w6f__1__1.A_1.B__1.C,0.75,1,96.7741935483871,2,96.7741935483871,96.7741935483871,Low density,Ligand chemistry,morgan_tanimoto,50,75.0
7w8v__1__1.A__1.B_1.D,0.75,2,100.0,22,100.0,100.0,High density,Ligand chemistry,morgan_tanimoto,50,75.0
7w9z__1__1.B__1.F_1.G,1.0,1,100.0,58,82.56628058725585,82.56628058725585,High density,Ligand chemistry,morgan_tanimoto,50,100.0
7wbs__1__1.A_1.B__1.D,0.75,1,26.548672566371685,0,,26.548672566371685,No neighbours,Ligand chemistry,morgan_tanimoto,50,75.0
7wc6__1__1.A__1.F,1.0,1,100.0,6,89.71416561580496,89.71416561580496,Low density,Ligand chemistry,morgan_tanimoto,50,100.0
7wc7__1__1.A__1.M,0.75,1,100.0,6,74.51600312256049,74.51600312256049,Low density,Ligand chemistry,morgan_tanimoto,50,75.0
7wc8__1__1.A__1.H,0.25,1,38.666666666666664,0,,38.666666666666664,No neighbours,Ligand chemistry,morgan_tanimoto,50,25.0
7wcf__1__1.A__1.B_1.C_1.D,0.75,1,82.75862068965517,4,80.7659124432941,80.7659124432941,Low density,Ligand chemistry,morgan_tanimoto,50,75.0
7wcl__1__1.A__1.C,1.0,1,29.72972972972973,0,,29.72972972972973,No neighbours,Ligand chemistry,morgan_tanimoto,50,100.0
7wcv__1__1.A__1.B_1.C_1.D,1.0,2,100.0,7,87.12676559985697,87.12676559985697,Low density,Ligand chemistry,morgan_tanimoto,50,100.0
7wdp__1__1.A__1.B_1.C,0.25,2,100.0,527,64.44328558110446,64.44328558110446,High density,Ligand chemistry,morgan_tanimoto,50,25.0
7wdt__1__1.A__1.B,0.75,1,61.53846153846154,28,61.538461538461526,61.538461538461526,High density,Ligand chemistry,morgan_tanimoto,50,75.0
7wdt__1__1.A__1.C,0.0,1,61.53846153846154,28,61.538461538461526,61.538461538461526,High density,Ligand chemistry,morgan_tanimoto,50,0.0
7wdu__1__1.A__1.C,0.0,1,75.43859649122807,3,75.43859649122807,75.43859649122807,Low density,Ligand chemistry,morgan_tanimoto,50,0.0
7wdv__1__1.A__1.B_1.C,0.5,2,100.0,527,64.44328558110446,64.44328558110446,High density,Ligand chemistry,morgan_tanimoto,50,50.0
7wew__1__1.A__1.K,0.75,1,81.81818181818183,152,65.51989094580009,65.51989094580009,High density,Ligand chemistry,morgan_tanimoto,50,75.0
7wf5__1__1.A__1.C,1.0,1,100.0,30,91.22416020671835,91.22416020671835,High density,Ligand chemistry,morgan_tanimoto,50,100.0
7wgl__1__1.A__1.D,1.0,1,100.0,17,65.79496543628538,65.79496543628538,Low density,Ligand chemistry,morgan_tanimoto,50,100.0
7wgn__1__1.A__1.B,0.25,1,100.0,6,100.0,100.0,Low density,Ligand chemistry,morgan_tanimoto,50,25.0
7wgo__1__1.A__1.C,0.0,1,100.0,17,65.79496543628538,65.79496543628538,Low density,Ligand chemistry,morgan_tanimoto,50,0.0
7wgq__1__1.A__1.C,0.75,1,100.0,6,100.0,100.0,Low density,Ligand chemistry,morgan_tanimoto,50,75.0
7wjs__1__1.A__1.D_1.G,1.0,1,48.38709677419355,0,,48.38709677419355,No neighbours,Ligand chemistry,morgan_tanimoto,50,100.0
7wl4__1__1.A__1.E_1.F,0.25,2,58.666666666666664,2,58.666666666666664,58.666666666666664,Low density,Ligand chemistry,morgan_tanimoto,50,25.0
7wlx__1__1.A__1.C,0.0,1,67.24137931034483,5,67.24137931034483,67.24137931034483,Low density,Ligand chemistry,morgan_tanimoto,50,0.0
7wmf__1__1.A__1.C_1.E,0.5,1,45.88235294117647,0,,45.88235294117647,No neighbours,Ligand chemistry,morgan_tanimoto,50,50.0
7wmh__1__1.A__1.C,0.25,1,69.64285714285714,5,69.64285714285714,69.64285714285714,Low density,Ligand chemistry,morgan_tanimoto,50,25.0
7wmi__1__1.B__1.F_1.G,0.25,1,49.39759036144578,0,,49.39759036144578,No neighbours,Ligand chemistry,morgan_tanimoto,50,25.0
7wmj__1__1.A__1.C,0.0,1,59.375,5,59.375,59.375,Low density,Ligand chemistry,morgan_tanimoto,50,0.0
7wmk__1__1.A__1.B_1.G,1.0,1,100.0,91,100.0,100.0,High density,Ligand chemistry,morgan_tanimoto,50,100.0
7wmo__1__1.A__1.C,0.0,1,48.0,0,,48.0,No neighbours,Ligand chemistry,morgan_tanimoto,50,0.0
7wpx__1__1.A__1.B_1.C,0.25,2,100.0,12,67.8317845690727,67.8317845690727,Low density,Ligand chemistry,morgan_tanimoto,50,25.0
7wqm__1__1.A__1.C_1.D,0.5,2,100.0,523,92.29438872038908,92.29438872038908,High density,Ligand chemistry,morgan_tanimoto,50,50.0
7wqs__1__1.A__1.C_1.D,0.5,2,100.0,528,92.36735852417328,92.36735852417328,High density,Ligand chemistry,morgan_tanimoto,50,50.0
7wrg__1__1.A__1.C_1.D,1.0,1,100.0,412,93.0784949688546,93.0784949688546,High density,Ligand chemistry,morgan_tanimoto,50,100.0
7wua__1__1.A__1.E_1.F_1.G,0.5,1,100.0,44,70.92583364650531,70.92583364650531,High density,Ligand chemistry,morgan_tanimoto,50,50.0
7wuy__1__1.A_1.B__1.D_1.EA,0.5,2,100.0,101,73.90937584997953,73.90937584997953,High density,Ligand chemistry,morgan_tanimoto,50,50.0
7wzv__1__1.A__1.C_1.E_1.F_1.K_1.O,0.75,2,100.0,14,72.24003205770387,72.24003205770387,Low density,Ligand chemistry,morgan_tanimoto,50,75.0
7wzx__1__1.A__1.B_1.D_1.E_1.I,0.875,2,100.0,14,72.24003205770387,72.24003205770387,Low density,Ligand chemistry,morgan_tanimoto,50,87.5
7x0b__1__1.A__1.C_1.E_1.N,1.0,1,59.42028985507246,6,55.51659654043945,55.51659654043945,Low density,Ligand chemistry,morgan_tanimoto,50,100.0
7x1o__1__1.A__1.C_1.D,0.875,2,100.0,39,92.31031946195883,92.31031946195883,High density,Ligand chemistry,morgan_tanimoto,50,87.5
7x2y__1__1.B__1.R_1.S,0.0,2,100.0,113,61.06669745650446,61.06669745650446,High density,Ligand chemistry,morgan_tanimoto,50,0.0
7x3l__1__1.A__1.C_1.D,0.875,2,100.0,527,92.35287533351706,92.35287533351706,High density,Ligand chemistry,morgan_tanimoto,50,87.5
7x3m__1__1.A__1.C_1.D,0.875,2,100.0,526,92.33833707369485,92.33833707369485,High density,Ligand chemistry,morgan_tanimoto,50,87.5
7x3o__1__1.A__1.C_1.D,0.75,2,100.0,526,92.4974121105537,92.4974121105537,High density,Ligand chemistry,morgan_tanimoto,50,75.0
7x4g__1__1.A__1.B_1.C_1.D,0.0,2,75.0,6,63.38383838383837,63.38383838383837,Low density,Ligand chemistry,morgan_tanimoto,50,0.0
7x4u__1__1.A__1.B,1.0,1,100.0,16,69.6798245614035,69.6798245614035,Low density,Ligand chemistry,morgan_tanimoto,50,100.0
7x5w__1__2.A__2.B_2.C,0.5,1,79.3103448275862,8,60.066290384219656,60.066290384219656,Low density,Ligand chemistry,morgan_tanimoto,50,50.0
7x69__1__1.A__1.B_1.C,0.5,1,63.63636363636363,4,62.58741258741259,62.58741258741259,Low density,Ligand chemistry,morgan_tanimoto,50,50.0
7x7j__1__1.A__1.C_1.D,0.5,2,100.0,7,100.0,100.0,Low density,Ligand chemistry,morgan_tanimoto,50,50.0
7x7k__1__1.A__1.C_1.D,0.5,2,100.0,7,100.0,100.0,Low density,Ligand chemistry,morgan_tanimoto,50,50.0
7x7x__1__1.A__1.C,0.0,1,70.0,2,70.0,70.0,Low density,Ligand chemistry,morgan_tanimoto,50,0.0
7x81__1__1.A_1.B__1.D,0.0,1,49.42528735632184,0,,49.42528735632184,No neighbours,Ligand chemistry,morgan_tanimoto,50,0.0
7x86__1__1.A_1.C__1.G,0.0,1,72.0,4,72.0,72.0,Low density,Ligand chemistry,morgan_tanimoto,50,0.0
7x9d__1__1.A__1.E,0.0,1,5.0,0,,5.0,No neighbours,Ligand chemistry,morgan_tanimoto,50,0.0
7x9l__1__1.A__1.C_1.E_1.F,1.0,1,100.0,30,82.50586759341421,82.50586759341421,High density,Ligand chemistry,morgan_tanimoto,50,100.0
7xaa__1__1.A__1.C_1.D_1.E,0.25,1,55.172413793103445,4,53.51213282247764,53.51213282247764,Low density,Ligand chemistry,morgan_tanimoto,50,25.0
7xbb__1__1.A__1.C_1.D_1.E,0.75,1,22.093023255813954,0,,22.093023255813954,No neighbours,Ligand chemistry,morgan_tanimoto,50,75.0
7xbt__1__1.A__1.B_1.C,1.0,1,100.0,150,80.3745030995997,80.3745030995997,High density,Ligand chemistry,morgan_tanimoto,50,100.0
7xbv__1__1.A__1.B,0.5,1,100.0,116,75.8349689479742,75.8349689479742,High density,Ligand chemistry,morgan_tanimoto,50,50.0
7xdv__1__1.A__1.C_1.D,0.75,1,100.0,388,86.01989806973505,86.01989806973505,High density,Ligand chemistry,morgan_tanimoto,50,75.0
7xdy__1__1.A__1.C_1.D,0.75,1,100.0,443,86.6572314818773,86.6572314818773,High density,Ligand chemistry,morgan_tanimoto,50,75.0
7xef__1__1.A__1.E,0.0,1,11.666666666666666,0,,11.666666666666666,No neighbours,Ligand chemistry,morgan_tanimoto,50,0.0
7xej__1__1.A_2.A__1.B,1.0,1,62.0,160,60.26122881355932,60.26122881355932,High density,Ligand chemistry,morgan_tanimoto,50,100.0
7xek__1__1.A_2.A__1.B,1.0,1,51.92307692307693,6,51.92307692307693,51.92307692307693,Low density,Ligand chemistry,morgan_tanimoto,50,100.0
7xen__1__1.A_2.A__2.B,0.75,1,57.407407407407405,133,57.07323865218601,57.07323865218601,High density,Ligand chemistry,morgan_tanimoto,50,75.0
7xep__1__1.A_2.A__1.E,1.0,1,57.692307692307686,22,54.27355695152305,54.27355695152305,High density,Ligand chemistry,morgan_tanimoto,50,100.0
7xeq__1__1.A_2.A__2.D,1.0,1,51.92307692307693,6,51.92307692307693,51.92307692307693,Low density,Ligand chemistry,morgan_tanimoto,50,100.0
7xes__1__1.A_2.A__2.D,0.5,1,57.407407407407405,129,57.06287683031868,57.06287683031868,High density,Ligand chemistry,morgan_tanimoto,50,50.0
7xet__1__1.A_2.A__1.B,1.0,1,77.35849056603774,35,53.380024450237876,53.380024450237876,High density,Ligand chemistry,morgan_tanimoto,50,100.0
7xf7__1__1.A__1.B,0.0,1,100.0,64,74.7717092028096,74.7717092028096,High density,Ligand chemistry,morgan_tanimoto,50,0.0
7xgi__1__1.A__1.B_1.C_1.D,0.625,2,100.0,89,85.12294414590458,85.12294414590458,High density,Ligand chemistry,morgan_tanimoto,50,62.5
7xh6__1__1.A__1.E,1.0,1,31.25,0,,31.25,No neighbours,Ligand chemistry,morgan_tanimoto,50,100.0
7xhh__1__1.B__1.D,0.25,1,74.69879518072288,4,62.88131248397846,62.88131248397846,Low density,Ligand chemistry,morgan_tanimoto,50,25.0
7xhq__1__1.A__1.C,0.75,1,49.36708860759494,0,,49.36708860759494,No neighbours,Ligand chemistry,morgan_tanimoto,50,75.0
7xhy__1__1.A__1.B_1.G,1.0,1,55.00000000000001,2,55.00000000000001,55.00000000000001,Low density,Ligand chemistry,morgan_tanimoto,50,100.0
7xi7__1__1.A__1.B,1.0,1,67.56756756756756,4,59.27397986221515,59.27397986221515,Low density,Ligand chemistry,morgan_tanimoto,50,100.0
7xis__1__1.A__1.B_1.C_1.D,0.0,1,26.38888888888889,0,,26.38888888888889,No neighbours,Ligand chemistry,morgan_tanimoto,50,0.0
7xjb__1__1.A__1.E_1.F_1.G,0.625,2,100.0,85,72.87119390260969,72.87119390260969,High density,Ligand chemistry,morgan_tanimoto,50,62.5
7xk9__1__1.A__1.C,1.0,1,26.31578947368421,0,,26.31578947368421,No neighbours,Ligand chemistry,morgan_tanimoto,50,100.0
7xka__1__1.A__1.C,1.0,1,27.77777777777778,0,,27.77777777777778,No neighbours,Ligand chemistry,morgan_tanimoto,50,100.0
7xlp__1__1.A__1.B,1.0,1,23.853211009174313,0,,23.853211009174313,No neighbours,Ligand chemistry,morgan_tanimoto,50,100.0
7xmk__1__1.A__1.D,1.0,1,30.0,0,,30.0,No neighbours,Ligand chemistry,morgan_tanimoto,50,100.0
7xnc__1__1.A__1.B,0.75,1,27.77777777777778,0,,27.77777777777778,No neighbours,Ligand chemistry,morgan_tanimoto,50,75.0
7xoz__1__1.B__1.F,0.0,1,87.5,7,83.27664399092971,83.27664399092971,Low density,Ligand chemistry,morgan_tanimoto,50,0.0
7xpo__1__1.B__1.H,0.75,1,100.0,200,76.97281638875482,76.97281638875482,High density,Ligand chemistry,morgan_tanimoto,50,75.0
7xqv__1__1.A__1.D_1.E,1.0,1,100.0,1928,88.4787531263425,88.4787531263425,High density,Ligand chemistry,morgan_tanimoto,50,100.0
7xqz__1__1.A__1.B_1.C_1.D,0.0,1,66.66666666666666,4,66.66666666666666,66.66666666666666,Low density,Ligand chemistry,morgan_tanimoto,50,0.0
7xr7__1__1.A__1.B_1.C_1.D,0.25,1,100.0,6,83.51851851851852,83.51851851851852,Low density,Ligand chemistry,morgan_tanimoto,50,25.0
7xrr__1__1.A__1.B,0.25,1,100.0,2,100.0,100.0,Low density,Ligand chemistry,morgan_tanimoto,50,25.0
7xsv__1__1.A__1.B,1.0,1,32.89473684210527,0,,32.89473684210527,No neighbours,Ligand chemistry,morgan_tanimoto,50,100.0
7xua__1__1.B__1.N,0.25,1,18.181818181818183,0,,18.181818181818183,No neighbours,Ligand chemistry,morgan_tanimoto,50,25.0
7xuc__1__1.A__1.H,0.0,1,21.052631578947366,0,,21.052631578947366,No neighbours,Ligand chemistry,morgan_tanimoto,50,0.0
7xvh__1__2.A__2.B_2.C,1.0,1,100.0,9,65.93262946204123,65.93262946204123,Low density,Ligand chemistry,morgan_tanimoto,50,100.0
7xw8__1__1.A__1.E_1.F,0.5,2,74.07407407407408,204,61.149501926028584,61.149501926028584,High density,Ligand chemistry,morgan_tanimoto,50,50.0
7xyj__1__1.A_1.B__1.E_1.F,1.0,1,100.0,659,88.91037042618117,88.91037042618117,High density,Ligand chemistry,morgan_tanimoto,50,100.0
7xzr__1__1.A_1.C__1.E_1.F,0.0,1,100.0,599,84.16324999707989,84.16324999707989,High density,Ligand chemistry,morgan_tanimoto,50,0.0
7y02__1__1.A__1.B_1.C,0.0,2,51.42857142857142,10,51.15132412471802,51.15132412471802,Low density,Ligand chemistry,morgan_tanimoto,50,0.0
7y03__1__1.A__1.B_1.C,0.125,2,58.333333333333336,6,55.99574984820887,55.99574984820887,Low density,Ligand chemistry,morgan_tanimoto,50,12.5
7y06__1__1.A__1.B_1.C,0.125,2,58.46153846153847,12,52.83653846153846,52.83653846153846,Low density,Ligand chemistry,morgan_tanimoto,50,12.5
7y0f__1__1.B__1.G,0.25,1,56.16438356164384,1,56.16438356164384,56.16438356164384,Low density,Ligand chemistry,morgan_tanimoto,50,25.0
7y1h__1__1.B__1.H_1.I_1.K_1.L,0.75,1,100.0,114,69.01832982183895,69.01832982183895,High density,Ligand chemistry,morgan_tanimoto,50,75.0
7y3s__1__1.B__1.G_1.H_1.J_1.K,1.0,1,100.0,114,68.93482779754746,68.93482779754746,High density,Ligand chemistry,morgan_tanimoto,50,100.0
7y4a__1__1.A__1.I_1.J_1.K,1.0,1,100.0,1911,91.269632583869,91.269632583869,High density,Ligand chemistry,morgan_tanimoto,50,100.0
7y4u__1__1.A__1.B,0.0,1,37.93103448275862,0,,37.93103448275862,No neighbours,Ligand chemistry,morgan_tanimoto,50,0.0
7y88__1__1.A__1.B_1.C_1.D,0.5,1,100.0,30,71.35973687873857,71.35973687873857,High density,Ligand chemistry,morgan_tanimoto,50,50.0
7ya4__1__1.A__1.E_1.F,1.0,1,100.0,245,84.91720045148395,84.91720045148395,High density,Ligand chemistry,morgan_tanimoto,50,100.0
7ycc__1__1.A__1.D_1.E_1.F,0.875,2,100.0,1930,91.30208909008701,91.30208909008701,High density,Ligand chemistry,morgan_tanimoto,50,87.5
7yce__1__1.A__1.B_1.C_1.D_1.E,0.75,2,100.0,1931,91.34346233467433,91.34346233467433,High density,Ligand chemistry,morgan_tanimoto,50,75.0
7yd2__1__1.A_1.B__1.K,0.0,1,13.698630136986301,0,,13.698630136986301,No neighbours,Ligand chemistry,morgan_tanimoto,50,0.0
7ydx__1__2.B__2.H,1.0,1,28.888888888888886,0,,28.888888888888886,No neighbours,Ligand chemistry,morgan_tanimoto,50,100.0
7yh9__1__1.A__1.G_1.H_1.I,0.0,1,42.857142857142854,0,,42.857142857142854,No neighbours,Ligand chemistry,morgan_tanimoto,50,0.0
7yha__1__1.A__1.E_1.F_1.G_1.H,0.0,2,27.77777777777778,0,,27.77777777777778,No neighbours,Ligand chemistry,morgan_tanimoto,50,0.0
7yhb__1__1.A__1.C_1.D_1.E,0.0,1,39.130434782608695,0,,39.130434782608695,No neighbours,Ligand chemistry,morgan_tanimoto,50,0.0
7yhc__1__1.A__1.I_1.J_1.K,0.0,1,39.62264150943396,0,,39.62264150943396,No neighbours,Ligand chemistry,morgan_tanimoto,50,0.0
7yj9__1__1.A_2.A__2.B,0.25,1,100.0,4,100.0,100.0,Low density,Ligand chemistry,morgan_tanimoto,50,25.0
7yja__1__1.A_1.B__1.E,0.0,1,81.57894736842105,4,81.57894736842105,81.57894736842105,Low density,Ligand chemistry,morgan_tanimoto,50,0.0
7yjb__1__1.A_2.A__2.B,0.0,1,79.48717948717949,4,79.48717948717949,79.48717948717949,Low density,Ligand chemistry,morgan_tanimoto,50,0.0
7yop__1__1.A_1.B__1.E,0.0,1,82.53968253968253,93,81.0522242505646,81.0522242505646,High density,Ligand chemistry,morgan_tanimoto,50,0.0
7yp5__1__1.B__1.J_1.K,0.0,1,100.0,26,92.44907139643982,92.44907139643982,High density,Ligand chemistry,morgan_tanimoto,50,0.0
7yp6__1__1.A__1.D_1.E_1.L,0.0,1,100.0,9,89.69696969696969,89.69696969696969,Low density,Ligand chemistry,morgan_tanimoto,50,0.0
7yqf__1__1.B__1.J_1.K,0.75,1,29.48717948717949,0,,29.48717948717949,No neighbours,Ligand chemistry,morgan_tanimoto,50,75.0
7ys8__1__1.B__1.E_1.F,1.0,1,100.0,669,89.02183343797269,89.02183343797269,High density,Ligand chemistry,morgan_tanimoto,50,100.0
7ysx__1__1.B__1.J,1.0,1,31.16883116883117,0,,31.16883116883117,No neighbours,Ligand chemistry,morgan_tanimoto,50,100.0
7yxd__1__1.A__1.I,1.0,1,100.0,17,93.4256055363322,93.4256055363322,Low density,Ligand chemistry,morgan_tanimoto,50,100.0
7yxe__1__1.A__1.C,1.0,1,40.0,0,,40.0,No neighbours,Ligand chemistry,morgan_tanimoto,50,100.0
7yzs__1__1.A__1.B,0.5,1,53.84615384615385,8,53.84615384615385,53.84615384615385,Low density,Ligand chemistry,morgan_tanimoto,50,50.0
7yzu__1__1.A__1.B,1.0,1,40.0,0,,40.0,No neighbours,Ligand chemistry,morgan_tanimoto,50,100.0
7z0w__1__1.A_1.B__1.J_1.K,0.5,2,100.0,71,99.33719966859984,99.33719966859984,High density,Ligand chemistry,morgan_tanimoto,50,50.0
7z1g__1__1.A__1.B_1.D,1.0,1,100.0,9,94.7008547008547,94.7008547008547,Low density,Ligand chemistry,morgan_tanimoto,50,100.0
7z1r__1__1.A_2.A__1.B,0.25,1,100.0,67,99.54574951330305,99.54574951330305,High density,Ligand chemistry,morgan_tanimoto,50,25.0
7z1v__1__1.A__1.C,1.0,1,20.3125,0,,20.3125,No neighbours,Ligand chemistry,morgan_tanimoto,50,100.0
7z1w__1__1.A__1.C,1.0,1,24.561403508771928,0,,24.561403508771928,No neighbours,Ligand chemistry,morgan_tanimoto,50,100.0
7z2q__1__1.A__1.C,1.0,1,18.96551724137931,0,,18.96551724137931,No neighbours,Ligand chemistry,morgan_tanimoto,50,100.0
7z39__1__1.A__1.C,0.0,1,38.35616438356164,0,,38.35616438356164,No neighbours,Ligand chemistry,morgan_tanimoto,50,0.0
7z3k__1__1.A__1.D_1.DA_1.E_1.F_1.P,0.5,1,100.0,4,100.0,100.0,Low density,Ligand chemistry,morgan_tanimoto,50,50.0
7z3y__1__1.A__1.D,0.5,1,15.053763440860216,0,,15.053763440860216,No neighbours,Ligand chemistry,morgan_tanimoto,50,50.0
7z41__1__1.A__1.C,0.75,1,19.298245614035086,0,,19.298245614035086,No neighbours,Ligand chemistry,morgan_tanimoto,50,75.0
7z57__1__1.A__1.B_1.C_1.J,0.0,2,40.74074074074074,0,,40.74074074074074,No neighbours,Ligand chemistry,morgan_tanimoto,50,0.0
7z5b__1__1.A__1.D,0.75,1,15.555555555555555,0,,15.555555555555555,No neighbours,Ligand chemistry,morgan_tanimoto,50,75.0
7z5n__1__1.A__1.I_1.L_1.M,1.0,1,100.0,11,100.0,100.0,Low density,Ligand chemistry,morgan_tanimoto,50,100.0
7z5u__1__1.A__1.B_1.C,0.5,1,15.068493150684931,0,,15.068493150684931,No neighbours,Ligand chemistry,morgan_tanimoto,50,50.0
7z5x__1__1.A__1.C,1.0,1,100.0,3,73.69547325102882,73.69547325102882,Low density,Ligand chemistry,morgan_tanimoto,50,100.0
7z62__1__2.A_2.B__2.C_2.D,0.0,1,54.0,4,54.0,54.0,Low density,Ligand chemistry,morgan_tanimoto,50,0.0
7z63__1__1.A__1.E_1.F,0.5,1,40.0,0,,40.0,No neighbours,Ligand chemistry,morgan_tanimoto,50,50.0
7z6c__1__1.A__1.B_1.C_1.D,0.5833333333333334,3,100.0,617,95.80565301797068,95.80565301797068,High density,Ligand chemistry,morgan_tanimoto,50,58.333333333333336
7z6z__1__1.A__1.H_1.I_1.J_1.O_1.Y,0.75,1,100.0,1,100.0,100.0,Low density,Ligand chemistry,morgan_tanimoto,50,75.0
7z70__1__1.A__1.C_1.E_1.L,1.0,1,100.0,1,100.0,100.0,Low density,Ligand chemistry,morgan_tanimoto,50,100.0
7z74__1__1.A__1.B_1.C,0.5,1,28.431372549019606,0,,28.431372549019606,No neighbours,Ligand chemistry,morgan_tanimoto,50,50.0
7z78__1__1.A__1.D,1.0,1,26.190476190476193,0,,26.190476190476193,No neighbours,Ligand chemistry,morgan_tanimoto,50,100.0
7z9t__1__1.A__1.C,0.5,1,26.666666666666668,0,,26.666666666666668,No neighbours,Ligand chemistry,morgan_tanimoto,50,50.0
7za0__1__1.A__1.B,0.25,1,100.0,5,100.0,100.0,Low density,Ligand chemistry,morgan_tanimoto,50,25.0
7zaa__1__1.A__1.C,1.0,1,64.0,10,63.05185185185185,63.05185185185185,Low density,Ligand chemistry,morgan_tanimoto,50,100.0
7zbv__1__1.A__1.B_1.E,0.0,1,9.090909090909092,0,,9.090909090909092,No neighbours,Ligand chemistry,morgan_tanimoto,50,0.0
7zeg__1__1.A__1.C,0.5,1,48.68421052631579,0,,48.68421052631579,No neighbours,Ligand chemistry,morgan_tanimoto,50,50.0
7zej__1__1.A_2.B__1.C_1.D,0.625,2,100.0,339,87.34931614200576,87.34931614200576,High density,Ligand chemistry,morgan_tanimoto,50,62.5
7zer__1__1.A__1.B_1.C,1.0,1,100.0,86,92.05393472257842,92.05393472257842,High density,Ligand chemistry,morgan_tanimoto,50,100.0
7zf0__1__1.A__1.B_1.C_1.I_1.J_1.K,1.0,1,100.0,86,92.05393472257842,92.05393472257842,High density,Ligand chemistry,morgan_tanimoto,50,100.0
7zfv__1__1.A__1.C,0.0,1,30.23255813953488,0,,30.23255813953488,No neighbours,Ligand chemistry,morgan_tanimoto,50,0.0
7zg9__1__1.A__1.C,0.0,1,7.894736842105263,0,,7.894736842105263,No neighbours,Ligand chemistry,morgan_tanimoto,50,0.0
7zgb__1__1.A__1.B,0.5,1,29.03225806451613,0,,29.03225806451613,No neighbours,Ligand chemistry,morgan_tanimoto,50,50.0
7zgc__1__1.A__1.B,0.25,1,15.584415584415584,0,,15.584415584415584,No neighbours,Ligand chemistry,morgan_tanimoto,50,25.0
7zgd__1__1.A__1.B,0.25,1,18.666666666666668,0,,18.666666666666668,No neighbours,Ligand chemistry,morgan_tanimoto,50,25.0
7zhf__1__1.A_2.A__1.B_1.C,0.75,1,82.53968253968253,23,81.99244460925185,81.99244460925185,High density,Ligand chemistry,morgan_tanimoto,50,75.0
7zi0__1__1.A__1.C,0.25,1,100.0,4,75.03435245620062,75.03435245620062,Low density,Ligand chemistry,morgan_tanimoto,50,25.0
7zif__1__1.A__1.B_1.C,0.0,1,23.684210526315788,0,,23.684210526315788,No neighbours,Ligand chemistry,morgan_tanimoto,50,0.0
7zig__1__1.A__1.B_1.C,0.25,1,24.324324324324326,0,,24.324324324324326,No neighbours,Ligand chemistry,morgan_tanimoto,50,25.0
7zih__1__1.A__1.B_1.C,0.25,1,16.39344262295082,0,,16.39344262295082,No neighbours,Ligand chemistry,morgan_tanimoto,50,25.0
7zii__1__1.A__1.B_1.C,0.25,1,13.91304347826087,0,,13.91304347826087,No neighbours,Ligand chemistry,morgan_tanimoto,50,25.0
7zij__1__1.A__1.B_1.C,0.25,1,18.095238095238095,0,,18.095238095238095,No neighbours,Ligand chemistry,morgan_tanimoto,50,25.0
7zik__1__1.A__1.D,0.5,1,54.87804878048781,1,54.87804878048781,54.87804878048781,Low density,Ligand chemistry,morgan_tanimoto,50,50.0
7ziy__1__1.A__1.C,0.75,1,79.76190476190477,13,78.89571213100626,78.89571213100626,Low density,Ligand chemistry,morgan_tanimoto,50,75.0
7zj0__1__1.A__1.C,0.5,1,84.81012658227847,13,83.8315481986368,83.8315481986368,Low density,Ligand chemistry,morgan_tanimoto,50,50.0
7zjp__1__1.A__1.C,1.0,1,25.396825396825395,0,,25.396825396825395,No neighbours,Ligand chemistry,morgan_tanimoto,50,100.0
7zjq__1__1.A__1.E,0.75,1,18.666666666666668,0,,18.666666666666668,No neighbours,Ligand chemistry,morgan_tanimoto,50,75.0
7zks__1__1.A__1.B,0.25,1,27.27272727272727,0,,27.27272727272727,No neighbours,Ligand chemistry,morgan_tanimoto,50,25.0
7zkx__1__1.A__1.B_1.L,0.0,1,23.655913978494624,0,,23.655913978494624,No neighbours,Ligand chemistry,morgan_tanimoto,50,0.0
7zl5__1__1.A__1.C_1.D_1.E,0.75,1,37.68115942028986,0,,37.68115942028986,No neighbours,Ligand chemistry,morgan_tanimoto,50,75.0
7zo2__1__2.A__2.B_2.C_2.F,0.0,1,100.0,6,67.66169154228857,67.66169154228857,Low density,Ligand chemistry,morgan_tanimoto,50,0.0
7zo3__1__2.A__2.B_2.C_2.G,0.0,1,54.54545454545454,5,54.54545454545454,54.54545454545454,Low density,Ligand chemistry,morgan_tanimoto,50,0.0
7zo4__1__1.A__1.B_1.C_1.G,0.5,1,49.25373134328358,0,,49.25373134328358,No neighbours,Ligand chemistry,morgan_tanimoto,50,50.0
7zsm__1__1.A_2.A__1.B,1.0,1,29.48717948717949,0,,29.48717948717949,No neighbours,Ligand chemistry,morgan_tanimoto,50,100.0
7zso__1__1.A_1.C__1.S,0.25,1,27.710843373493976,0,,27.710843373493976,No neighbours,Ligand chemistry,morgan_tanimoto,50,25.0
7zsq__1__1.B_1.C__1.G_1.I,0.75,1,38.23529411764706,0,,38.23529411764706,No neighbours,Ligand chemistry,morgan_tanimoto,50,75.0
7zst__1__1.B_1.C__1.H,0.0,1,25.49019607843137,0,,25.49019607843137,No neighbours,Ligand chemistry,morgan_tanimoto,50,0.0
7zwb__1__1.A__1.D,0.0,1,57.446808510638306,1,57.446808510638306,57.446808510638306,Low density,Ligand chemistry,morgan_tanimoto,50,0.0
7zxw__1__1.A__1.C_1.D_1.G,0.5,1,100.0,3,90.96045197740114,90.96045197740114,Low density,Ligand chemistry,morgan_tanimoto,50,50.0
7zxz__1__2.A_2.B__2.E,0.0,1,50.72463768115942,10,50.72463768115942,50.72463768115942,Low density,Ligand chemistry,morgan_tanimoto,50,0.0
7zym__1__1.A__1.B,0.75,1,100.0,12,70.76346077780136,70.76346077780136,Low density,Ligand chemistry,morgan_tanimoto,50,75.0
7zyn__1__1.A__1.B,0.75,1,100.0,10,77.41274817136886,77.41274817136886,Low density,Ligand chemistry,morgan_tanimoto,50,75.0
7zzs__1__1.A__1.D_1.J_1.L,0.625,2,100.0,29,85.73260041986524,85.73260041986524,High density,Ligand chemistry,morgan_tanimoto,50,62.5
7zzt__1__1.A__1.D_1.J,0.75,1,31.70731707317073,0,,31.70731707317073,No neighbours,Ligand chemistry,morgan_tanimoto,50,75.0
7zzu__1__1.A__1.M_1.P,0.5,1,21.25,0,,21.25,No neighbours,Ligand chemistry,morgan_tanimoto,50,50.0
7zzw__1__1.A__1.I_1.L,0.75,1,24.691358024691358,0,,24.691358024691358,No neighbours,Ligand chemistry,morgan_tanimoto,50,75.0
8a0b__1__1.A__1.D_1.H,0.75,1,29.82456140350877,0,,29.82456140350877,No neighbours,Ligand chemistry,morgan_tanimoto,50,75.0
8a0t__1__1.A__1.C,0.0,1,24.0,0,,24.0,No neighbours,Ligand chemistry,morgan_tanimoto,50,0.0
8a0z__1__1.A__1.C_1.D_1.F,1.0,2,100.0,836,85.8754107389574,85.8754107389574,High density,Ligand chemistry,morgan_tanimoto,50,100.0
8a12__1__1.A__1.D_1.G,0.75,1,100.0,138,96.2345706505618,96.2345706505618,High density,Ligand chemistry,morgan_tanimoto,50,75.0
8a2p__1__1.A__1.B,0.75,1,100.0,1,100.0,100.0,Low density,Ligand chemistry,morgan_tanimoto,50,75.0
8a34__1__1.A__1.C_1.D,0.0,1,22.448979591836736,0,,22.448979591836736,No neighbours,Ligand chemistry,morgan_tanimoto,50,0.0
8a3a__1__1.A__1.B,1.0,1,29.09090909090909,0,,29.09090909090909,No neighbours,Ligand chemistry,morgan_tanimoto,50,100.0
8a4a__1__1.B__1.C_1.D,1.0,1,100.0,2013,88.38488355519777,88.38488355519777,High density,Ligand chemistry,morgan_tanimoto,50,100.0
8a4q__1__1.A_2.A__1.B,0.0,1,100.0,18,68.8315037658753,68.8315037658753,High density,Ligand chemistry,morgan_tanimoto,50,0.0
8a56__1__1.A_1.B__1.I,0.75,1,84.21052631578947,144,60.778288710340966,60.778288710340966,High density,Ligand chemistry,morgan_tanimoto,50,75.0
8a66__1__1.A__1.C,1.0,1,100.0,2,100.0,100.0,Low density,Ligand chemistry,morgan_tanimoto,50,100.0
8a6v__1__1.A__1.C_1.D_1.E_1.F_1.G,0.875,2,100.0,154,93.91233766233766,93.91233766233766,High density,Ligand chemistry,morgan_tanimoto,50,87.5
8a70__1__1.A_1.B__1.D_1.E_1.F_1.G,0.5,1,100.0,36,86.6234756097561,86.6234756097561,High density,Ligand chemistry,morgan_tanimoto,50,50.0
8a7a__1__1.A_1.B__1.C_1.E_1.F_1.G,0.5,1,72.97297297297297,33,70.04701013988941,70.04701013988941,High density,Ligand chemistry,morgan_tanimoto,50,50.0
8a7i__1__1.A__1.C,0.0,1,53.48837209302325,4,53.48837209302325,53.48837209302325,Low density,Ligand chemistry,morgan_tanimoto,50,0.0
8a9i__1__1.A__1.B,0.5,1,30.434782608695656,0,,30.434782608695656,No neighbours,Ligand chemistry,morgan_tanimoto,50,50.0
8acm__1__1.A__1.E,0.5,1,100.0,8,100.0,100.0,Low density,Ligand chemistry,morgan_tanimoto,50,50.0
8ad7__1__1.A__1.J,1.0,1,100.0,26,93.22344322344323,93.22344322344323,High density,Ligand chemistry,morgan_tanimoto,50,100.0
8adf__1__1.B__1.D,0.25,1,32.20338983050847,0,,32.20338983050847,No neighbours,Ligand chemistry,morgan_tanimoto,50,25.0
8adj__1__1.A__1.D,0.75,1,75.36231884057972,2,68.0609062557329,68.0609062557329,Low density,Ligand chemistry,morgan_tanimoto,50,75.0
8ai3__1__1.A__1.C_1.E,1.0,1,100.0,1,100.0,100.0,Low density,Ligand chemistry,morgan_tanimoto,50,100.0
8ai7__1__1.A__1.Q,0.0,1,34.72222222222222,0,,34.72222222222222,No neighbours,Ligand chemistry,morgan_tanimoto,50,0.0
8aij__1__1.C_1.D__1.O_1.P_1.Q,0.25,1,37.5,0,,37.5,No neighbours,Ligand chemistry,morgan_tanimoto,50,25.0
8ajk__1__1.A_1.B__1.D_1.E,1.0,1,100.0,619,98.86835476496219,98.86835476496219,High density,Ligand chemistry,morgan_tanimoto,50,100.0
8ak3__1__1.A__1.B_1.C,1.0,1,100.0,414,90.50119362089792,90.50119362089792,High density,Ligand chemistry,morgan_tanimoto,50,100.0
8ak5__1__1.A__1.C_1.E_1.F_1.G,0.5,2,100.0,198,80.82756197991814,80.82756197991814,High density,Ligand chemistry,morgan_tanimoto,50,50.0
8ak6__1__1.A__1.E_1.F_1.H,0.5,1,25.53191489361702,0,,25.53191489361702,No neighbours,Ligand chemistry,morgan_tanimoto,50,50.0
8ak7__1__1.A__1.C_1.E_1.G,0.5,2,100.0,204,80.39526268535916,80.39526268535916,High density,Ligand chemistry,morgan_tanimoto,50,50.0
8ak8__1__1.A__1.C_1.F_1.L,0.5,2,100.0,200,80.5745495180137,80.5745495180137,High density,Ligand chemistry,morgan_tanimoto,50,50.0
8akd__1__1.A__1.C_1.E,0.5,2,100.0,205,80.4812678224524,80.4812678224524,High density,Ligand chemistry,morgan_tanimoto,50,50.0
8akg__1__1.A__1.F_1.O,0.5,1,15.625,0,,15.625,No neighbours,Ligand chemistry,morgan_tanimoto,50,50.0
8am2__1__1.A__1.D,0.0,1,19.480519480519483,0,,19.480519480519483,No neighbours,Ligand chemistry,morgan_tanimoto,50,0.0
8aop__1__1.A__1.E,0.5,1,36.36363636363637,0,,36.36363636363637,No neighbours,Ligand chemistry,morgan_tanimoto,50,50.0
8apt__1__1.A_2.A__1.B,1.0,1,76.74418604651163,12,63.9094741938484,63.9094741938484,Low density,Ligand chemistry,morgan_tanimoto,50,100.0
8apu__1__1.A_2.A__1.B,1.0,1,76.31578947368422,16,59.52716916949384,59.52716916949384,Low density,Ligand chemistry,morgan_tanimoto,50,100.0
8apw__1__1.A_2.A__2.C,1.0,1,36.206896551724135,0,,36.206896551724135,No neighbours,Ligand chemistry,morgan_tanimoto,50,100.0
8aqf__1__1.A__1.B,0.0,1,20.2020202020202,0,,20.2020202020202,No neighbours,Ligand chemistry,morgan_tanimoto,50,0.0
8aqj__1__1.A_3.A__3.B,0.5,1,57.14285714285714,22,51.73456680305995,51.73456680305995,High density,Ligand chemistry,morgan_tanimoto,50,50.0
8arj__1__1.A__1.B,1.0,1,44.871794871794876,0,,44.871794871794876,No neighbours,Ligand chemistry,morgan_tanimoto,50,100.0
8ase__1__1.B__1.F_1.G,0.5,1,25.0,0,,25.0,No neighbours,Ligand chemistry,morgan_tanimoto,50,50.0
8asf__1__1.B__1.E,0.0,1,34.44444444444444,0,,34.44444444444444,No neighbours,Ligand chemistry,morgan_tanimoto,50,0.0
8atb__1__1.A__1.C,1.0,1,31.0,0,,31.0,No neighbours,Ligand chemistry,morgan_tanimoto,50,100.0
8atl__1__1.A__1.C,1.0,1,38.46153846153847,0,,38.46153846153847,No neighbours,Ligand chemistry,morgan_tanimoto,50,100.0
8aty__1__1.A__1.B_1.C,0.0,2,67.27272727272727,20,67.27272727272727,67.27272727272727,High density,Ligand chemistry,morgan_tanimoto,50,0.0
8au8__1__1.A_1.B__1.C_1.D_1.H,0.5,2,100.0,344,99.21415793508818,99.21415793508818,High density,Ligand chemistry,morgan_tanimoto,50,50.0
8aue__1__1.A__1.C_1.D,0.5,2,100.0,340,99.46994182288302,99.46994182288302,High density,Ligand chemistry,morgan_tanimoto,50,50.0
8aui__1__1.A_1.B__1.C_1.D_1.G,0.3333333333333333,3,100.0,344,99.21415793508818,99.21415793508818,High density,Ligand chemistry,morgan_tanimoto,50,33.33333333333333
8auj__1__1.A__1.C_1.D,0.5,2,100.0,342,99.34130197288093,99.34130197288093,High density,Ligand chemistry,morgan_tanimoto,50,50.0
8av1__1__1.B__1.J_1.M,1.0,1,29.333333333333332,0,,29.333333333333332,No neighbours,Ligand chemistry,morgan_tanimoto,50,100.0
8aw1__1__1.A__1.C,1.0,1,100.0,1,100.0,100.0,Low density,Ligand chemistry,morgan_tanimoto,50,100.0
8aw7__1__1.A__1.B_1.C,0.25,1,70.37037037037037,20,70.30639730639732,70.30639730639732,High density,Ligand chemistry,morgan_tanimoto,50,25.0
8axp__1__1.A__1.C,0.0,1,15.0,0,,15.0,No neighbours,Ligand chemistry,morgan_tanimoto,50,0.0
8ay6__1__1.A_1.B__1.C,0.5,1,100.0,1,100.0,100.0,Low density,Ligand chemistry,morgan_tanimoto,50,50.0
8ay8__1__1.A_1.B__1.D,1.0,1,59.25925925925925,1,59.25925925925925,59.25925925925925,Low density,Ligand chemistry,morgan_tanimoto,50,100.0
8aya__1__1.A_1.B__1.C,1.0,1,100.0,11,79.55594156221115,79.55594156221115,Low density,Ligand chemistry,morgan_tanimoto,50,100.0
8azd__1__1.A__1.C,1.0,1,100.0,143,92.89777627643528,92.89777627643528,High density,Ligand chemistry,morgan_tanimoto,50,100.0
8azi__1__1.A__1.C,1.0,1,76.19047619047619,136,72.838202357093,72.838202357093,High density,Ligand chemistry,morgan_tanimoto,50,100.0
8azl__1__1.A__1.C,1.0,1,86.4406779661017,138,80.76331417602096,80.76331417602096,High density,Ligand chemistry,morgan_tanimoto,50,100.0
8azm__1__1.A__1.C,1.0,1,70.3125,136,66.7046654540446,66.7046654540446,High density,Ligand chemistry,morgan_tanimoto,50,100.0
8azo__1__1.A__1.C,1.0,1,85.96491228070175,140,81.091100562164,81.091100562164,High density,Ligand chemistry,morgan_tanimoto,50,100.0
8azp__1__1.A__1.C,1.0,1,85.96491228070175,144,81.17964177965986,81.17964177965986,High density,Ligand chemistry,morgan_tanimoto,50,100.0
8b08__1__1.B__1.E,1.0,1,100.0,264,58.174793730912235,58.174793730912235,High density,Ligand chemistry,morgan_tanimoto,50,100.0
8b1n__1__1.A_1.B__1.C_1.Q,1.0,1,100.0,51,71.69272222316089,71.69272222316089,High density,Ligand chemistry,morgan_tanimoto,50,100.0
8b1v__1__1.A_1.B__1.E,0.0,1,12.857142857142856,0,,12.857142857142856,No neighbours,Ligand chemistry,morgan_tanimoto,50,0.0
8b25__1__1.A_1.B__1.J,0.0,1,13.48314606741573,0,,13.48314606741573,No neighbours,Ligand chemistry,morgan_tanimoto,50,0.0
8b35__1__1.A_1.B__1.E,0.0,1,100.0,4,100.0,100.0,Low density,Ligand chemistry,morgan_tanimoto,50,0.0
8b43__1__1.A__1.H_1.I_1.J_1.K_1.L,0.0,3,72.22222222222221,3,72.22222222222221,72.22222222222221,Low density,Ligand chemistry,morgan_tanimoto,50,0.0
8b5s__1__1.B__1.D,0.0,1,86.88524590163934,3,77.54931925534872,77.54931925534872,Low density,Ligand chemistry,morgan_tanimoto,50,0.0
8b62__1__1.A__1.C,0.5,1,86.88524590163934,2,79.88330091692137,79.88330091692137,Low density,Ligand chemistry,morgan_tanimoto,50,50.0
8b6m__1__1.A_1.B__1.E,1.0,1,65.33333333333333,6,60.43319268635724,60.43319268635724,Low density,Ligand chemistry,morgan_tanimoto,50,100.0
8b72__1__1.A_1.B__1.F_1.G,0.0,1,23.076923076923077,0,,23.076923076923077,No neighbours,Ligand chemistry,morgan_tanimoto,50,0.0
8b75__1__1.A__1.B,0.75,1,22.22222222222222,0,,22.22222222222222,No neighbours,Ligand chemistry,morgan_tanimoto,50,75.0
8b80__1__1.A__1.F_1.G,0.75,1,100.0,42,84.38798615269204,84.38798615269204,High density,Ligand chemistry,morgan_tanimoto,50,75.0
8b8h__1__1.A_1.B__1.H_1.K,1.0,1,100.0,133,57.04697043194497,57.04697043194497,High density,Ligand chemistry,morgan_tanimoto,50,100.0
8b8x__1__1.A_1.C__1.E,0.25,1,64.55696202531645,11,51.69769173492182,51.69769173492182,Low density,Ligand chemistry,morgan_tanimoto,50,25.0
8b8z__1__1.A__1.E,0.25,1,42.30769230769231,0,,42.30769230769231,No neighbours,Ligand chemistry,morgan_tanimoto,50,25.0
8b91__1__1.A__1.E,0.0,1,36.58536585365854,0,,36.58536585365854,No neighbours,Ligand chemistry,morgan_tanimoto,50,0.0
8b9h__1__1.A__1.B,0.75,1,30.0,0,,30.0,No neighbours,Ligand chemistry,morgan_tanimoto,50,75.0
8b9u__1__1.A_1.B__1.C_1.H,0.0,1,24.65753424657534,0,,24.65753424657534,No neighbours,Ligand chemistry,morgan_tanimoto,50,0.0
8bab__1__1.A__1.H_1.I,0.75,1,30.120481927710845,0,,30.120481927710845,No neighbours,Ligand chemistry,morgan_tanimoto,50,75.0
8baj__1__1.A__1.B,1.0,1,100.0,1,100.0,100.0,Low density,Ligand chemistry,morgan_tanimoto,50,100.0
8bam__1__1.A__1.C_1.D,0.875,2,100.0,142,95.54303355873841,95.54303355873841,High density,Ligand chemistry,morgan_tanimoto,50,87.5
8bcy__1__1.A__1.C,0.75,1,26.25,0,,26.25,No neighbours,Ligand chemistry,morgan_tanimoto,50,75.0
8bdm__1__1.C__1.M,1.0,1,51.68539325842697,4,51.68539325842697,51.68539325842697,Low density,Ligand chemistry,morgan_tanimoto,50,100.0
8bgc__1__1.A__1.F,1.0,1,58.06451612903226,1,58.06451612903226,58.06451612903226,Low density,Ligand chemistry,morgan_tanimoto,50,100.0
8bgt__1__1.A_2.A__2.D,0.0,1,27.27272727272727,0,,27.27272727272727,No neighbours,Ligand chemistry,morgan_tanimoto,50,0.0
8bgx__1__1.A_1.D__1.E_1.F_1.I,0.625,2,100.0,145,88.4797162547253,88.4797162547253,High density,Ligand chemistry,morgan_tanimoto,50,62.5
8bgy__1__1.A_1.B__1.E_1.F,0.5,2,100.0,145,88.4797162547253,88.4797162547253,High density,Ligand chemistry,morgan_tanimoto,50,50.0
8bgz__1__1.A_1.B__1.F,0.0,1,28.57142857142857,0,,28.57142857142857,No neighbours,Ligand chemistry,morgan_tanimoto,50,0.0
8bh0__1__1.A_1.D__1.J,0.0,1,32.075471698113205,0,,32.075471698113205,No neighbours,Ligand chemistry,morgan_tanimoto,50,0.0
8bi6__1__1.A__1.D,0.0,1,19.047619047619047,0,,19.047619047619047,No neighbours,Ligand chemistry,morgan_tanimoto,50,0.0
8bid__1__1.C_2.A__2.F_2.G,0.0,1,30.864197530864196,0,,30.864197530864196,No neighbours,Ligand chemistry,morgan_tanimoto,50,0.0
8bih__1__1.A_1.L__1.N,0.0,1,30.357142857142854,0,,30.357142857142854,No neighbours,Ligand chemistry,morgan_tanimoto,50,0.0
8bir__1__1.A_1.B__1.D,0.0,1,28.57142857142857,0,,28.57142857142857,No neighbours,Ligand chemistry,morgan_tanimoto,50,0.0
8bj3__1__1.A_1.B__1.C,1.0,1,52.307692307692314,48,50.96356971449086,50.96356971449086,High density,Ligand chemistry,morgan_tanimoto,50,100.0
8bjd__1__1.A__1.B,1.0,1,100.0,1,100.0,100.0,Low density,Ligand chemistry,morgan_tanimoto,50,100.0
8bji__1__1.A_1.B__1.C_1.D,1.0,1,100.0,915,98.62775051812369,98.62775051812369,High density,Ligand chemistry,morgan_tanimoto,50,100.0
8bjt__1__1.A__1.C,1.0,1,100.0,10,84.07574214588413,84.07574214588413,Low density,Ligand chemistry,morgan_tanimoto,50,100.0
8bju__1__1.A__1.B,1.0,1,67.90123456790124,9,58.66115800541354,58.66115800541354,Low density,Ligand chemistry,morgan_tanimoto,50,100.0
8bk0__1__1.A__1.H,1.0,1,35.8974358974359,0,,35.8974358974359,No neighbours,Ligand chemistry,morgan_tanimoto,50,100.0
8bl0__1__1.A__1.C_1.E,0.75,2,100.0,202,80.76688071090464,80.76688071090464,High density,Ligand chemistry,morgan_tanimoto,50,75.0
8bl1__1__1.A__1.C_1.E,0.75,2,100.0,202,80.76688071090464,80.76688071090464,High density,Ligand chemistry,morgan_tanimoto,50,75.0
8blz__1__1.A__1.B_1.D,1.0,1,100.0,66,98.71995820271681,98.71995820271681,High density,Ligand chemistry,morgan_tanimoto,50,100.0
8bnx__1__1.A__1.C,0.0,1,100.0,37,83.22732290501116,83.22732290501116,High density,Ligand chemistry,morgan_tanimoto,50,0.0
8bo3__1__1.A__1.B,1.0,1,24.545454545454547,0,,24.545454545454547,No neighbours,Ligand chemistry,morgan_tanimoto,50,100.0
8bo4__1__1.A__1.C,1.0,1,48.75,0,,48.75,No neighbours,Ligand chemistry,morgan_tanimoto,50,100.0
8boc__1__1.A__1.B,1.0,1,88.57142857142857,16,66.18241687110358,66.18241687110358,Low density,Ligand chemistry,morgan_tanimoto,50,100.0
8bok__1__1.A__1.B,1.0,1,75.34246575342466,10,60.621810675173904,60.621810675173904,Low density,Ligand chemistry,morgan_tanimoto,50,100.0
8bq4__1__1.B__1.D,0.25,1,18.421052631578945,0,,18.421052631578945,No neighbours,Ligand chemistry,morgan_tanimoto,50,25.0
8br0__1__1.A_1.B__1.E_1.F_1.G,1.0,2,100.0,999,97.90842459969821,97.90842459969821,High density,Ligand chemistry,morgan_tanimoto,50,100.0
8br5__1__1.A__1.E,1.0,1,39.02439024390244,0,,39.02439024390244,No neighbours,Ligand chemistry,morgan_tanimoto,50,100.0
8br6__1__1.A__1.C,1.0,1,33.33333333333333,0,,33.33333333333333,No neighbours,Ligand chemistry,morgan_tanimoto,50,100.0
8bsg__1__1.A__1.B,0.25,1,100.0,20,100.0,100.0,High density,Ligand chemistry,morgan_tanimoto,50,25.0
8bst__1__1.A__1.R,0.75,1,100.0,121,94.71793029105282,94.71793029105282,High density,Ligand chemistry,morgan_tanimoto,50,75.0
8bsu__1__1.A_1.D__1.I_1.OA_1.SA,0.5,2,100.0,22,70.96309821256965,70.96309821256965,High density,Ligand chemistry,morgan_tanimoto,50,50.0
8bt0__1__1.A__1.M,1.0,1,24.0,0,,24.0,No neighbours,Ligand chemistry,morgan_tanimoto,50,100.0
8bt2__1__1.A__1.M,1.0,1,29.82456140350877,0,,29.82456140350877,No neighbours,Ligand chemistry,morgan_tanimoto,50,100.0
8bvx__1__1.A__1.D_1.F,0.25,1,18.84057971014493,0,,18.84057971014493,No neighbours,Ligand chemistry,morgan_tanimoto,50,25.0
8bxx__1__1.A__1.E_1.F,1.0,1,100.0,297,85.0290898146899,85.0290898146899,High density,Ligand chemistry,morgan_tanimoto,50,100.0
8bzx__1__1.A_1.B__1.E_1.F,0.75,1,62.68656716417911,8,58.60486528396976,58.60486528396976,Low density,Ligand chemistry,morgan_tanimoto,50,75.0
8c08__1__1.A__1.C_1.D,1.0,1,100.0,312,85.065640827975,85.065640827975,High density,Ligand chemistry,morgan_tanimoto,50,100.0
8c0q__1__1.A__1.B_1.C,0.25,1,33.87096774193548,0,,33.87096774193548,No neighbours,Ligand chemistry,morgan_tanimoto,50,25.0
8c0r__1__1.A__1.B_1.C,0.25,1,30.76923076923077,0,,30.76923076923077,No neighbours,Ligand chemistry,morgan_tanimoto,50,25.0
8c1f__1__1.A__1.B_1.C_1.D_1.J,0.5,2,100.0,749,89.2897755194058,89.2897755194058,High density,Ligand chemistry,morgan_tanimoto,50,50.0
8c1m__1__1.A__1.C,0.0,1,34.0,0,,34.0,No neighbours,Ligand chemistry,morgan_tanimoto,50,0.0
8c3i__1__1.B__1.D,1.0,1,100.0,184,75.69488931368848,75.69488931368848,High density,Ligand chemistry,morgan_tanimoto,50,100.0
8c3n__1__1.A__1.C_1.D,1.0,1,100.0,240,88.09132135293781,88.09132135293781,High density,Ligand chemistry,morgan_tanimoto,50,100.0
8c3r__1__1.A__1.C,0.0,1,42.62295081967213,0,,42.62295081967213,No neighbours,Ligand chemistry,morgan_tanimoto,50,0.0
8c47__1__1.B__1.E_1.F,1.0,1,100.0,919,98.0320880478775,98.0320880478775,High density,Ligand chemistry,morgan_tanimoto,50,100.0
8c4w__1__1.A__1.J_1.K_1.P,0.25,2,100.0,4,100.0,100.0,Low density,Ligand chemistry,morgan_tanimoto,50,25.0
8c6f__1__1.A__1.B_1.C,1.0,1,100.0,100,98.64835164835164,98.64835164835164,High density,Ligand chemistry,morgan_tanimoto,50,100.0
8c6l__1__1.A__1.C,0.75,1,40.625,0,,40.625,No neighbours,Ligand chemistry,morgan_tanimoto,50,75.0
8c6n__1__1.A__1.B,0.75,1,62.71186440677966,1,62.71186440677966,62.71186440677966,Low density,Ligand chemistry,morgan_tanimoto,50,75.0
8c6o__1__1.A__1.C,1.0,1,100.0,33,87.17342598921546,87.17342598921546,High density,Ligand chemistry,morgan_tanimoto,50,100.0
8c6p__1__1.A__1.B,0.0,1,29.166666666666668,0,,29.166666666666668,No neighbours,Ligand chemistry,morgan_tanimoto,50,0.0
8c6q__1__1.A__1.C,0.0,1,19.565217391304348,0,,19.565217391304348,No neighbours,Ligand chemistry,morgan_tanimoto,50,0.0
8c6s__1__1.A__1.C,0.0,1,24.242424242424242,0,,24.242424242424242,No neighbours,Ligand chemistry,morgan_tanimoto,50,0.0
8c6z__1__1.A__1.C_1.E,0.0,1,100.0,44,77.85224955780893,77.85224955780893,High density,Ligand chemistry,morgan_tanimoto,50,0.0
8c70__1__1.A__1.B,0.0,1,16.842105263157894,0,,16.842105263157894,No neighbours,Ligand chemistry,morgan_tanimoto,50,0.0
8c71__1__1.A__1.C,0.0,1,25.0,0,,25.0,No neighbours,Ligand chemistry,morgan_tanimoto,50,0.0
8c74__1__1.A__1.C,0.0,1,18.88888888888889,0,,18.88888888888889,No neighbours,Ligand chemistry,morgan_tanimoto,50,0.0
8c7r__1__1.A__1.C_1.D,0.625,2,100.0,4,100.0,100.0,Low density,Ligand chemistry,morgan_tanimoto,50,62.5
8c9d__1__1.A__1.D,0.5,1,100.0,8,77.96050351971405,77.96050351971405,Low density,Ligand chemistry,morgan_tanimoto,50,50.0
8c9e__1__1.A__1.C,1.0,1,100.0,9,76.50543255806414,76.50543255806414,Low density,Ligand chemistry,morgan_tanimoto,50,100.0
8c9s__1__1.B__1.F_1.G,1.0,1,100.0,139,88.91460744447919,88.91460744447919,High density,Ligand chemistry,morgan_tanimoto,50,100.0
8caa__1__1.B__1.F,1.0,1,26.229508196721312,0,,26.229508196721312,No neighbours,Ligand chemistry,morgan_tanimoto,50,100.0
8cbh__1__1.A__1.C,0.25,1,38.82352941176471,0,,38.82352941176471,No neighbours,Ligand chemistry,morgan_tanimoto,50,25.0
8cbr__1__1.A_1.B_1.D__1.E,0.0,1,61.42857142857143,14,58.8233131090274,58.8233131090274,Low density,Ligand chemistry,morgan_tanimoto,50,0.0
8cbs__1__1.B_1.C_1.D__1.L,0.0,1,58.44155844155844,10,52.1588999236058,52.1588999236058,Low density,Ligand chemistry,morgan_tanimoto,50,0.0
8cbu__1__1.A_1.B_1.D__1.M,0.0,1,45.78313253012048,0,,45.78313253012048,No neighbours,Ligand chemistry,morgan_tanimoto,50,0.0
8ccj__1__1.A_2.A__1.B_1.J,1.0,1,100.0,536,95.60128615165928,95.60128615165928,High density,Ligand chemistry,morgan_tanimoto,50,100.0
8cdw__1__1.B__1.D,1.0,1,40.845070422535215,0,,40.845070422535215,No neighbours,Ligand chemistry,morgan_tanimoto,50,100.0
8cdx__1__1.A__1.C_1.D,0.25,1,69.44444444444444,42,57.593724820368195,57.593724820368195,High density,Ligand chemistry,morgan_tanimoto,50,25.0
8cdz__1__1.A__1.C_1.D_1.E,0.25,1,74.35897435897436,48,58.59718864473422,58.59718864473422,High density,Ligand chemistry,morgan_tanimoto,50,25.0
8ceq__1__1.A__1.C,1.0,1,62.5,26,62.5,62.5,High density,Ligand chemistry,morgan_tanimoto,50,100.0
8ces__1__1.A__1.C,0.25,1,54.87804878048781,26,54.878048780487816,54.878048780487816,High density,Ligand chemistry,morgan_tanimoto,50,25.0
8cev__1__1.A__1.C,1.0,1,70.3125,26,70.3125,70.3125,High density,Ligand chemistry,morgan_tanimoto,50,100.0
8cex__1__1.A__1.D,0.75,1,11.25,0,,11.25,No neighbours,Ligand chemistry,morgan_tanimoto,50,75.0
8cey__1__1.A__1.D,0.0,1,11.904761904761903,0,,11.904761904761903,No neighbours,Ligand chemistry,morgan_tanimoto,50,0.0
8chc__1__1.A__1.B,0.75,1,80.64516129032258,6,68.5277088502895,68.5277088502895,Low density,Ligand chemistry,morgan_tanimoto,50,75.0
8chk__1__1.A__1.D,1.0,1,62.5,1,62.5,62.5,Low density,Ligand chemistry,morgan_tanimoto,50,100.0
8chl__1__1.A__1.C_1.E,1.0,1,74.24242424242425,1,74.24242424242425,74.24242424242425,Low density,Ligand chemistry,morgan_tanimoto,50,100.0
8cij__1__1.A__1.B,0.0,1,22.772277227722775,0,,22.772277227722775,No neighbours,Ligand chemistry,morgan_tanimoto,50,0.0
8cji__1__1.A__1.B_1.C,0.25,1,23.52941176470588,0,,23.52941176470588,No neighbours,Ligand chemistry,morgan_tanimoto,50,25.0
8cjj__1__1.A__1.B_1.C,0.25,1,14.925373134328357,0,,14.925373134328357,No neighbours,Ligand chemistry,morgan_tanimoto,50,25.0
8cjk__1__1.A__1.B_1.C,0.25,1,14.705882352941178,0,,14.705882352941178,No neighbours,Ligand chemistry,morgan_tanimoto,50,25.0
8cjo__1__1.A__1.B_1.C,0.0,1,17.46031746031746,0,,17.46031746031746,No neighbours,Ligand chemistry,morgan_tanimoto,50,0.0
8cju__1__1.A__1.B,0.0,1,100.0,1,100.0,100.0,Low density,Ligand chemistry,morgan_tanimoto,50,0.0
8ck5__1__1.A__1.D,1.0,1,83.07692307692308,102,65.04230232454736,65.04230232454736,High density,Ligand chemistry,morgan_tanimoto,50,100.0
8ckc__1__2.A__2.D,1.0,1,85.48387096774194,110,65.51104310359439,65.51104310359439,High density,Ligand chemistry,morgan_tanimoto,50,100.0
8ckh__1__1.A_1.B__1.D,0.0,1,100.0,12,85.79096045197741,85.79096045197741,Low density,Ligand chemistry,morgan_tanimoto,50,0.0
8cnh__1__1.A__1.B_1.L,0.5,1,23.28767123287671,0,,23.28767123287671,No neighbours,Ligand chemistry,morgan_tanimoto,50,50.0
8cnm__1__1.A_1.B__1.F_1.N_1.S,0.375,2,100.0,205,80.4812678224524,80.4812678224524,High density,Ligand chemistry,morgan_tanimoto,50,37.5
8cno__1__1.A_1.B__1.C_1.E_1.F,0.25,2,100.0,209,80.58888311133687,80.58888311133687,High density,Ligand chemistry,morgan_tanimoto,50,25.0
8cnt__1__1.A__1.B_1.C,0.0,1,100.0,48,96.22227098622534,96.22227098622534,High density,Ligand chemistry,morgan_tanimoto,50,0.0
8con__1__1.A_2.A__2.D_2.J,1.0,1,100.0,508,62.61515705390654,62.61515705390654,High density,Ligand chemistry,morgan_tanimoto,50,100.0
8coq__1__1.A__1.C_1.D,0.625,2,100.0,767,85.36658096084295,85.36658096084295,High density,Ligand chemistry,morgan_tanimoto,50,62.5
8cou__1__1.A__1.V,0.5,1,25.53191489361702,0,,25.53191489361702,No neighbours,Ligand chemistry,morgan_tanimoto,50,50.0
8cov__1__1.A__1.D,0.25,1,18.75,0,,18.75,No neighbours,Ligand chemistry,morgan_tanimoto,50,25.0
8cow__1__1.B__1.I_1.J,1.0,2,100.0,762,85.27056115087473,85.27056115087473,High density,Ligand chemistry,morgan_tanimoto,50,100.0
8cp4__1__2.A__2.H_2.I,0.0,1,100.0,31,85.65700747220706,85.65700747220706,High density,Ligand chemistry,morgan_tanimoto,50,0.0
8cp7__1__1.A__1.B,0.75,1,100.0,17,92.36999147485079,92.36999147485079,Low density,Ligand chemistry,morgan_tanimoto,50,75.0
8cp9__1__1.A__1.C_1.D,0.5,1,81.35593220338984,20,79.28974979822438,79.28974979822438,High density,Ligand chemistry,morgan_tanimoto,50,50.0
8cpb__1__1.B__1.H,0.0,1,100.0,6,100.0,100.0,Low density,Ligand chemistry,morgan_tanimoto,50,0.0
8cq8__1__1.A__1.C_1.D_1.E,1.0,2,100.0,762,85.27056115087473,85.27056115087473,High density,Ligand chemistry,morgan_tanimoto,50,100.0
8cq9__1__1.B__1.I_1.J_1.K,1.0,2,100.0,767,85.36658096084295,85.36658096084295,High density,Ligand chemistry,morgan_tanimoto,50,100.0
8cqv__1__1.A_1.B__1.K_1.P,1.0,1,100.0,22,100.0,100.0,High density,Ligand chemistry,morgan_tanimoto,50,100.0
8crj__1__1.A__1.B,0.0,1,100.0,12,82.12392159760581,82.12392159760581,Low density,Ligand chemistry,morgan_tanimoto,50,0.0
8crl__1__1.A__1.C,1.0,1,48.837209302325576,0,,48.837209302325576,No neighbours,Ligand chemistry,morgan_tanimoto,50,100.0
8crp__1__1.A_1.C__1.E_1.I,0.5,2,71.05263157894737,44,70.54930715217797,70.54930715217797,High density,Ligand chemistry,morgan_tanimoto,50,50.0
8csg__1__1.A__1.C_1.D,0.625,2,100.0,101,64.31999771426587,64.31999771426587,High density,Ligand chemistry,morgan_tanimoto,50,62.5
8cta__1__1.A_1.B_1.D__1.Q,1.0,1,100.0,13,65.06402169739411,65.06402169739411,Low density,Ligand chemistry,morgan_tanimoto,50,100.0
8ctb__1__1.A__1.C_1.D,0.5,2,100.0,114,64.48069774840312,64.48069774840312,High density,Ligand chemistry,morgan_tanimoto,50,50.0
8cu7__1__1.A__1.C,0.75,1,20.0,0,,20.0,No neighbours,Ligand chemistry,morgan_tanimoto,50,75.0
8cvc__1__1.A__1.C_1.J_1.O_1.P,0.5,1,72.3404255319149,2,72.3404255319149,72.3404255319149,Low density,Ligand chemistry,morgan_tanimoto,50,50.0
8cvd__1__1.A__1.B_1.K_1.L,0.5,1,68.08510638297872,2,68.08510638297872,68.08510638297872,Low density,Ligand chemistry,morgan_tanimoto,50,50.0
8cve__1__1.A__1.B_1.K_1.L,0.75,2,100.0,29,100.0,100.0,High density,Ligand chemistry,morgan_tanimoto,50,75.0
8cvf__1__1.A__1.D_1.E_1.F_1.G,0.5,1,100.0,2,100.0,100.0,Low density,Ligand chemistry,morgan_tanimoto,50,50.0
8cvg__1__1.A__1.B_1.F_1.J,0.5,2,100.0,32,98.27127659574468,98.27127659574468,High density,Ligand chemistry,morgan_tanimoto,50,50.0
8cyu__1__1.A_1.B__1.F,1.0,1,38.70967741935484,0,,38.70967741935484,No neighbours,Ligand chemistry,morgan_tanimoto,50,100.0
8cyz__1__1.A_1.C__1.E,1.0,1,36.92307692307693,0,,36.92307692307693,No neighbours,Ligand chemistry,morgan_tanimoto,50,100.0
8cz7__1__1.A_1.C__1.E,1.0,1,39.726027397260275,0,,39.726027397260275,No neighbours,Ligand chemistry,morgan_tanimoto,50,100.0
8czl__1__1.A__1.C_1.D,0.5,1,71.42857142857143,2,71.42857142857143,71.42857142857143,Low density,Ligand chemistry,morgan_tanimoto,50,50.0
8d19__1__1.A__1.C_1.D,1.0,1,100.0,2,100.0,100.0,Low density,Ligand chemistry,morgan_tanimoto,50,100.0
8d3e__1__1.A__1.C_1.D,1.0,1,100.0,137,98.25583986167928,98.25583986167928,High density,Ligand chemistry,morgan_tanimoto,50,100.0
8d3h__1__1.A__1.C_1.D,0.625,2,100.0,131,98.17595466450427,98.17595466450427,High density,Ligand chemistry,morgan_tanimoto,50,62.5
8d3j__1__1.A__1.D_1.E_1.F,0.625,2,100.0,141,98.30531958191533,98.30531958191533,High density,Ligand chemistry,morgan_tanimoto,50,62.5
8d5b__1__1.A__1.B_1.G_1.H,1.0,1,100.0,8,71.30434782608695,71.30434782608695,Low density,Ligand chemistry,morgan_tanimoto,50,100.0
8d6c__1__1.A__1.F,1.0,1,43.75,0,,43.75,No neighbours,Ligand chemistry,morgan_tanimoto,50,100.0
8d6e__1__1.A__1.D,1.0,1,32.30769230769231,0,,32.30769230769231,No neighbours,Ligand chemistry,morgan_tanimoto,50,100.0
8d6f__1__1.A__1.D,1.0,1,41.17647058823529,0,,41.17647058823529,No neighbours,Ligand chemistry,morgan_tanimoto,50,100.0
8d6m__1__1.A__1.C,0.25,1,100.0,4,100.0,100.0,Low density,Ligand chemistry,morgan_tanimoto,50,25.0
8d6t__1__1.A__1.C,0.25,1,100.0,4,100.0,100.0,Low density,Ligand chemistry,morgan_tanimoto,50,25.0
8d9b__1__1.A__1.C_1.D,1.0,1,34.48275862068966,0,,34.48275862068966,No neighbours,Ligand chemistry,morgan_tanimoto,50,100.0
8d9c__1__1.A__1.C_1.D,1.0,1,34.61538461538461,0,,34.61538461538461,No neighbours,Ligand chemistry,morgan_tanimoto,50,100.0
8db0__1__1.A__1.E,0.75,1,100.0,6,100.0,100.0,Low density,Ligand chemistry,morgan_tanimoto,50,75.0
8dcd__1__1.A__1.E_1.Q_1.R,0.25,1,85.48387096774194,5,84.88320355951058,84.88320355951058,Low density,Ligand chemistry,morgan_tanimoto,50,25.0
8ddb__1__1.A__1.B_1.C_1.E,1.0,1,61.29032258064516,1,61.29032258064516,61.29032258064516,Low density,Ligand chemistry,morgan_tanimoto,50,100.0
8dil__1__1.A_1.B__1.K_1.L_1.M,1.0,1,100.0,44,100.0,100.0,High density,Ligand chemistry,morgan_tanimoto,50,100.0
8dj6__1__1.C__1.F_1.O,0.0,1,41.83673469387755,0,,41.83673469387755,No neighbours,Ligand chemistry,morgan_tanimoto,50,0.0
8djv__1__1.A__1.B_1.C_1.D,1.0,1,39.02439024390244,0,,39.02439024390244,No neighbours,Ligand chemistry,morgan_tanimoto,50,100.0
8dk4__1__1.A__1.C,1.0,1,70.0,1,70.0,70.0,Low density,Ligand chemistry,morgan_tanimoto,50,100.0
8dkp__1__1.A__1.C_1.D,0.875,2,100.0,171,90.25182875172142,90.25182875172142,High density,Ligand chemistry,morgan_tanimoto,50,87.5
8dkq__1__1.A__1.C_1.D,0.875,2,100.0,148,88.73691024692137,88.73691024692137,High density,Ligand chemistry,morgan_tanimoto,50,87.5
8dkt__1__1.A_1.B__1.D_1.E,0.5,1,100.0,88,93.8676948051948,93.8676948051948,High density,Ligand chemistry,morgan_tanimoto,50,50.0
8dml__1__1.B__1.J,0.25,1,43.24324324324324,0,,43.24324324324324,No neighbours,Ligand chemistry,morgan_tanimoto,50,25.0
8doc__1__2.A__2.B_2.D_2.E,1.0,1,76.08695652173914,14,72.79733149298367,72.79733149298367,Low density,Ligand chemistry,morgan_tanimoto,50,100.0
8dos__1__1.A_1.B__1.C_1.G,0.0,1,100.0,101,98.83883992794884,98.83883992794884,High density,Ligand chemistry,morgan_tanimoto,50,0.0
8dpb__1__1.A_1.B__1.I_1.J,1.0,1,83.87096774193549,71,74.57430902049616,74.57430902049616,High density,Ligand chemistry,morgan_tanimoto,50,100.0
8dq8__1__1.B__1.F_1.G,1.0,2,100.0,270,65.51281282942558,65.51281282942558,High density,Ligand chemistry,morgan_tanimoto,50,100.0
8dqd__1__1.A__1.B,0.75,1,100.0,7,67.64705882352942,67.64705882352942,Low density,Ligand chemistry,morgan_tanimoto,50,75.0
8dqh__1__1.B__1.J_1.K_1.L,1.0,1,100.0,93,83.18992373206777,83.18992373206777,High density,Ligand chemistry,morgan_tanimoto,50,100.0
8dqs__1__1.A__1.B_1.C_1.D,0.5,1,73.91304347826086,18,72.43535095197497,72.43535095197497,High density,Ligand chemistry,morgan_tanimoto,50,50.0
8dsc__1__1.B__1.L,0.0,1,21.875,0,,21.875,No neighbours,Ligand chemistry,morgan_tanimoto,50,0.0
8dse__1__1.A_1.B__1.C_1.G,0.375,2,100.0,8,67.34615384615384,67.34615384615384,Low density,Ligand chemistry,morgan_tanimoto,50,37.5
8dsh__1__1.A_1.B__1.C,0.0,1,100.0,2,100.0,100.0,Low density,Ligand chemistry,morgan_tanimoto,50,0.0
8dsh__1__1.A_1.B__1.E_1.F,0.0,2,100.0,2,100.0,100.0,Low density,Ligand chemistry,morgan_tanimoto,50,0.0
8dsm__1__1.A_1.B__1.J,0.5,1,35.77981651376147,0,,35.77981651376147,No neighbours,Ligand chemistry,morgan_tanimoto,50,50.0
8dsr__1__1.A__1.C,0.0,1,28.125,0,,28.125,No neighbours,Ligand chemistry,morgan_tanimoto,50,0.0
8dt1__1__1.B__1.J_1.K,1.0,1,100.0,2967,86.84877862166263,86.84877862166263,High density,Ligand chemistry,morgan_tanimoto,50,100.0
8dt5__1__1.B__1.I_1.M_1.O,0.0,1,100.0,14,93.75,93.75,Low density,Ligand chemistry,morgan_tanimoto,50,0.0
8du3__1__1.A__1.B,1.0,1,38.775510204081634,0,,38.775510204081634,No neighbours,Ligand chemistry,morgan_tanimoto,50,100.0
8du9__1__1.B__1.D,0.0,1,60.0,10,53.64383561643835,53.64383561643835,Low density,Ligand chemistry,morgan_tanimoto,50,0.0
8dub__1__1.A__1.C,0.0,1,35.294117647058826,0,,35.294117647058826,No neighbours,Ligand chemistry,morgan_tanimoto,50,0.0
8duh__1__1.A__1.C,0.25,1,44.44444444444444,0,,44.44444444444444,No neighbours,Ligand chemistry,morgan_tanimoto,50,25.0
8dui__1__1.A__1.C,0.25,1,41.02564102564102,0,,41.02564102564102,No neighbours,Ligand chemistry,morgan_tanimoto,50,25.0
8duk__1__1.A__1.E,0.25,1,41.02564102564102,0,,41.02564102564102,No neighbours,Ligand chemistry,morgan_tanimoto,50,25.0
8dv7__1__1.B__1.D,0.0,1,31.11111111111111,0,,31.11111111111111,No neighbours,Ligand chemistry,morgan_tanimoto,50,0.0
8dv8__1__1.A__1.C,0.0,1,30.76923076923077,0,,30.76923076923077,No neighbours,Ligand chemistry,morgan_tanimoto,50,0.0
8dvh__1__1.A__1.C_1.D,0.5,1,100.0,52,88.83253498638113,88.83253498638113,High density,Ligand chemistry,morgan_tanimoto,50,50.0
8dvo__1__1.A__1.B_1.C_1.D,0.0,1,74.28571428571429,3,63.095238095238095,63.095238095238095,Low density,Ligand chemistry,morgan_tanimoto,50,0.0
8dxk__1__1.A_1.B__1.C,1.0,1,100.0,19,96.14354066985646,96.14354066985646,High density,Ligand chemistry,morgan_tanimoto,50,100.0
8e0h__1__1.A__1.C,0.75,1,93.44262295081968,312,80.75006975583145,80.75006975583145,High density,Ligand chemistry,morgan_tanimoto,50,75.0
8e1h__1__1.A__1.C_1.E_1.F,1.0,1,100.0,18,89.5353469506012,89.5353469506012,High density,Ligand chemistry,morgan_tanimoto,50,100.0
8e1i__1__1.A__1.C_1.D_1.E_1.F,1.0,1,100.0,22,90.2972027972028,90.2972027972028,High density,Ligand chemistry,morgan_tanimoto,50,100.0
8e1o__1__1.A__1.D,1.0,1,27.27272727272727,0,,27.27272727272727,No neighbours,Ligand chemistry,morgan_tanimoto,50,100.0
8e1t__1__1.A__1.C_1.E,1.0,1,100.0,18,91.63841807909606,91.63841807909606,High density,Ligand chemistry,morgan_tanimoto,50,100.0
8e1x__1__1.A__1.C,0.25,1,28.82882882882883,0,,28.82882882882883,No neighbours,Ligand chemistry,morgan_tanimoto,50,25.0
8e4s__1__1.A__1.B_1.C_1.D,0.0,1,53.333333333333336,10,53.333333333333336,53.333333333333336,Low density,Ligand chemistry,morgan_tanimoto,50,0.0
8e5i__1__1.A__1.B_1.E,1.0,1,100.0,344,99.21415793508818,99.21415793508818,High density,Ligand chemistry,morgan_tanimoto,50,100.0
8e5m__1__1.A_1.E__1.U,0.0,1,17.346938775510203,0,,17.346938775510203,No neighbours,Ligand chemistry,morgan_tanimoto,50,0.0
8e62__1__1.A_1.C__1.G_1.H,0.75,2,100.0,183,84.25449875255441,84.25449875255441,High density,Ligand chemistry,morgan_tanimoto,50,75.0
8e81__1__1.A__1.B,0.5,1,28.28282828282828,0,,28.28282828282828,No neighbours,Ligand chemistry,morgan_tanimoto,50,50.0
8e9e__1__1.A_1.B__1.I_1.J_1.K,1.0,2,100.0,106,81.93058324336485,81.93058324336485,High density,Ligand chemistry,morgan_tanimoto,50,100.0
8e9r__1__1.A_1.B__1.E_1.F,1.0,1,100.0,257,88.19344877093178,88.19344877093178,High density,Ligand chemistry,morgan_tanimoto,50,100.0
8ea6__1__1.A_1.B__1.C,0.0,1,17.741935483870968,0,,17.741935483870968,No neighbours,Ligand chemistry,morgan_tanimoto,50,0.0
8eef__1__1.A__1.C_1.D,0.625,2,100.0,123,98.04068155624084,98.04068155624084,High density,Ligand chemistry,morgan_tanimoto,50,62.5
8efj__1__1.A__1.D,0.0,1,38.88888888888889,0,,38.88888888888889,No neighbours,Ligand chemistry,morgan_tanimoto,50,0.0
8egf__1__1.A__1.B_1.C,1.0,1,100.0,58,94.4115644729321,94.4115644729321,High density,Ligand chemistry,morgan_tanimoto,50,100.0
8egz__1__1.B__1.I,1.0,1,100.0,251,64.52503182537127,64.52503182537127,High density,Ligand chemistry,morgan_tanimoto,50,100.0
8eh0__1__1.A__1.C_1.E,0.5,2,100.0,250,64.23619317716255,64.23619317716255,High density,Ligand chemistry,morgan_tanimoto,50,50.0
8emu__1__1.A__1.E,0.0,1,72.22222222222221,41,55.802535963355915,55.802535963355915,High density,Ligand chemistry,morgan_tanimoto,50,0.0
8eni__1__2.A__2.B,0.25,1,73.07692307692307,2,73.07692307692307,73.07692307692307,Low density,Ligand chemistry,morgan_tanimoto,50,25.0
8eq9__1__1.A__1.B,0.25,1,46.25,0,,46.25,No neighbours,Ligand chemistry,morgan_tanimoto,50,25.0
8eqz__1__1.A__1.C,0.0,1,66.66666666666666,27,66.20370370370371,66.20370370370371,High density,Ligand chemistry,morgan_tanimoto,50,0.0
8er0__1__1.A__1.C_1.D,0.875,2,100.0,167,100.0,100.0,High density,Ligand chemistry,morgan_tanimoto,50,87.5
8erb__1__1.A_1.C__1.Q,1.0,1,100.0,272,54.324941393816864,54.324941393816864,High density,Ligand chemistry,morgan_tanimoto,50,100.0
8erd__1__1.A__1.B,1.0,1,46.666666666666664,0,,46.666666666666664,No neighbours,Ligand chemistry,morgan_tanimoto,50,100.0
8erj__1__1.A_2.C__1.I,1.0,1,100.0,264,66.04945548506126,66.04945548506126,High density,Ligand chemistry,morgan_tanimoto,50,100.0
8etd__1__1.B__1.E_1.F,1.0,1,100.0,1882,91.37324331086101,91.37324331086101,High density,Ligand chemistry,morgan_tanimoto,50,100.0
8evx__1__1.A__1.C_1.D_1.E_1.F_1.G,1.0,1,100.0,108,95.90545160580338,95.90545160580338,High density,Ligand chemistry,morgan_tanimoto,50,100.0
8evz__1__1.A__1.D_1.E_1.F_1.G,1.0,1,100.0,134,94.82744816060675,94.82744816060675,High density,Ligand chemistry,morgan_tanimoto,50,100.0
8ewz__1__1.A__1.B_1.C_1.H,0.25,1,72.0,10,63.95946094231332,63.95946094231332,Low density,Ligand chemistry,morgan_tanimoto,50,25.0
8ex1__1__1.A__1.B,1.0,1,40.27777777777778,0,,40.27777777777778,No neighbours,Ligand chemistry,morgan_tanimoto,50,100.0
8ex2__1__1.A__1.B,1.0,1,22.448979591836736,0,,22.448979591836736,No neighbours,Ligand chemistry,morgan_tanimoto,50,100.0
8ex3__1__1.A__1.B_1.C,0.5,1,62.96296296296296,10,56.94093413186878,56.94093413186878,Low density,Ligand chemistry,morgan_tanimoto,50,50.0
8exl__1__1.A__1.B,1.0,1,100.0,3,66.66666666666667,66.66666666666667,Low density,Ligand chemistry,morgan_tanimoto,50,100.0
8exu__1__1.A__1.B,1.0,1,35.55555555555556,0,,35.55555555555556,No neighbours,Ligand chemistry,morgan_tanimoto,50,100.0
8eym__1__1.A_1.B__1.C_1.E,0.5,1,60.526315789473685,76,60.176677251537036,60.176677251537036,High density,Ligand chemistry,morgan_tanimoto,50,50.0
8ez1__1__1.A_1.B__1.D,0.25,1,53.44827586206896,428,53.42410570415726,53.42410570415726,High density,Ligand chemistry,morgan_tanimoto,50,25.0
8f1g__1__1.A__1.C,0.0,1,26.744186046511626,0,,26.744186046511626,No neighbours,Ligand chemistry,morgan_tanimoto,50,0.0
8f1z__1__1.A__1.B,1.0,1,26.21359223300971,0,,26.21359223300971,No neighbours,Ligand chemistry,morgan_tanimoto,50,100.0
8f4q__1__1.A__1.F,0.0,1,51.35135135135135,10,51.35135135135134,51.35135135135134,Low density,Ligand chemistry,morgan_tanimoto,50,0.0
8f71__1__1.B__1.E_1.F,1.0,1,100.0,75,95.27571863165083,95.27571863165083,High density,Ligand chemistry,morgan_tanimoto,50,100.0
8f8k__1__1.A__1.F_1.G_1.I_1.J_1.K,0.0,1,100.0,52,90.08413461538461,90.08413461538461,High density,Ligand chemistry,morgan_tanimoto,50,0.0
8f8l__1__1.A__1.B_1.D_1.E,0.0,1,100.0,37,87.8080682356998,87.8080682356998,High density,Ligand chemistry,morgan_tanimoto,50,0.0
8f8m__1__1.A__1.C,0.0,1,71.66666666666667,7,63.16387816387817,63.16387816387817,Low density,Ligand chemistry,morgan_tanimoto,50,0.0
8fb1__1__1.A__1.C,0.75,1,59.74025974025974,2,55.844155844155836,55.844155844155836,Low density,Ligand chemistry,morgan_tanimoto,50,75.0
8fb1__1__1.A__1.D,0.75,1,100.0,10,63.91236306729265,63.91236306729265,Low density,Ligand chemistry,morgan_tanimoto,50,75.0
8fcd__1__1.A_1.B__1.C,1.0,1,50.70422535211267,17,50.70422535211267,50.70422535211267,Low density,Ligand chemistry,morgan_tanimoto,50,100.0
8fdb__1__1.A_1.B__1.D_1.F_1.H,0.125,2,100.0,190,64.01179419136076,64.01179419136076,High density,Ligand chemistry,morgan_tanimoto,50,12.5
8fdx__1__1.A__1.B_1.C,1.0,2,100.0,42,89.84222904298278,89.84222904298278,High density,Ligand chemistry,morgan_tanimoto,50,100.0
8fdz__1__1.A__1.B_1.C,1.0,2,100.0,37,91.61759246147433,91.61759246147433,High density,Ligand chemistry,morgan_tanimoto,50,100.0
8fe6__1__1.A__1.I,1.0,1,100.0,125,73.41533342859474,73.41533342859474,High density,Ligand chemistry,morgan_tanimoto,50,100.0
8fe8__1__1.A_1.B__1.C,0.75,1,43.58974358974359,0,,43.58974358974359,No neighbours,Ligand chemistry,morgan_tanimoto,50,75.0
8fe9__1__1.A__1.B,1.0,1,27.160493827160494,0,,27.160493827160494,No neighbours,Ligand chemistry,morgan_tanimoto,50,100.0
8fen__1__1.A__1.B_1.C,0.625,2,100.0,84,91.73339956352217,91.73339956352217,High density,Ligand chemistry,morgan_tanimoto,50,62.5
8fev__1__1.A__1.C_1.D,0.5,2,100.0,87,93.54178946917001,93.54178946917001,High density,Ligand chemistry,morgan_tanimoto,50,50.0
8fgz__1__1.A__1.B,1.0,1,100.0,54,88.96478445658774,88.96478445658774,High density,Ligand chemistry,morgan_tanimoto,50,100.0
8fh4__1__1.A__1.E,0.5,1,46.57534246575342,0,,46.57534246575342,No neighbours,Ligand chemistry,morgan_tanimoto,50,50.0
8fh5__1__1.A__1.B_1.C,1.0,2,100.0,552,91.20306562173873,91.20306562173873,High density,Ligand chemistry,morgan_tanimoto,50,100.0
8fh9__1__1.A__1.B_1.C,1.0,2,100.0,553,91.52047500361604,91.52047500361604,High density,Ligand chemistry,morgan_tanimoto,50,100.0
8fjt__1__1.A_1.B__1.C_1.E,0.5,2,100.0,299,73.45384617302652,73.45384617302652,High density,Ligand chemistry,morgan_tanimoto,50,50.0
8fju__1__1.A_1.B__1.C_1.D,0.5,2,100.0,299,73.45384617302652,73.45384617302652,High density,Ligand chemistry,morgan_tanimoto,50,50.0
8fjx__1__1.A__1.B_1.C,0.625,2,100.0,35,94.5378292083411,94.5378292083411,High density,Ligand chemistry,morgan_tanimoto,50,62.5
8fjy__1__1.A__1.B_1.C,0.75,2,100.0,42,86.69602643445701,86.69602643445701,High density,Ligand chemistry,morgan_tanimoto,50,75.0
8fjz__1__1.C__1.I,1.0,1,43.66197183098591,0,,43.66197183098591,No neighbours,Ligand chemistry,morgan_tanimoto,50,100.0
8fko__1__1.C__1.I,0.5,1,39.726027397260275,0,,39.726027397260275,No neighbours,Ligand chemistry,morgan_tanimoto,50,50.0
8fly__1__1.A__1.K,0.5,1,100.0,19,77.81620504040112,77.81620504040112,High density,Ligand chemistry,morgan_tanimoto,50,50.0
8flz__1__1.A__1.K,0.25,1,63.52941176470588,10,61.03629536921151,61.03629536921151,Low density,Ligand chemistry,morgan_tanimoto,50,25.0
8fm0__1__1.A__1.K,0.25,1,67.5,10,64.372936607019,64.372936607019,Low density,Ligand chemistry,morgan_tanimoto,50,25.0
8fm2__1__1.A__1.K,0.25,1,65.85365853658537,10,62.83273000875117,62.83273000875117,Low density,Ligand chemistry,morgan_tanimoto,50,25.0
8fm3__1__1.A__1.K,0.25,1,63.52941176470588,10,60.65599441161917,60.65599441161917,Low density,Ligand chemistry,morgan_tanimoto,50,25.0
8fm4__1__1.A__1.K,0.25,1,62.7906976744186,10,59.96358980852292,59.96358980852292,Low density,Ligand chemistry,morgan_tanimoto,50,25.0
8fm5__1__1.A__1.K,0.0,1,61.36363636363637,10,58.936627511065716,58.936627511065716,Low density,Ligand chemistry,morgan_tanimoto,50,0.0
8fm7__1__1.A__1.K,0.25,1,62.06896551724138,10,59.28683385579937,59.28683385579937,Low density,Ligand chemistry,morgan_tanimoto,50,25.0
8fm8__1__1.A__1.K,0.0,1,62.06896551724138,10,59.28683385579937,59.28683385579937,Low density,Ligand chemistry,morgan_tanimoto,50,0.0
8fo5__1__1.A_1.B__1.E,0.0,1,23.809523809523807,0,,23.809523809523807,No neighbours,Ligand chemistry,morgan_tanimoto,50,0.0
8fp1__1__1.A__1.B,0.75,1,46.57534246575342,0,,46.57534246575342,No neighbours,Ligand chemistry,morgan_tanimoto,50,75.0
8fp5__1__1.A__1.C_1.D,0.75,1,100.0,479,87.99814920093345,87.99814920093345,High density,Ligand chemistry,morgan_tanimoto,50,75.0
8fqx__1__1.A__1.B_1.C,0.5,1,100.0,10,68.29690330238375,68.29690330238375,Low density,Ligand chemistry,morgan_tanimoto,50,50.0
8fsi__1__1.A__1.B_1.C_1.D_1.F,0.75,1,100.0,3,100.0,100.0,Low density,Ligand chemistry,morgan_tanimoto,50,75.0
8ftr__1__2.A__2.B,0.75,1,71.69811320754717,102,63.8824620214959,63.8824620214959,High density,Ligand chemistry,morgan_tanimoto,50,75.0
8fts__1__2.A__2.B_2.C_2.D,0.75,1,100.0,106,87.81704129995926,87.81704129995926,High density,Ligand chemistry,morgan_tanimoto,50,75.0
8fwp__1__1.A_1.B__1.D_1.E,0.25,1,100.0,89,93.72592295345105,93.72592295345105,High density,Ligand chemistry,morgan_tanimoto,50,25.0
8fwz__1__1.B__1.E,1.0,1,61.111111111111114,14,56.34920634920635,56.34920634920635,Low density,Ligand chemistry,morgan_tanimoto,50,100.0
8fx1__1__1.A__1.C,0.75,1,100.0,14,80.5194805194805,80.5194805194805,Low density,Ligand chemistry,morgan_tanimoto,50,75.0
8fx2__1__1.B__1.D,1.0,1,100.0,12,89.88095238095237,89.88095238095237,Low density,Ligand chemistry,morgan_tanimoto,50,100.0
8fx3__1__1.B__1.D,0.75,1,100.0,12,79.76190476190474,79.76190476190474,Low density,Ligand chemistry,morgan_tanimoto,50,75.0
8fxn__1__1.A__1.B,0.0,1,33.00970873786408,0,,33.00970873786408,No neighbours,Ligand chemistry,morgan_tanimoto,50,0.0
8fy7__1__1.A_1.B__1.C,1.0,1,82.66666666666667,25,70.44904361010464,70.44904361010464,High density,Ligand chemistry,morgan_tanimoto,50,100.0
8fz1__1__1.A__1.G_1.I_1.K,0.5,1,55.00000000000001,1,55.00000000000001,55.00000000000001,Low density,Ligand chemistry,morgan_tanimoto,50,50.0
8g20__1__1.A__1.C_1.D_1.G,0.25,1,65.95744680851064,6,63.992316784869985,63.992316784869985,Low density,Ligand chemistry,morgan_tanimoto,50,25.0
8g3e__1__1.A__1.C,0.0,1,25.609756097560975,0,,25.609756097560975,No neighbours,Ligand chemistry,morgan_tanimoto,50,0.0
8g3s__1__1.A__1.E,1.0,1,76.08695652173914,9,65.38830929391129,65.38830929391129,Low density,Ligand chemistry,morgan_tanimoto,50,100.0
8g63__1__1.A__1.B,1.0,1,26.027397260273972,0,,26.027397260273972,No neighbours,Ligand chemistry,morgan_tanimoto,50,100.0
8g68__1__1.A__1.C,0.0,1,28.57142857142857,0,,28.57142857142857,No neighbours,Ligand chemistry,morgan_tanimoto,50,0.0
8g69__1__1.A__1.C,0.0,1,31.70731707317073,0,,31.70731707317073,No neighbours,Ligand chemistry,morgan_tanimoto,50,0.0
8g8x__1__1.A__1.C,1.0,1,28.767123287671232,0,,28.767123287671232,No neighbours,Ligand chemistry,morgan_tanimoto,50,100.0
8gb4__1__1.A__1.E_1.F_1.G,0.875,2,100.0,561,86.17477605877217,86.17477605877217,High density,Ligand chemistry,morgan_tanimoto,50,87.5
8gcz__1__1.A__1.N,0.25,1,53.62318840579711,6,52.081880182903205,52.081880182903205,Low density,Ligand chemistry,morgan_tanimoto,50,25.0
8gdk__1__1.A__1.O,0.75,1,52.17391304347826,3,50.724637681159415,50.724637681159415,Low density,Ligand chemistry,morgan_tanimoto,50,75.0
8gds__1__1.A__1.E,0.0,1,32.075471698113205,0,,32.075471698113205,No neighbours,Ligand chemistry,morgan_tanimoto,50,0.0
8gem__1__1.A__1.B,0.5,1,13.402061855670103,0,,13.402061855670103,No neighbours,Ligand chemistry,morgan_tanimoto,50,50.0
8geu__1__1.A__1.B,0.75,1,15.217391304347828,0,,15.217391304347828,No neighbours,Ligand chemistry,morgan_tanimoto,50,75.0
8gev__1__1.A__1.B,0.75,1,19.642857142857142,0,,19.642857142857142,No neighbours,Ligand chemistry,morgan_tanimoto,50,75.0
8gez__1__1.A__1.B,0.0,1,53.84615384615385,6,52.84188034188035,52.84188034188035,Low density,Ligand chemistry,morgan_tanimoto,50,0.0
8gf0__1__1.A__1.B,0.25,1,56.00000000000001,4,56.00000000000001,56.00000000000001,Low density,Ligand chemistry,morgan_tanimoto,50,25.0
8gfd__1__1.A__1.B,0.0,1,43.75,0,,43.75,No neighbours,Ligand chemistry,morgan_tanimoto,50,0.0
8gff__1__1.A__1.B,0.0,1,53.84615384615385,4,53.84615384615385,53.84615384615385,Low density,Ligand chemistry,morgan_tanimoto,50,0.0
8gfg__1__1.A__1.B,0.0,1,55.172413793103445,4,55.172413793103445,55.172413793103445,Low density,Ligand chemistry,morgan_tanimoto,50,0.0
8gfh__1__1.A__1.B_1.C,0.375,2,48.275862068965516,0,,48.275862068965516,No neighbours,Ligand chemistry,morgan_tanimoto,50,37.5
8gfq__1__1.A__1.B,0.75,1,23.076923076923077,0,,23.076923076923077,No neighbours,Ligand chemistry,morgan_tanimoto,50,75.0
8gfs__1__1.A__1.B,0.0,1,24.074074074074073,0,,24.074074074074073,No neighbours,Ligand chemistry,morgan_tanimoto,50,0.0
8gja__1__1.A_1.B__1.G_1.H,1.0,1,100.0,96,85.8680962328209,85.8680962328209,High density,Ligand chemistry,morgan_tanimoto,50,100.0
8gjb__1__1.B__1.G_1.H,1.0,1,100.0,127,98.52833081179539,98.52833081179539,High density,Ligand chemistry,morgan_tanimoto,50,100.0
8gkf__1__1.A__1.J,0.75,1,14.117647058823529,0,,14.117647058823529,No neighbours,Ligand chemistry,morgan_tanimoto,50,75.0
8gm5__1__1.A__1.D,0.75,1,17.142857142857142,0,,17.142857142857142,No neighbours,Ligand chemistry,morgan_tanimoto,50,75.0
8gne__1__1.A__1.B,0.5,1,22.22222222222222,0,,22.22222222222222,No neighbours,Ligand chemistry,morgan_tanimoto,50,50.0
8gne__1__1.A__1.E,0.0,1,100.0,256,93.88020833333333,93.88020833333333,High density,Ligand chemistry,morgan_tanimoto,50,0.0
8gpc__1__1.A__1.C_1.D_1.E,1.0,1,100.0,38,87.37377807697048,87.37377807697048,High density,Ligand chemistry,morgan_tanimoto,50,100.0
8gpd__1__1.A__1.C_1.D_1.E,1.0,1,74.50980392156863,42,61.17247271719201,61.17247271719201,High density,Ligand chemistry,morgan_tanimoto,50,100.0
8gpe__1__1.A__1.C_1.D_1.E,1.0,1,100.0,42,67.83002818613784,67.83002818613784,High density,Ligand chemistry,morgan_tanimoto,50,100.0
8grw__1__1.A_1.B__1.C_1.D,0.0,1,100.0,93,97.15008567441818,97.15008567441818,High density,Ligand chemistry,morgan_tanimoto,50,0.0
8gtg__1__1.A__1.C,0.5,1,14.736842105263156,0,,14.736842105263156,No neighbours,Ligand chemistry,morgan_tanimoto,50,50.0
8gti__1__1.A__1.H,0.0,1,14.423076923076922,0,,14.423076923076922,No neighbours,Ligand chemistry,morgan_tanimoto,50,0.0
8gtm__1__1.A__1.C,0.25,1,13.924050632911392,0,,13.924050632911392,No neighbours,Ligand chemistry,morgan_tanimoto,50,25.0
8gtv__1__1.A_2.B__2.D,0.0,1,40.27777777777778,0,,40.27777777777778,No neighbours,Ligand chemistry,morgan_tanimoto,50,0.0
8gu1__1__1.A_1.B__1.D,0.0,1,14.634146341463413,0,,14.634146341463413,No neighbours,Ligand chemistry,morgan_tanimoto,50,0.0
8gvj__1__1.A__1.B,0.0,1,23.300970873786408,0,,23.300970873786408,No neighbours,Ligand chemistry,morgan_tanimoto,50,0.0
8gwd__1__2.A__2.B_2.C,0.5,1,64.51612903225806,4,60.61627347135291,60.61627347135291,Low density,Ligand chemistry,morgan_tanimoto,50,50.0
8gww__1__1.A__1.C,0.75,1,45.83333333333333,0,,45.83333333333333,No neighbours,Ligand chemistry,morgan_tanimoto,50,75.0
8gyd__1__1.A_1.B__1.K,0.0,1,20.224719101123593,0,,20.224719101123593,No neighbours,Ligand chemistry,morgan_tanimoto,50,0.0
8gyj__1__1.A_1.B__1.D_1.I,0.0,1,63.63636363636363,16,63.63636363636363,63.63636363636363,Low density,Ligand chemistry,morgan_tanimoto,50,0.0
8gzc__1__1.A__1.F,1.0,1,14.678899082568808,0,,14.678899082568808,No neighbours,Ligand chemistry,morgan_tanimoto,50,100.0
8h4j__1__1.A_1.D__1.I_1.O,0.5,2,100.0,178,77.21940980367947,77.21940980367947,High density,Ligand chemistry,morgan_tanimoto,50,50.0
8h53__1__1.A__1.E_1.F_1.P_1.Q,1.0,1,100.0,29,73.7615984617043,73.7615984617043,High density,Ligand chemistry,morgan_tanimoto,50,100.0
8h59__1__1.A__1.B,0.0,1,28.865979381443296,0,,28.865979381443296,No neighbours,Ligand chemistry,morgan_tanimoto,50,0.0
8h5y__1__1.A__1.D_1.E,0.0,1,100.0,9,92.50257612905519,92.50257612905519,Low density,Ligand chemistry,morgan_tanimoto,50,0.0
8h7r__1__1.A__1.B,0.25,1,16.94915254237288,0,,16.94915254237288,No neighbours,Ligand chemistry,morgan_tanimoto,50,25.0
8h99__1__1.B__1.H_1.J_1.K,1.0,1,100.0,33,58.03656865783047,58.03656865783047,High density,Ligand chemistry,morgan_tanimoto,50,100.0
8haq__1__1.A__1.C,0.25,1,46.15384615384615,0,,46.15384615384615,No neighbours,Ligand chemistry,morgan_tanimoto,50,25.0
8hcc__1__1.B__1.I_1.J_1.K,1.0,1,69.64285714285714,2,69.64285714285714,69.64285714285714,Low density,Ligand chemistry,morgan_tanimoto,50,100.0
8hch__1__1.C__1.J,0.0,1,26.984126984126984,0,,26.984126984126984,No neighbours,Ligand chemistry,morgan_tanimoto,50,0.0
8hd3__1__1.A__1.C,0.0,1,74.46808510638297,2,74.46808510638297,74.46808510638297,Low density,Ligand chemistry,morgan_tanimoto,50,0.0
8he2__1__1.A__1.B_1.C,0.0,1,29.629629629629626,0,,29.629629629629626,No neighbours,Ligand chemistry,morgan_tanimoto,50,0.0
8he8__1__1.A__1.D_1.E,1.0,1,77.61194029850746,14,63.51559735543958,63.51559735543958,Low density,Ligand chemistry,morgan_tanimoto,50,100.0
8hf8__1__1.A__1.C,1.0,1,35.064935064935064,0,,35.064935064935064,No neighbours,Ligand chemistry,morgan_tanimoto,50,100.0
8hfh__1__1.A__1.B_1.C,0.75,1,100.0,412,88.160707429261,88.160707429261,High density,Ligand chemistry,morgan_tanimoto,50,75.0
8hfn__1__1.A__1.C_1.D,0.0,1,31.70731707317073,0,,31.70731707317073,No neighbours,Ligand chemistry,morgan_tanimoto,50,0.0
8hi5__1__1.A__1.B_1.C,0.5,2,100.0,1158,88.41012749610988,88.41012749610988,High density,Ligand chemistry,morgan_tanimoto,50,50.0
8hjg__1__1.A__1.E_1.F,1.0,1,100.0,84,91.86474269216363,91.86474269216363,High density,Ligand chemistry,morgan_tanimoto,50,100.0
8hko__1__1.A__1.D_1.E_1.G_1.H,1.0,1,100.0,7,100.0,100.0,Low density,Ligand chemistry,morgan_tanimoto,50,100.0
8hlj__1__1.A__1.C,1.0,1,100.0,20,91.22965641952985,91.22965641952985,High density,Ligand chemistry,morgan_tanimoto,50,100.0
8ho6__1__1.A__1.B_1.C,0.0,1,100.0,615,87.97850954024463,87.97850954024463,High density,Ligand chemistry,morgan_tanimoto,50,0.0
8hp4__1__1.A_1.B__1.C_1.D,1.0,1,100.0,170,88.14677138718059,88.14677138718059,High density,Ligand chemistry,morgan_tanimoto,50,100.0
8hpc__1__1.A_1.H__1.P,0.75,1,39.473684210526315,0,,39.473684210526315,No neighbours,Ligand chemistry,morgan_tanimoto,50,75.0
8hrv__1__1.A_1.B_1.C__1.E_1.H,0.75,1,100.0,342,80.60506732325177,80.60506732325177,High density,Ligand chemistry,morgan_tanimoto,50,75.0
8htg__1__1.A__1.F_1.G,1.0,1,100.0,186,89.45126517947892,89.45126517947892,High density,Ligand chemistry,morgan_tanimoto,50,100.0
8hul__1__1.A__1.C,1.0,1,100.0,1,100.0,100.0,Low density,Ligand chemistry,morgan_tanimoto,50,100.0
8hum__1__1.A__1.C,1.0,1,100.0,1,100.0,100.0,Low density,Ligand chemistry,morgan_tanimoto,50,100.0
8huu__1__1.A__1.C,0.0,1,16.216216216216218,0,,16.216216216216218,No neighbours,Ligand chemistry,morgan_tanimoto,50,0.0
8hx2__1__1.A__1.B_1.C,0.25,1,44.303797468354425,0,,44.303797468354425,No neighbours,Ligand chemistry,morgan_tanimoto,50,25.0
8hxh__1__1.A__1.B_1.C,1.0,1,72.41379310344827,4,68.4102863822326,68.4102863822326,Low density,Ligand chemistry,morgan_tanimoto,50,100.0
8hxu__1__1.A__1.C_1.D_1.E,0.25,1,21.153846153846153,0,,21.153846153846153,No neighbours,Ligand chemistry,morgan_tanimoto,50,25.0
8hy6__1__1.A__1.C_1.D_1.E,0.25,1,30.612244897959183,0,,30.612244897959183,No neighbours,Ligand chemistry,morgan_tanimoto,50,25.0
8hyk__1__1.A__1.B_1.C,0.25,1,61.904761904761905,1,61.904761904761905,61.904761904761905,Low density,Ligand chemistry,morgan_tanimoto,50,25.0
8hym__1__2.A__2.B_2.C,1.0,1,66.10169491525424,4,63.20957761635728,63.20957761635728,Low density,Ligand chemistry,morgan_tanimoto,50,100.0
8hyp__1__2.A__2.B_2.C,0.5,1,65.625,4,62.04326923076923,62.04326923076923,Low density,Ligand chemistry,morgan_tanimoto,50,50.0
8hz7__1__1.A__1.B_1.C,1.0,1,27.848101265822784,0,,27.848101265822784,No neighbours,Ligand chemistry,morgan_tanimoto,50,100.0
8i0d__1__1.A__1.B,0.0,1,100.0,84,77.94471154175937,77.94471154175937,High density,Ligand chemistry,morgan_tanimoto,50,0.0
8i19__1__1.A__1.C_1.D_1.E,1.0,1,100.0,47,81.05928638935956,81.05928638935956,High density,Ligand chemistry,morgan_tanimoto,50,100.0
8i1o__1__1.A__1.F,1.0,1,100.0,155,88.42993794165135,88.42993794165135,High density,Ligand chemistry,morgan_tanimoto,50,100.0
8i2n__1__1.A__1.C,0.75,1,34.24657534246575,0,,34.24657534246575,No neighbours,Ligand chemistry,morgan_tanimoto,50,75.0
8i2u__1__1.A__1.B_1.C,1.0,1,35.61643835616438,0,,35.61643835616438,No neighbours,Ligand chemistry,morgan_tanimoto,50,100.0
8i4i__1__1.A__1.C,1.0,1,100.0,50,98.46111111111111,98.46111111111111,High density,Ligand chemistry,morgan_tanimoto,50,100.0
8ie5__1__1.A__1.B,0.75,1,59.25925925925925,3,57.28395061728395,57.28395061728395,Low density,Ligand chemistry,morgan_tanimoto,50,75.0
8ie6__1__1.A__1.B,0.25,1,66.66666666666666,2,66.66666666666666,66.66666666666666,Low density,Ligand chemistry,morgan_tanimoto,50,25.0
8im3__1__2.C__2.K_2.L,0.0,1,100.0,2,100.0,100.0,Low density,Ligand chemistry,morgan_tanimoto,50,0.0
8in7__1__1.A__1.B,0.25,1,100.0,84,77.94471154175937,77.94471154175937,High density,Ligand chemistry,morgan_tanimoto,50,25.0
8ina__1__1.A__1.B_1.C,1.0,1,100.0,84,91.86474269216363,91.86474269216363,High density,Ligand chemistry,morgan_tanimoto,50,100.0
8ind__1__1.A__1.B_1.C_1.D,0.5,2,100.0,84,91.86474269216363,91.86474269216363,High density,Ligand chemistry,morgan_tanimoto,50,50.0
8ino__1__1.A__1.B_1.C_1.D,0.5,2,100.0,84,91.86474269216363,91.86474269216363,High density,Ligand chemistry,morgan_tanimoto,50,50.0
8inv__1__1.A__1.B_1.C_1.D,0.5,2,100.0,84,91.86474269216363,91.86474269216363,High density,Ligand chemistry,morgan_tanimoto,50,50.0
8iqn__1__1.A__1.B,0.75,1,65.21739130434783,79,56.77226227216458,56.77226227216458,High density,Ligand chemistry,morgan_tanimoto,50,75.0
8iqt__1__1.A__1.B,1.0,1,60.56338028169014,63,55.002813398813956,55.002813398813956,High density,Ligand chemistry,morgan_tanimoto,50,100.0
8iqu__1__1.A__1.B,1.0,1,100.0,18,65.12731011945009,65.12731011945009,High density,Ligand chemistry,morgan_tanimoto,50,100.0
8iui__1__1.A__1.C,0.0,1,100.0,36,96.01103628881407,96.01103628881407,High density,Ligand chemistry,morgan_tanimoto,50,0.0
8ivg__1__1.A__1.B_1.C,0.0,1,26.506024096385545,0,,26.506024096385545,No neighbours,Ligand chemistry,morgan_tanimoto,50,0.0
8ivn__1__1.A_1.B__1.C,0.0,1,13.88888888888889,0,,13.88888888888889,No neighbours,Ligand chemistry,morgan_tanimoto,50,0.0
8ivr__1__1.A__1.B,0.25,1,21.839080459770116,0,,21.839080459770116,No neighbours,Ligand chemistry,morgan_tanimoto,50,25.0
8ivs__1__1.A_1.B__1.C,0.0,1,13.157894736842104,0,,13.157894736842104,No neighbours,Ligand chemistry,morgan_tanimoto,50,0.0
8ivt__1__1.A_1.B__1.F,0.0,1,13.698630136986301,0,,13.698630136986301,No neighbours,Ligand chemistry,morgan_tanimoto,50,0.0
8ivu__1__1.A_1.B__1.I,0.75,1,33.33333333333333,0,,33.33333333333333,No neighbours,Ligand chemistry,morgan_tanimoto,50,75.0
8iw3__1__1.A_1.B__1.C,0.0,1,12.82051282051282,0,,12.82051282051282,No neighbours,Ligand chemistry,morgan_tanimoto,50,0.0
8iw6__1__1.A_1.B__1.F,0.0,1,13.043478260869565,0,,13.043478260869565,No neighbours,Ligand chemistry,morgan_tanimoto,50,0.0
8ix9__1__2.A__2.D_2.E_2.F,0.75,1,100.0,27,58.31602260173689,58.31602260173689,High density,Ligand chemistry,morgan_tanimoto,50,75.0
8izc__1__1.A_1.B__1.I,0.25,1,30.48780487804878,0,,30.48780487804878,No neighbours,Ligand chemistry,morgan_tanimoto,50,25.0
8j1g__1__1.B__1.H_1.I,0.75,2,100.0,18,66.28058361391695,66.28058361391695,High density,Ligand chemistry,morgan_tanimoto,50,75.0
8j30__1__1.A__1.C,0.0,1,72.88135593220339,2,72.88135593220339,72.88135593220339,Low density,Ligand chemistry,morgan_tanimoto,50,0.0
8j3c__1__1.A__1.B_1.C,1.0,1,50.76923076923077,2,50.76923076923077,50.76923076923077,Low density,Ligand chemistry,morgan_tanimoto,50,100.0
8j40__1__1.A_2.A__1.D,0.0,1,100.0,3,100.0,100.0,Low density,Ligand chemistry,morgan_tanimoto,50,0.0
8j5e__1__1.A__1.B,0.0,1,50.0,4,50.0,50.0,Low density,Ligand chemistry,morgan_tanimoto,50,0.0
8j5f__1__2.A__2.B,0.25,1,61.702127659574465,13,61.00995635570102,61.00995635570102,Low density,Ligand chemistry,morgan_tanimoto,50,25.0
8j5x__1__1.A__1.B,1.0,1,29.059829059829063,0,,29.059829059829063,No neighbours,Ligand chemistry,morgan_tanimoto,50,100.0
8j7j__1__1.A_1.B__1.C,0.0,1,10.526315789473683,0,,10.526315789473683,No neighbours,Ligand chemistry,morgan_tanimoto,50,0.0
8j8x__1__1.A__1.B_1.C,1.0,1,53.125,1,53.125,53.125,Low density,Ligand chemistry,morgan_tanimoto,50,100.0
8jby__1__1.A__1.C,1.0,1,34.66666666666667,0,,34.66666666666667,No neighbours,Ligand chemistry,morgan_tanimoto,50,100.0
8jc5__1__1.A__1.E_1.F,1.0,1,100.0,954,91.48944406297912,91.48944406297912,High density,Ligand chemistry,morgan_tanimoto,50,100.0
8jdb__1__1.A__1.B_1.C,0.75,2,100.0,86,97.80219780219781,97.80219780219781,High density,Ligand chemistry,morgan_tanimoto,50,75.0
8jdg__1__1.A__1.B_1.C,0.75,2,100.0,58,100.0,100.0,High density,Ligand chemistry,morgan_tanimoto,50,75.0
8jdn__1__1.A__1.B_1.C,1.0,2,100.0,66,94.38137619955802,94.38137619955802,High density,Ligand chemistry,morgan_tanimoto,50,100.0
8jdo__1__1.A__1.B_1.C,0.75,2,100.0,62,96.7741935483871,96.7741935483871,High density,Ligand chemistry,morgan_tanimoto,50,75.0
8jdp__1__1.A__1.B_1.C,1.0,2,100.0,66,100.0,100.0,High density,Ligand chemistry,morgan_tanimoto,50,100.0
8jdq__1__1.A__1.B_1.C,0.625,2,100.0,76,95.02602660497398,95.02602660497398,High density,Ligand chemistry,morgan_tanimoto,50,62.5
8jdr__1__1.A__1.B_1.C,1.0,2,100.0,59,100.0,100.0,High density,Ligand chemistry,morgan_tanimoto,50,100.0
8jds__1__1.A__1.B_1.C_1.D,0.875,2,100.0,72,97.37484737484738,97.37484737484738,High density,Ligand chemistry,morgan_tanimoto,50,87.5
8jdt__1__1.A__1.B_1.C_1.D,1.0,2,100.0,60,100.0,100.0,High density,Ligand chemistry,morgan_tanimoto,50,100.0
8jdv__1__1.A__1.B_1.C_1.D,1.0,1,100.0,59,100.0,100.0,High density,Ligand chemistry,morgan_tanimoto,50,100.0
8jdx__1__1.A__1.B_1.C_1.D,1.0,2,100.0,62,100.0,100.0,High density,Ligand chemistry,morgan_tanimoto,50,100.0
8jdy__1__1.A__1.B_1.C_1.D,1.0,2,100.0,62,96.95143566111308,96.95143566111308,High density,Ligand chemistry,morgan_tanimoto,50,100.0
8jdz__1__1.A__1.B_1.C_1.D,1.0,2,100.0,69,97.26071030418856,97.26071030418856,High density,Ligand chemistry,morgan_tanimoto,50,100.0
8jg8__1__1.A__1.B,1.0,1,63.793103448275865,1,63.793103448275865,63.793103448275865,Low density,Ligand chemistry,morgan_tanimoto,50,100.0
8jjk__1__1.A__1.B_1.F_1.G_1.H,0.5,1,68.25396825396825,2,68.25396825396825,68.25396825396825,Low density,Ligand chemistry,morgan_tanimoto,50,50.0
8jk8__1__1.A__1.B_1.C_1.D,0.75,1,55.38461538461539,2,55.38461538461539,55.38461538461539,Low density,Ligand chemistry,morgan_tanimoto,50,75.0
8jkp__1__2.A__2.B_2.C_2.D_2.E,0.5,1,46.3768115942029,0,,46.3768115942029,No neighbours,Ligand chemistry,morgan_tanimoto,50,50.0
8jkr__1__1.A__1.B_1.G_1.H_1.I,0.5,1,44.776119402985074,0,,44.776119402985074,No neighbours,Ligand chemistry,morgan_tanimoto,50,50.0
8jm8__1__1.A__1.C_1.I,1.0,2,100.0,66,97.82347282347283,97.82347282347283,High density,Ligand chemistry,morgan_tanimoto,50,100.0
8jmo__1__1.A__1.D,0.25,1,52.94117647058824,1,52.94117647058824,52.94117647058824,Low density,Ligand chemistry,morgan_tanimoto,50,25.0
8jmp__1__1.A__1.D,0.0,1,50.0,1,50.0,50.0,Low density,Ligand chemistry,morgan_tanimoto,50,0.0
8jmz__1__1.A__1.C_1.E_1.J,0.5,1,37.634408602150536,0,,37.634408602150536,No neighbours,Ligand chemistry,morgan_tanimoto,50,50.0
8jot__1__1.A__1.B,0.0,1,37.634408602150536,0,,37.634408602150536,No neighbours,Ligand chemistry,morgan_tanimoto,50,0.0
8jqp__1__2.A__2.C_2.D_2.E,1.0,1,100.0,194,91.32606116553899,91.32606116553899,High density,Ligand chemistry,morgan_tanimoto,50,100.0
8jqz__1__1.A_2.B__1.C,0.0,1,100.0,25,90.92063492063491,90.92063492063491,High density,Ligand chemistry,morgan_tanimoto,50,0.0
8jt3__1__1.A_1.C__1.E,1.0,1,66.15384615384615,21,58.01642801642802,58.01642801642802,High density,Ligand chemistry,morgan_tanimoto,50,100.0
8ju9__1__1.A_2.A_4.A__1.B,0.25,1,48.484848484848484,0,,48.484848484848484,No neighbours,Ligand chemistry,morgan_tanimoto,50,25.0
8jwy__1__1.A__1.B,1.0,1,18.681318681318682,0,,18.681318681318682,No neighbours,Ligand chemistry,morgan_tanimoto,50,100.0
8jya__1__1.B__1.G,0.0,1,44.44444444444444,0,,44.44444444444444,No neighbours,Ligand chemistry,morgan_tanimoto,50,0.0
8jyc__1__1.A_1.B_1.C__1.T,0.0,1,70.0,8,70.0,70.0,Low density,Ligand chemistry,morgan_tanimoto,50,0.0
8jye__1__1.A_1.B_1.D__1.P,0.0,1,100.0,14,80.71135430916554,80.71135430916554,Low density,Ligand chemistry,morgan_tanimoto,50,0.0
8jyf__1__1.B__1.F,0.0,1,70.0,8,70.0,70.0,Low density,Ligand chemistry,morgan_tanimoto,50,0.0
8jyg__1__1.A_1.B__1.C_1.Y,0.5,1,14.285714285714285,0,,14.285714285714285,No neighbours,Ligand chemistry,morgan_tanimoto,50,50.0
8k4c__1__1.B__1.G,0.75,1,72.5,4,72.5,72.5,Low density,Ligand chemistry,morgan_tanimoto,50,75.0
8k5y__1__1.A__1.H,0.0,1,21.176470588235293,0,,21.176470588235293,No neighbours,Ligand chemistry,morgan_tanimoto,50,0.0
8k9y__1__1.A__1.C_1.E,0.25,1,100.0,96,98.10330912025826,98.10330912025826,High density,Ligand chemistry,morgan_tanimoto,50,25.0
8ke1__1__2.A__2.B_2.C_2.D_2.E,1.0,1,100.0,94,82.39333803166386,82.39333803166386,High density,Ligand chemistry,morgan_tanimoto,50,100.0
8ke2__1__2.A__2.B_2.C_2.D_2.E,0.5,1,100.0,93,82.30750360351375,82.30750360351375,High density,Ligand chemistry,morgan_tanimoto,50,50.0
8ke4__1__2.A__2.B_2.C_2.D_2.E,0.5,2,100.0,97,82.18186022312442,82.18186022312442,High density,Ligand chemistry,morgan_tanimoto,50,50.0
8ogh__1__1.A_1.B__1.M_1.R,0.0,1,83.82352941176471,54,59.825205822808314,59.825205822808314,High density,Ligand chemistry,morgan_tanimoto,50,0.0
8oku__1__1.A_1.B__1.C,0.0,1,28.57142857142857,0,,28.57142857142857,No neighbours,Ligand chemistry,morgan_tanimoto,50,0.0
8oli__1__1.A__1.B_1.C,0.75,1,32.3943661971831,0,,32.3943661971831,No neighbours,Ligand chemistry,morgan_tanimoto,50,75.0
8omp__1__1.A__1.B_1.C,0.0,1,31.08108108108108,0,,31.08108108108108,No neighbours,Ligand chemistry,morgan_tanimoto,50,0.0
8onn__1__1.A__1.F,0.5,1,60.78431372549019,211,60.475819679072785,60.475819679072785,High density,Ligand chemistry,morgan_tanimoto,50,50.0
8oo2__1__1.A_1.B__1.C_1.D,0.0,1,60.60606060606061,25,60.0,60.0,High density,Ligand chemistry,morgan_tanimoto,50,0.0
8ooj__1__1.B__1.H,0.5,1,52.72727272727272,36,52.72727272727272,52.72727272727272,High density,Ligand chemistry,morgan_tanimoto,50,50.0
8oov__1__1.A_1.B__1.D,1.0,1,84.21052631578947,258,73.1274369500989,73.1274369500989,High density,Ligand chemistry,morgan_tanimoto,50,100.0
8oq2__1__1.B__1.H_1.I,1.0,1,100.0,301,84.79952962956335,84.79952962956335,High density,Ligand chemistry,morgan_tanimoto,50,100.0
8otv__1__1.A_1.B__1.F,0.0,1,17.56756756756757,0,,17.56756756756757,No neighbours,Ligand chemistry,morgan_tanimoto,50,0.0
8ou2__1__1.A__1.C,1.0,1,31.06796116504854,0,,31.06796116504854,No neighbours,Ligand chemistry,morgan_tanimoto,50,100.0
8ou3__1__1.A_1.C__1.E,1.0,1,100.0,112,91.2403305936682,91.2403305936682,High density,Ligand chemistry,morgan_tanimoto,50,100.0
8ou5__1__1.A_1.C__1.E,1.0,1,53.84615384615385,4,53.84615384615385,53.84615384615385,Low density,Ligand chemistry,morgan_tanimoto,50,100.0
8ouk__1__1.A__1.B_1.C,1.0,1,100.0,1542,90.20390507990622,90.20390507990622,High density,Ligand chemistry,morgan_tanimoto,50,100.0
8oum__1__1.A__1.F_1.G,1.0,1,100.0,1044,89.80680618361777,89.80680618361777,High density,Ligand chemistry,morgan_tanimoto,50,100.0
8oun__1__1.A__1.C_1.D,1.0,1,100.0,314,94.72673466037745,94.72673466037745,High density,Ligand chemistry,morgan_tanimoto,50,100.0
8ouu__1__1.A__1.F,0.0,1,23.18840579710145,0,,23.18840579710145,No neighbours,Ligand chemistry,morgan_tanimoto,50,0.0
8ov7__1__1.A__1.B,0.0,1,21.34831460674157,0,,21.34831460674157,No neighbours,Ligand chemistry,morgan_tanimoto,50,0.0
8ovr__1__1.A__1.B,0.0,1,17.391304347826086,0,,17.391304347826086,No neighbours,Ligand chemistry,morgan_tanimoto,50,0.0
8ovs__1__1.A__1.C_1.F_1.I_1.Q_1.T,0.5,1,63.23529411764706,2,63.23529411764706,63.23529411764706,Low density,Ligand chemistry,morgan_tanimoto,50,50.0
8ozv__1__1.A_2.A__1.B_1.C,0.625,2,100.0,89,68.1154007397988,68.1154007397988,High density,Ligand chemistry,morgan_tanimoto,50,62.5
8p0e__1__1.A__1.C,1.0,1,100.0,139,92.59062081470886,92.59062081470886,High density,Ligand chemistry,morgan_tanimoto,50,100.0
8p0m__1__1.C__1.L,0.0,1,19.230769230769234,0,,19.230769230769234,No neighbours,Ligand chemistry,morgan_tanimoto,50,0.0
8p0o__1__1.A__1.H_1.P,0.0,1,72.88135593220339,2,72.88135593220339,72.88135593220339,Low density,Ligand chemistry,morgan_tanimoto,50,0.0
8p0p__1__1.A__1.C,0.0,1,70.49180327868852,2,70.49180327868852,70.49180327868852,Low density,Ligand chemistry,morgan_tanimoto,50,0.0
8p1e__1__1.D_1.E__1.P,0.0,1,32.608695652173914,0,,32.608695652173914,No neighbours,Ligand chemistry,morgan_tanimoto,50,0.0
8p1p__1__1.A__1.E,0.0,1,10.476190476190476,0,,10.476190476190476,No neighbours,Ligand chemistry,morgan_tanimoto,50,0.0
8p41__1__1.A__1.K_1.L,0.0,2,10.294117647058822,0,,10.294117647058822,No neighbours,Ligand chemistry,morgan_tanimoto,50,0.0
8p44__1__1.A_1.B__1.E,0.0,1,51.11111111111111,2,51.11111111111111,51.11111111111111,Low density,Ligand chemistry,morgan_tanimoto,50,0.0
8p4z__1__1.A__1.C,1.0,1,38.04347826086957,0,,38.04347826086957,No neighbours,Ligand chemistry,morgan_tanimoto,50,100.0
8p5c__1__1.A_1.B__1.C,0.0,1,100.0,14,80.18167542582037,80.18167542582037,Low density,Ligand chemistry,morgan_tanimoto,50,0.0
8paf__1__1.A_1.B__1.C,1.0,1,78.82352941176471,5,57.4313725490196,57.4313725490196,Low density,Ligand chemistry,morgan_tanimoto,50,100.0
8pbo__1__1.A__1.C,1.0,1,32.5,0,,32.5,No neighbours,Ligand chemistry,morgan_tanimoto,50,100.0
8pfl__1__1.A__1.C,0.0,1,15.126050420168067,0,,15.126050420168067,No neighbours,Ligand chemistry,morgan_tanimoto,50,0.0
8ph4__1__1.A_1.B__1.D_1.F,0.0,1,62.82051282051282,10,61.282051282051285,61.282051282051285,Low density,Ligand chemistry,morgan_tanimoto,50,0.0
8pj0__1__1.A_1.B__1.V,0.75,1,20.33898305084746,0,,20.33898305084746,No neighbours,Ligand chemistry,morgan_tanimoto,50,75.0
8pj7__1__1.A__1.B,0.25,1,16.0,0,,16.0,No neighbours,Ligand chemistry,morgan_tanimoto,50,25.0
8pji__1__1.A__1.E,1.0,1,21.794871794871796,0,,21.794871794871796,No neighbours,Ligand chemistry,morgan_tanimoto,50,100.0
8pom__1__1.A__1.C,1.0,1,36.36363636363637,0,,36.36363636363637,No neighbours,Ligand chemistry,morgan_tanimoto,50,100.0
8pp0__1__1.A__1.C,0.75,1,25.252525252525253,0,,25.252525252525253,No neighbours,Ligand chemistry,morgan_tanimoto,50,75.0
8pp8__1__1.A__1.D,0.75,1,100.0,7,94.73684210526315,94.73684210526315,Low density,Ligand chemistry,morgan_tanimoto,50,75.0
8pp9__1__1.A__1.C_1.D_1.H,0.875,2,100.0,17,94.5505140000601,94.5505140000601,Low density,Ligand chemistry,morgan_tanimoto,50,87.5
8ppf__1__1.A__1.D,0.25,1,46.875,0,,46.875,No neighbours,Ligand chemistry,morgan_tanimoto,50,25.0
8ppg__1__1.A__1.F_1.G_1.H_1.I,0.375,2,100.0,9,95.21584818194987,95.21584818194987,Low density,Ligand chemistry,morgan_tanimoto,50,37.5
8pq9__1__1.A__1.C,0.25,1,30.666666666666664,0,,30.666666666666664,No neighbours,Ligand chemistry,morgan_tanimoto,50,25.0
8pqa__1__1.A__1.C,0.0,1,30.76923076923077,0,,30.76923076923077,No neighbours,Ligand chemistry,morgan_tanimoto,50,0.0
8pqf__1__1.A__1.C,0.0,1,28.28282828282828,0,,28.28282828282828,No neighbours,Ligand chemistry,morgan_tanimoto,50,0.0
8pqq__1__1.B_1.D__1.J,0.5,1,45.76271186440678,0,,45.76271186440678,No neighbours,Ligand chemistry,morgan_tanimoto,50,50.0
8pqr__1__1.A_1.B_1.C__1.E,0.25,1,21.73913043478261,0,,21.73913043478261,No neighbours,Ligand chemistry,morgan_tanimoto,50,25.0
8prx__1__1.D__1.IA_1.JA_1.KA,0.25,1,26.53061224489796,0,,26.53061224489796,No neighbours,Ligand chemistry,morgan_tanimoto,50,25.0
8px2__1__1.A__1.B,1.0,1,100.0,1,100.0,100.0,Low density,Ligand chemistry,morgan_tanimoto,50,100.0
8px8__1__1.A__1.D,0.75,1,51.388888888888886,1,51.388888888888886,51.388888888888886,Low density,Ligand chemistry,morgan_tanimoto,50,75.0
8pyi__1__1.A__1.I,0.25,1,40.963855421686745,0,,40.963855421686745,No neighbours,Ligand chemistry,morgan_tanimoto,50,25.0
8pyn__1__1.A__1.B,0.5,1,46.57534246575342,0,,46.57534246575342,No neighbours,Ligand chemistry,morgan_tanimoto,50,50.0
8q0t__1__1.A__1.C,0.0,1,16.455696202531644,0,,16.455696202531644,No neighbours,Ligand chemistry,morgan_tanimoto,50,0.0
8q0u__1__1.A__1.D,0.25,1,19.78021978021978,0,,19.78021978021978,No neighbours,Ligand chemistry,morgan_tanimoto,50,25.0
8q17__1__1.A__1.F,0.0,1,19.767441860465116,0,,19.767441860465116,No neighbours,Ligand chemistry,morgan_tanimoto,50,0.0
8q1m__1__1.A_1.B__1.G,0.0,1,16.049382716049383,0,,16.049382716049383,No neighbours,Ligand chemistry,morgan_tanimoto,50,0.0
8q2u__1__1.A__1.C,0.75,1,38.297872340425535,0,,38.297872340425535,No neighbours,Ligand chemistry,morgan_tanimoto,50,75.0
8q2w__1__1.A__1.C,1.0,1,36.734693877551024,0,,36.734693877551024,No neighbours,Ligand chemistry,morgan_tanimoto,50,100.0
8q2y__1__1.A__1.C,1.0,1,33.33333333333333,0,,33.33333333333333,No neighbours,Ligand chemistry,morgan_tanimoto,50,100.0
8q31__1__1.A__1.C,1.0,1,35.294117647058826,0,,35.294117647058826,No neighbours,Ligand chemistry,morgan_tanimoto,50,100.0
8q34__1__1.A__1.F,0.5,1,29.09090909090909,0,,29.09090909090909,No neighbours,Ligand chemistry,morgan_tanimoto,50,50.0
8q5v__1__1.A_1.B__1.P_1.Q,1.0,1,100.0,84,97.95721608289448,97.95721608289448,High density,Ligand chemistry,morgan_tanimoto,50,100.0
8q5x__1__1.A_1.C__1.E_1.F,0.0,1,100.0,63,95.71501952643077,95.71501952643077,High density,Ligand chemistry,morgan_tanimoto,50,0.0
8q9v__1__2.A__2.C_2.D_2.E,0.0,1,100.0,31,100.0,100.0,High density,Ligand chemistry,morgan_tanimoto,50,0.0
8qc4__1__1.A__1.C,0.75,1,63.1578947368421,4,63.1578947368421,63.1578947368421,Low density,Ligand chemistry,morgan_tanimoto,50,75.0
8qc5__1__1.B__1.E_1.F,1.0,1,100.0,62,70.76889298031934,70.76889298031934,High density,Ligand chemistry,morgan_tanimoto,50,100.0
8qdy__1__1.A_2.A__1.B,0.25,1,24.096385542168676,0,,24.096385542168676,No neighbours,Ligand chemistry,morgan_tanimoto,50,25.0
8qdz__1__1.A_2.A__2.B,0.5,1,23.809523809523807,0,,23.809523809523807,No neighbours,Ligand chemistry,morgan_tanimoto,50,50.0
8qe0__1__1.A_2.A__2.B,0.5,1,14.285714285714285,0,,14.285714285714285,No neighbours,Ligand chemistry,morgan_tanimoto,50,50.0
8qe1__1__1.A_2.A__1.B,0.75,1,21.649484536082475,0,,21.649484536082475,No neighbours,Ligand chemistry,morgan_tanimoto,50,75.0
8qe3__1__1.A_2.A__1.B,0.75,1,17.24137931034483,0,,17.24137931034483,No neighbours,Ligand chemistry,morgan_tanimoto,50,75.0
8qel__1__1.B__1.C,1.0,1,43.859649122807014,0,,43.859649122807014,No neighbours,Ligand chemistry,morgan_tanimoto,50,100.0
8qhq__1__1.A_1.B__1.G,1.0,1,36.61971830985916,0,,36.61971830985916,No neighbours,Ligand chemistry,morgan_tanimoto,50,100.0
8qic__1__1.B__1.F_1.J,0.0,1,19.17808219178082,0,,19.17808219178082,No neighbours,Ligand chemistry,morgan_tanimoto,50,0.0
8qk2__1__1.A__1.D,1.0,1,27.835051546391753,0,,27.835051546391753,No neighbours,Ligand chemistry,morgan_tanimoto,50,100.0
8qk5__1__1.A__1.D,0.0,1,26.36363636363636,0,,26.36363636363636,No neighbours,Ligand chemistry,morgan_tanimoto,50,0.0
8qk9__1__1.A__1.D,0.75,1,50.0,1,50.0,50.0,Low density,Ligand chemistry,morgan_tanimoto,50,75.0
8qka__1__1.A__1.D,0.0,1,27.710843373493976,0,,27.710843373493976,No neighbours,Ligand chemistry,morgan_tanimoto,50,0.0
8qkb__1__1.D__1.CA_1.HA,1.0,1,100.0,31,77.62138905612383,77.62138905612383,High density,Ligand chemistry,morgan_tanimoto,50,100.0
8qlr__1__1.B__1.F,1.0,1,56.470588235294116,6,55.5694618272841,55.5694618272841,Low density,Ligand chemistry,morgan_tanimoto,50,100.0
8qmx__1__1.A__1.C_1.D_1.F,0.3333333333333333,3,100.0,400,93.91584783097387,93.91584783097387,High density,Ligand chemistry,morgan_tanimoto,50,33.33333333333333
8qmy__1__1.A__1.D_1.E,1.0,1,100.0,7,94.11027568922306,94.11027568922306,Low density,Ligand chemistry,morgan_tanimoto,50,100.0
8qpn__1__1.A__1.B_1.I,1.0,1,79.66101694915254,2,66.44341170038271,66.44341170038271,Low density,Ligand chemistry,morgan_tanimoto,50,100.0
8qq4__1__1.A__1.B_1.I,1.0,1,79.66101694915254,2,66.44341170038271,66.44341170038271,Low density,Ligand chemistry,morgan_tanimoto,50,100.0
8qqg__1__1.A__1.D,1.0,1,45.26315789473684,0,,45.26315789473684,No neighbours,Ligand chemistry,morgan_tanimoto,50,100.0
8qqy__1__1.A__1.B,1.0,1,25.806451612903224,0,,25.806451612903224,No neighbours,Ligand chemistry,morgan_tanimoto,50,100.0
8qtt__1__1.C__1.D_1.V,0.0,1,68.53932584269663,60,56.54928631103602,56.54928631103602,High density,Ligand chemistry,morgan_tanimoto,50,0.0
8qve__1__1.A__1.B_1.D,1.0,1,100.0,201,89.11873381629863,89.11873381629863,High density,Ligand chemistry,morgan_tanimoto,50,100.0
8qyg__1__1.A_1.B__1.C_1.L,1.0,1,100.0,134,99.32753813350828,99.32753813350828,High density,Ligand chemistry,morgan_tanimoto,50,100.0
8qyq__1__1.A__1.H,0.0,1,16.417910447761194,0,,16.417910447761194,No neighbours,Ligand chemistry,morgan_tanimoto,50,0.0
8qyu__1__1.A__1.K_1.L,0.25,1,100.0,4,100.0,100.0,Low density,Ligand chemistry,morgan_tanimoto,50,25.0
8qyw__1__1.A_2.A__1.C_1.E,0.5,1,100.0,42,100.0,100.0,High density,Ligand chemistry,morgan_tanimoto,50,50.0
8r0i__1__1.A_2.A__1.D,0.75,1,28.57142857142857,0,,28.57142857142857,No neighbours,Ligand chemistry,morgan_tanimoto,50,75.0
8r11__1__1.A_1.B__1.C,1.0,1,32.83582089552239,0,,32.83582089552239,No neighbours,Ligand chemistry,morgan_tanimoto,50,100.0
8r12__1__1.A_1.B__1.C,0.0,1,40.98360655737705,0,,40.98360655737705,No neighbours,Ligand chemistry,morgan_tanimoto,50,0.0
8r1n__1__1.A__1.C,0.0,1,34.375,0,,34.375,No neighbours,Ligand chemistry,morgan_tanimoto,50,0.0
8r1p__1__1.A_1.B__1.C,0.25,1,37.5,0,,37.5,No neighbours,Ligand chemistry,morgan_tanimoto,50,25.0
8r3d__1__1.B_1.E__1.J,1.0,1,100.0,20,100.0,100.0,High density,Ligand chemistry,morgan_tanimoto,50,100.0
8r41__1__1.A__1.E_1.F_1.G,1.0,1,42.857142857142854,0,,42.857142857142854,No neighbours,Ligand chemistry,morgan_tanimoto,50,100.0
8r42__1__1.B__1.Q,0.25,1,38.57142857142858,0,,38.57142857142858,No neighbours,Ligand chemistry,morgan_tanimoto,50,25.0
8r4o__1__1.A__1.M,0.75,1,26.168224299065418,0,,26.168224299065418,No neighbours,Ligand chemistry,morgan_tanimoto,50,75.0
8r4q__1__1.A__1.M_1.N,0.75,1,100.0,24,97.20149253731343,97.20149253731343,High density,Ligand chemistry,morgan_tanimoto,50,75.0
8r4u__1__1.A__1.I,0.5,1,81.33333333333333,5,73.13276353276353,73.13276353276353,Low density,Ligand chemistry,morgan_tanimoto,50,50.0
8r4x__1__1.A__1.J_1.K_1.L_1.P,0.5,1,60.9375,6,60.9375,60.9375,Low density,Ligand chemistry,morgan_tanimoto,50,50.0
8r99__1__1.A__1.B_1.C,0.25,1,100.0,542,83.66273414189565,83.66273414189565,High density,Ligand chemistry,morgan_tanimoto,50,25.0
8rb6__1__1.A__1.C_1.D,0.5,2,100.0,524,92.62845847240266,92.62845847240266,High density,Ligand chemistry,morgan_tanimoto,50,50.0
8rdk__1__1.A__1.D,0.0,1,22.413793103448278,0,,22.413793103448278,No neighbours,Ligand chemistry,morgan_tanimoto,50,0.0
8s8x__1__1.A__1.C_1.E_1.F_1.I,0.5833333333333334,3,100.0,30,86.0907500410581,86.0907500410581,High density,Ligand chemistry,morgan_tanimoto,50,58.333333333333336
8s98__1__1.A__1.D,1.0,1,34.831460674157306,0,,34.831460674157306,No neighbours,Ligand chemistry,morgan_tanimoto,50,100.0
8sam__1__1.A__1.C_1.D,0.0,1,100.0,30,91.87606837606836,91.87606837606836,High density,Ligand chemistry,morgan_tanimoto,50,0.0
8se5__1__1.A_1.B__1.H,0.25,1,14.173228346456693,0,,14.173228346456693,No neighbours,Ligand chemistry,morgan_tanimoto,50,25.0
8sf3__1__1.A__1.B_1.C,0.75,1,100.0,121,80.28622361055085,80.28622361055085,High density,Ligand chemistry,morgan_tanimoto,50,75.0
8sft__1__1.A__1.E_1.F,0.5,2,48.4375,0,,48.4375,No neighbours,Ligand chemistry,morgan_tanimoto,50,50.0
8sge__1__1.A__1.H,0.75,1,12.222222222222221,0,,12.222222222222221,No neighbours,Ligand chemistry,morgan_tanimoto,50,75.0
8sip__1__1.A_1.B__1.C,0.75,1,66.07142857142857,3,55.357142857142854,55.357142857142854,Low density,Ligand chemistry,morgan_tanimoto,50,75.0
8six__1__1.A__1.B,0.75,1,27.835051546391753,0,,27.835051546391753,No neighbours,Ligand chemistry,morgan_tanimoto,50,75.0
8sk0__1__1.B__1.G_1.H,0.75,1,100.0,468,87.97018395099164,87.97018395099164,High density,Ligand chemistry,morgan_tanimoto,50,75.0
8slg__1__1.A__1.C,1.0,1,100.0,22,61.97080283244327,61.97080283244327,High density,Ligand chemistry,morgan_tanimoto,50,100.0
8sqg__1__1.A__1.C_1.D,0.25,1,34.48275862068966,0,,34.48275862068966,No neighbours,Ligand chemistry,morgan_tanimoto,50,25.0
8su1__1__1.A__1.C_1.D_1.E_1.F,1.0,1,100.0,5,75.75757575757575,75.75757575757575,Low density,Ligand chemistry,morgan_tanimoto,50,100.0
8sv9__1__1.A__1.C,1.0,1,27.397260273972602,0,,27.397260273972602,No neighbours,Ligand chemistry,morgan_tanimoto,50,100.0
8svl__1__1.A__1.B_1.C_1.G,1.0,1,73.91304347826086,10,63.98713260861391,63.98713260861391,Low density,Ligand chemistry,morgan_tanimoto,50,100.0
8swe__1__1.A__1.E,1.0,1,39.285714285714285,0,,39.285714285714285,No neighbours,Ligand chemistry,morgan_tanimoto,50,100.0
8swr__1__1.A_1.B__1.I,1.0,1,100.0,24,100.0,100.0,High density,Ligand chemistry,morgan_tanimoto,50,100.0
8swt__1__1.A_2.A__1.C_1.D,1.0,1,100.0,35,92.43498542274051,92.43498542274051,High density,Ligand chemistry,morgan_tanimoto,50,100.0
8swu__1__1.A_1.B__1.D_1.E,1.0,1,100.0,35,92.43498542274051,92.43498542274051,High density,Ligand chemistry,morgan_tanimoto,50,100.0
8sx2__1__1.A__1.C,1.0,1,100.0,17,100.0,100.0,Low density,Ligand chemistry,morgan_tanimoto,50,100.0
8sx4__1__1.A__1.C,0.0,1,29.464285714285715,0,,29.464285714285715,No neighbours,Ligand chemistry,morgan_tanimoto,50,0.0
8sxy__1__1.A__1.C,0.0,1,78.37837837837837,24,70.60971685971685,70.60971685971685,High density,Ligand chemistry,morgan_tanimoto,50,0.0
8sye__1__1.A__1.C,0.0,1,78.37837837837837,19,73.02580776264986,73.02580776264986,High density,Ligand chemistry,morgan_tanimoto,50,0.0
8sz3__1__1.A_2.B__1.G,0.0,1,13.333333333333334,0,,13.333333333333334,No neighbours,Ligand chemistry,morgan_tanimoto,50,0.0
8sze__1__1.A__1.C,1.0,1,100.0,53,88.69768761526458,88.69768761526458,High density,Ligand chemistry,morgan_tanimoto,50,100.0
8szq__1__1.A__1.B_1.C,0.25,1,100.0,47,96.46304993535016,96.46304993535016,High density,Ligand chemistry,morgan_tanimoto,50,25.0
8szs__1__1.A__1.B_1.C,0.25,1,68.25396825396825,47,66.7320139226248,66.7320139226248,High density,Ligand chemistry,morgan_tanimoto,50,25.0
8t1q__1__1.A__1.B_1.F_1.G,0.25,1,51.78571428571429,1,51.78571428571429,51.78571428571429,Low density,Ligand chemistry,morgan_tanimoto,50,25.0
8t1y__1__1.A__1.B,1.0,1,100.0,46,88.83366249620792,88.83366249620792,High density,Ligand chemistry,morgan_tanimoto,50,100.0
8t27__1__1.A__1.B,1.0,1,100.0,17,74.07806383127921,74.07806383127921,Low density,Ligand chemistry,morgan_tanimoto,50,100.0
8t2h__1__1.A__1.C_1.D_1.E,0.5,1,35.526315789473685,0,,35.526315789473685,No neighbours,Ligand chemistry,morgan_tanimoto,50,50.0
8t5k__1__1.A_2.A__1.B_2.B,0.5,2,18.84057971014493,0,,18.84057971014493,No neighbours,Ligand chemistry,morgan_tanimoto,50,50.0
8t5n__1__1.A__1.B_1.M,1.0,1,100.0,22,81.2472016730144,81.2472016730144,High density,Ligand chemistry,morgan_tanimoto,50,100.0
8t8v__1__1.A__1.B_1.C_1.E_1.F,0.75,1,100.0,4,95.33898305084746,95.33898305084746,Low density,Ligand chemistry,morgan_tanimoto,50,75.0
8t9v__1__1.A__1.B,0.75,1,27.27272727272727,0,,27.27272727272727,No neighbours,Ligand chemistry,morgan_tanimoto,50,75.0
8tab__1__1.A__1.E_1.G,1.0,1,35.8974358974359,0,,35.8974358974359,No neighbours,Ligand chemistry,morgan_tanimoto,50,100.0
8tc9__1__1.A__1.E_1.M,1.0,1,27.77777777777778,0,,27.77777777777778,No neighbours,Ligand chemistry,morgan_tanimoto,50,100.0
8tce__1__1.A__1.C,0.25,1,27.906976744186046,0,,27.906976744186046,No neighbours,Ligand chemistry,morgan_tanimoto,50,25.0
8tqv__1__1.A__1.C,0.0,1,11.650485436893204,0,,11.650485436893204,No neighbours,Ligand chemistry,morgan_tanimoto,50,0.0
8tti__1__1.A__1.E,1.0,1,100.0,26,93.22344322344323,93.22344322344323,High density,Ligand chemistry,morgan_tanimoto,50,100.0
8twj__1__1.A__1.B_1.C_1.D_1.E,0.75,1,51.5625,1,51.5625,51.5625,Low density,Ligand chemistry,morgan_tanimoto,50,75.0
8typ__1__1.A__1.C,0.75,1,37.77777777777778,0,,37.77777777777778,No neighbours,Ligand chemistry,morgan_tanimoto,50,75.0
8u0n__1__1.B__1.E_1.F,0.0,2,100.0,206,95.37743984253365,95.37743984253365,High density,Ligand chemistry,morgan_tanimoto,50,0.0
8u2e__1__1.A__1.B,0.0,1,39.56043956043956,0,,39.56043956043956,No neighbours,Ligand chemistry,morgan_tanimoto,50,0.0
8u2r__1__1.A__1.C,1.0,1,100.0,129,77.152500939784,77.152500939784,High density,Ligand chemistry,morgan_tanimoto,50,100.0
8u37__1__1.A__1.B,0.5,1,45.23809523809524,0,,45.23809523809524,No neighbours,Ligand chemistry,morgan_tanimoto,50,50.0
8u4w__1__1.A__1.E,0.75,1,28.08988764044944,0,,28.08988764044944,No neighbours,Ligand chemistry,morgan_tanimoto,50,75.0
8u7w__1__1.A__1.C,0.75,1,66.10169491525424,14,55.065219089275956,55.065219089275956,Low density,Ligand chemistry,morgan_tanimoto,50,75.0
8u7x__1__1.A__1.C,0.75,1,74.6268656716418,2,74.6268656716418,74.6268656716418,Low density,Ligand chemistry,morgan_tanimoto,50,75.0
8u8j__1__1.A__1.B,1.0,1,44.44444444444444,0,,44.44444444444444,No neighbours,Ligand chemistry,morgan_tanimoto,50,100.0
8u8k__1__1.A__1.B,1.0,1,44.70588235294118,0,,44.70588235294118,No neighbours,Ligand chemistry,morgan_tanimoto,50,100.0
8u97__1__1.A__1.B,1.0,1,84.21052631578947,39,76.95655373066799,76.95655373066799,High density,Ligand chemistry,morgan_tanimoto,50,100.0
8uak__1__1.A__1.B,0.75,1,28.723404255319153,0,,28.723404255319153,No neighbours,Ligand chemistry,morgan_tanimoto,50,75.0
8ufp__1__1.A_1.B__1.K,0.0,1,47.16981132075472,0,,47.16981132075472,No neighbours,Ligand chemistry,morgan_tanimoto,50,0.0
8ug3__1__1.A_1.B__1.C,0.25,1,44.5945945945946,0,,44.5945945945946,No neighbours,Ligand chemistry,morgan_tanimoto,50,25.0
8ui1__1__1.A__1.B_1.C,1.0,1,100.0,65,87.75888568763465,87.75888568763465,High density,Ligand chemistry,morgan_tanimoto,50,100.0
8ujy__1__1.B__1.D,1.0,1,54.761904761904766,1,54.761904761904766,54.761904761904766,Low density,Ligand chemistry,morgan_tanimoto,50,100.0
8uk6__1__1.A__1.C,0.0,1,11.627906976744185,0,,11.627906976744185,No neighbours,Ligand chemistry,morgan_tanimoto,50,0.0
8un3__1__1.A__1.E_1.F_1.H,0.5,2,100.0,1921,91.29590250393939,91.29590250393939,High density,Ligand chemistry,morgan_tanimoto,50,50.0
8uob__1__1.A__1.B,0.25,1,27.358490566037734,0,,27.358490566037734,No neighbours,Ligand chemistry,morgan_tanimoto,50,25.0
8ur9__1__1.A_1.B__1.C,1.0,1,79.72972972972973,4,62.19703821802517,62.19703821802517,Low density,Ligand chemistry,morgan_tanimoto,50,100.0
8usm__1__1.A__1.C,1.0,1,72.05882352941177,3,61.27450980392157,61.27450980392157,Low density,Ligand chemistry,morgan_tanimoto,50,100.0
8uuf__1__1.A__1.B,1.0,1,30.851063829787233,0,,30.851063829787233,No neighbours,Ligand chemistry,morgan_tanimoto,50,100.0
8uuu__1__1.A__1.B,0.5,1,28.431372549019606,0,,28.431372549019606,No neighbours,Ligand chemistry,morgan_tanimoto,50,50.0
8uuv__1__1.A__1.B,0.75,1,29.411764705882355,0,,29.411764705882355,No neighbours,Ligand chemistry,morgan_tanimoto,50,75.0
8ux7__1__1.B__1.I,0.5,1,100.0,60,100.0,100.0,High density,Ligand chemistry,morgan_tanimoto,50,50.0
8v2t__1__1.A_3.A_4.A__3.C_4.B,1.0,1,26.08695652173913,0,,26.08695652173913,No neighbours,Ligand chemistry,morgan_tanimoto,50,100.0
8v8e__1__1.A__1.D,0.0,1,16.216216216216218,0,,16.216216216216218,No neighbours,Ligand chemistry,morgan_tanimoto,50,0.0
8vh9__1__1.A_1.B__1.C_1.F,1.0,1,100.0,164,73.76772956041249,73.76772956041249,High density,Ligand chemistry,morgan_tanimoto,50,100.0
8vw1__1__1.A__1.B_1.C,1.0,1,100.0,10,89.70329850964349,89.70329850964349,Low density,Ligand chemistry,morgan_tanimoto,50,100.0
8w4s__1__1.A__1.D,0.25,1,24.390243902439025,0,,24.390243902439025,No neighbours,Ligand chemistry,morgan_tanimoto,50,25.0
8wd4__1__1.A__1.B,1.0,1,53.191489361702125,4,52.06540421283769,52.06540421283769,Low density,Ligand chemistry,morgan_tanimoto,50,100.0
8wdx__1__1.A__1.B,1.0,1,65.85365853658537,1,65.85365853658537,65.85365853658537,Low density,Ligand chemistry,morgan_tanimoto,50,100.0
8wjy__1__1.A__1.B,1.0,1,21.34831460674157,0,,21.34831460674157,No neighbours,Ligand chemistry,morgan_tanimoto,50,100.0
8wmy__1__1.A__1.C_1.D_1.E,0.25,1,68.25396825396825,2,68.25396825396825,68.25396825396825,Low density,Ligand chemistry,morgan_tanimoto,50,25.0
8wnj__1__1.A__1.F,1.0,1,100.0,8,61.82692307692307,61.82692307692307,Low density,Ligand chemistry,morgan_tanimoto,50,100.0
8wo2__1__1.A__1.D,1.0,1,86.36363636363636,9,62.57339332453488,62.57339332453488,Low density,Ligand chemistry,morgan_tanimoto,50,100.0
8wr2__1__1.A__1.E_1.F,0.0,1,13.333333333333334,0,,13.333333333333334,No neighbours,Ligand chemistry,morgan_tanimoto,50,0.0
8wrj__1__1.A__1.B,0.0,1,20.0,0,,20.0,No neighbours,Ligand chemistry,morgan_tanimoto,50,0.0
8wsm__1__1.A__1.B_1.C,1.0,1,100.0,5,100.0,100.0,Low density,Ligand chemistry,morgan_tanimoto,50,100.0
8wsw__1__1.A__1.E,0.0,1,30.120481927710845,0,,30.120481927710845,No neighbours,Ligand chemistry,morgan_tanimoto,50,0.0
8wwo__1__1.A_2.D__2.K_2.L,1.0,1,100.0,20,92.54237288135593,92.54237288135593,High density,Ligand chemistry,morgan_tanimoto,50,100.0
8wzq__1__1.A__1.C,1.0,1,70.4225352112676,12,55.99860254233864,55.99860254233864,Low density,Ligand chemistry,morgan_tanimoto,50,100.0
8x1a__1__1.A__1.B,0.75,1,100.0,4,100.0,100.0,Low density,Ligand chemistry,morgan_tanimoto,50,75.0
8x35__1__1.A_1.B__1.C_1.D_1.E,0.75,2,100.0,49,81.48941394739715,81.48941394739715,High density,Ligand chemistry,morgan_tanimoto,50,75.0
8x6r__1__1.A__1.G_1.H_1.I,0.625,2,100.0,1935,91.39419227049142,91.39419227049142,High density,Ligand chemistry,morgan_tanimoto,50,62.5
8xhd__1__1.A_1.B__1.C,0.25,1,79.24528301886792,22,70.28073269278897,70.28073269278897,High density,Ligand chemistry,morgan_tanimoto,50,25.0
8xkf__1__1.A_1.C__1.M_1.S,0.75,1,100.0,172,82.41706779903832,82.41706779903832,High density,Ligand chemistry,morgan_tanimoto,50,75.0
8y33__1__1.A__1.B,0.0,1,66.66666666666666,1,66.66666666666666,66.66666666666666,Low density,Ligand chemistry,morgan_tanimoto,50,0.0
8yhw__1__1.A__1.E_1.F,1.0,1,100.0,568,82.77422383289738,82.77422383289738,High density,Ligand chemistry,morgan_tanimoto,50,100.0
9eun__1__1.A__1.E,1.0,1,100.0,28,79.41862151008979,79.41862151008979,High density,Ligand chemistry,morgan_tanimoto,50,100.0
9f40__1__1.A__1.Q,0.5,1,100.0,1,100.0,100.0,Low density,Ligand chemistry,morgan_tanimoto,50,50.0
9f41__1__1.A__1.Q,0.5,1,100.0,14,93.83503401360544,93.83503401360544,Low density,Ligand chemistry,morgan_tanimoto,50,50.0
