query_system,mean_success,n_proper_ligands,best_similarity,density,mean_similarity_above_threshold,visualisation_similarity,density_group,similarity_metric,similarity_column,threshold,mean_success_percent
5s9l__1__1.A__1.H_1.I,0.75,1,92.73161432947843,8,68.42467252300042,68.42467252300042,Low density,Ligand pose,sucos_shape,50,75.0
5s9m__1__1.A__1.C_1.I,0.5,1,81.86468726948719,8,67.66456053003638,67.66456053003638,Low density,Ligand pose,sucos_shape,50,50.0
5s9z__1__1.A_1.B__1.R,0.0,1,70.79591163379038,393,51.557072722651874,51.557072722651874,High density,Ligand pose,sucos_shape,50,0.0
5sau__1__1.A__1.B,1.0,1,94.95786104229947,405,59.33339475531323,59.33339475531323,High density,Ligand pose,sucos_shape,50,100.0
5sav__1__1.A__1.B,1.0,1,66.44753333715714,162,55.27127309233936,55.27127309233936,High density,Ligand pose,sucos_shape,50,100.0
5saw__1__1.A__1.B,1.0,1,81.04592936003098,354,58.277435369589654,58.277435369589654,High density,Ligand pose,sucos_shape,50,100.0
5sb2__1__1.A__1.G,1.0,1,72.65927240992622,144,55.72247064099484,55.72247064099484,High density,Ligand pose,sucos_shape,50,100.0
5scm__1__1.A__1.F_1.G_1.H_1.I,0.625,2,92.89282021352622,809,70.99895694482841,70.99895694482841,High density,Ligand pose,sucos_shape,50,62.5
5scn__1__1.A__1.B_1.C,1.0,2,96.61940214542301,974,69.17608679775903,69.17608679775903,High density,Ligand pose,sucos_shape,50,100.0
5sdu__1__1.A__1.G,0.75,1,76.56003284779122,72,56.463106656118285,56.463106656118285,High density,Ligand pose,sucos_shape,50,75.0
5sdy__1__1.A__1.D,0.25,1,46.80028873749502,0,,46.80028873749502,No neighbours,Ligand pose,sucos_shape,50,25.0
5se0__1__1.A__1.G,0.5,1,48.07010192604201,0,,48.07010192604201,No neighbours,Ligand pose,sucos_shape,50,50.0
5se2__1__1.A__1.G,0.5,1,90.52067169429733,118,59.66097890025326,59.66097890025326,High density,Ligand pose,sucos_shape,50,50.0
5se3__1__1.A__1.G,1.0,1,59.976940605207794,72,53.62509267494398,53.62509267494398,High density,Ligand pose,sucos_shape,50,100.0
5se5__1__1.A__1.G,0.25,1,50.07383232186401,1,50.07383232186401,50.07383232186401,Low density,Ligand pose,sucos_shape,50,25.0
5se6__1__1.A__1.G,0.25,1,65.13572354521,94,55.68004775746201,55.68004775746201,High density,Ligand pose,sucos_shape,50,25.0
5se8__1__1.A__1.G,1.0,1,60.80884240785511,47,54.530336824039985,54.530336824039985,Low density,Ligand pose,sucos_shape,50,100.0
5se9__1__1.A__1.G,1.0,1,75.37654806777525,86,57.38343090362936,57.38343090362936,High density,Ligand pose,sucos_shape,50,100.0
5sea__1__1.A__1.G,0.25,1,55.50495273644489,3,52.96476603670697,52.96476603670697,Low density,Ligand pose,sucos_shape,50,25.0
5seb__1__1.A__1.G,0.75,1,81.64557508031372,102,60.16333117162807,60.16333117162807,High density,Ligand pose,sucos_shape,50,75.0
5sec__1__1.A__1.G,1.0,1,79.47486033120667,44,61.21862303237884,61.21862303237884,Low density,Ligand pose,sucos_shape,50,100.0
5see__1__1.A__1.E,0.5,1,53.65806083880095,1,53.65806083880095,53.65806083880095,Low density,Ligand pose,sucos_shape,50,50.0
5seh__1__1.A__1.G,1.0,1,59.53607706584688,12,53.770823719046376,53.770823719046376,Low density,Ligand pose,sucos_shape,50,100.0
5sek__1__1.A__1.G,0.75,1,89.11792281791,107,58.18151559049097,58.18151559049097,High density,Ligand pose,sucos_shape,50,75.0
5sel__1__1.A__1.G,0.75,1,53.65717369295241,33,51.707628916764705,51.707628916764705,Low density,Ligand pose,sucos_shape,50,75.0
5sem__1__1.A__1.G,0.75,1,78.87083393001132,47,60.12263859917046,60.12263859917046,Low density,Ligand pose,sucos_shape,50,75.0
5sen__1__1.A__1.G,1.0,1,57.14502785456188,45,52.548874912305756,52.548874912305756,Low density,Ligand pose,sucos_shape,50,100.0
5seo__1__1.A__1.G,1.0,1,72.86051055031406,57,56.05804978529372,56.05804978529372,Low density,Ligand pose,sucos_shape,50,100.0
5sex__1__1.A__1.G,1.0,1,62.750261075383484,11,55.289135350030186,55.289135350030186,Low density,Ligand pose,sucos_shape,50,100.0
5sez__1__1.A__1.G,0.75,1,60.513028912418164,27,53.2135842916856,53.2135842916856,Low density,Ligand pose,sucos_shape,50,75.0
5sf0__1__1.A__1.G,1.0,1,55.03516696949736,25,53.371745589138115,53.371745589138115,Low density,Ligand pose,sucos_shape,50,100.0
5sf1__1__1.A__1.E,0.75,1,76.14492681315035,55,58.696252502324135,58.696252502324135,Low density,Ligand pose,sucos_shape,50,75.0
5sf4__1__1.A__1.G,0.5,1,43.881249499890885,0,,43.881249499890885,No neighbours,Ligand pose,sucos_shape,50,50.0
5sf7__1__1.A__1.G,1.0,1,83.13323521667468,197,58.122887524228496,58.122887524228496,High density,Ligand pose,sucos_shape,50,100.0
5sfc__1__1.A__1.G,0.25,1,50.40513232467232,1,50.40513232467232,50.40513232467232,Low density,Ligand pose,sucos_shape,50,25.0
5sfd__1__1.A__1.G,0.5,1,94.36261227352209,81,60.659606593512606,60.659606593512606,High density,Ligand pose,sucos_shape,50,50.0
5sfg__1__1.A__1.G,0.25,1,51.06806044468779,5,50.757354141231744,50.757354141231744,Low density,Ligand pose,sucos_shape,50,25.0
5sfh__1__1.A__1.G,0.5,1,96.13321799307958,106,59.04966242675704,59.04966242675704,High density,Ligand pose,sucos_shape,50,50.0
5sfl__1__1.A__1.G,0.5,1,45.158856907885806,0,,45.158856907885806,No neighbours,Ligand pose,sucos_shape,50,50.0
5sfn__1__1.A__1.G,1.0,1,74.35855235240092,46,56.52208520566784,56.52208520566784,Low density,Ligand pose,sucos_shape,50,100.0
5sfo__1__1.A__1.G,1.0,1,60.45115910074421,34,53.2606663430113,53.2606663430113,Low density,Ligand pose,sucos_shape,50,100.0
5sfp__1__1.A__1.G,0.75,1,60.777683695521944,92,53.94088717294719,53.94088717294719,High density,Ligand pose,sucos_shape,50,75.0
5sfr__1__1.A__1.G,0.25,1,49.15427673254167,0,,49.15427673254167,No neighbours,Ligand pose,sucos_shape,50,25.0
5sfx__1__1.A__1.G,0.5,1,56.32893993363231,11,51.6941177649116,51.6941177649116,Low density,Ligand pose,sucos_shape,50,50.0
5sfy__1__1.A__1.G,0.5,1,84.08943242282714,116,56.62493898048261,56.62493898048261,High density,Ligand pose,sucos_shape,50,50.0
5sg0__1__1.A__1.G,1.0,1,72.85474161721433,15,55.69594152187472,55.69594152187472,Low density,Ligand pose,sucos_shape,50,100.0
5sg5__1__1.A__1.G,0.25,1,59.85981017890328,3,53.84469054306917,53.84469054306917,Low density,Ligand pose,sucos_shape,50,25.0
5sg6__1__1.A__1.G,0.5,1,98.55430183356842,117,58.987454163250874,58.987454163250874,High density,Ligand pose,sucos_shape,50,50.0
5sg9__1__1.A__1.G,0.0,1,74.0721794870345,99,57.81180139343059,57.81180139343059,High density,Ligand pose,sucos_shape,50,0.0
5sgh__1__1.A__1.G,1.0,1,65.66642825776358,61,55.148532658660166,55.148532658660166,High density,Ligand pose,sucos_shape,50,100.0
5sgk__1__1.A__1.G,1.0,1,55.87338848220965,27,52.696798144012774,52.696798144012774,Low density,Ligand pose,sucos_shape,50,100.0
5sgl__1__1.A__1.G,0.0,1,51.991565953722976,9,51.206242292758006,51.206242292758006,Low density,Ligand pose,sucos_shape,50,0.0
5sgm__1__1.A__1.D,1.0,1,57.478447139618936,26,52.202601524226864,52.202601524226864,Low density,Ligand pose,sucos_shape,50,100.0
5sgp__1__1.A__1.H,1.0,1,54.113462913767265,9,52.28172347867817,52.28172347867817,Low density,Ligand pose,sucos_shape,50,100.0
5sgr__1__1.A__1.G,0.75,1,79.85373734281518,73,58.99510369528094,58.99510369528094,High density,Ligand pose,sucos_shape,50,75.0
5sgs__1__1.A__1.G,1.0,1,78.96760327494906,127,57.68394241578813,57.68394241578813,High density,Ligand pose,sucos_shape,50,100.0
5sgt__1__1.A__1.G,0.25,1,94.44777000079594,35,56.6071030507853,56.6071030507853,Low density,Ligand pose,sucos_shape,50,25.0
5sgw__1__1.A__1.G,1.0,1,96.99791490011978,198,59.9174339564791,59.9174339564791,High density,Ligand pose,sucos_shape,50,100.0
5sgx__1__1.A__1.G,0.75,1,91.28286754096443,48,62.131463237143315,62.131463237143315,Low density,Ligand pose,sucos_shape,50,75.0
5sgz__1__1.A__1.G,1.0,1,88.87286529627825,225,58.1661270188034,58.1661270188034,High density,Ligand pose,sucos_shape,50,100.0
5sh0__1__1.A__1.G,0.0,1,47.021651825356294,0,,47.021651825356294,No neighbours,Ligand pose,sucos_shape,50,0.0
5sh1__1__1.A__1.G,0.0,1,67.39651910514826,116,56.00234960954564,56.00234960954564,High density,Ligand pose,sucos_shape,50,0.0
5sh2__1__1.A__1.G,1.0,1,55.87416305048667,16,51.793205096683145,51.793205096683145,Low density,Ligand pose,sucos_shape,50,100.0
5sh6__1__1.A__1.G,0.5,1,83.46800153732465,87,56.66193294163085,56.66193294163085,High density,Ligand pose,sucos_shape,50,50.0
5sh8__1__1.A__1.E,0.25,1,54.32482940603843,8,51.63412478842126,51.63412478842126,Low density,Ligand pose,sucos_shape,50,25.0
5shc__1__1.A__1.G,1.0,1,55.63200147299483,10,52.61881453566109,52.61881453566109,Low density,Ligand pose,sucos_shape,50,100.0
5shf__1__1.A__1.G,1.0,1,61.34395765664485,79,54.238797719791165,54.238797719791165,High density,Ligand pose,sucos_shape,50,100.0
5shg__1__1.A__1.G,1.0,1,92.2585671094345,213,59.13355263505213,59.13355263505213,High density,Ligand pose,sucos_shape,50,100.0
5shh__1__1.A__1.G,0.75,1,71.65887602946763,65,54.91706442315558,54.91706442315558,High density,Ligand pose,sucos_shape,50,75.0
5shi__1__1.A__1.E,0.5,1,78.52365214423477,62,58.16722926887501,58.16722926887501,High density,Ligand pose,sucos_shape,50,50.0
5shp__1__1.A__1.G,0.75,1,66.0984596312921,69,54.343626758607584,54.343626758607584,High density,Ligand pose,sucos_shape,50,75.0
5shu__1__1.A__1.G,1.0,1,65.48320001607615,60,53.938664483419785,53.938664483419785,High density,Ligand pose,sucos_shape,50,100.0
5shx__1__1.A__1.G,0.5,1,95.42623201347979,615,58.67569790046542,58.67569790046542,High density,Ligand pose,sucos_shape,50,50.0
5si3__1__1.A__1.E,0.5,1,64.86430295626057,58,54.1311987233268,54.1311987233268,Low density,Ligand pose,sucos_shape,50,50.0
5si6__1__1.A__1.G,1.0,1,54.800241601221536,6,52.16080837518112,52.16080837518112,Low density,Ligand pose,sucos_shape,50,100.0
5si7__1__1.A__1.G,0.75,1,64.51562434491782,99,53.23360971692476,53.23360971692476,High density,Ligand pose,sucos_shape,50,75.0
5si8__1__1.A__1.G,0.75,1,50.55163321982455,8,50.52187038769882,50.52187038769882,Low density,Ligand pose,sucos_shape,50,75.0
5si9__1__1.A__1.G,0.75,1,64.50812586152227,28,54.64057059509893,54.64057059509893,Low density,Ligand pose,sucos_shape,50,75.0
5sie__1__1.A__1.G,0.75,1,77.33017340144315,386,55.32648992889483,55.32648992889483,High density,Ligand pose,sucos_shape,50,75.0
5sif__1__1.A__1.I,0.5,1,91.45460695916772,41,66.87103911642434,66.87103911642434,Low density,Ligand pose,sucos_shape,50,50.0
5sig__1__1.A__1.G,0.0,1,58.15410604520547,6,52.747059692756544,52.747059692756544,Low density,Ligand pose,sucos_shape,50,0.0
5sih__1__1.A__1.H,0.0,1,54.68944533518917,17,51.215139619737535,51.215139619737535,Low density,Ligand pose,sucos_shape,50,0.0
5sio__1__1.A__1.H,1.0,1,55.1279034059045,29,51.83650242346752,51.83650242346752,Low density,Ligand pose,sucos_shape,50,100.0
5sip__1__1.A__1.G,0.5,1,58.582921081420416,56,52.891809940996204,52.891809940996204,Low density,Ligand pose,sucos_shape,50,50.0
5siq__1__1.A__1.H,0.25,1,60.07371719877968,14,53.242881510435645,53.242881510435645,Low density,Ligand pose,sucos_shape,50,25.0
5sir__1__1.A__1.G,1.0,1,59.27048484526678,78,54.10625447037419,54.10625447037419,High density,Ligand pose,sucos_shape,50,100.0
5siy__1__1.A__1.G,0.75,1,73.45560367267687,8,55.34177875982238,55.34177875982238,Low density,Ligand pose,sucos_shape,50,75.0
5siz__1__1.A__1.G,0.0,1,56.206636540833586,27,53.066455123537985,53.066455123537985,Low density,Ligand pose,sucos_shape,50,0.0
5sj1__1__1.A__1.G,0.5,1,58.32618725531087,28,53.46669699582668,53.46669699582668,Low density,Ligand pose,sucos_shape,50,50.0
5sj7__1__1.A__1.G,0.5,1,66.076440469248,47,54.53214009488311,54.53214009488311,Low density,Ligand pose,sucos_shape,50,50.0
5sj8__1__1.A__1.G,1.0,1,94.69772340150028,176,59.46802666234645,59.46802666234645,High density,Ligand pose,sucos_shape,50,100.0
5sjb__1__1.A__1.G,0.5,1,71.97799469984254,64,54.41864817720355,54.41864817720355,High density,Ligand pose,sucos_shape,50,50.0
5sjc__1__1.A__1.F,0.75,1,60.21327529145037,56,53.56238427768166,53.56238427768166,Low density,Ligand pose,sucos_shape,50,75.0
5sjf__1__1.A__1.H,0.0,1,84.27156961130254,55,61.40933194408417,61.40933194408417,Low density,Ligand pose,sucos_shape,50,0.0
5sjg__1__1.A__1.G,0.75,1,89.31121711213244,47,65.6959300306148,65.6959300306148,Low density,Ligand pose,sucos_shape,50,75.0
5sjl__1__1.A__1.G,0.25,1,46.497678039565905,0,,46.497678039565905,No neighbours,Ligand pose,sucos_shape,50,25.0
5sjo__1__1.A__1.H,0.75,1,93.37761833159645,37,68.967535033579,68.967535033579,Low density,Ligand pose,sucos_shape,50,75.0
5sjt__1__1.A__1.H,1.0,1,58.127512459040275,53,52.65493487558098,52.65493487558098,Low density,Ligand pose,sucos_shape,50,100.0
5sju__1__1.A__1.G,0.5,1,50.49916063932404,1,50.49916063932404,50.49916063932404,Low density,Ligand pose,sucos_shape,50,50.0
5sjv__1__1.A__1.G,1.0,1,75.62356848494711,139,55.18564999963263,55.18564999963263,High density,Ligand pose,sucos_shape,50,100.0
5sjw__1__1.A__1.I,0.75,1,57.076814547957134,39,52.429403081944045,52.429403081944045,Low density,Ligand pose,sucos_shape,50,75.0
5sk0__1__1.A__1.G,0.25,1,66.80550917159516,47,53.867099836120275,53.867099836120275,Low density,Ligand pose,sucos_shape,50,25.0
5sk4__1__1.A__1.G,1.0,1,93.74991556264612,44,69.17378408086297,69.17378408086297,Low density,Ligand pose,sucos_shape,50,100.0
5sk5__1__1.A__1.H,1.0,1,54.76032967817168,17,52.10459244202174,52.10459244202174,Low density,Ligand pose,sucos_shape,50,100.0
5sk6__1__1.A__1.G,1.0,1,56.263733640813825,49,53.4412025951402,53.4412025951402,Low density,Ligand pose,sucos_shape,50,100.0
5sk9__1__1.A__1.G,1.0,1,75.94579947017701,608,56.71919274080667,56.71919274080667,High density,Ligand pose,sucos_shape,50,100.0
5skd__1__1.A__1.G,0.5,1,92.64002767642104,41,67.54817165963841,67.54817165963841,Low density,Ligand pose,sucos_shape,50,50.0
5skf__1__1.A__1.I,0.25,1,83.66473187285719,39,66.62659637249453,66.62659637249453,Low density,Ligand pose,sucos_shape,50,25.0
5skg__1__1.A__1.G,0.75,1,53.88491166989361,16,50.95389931102625,50.95389931102625,Low density,Ligand pose,sucos_shape,50,75.0
5skh__1__1.A__1.H,1.0,1,95.13378275599955,49,67.02908348873639,67.02908348873639,Low density,Ligand pose,sucos_shape,50,100.0
5ski__1__1.A__1.G,0.75,1,78.58903856229678,100,57.73472846025266,57.73472846025266,High density,Ligand pose,sucos_shape,50,75.0
5skl__1__1.A__1.G,1.0,1,53.531853187851056,7,51.60900010871272,51.60900010871272,Low density,Ligand pose,sucos_shape,50,100.0
5skm__1__1.A__1.G,0.75,1,63.239963322667904,62,54.29173070240617,54.29173070240617,High density,Ligand pose,sucos_shape,50,75.0
5sko__1__1.A__1.G,0.5,1,52.518917205759216,7,51.24909306310516,51.24909306310516,Low density,Ligand pose,sucos_shape,50,50.0
5skr__1__1.A__1.G,0.75,1,55.52281540550646,25,52.80169431243271,52.80169431243271,Low density,Ligand pose,sucos_shape,50,75.0
5skt__1__1.A__1.G,0.0,1,66.58878092726754,150,54.82484392599395,54.82484392599395,High density,Ligand pose,sucos_shape,50,0.0
5sku__1__1.A__1.G,0.0,1,47.69278207006357,0,,47.69278207006357,No neighbours,Ligand pose,sucos_shape,50,0.0
5slg__1__1.A__1.G,0.0,1,49.90161249720678,0,,49.90161249720678,No neighbours,Ligand pose,sucos_shape,50,0.0
5umb__1__1.A__1.E_1.F_1.G,1.0,1,93.95933668631706,208,81.5016005892644,81.5016005892644,High density,Ligand pose,sucos_shape,50,100.0
6x4j__1__1.A_2.A__2.B_2.C_2.D_2.E,1.0,2,95.3793968084425,22,87.66196982607214,87.66196982607214,Low density,Ligand pose,sucos_shape,50,100.0
6x4k__1__1.A_2.A__1.B_1.C_1.D_1.E,1.0,2,98.12709402911179,20,90.21928892864132,90.21928892864132,Low density,Ligand pose,sucos_shape,50,100.0
6x4l__1__1.A_2.A__2.B_2.C_2.D_2.E,1.0,2,97.82935137718786,22,88.371631245676,88.371631245676,Low density,Ligand pose,sucos_shape,50,100.0
6xqr__1__1.B__1.E,0.0,1,63.41640692467205,105,53.97584206710943,53.97584206710943,High density,Ligand pose,sucos_shape,50,0.0
6z48__1__1.B__1.J,1.0,1,60.44422546965702,9,54.415176007653294,54.415176007653294,Low density,Ligand pose,sucos_shape,50,100.0
6zfz__1__1.A__1.B,0.75,1,60.31076209121382,52,53.15371402445855,53.15371402445855,Low density,Ligand pose,sucos_shape,50,75.0
6zg4__1__1.A__1.B,0.25,1,54.41397993880114,3,54.24069029674039,54.24069029674039,Low density,Ligand pose,sucos_shape,50,25.0
6zg9__1__1.A__1.B,1.0,1,52.92036411756922,15,51.39206475971983,51.39206475971983,Low density,Ligand pose,sucos_shape,50,100.0
6zk2__1__1.A_1.B__1.E_1.F,0.5,1,85.68345447387287,16,74.51641076306909,74.51641076306909,Low density,Ligand pose,sucos_shape,50,50.0
6zk5__1__1.A_1.B__1.F_1.G,1.0,1,83.56207539072675,16,76.45788418866027,76.45788418866027,Low density,Ligand pose,sucos_shape,50,100.0
6zx1__1__1.A_2.A__1.B,1.0,1,94.79873389456085,363,82.8102773806946,82.8102773806946,High density,Ligand pose,sucos_shape,50,100.0
7a4q__1__1.A__1.B,1.0,1,81.51163873507501,1017,55.4950429281917,55.4950429281917,High density,Ligand pose,sucos_shape,50,100.0
7ab9__1__1.A__1.G_1.P,0.5,1,74.03327742273574,84,62.27474039410553,62.27474039410553,High density,Ligand pose,sucos_shape,50,50.0
7abe__1__1.A__1.G_1.W,1.0,1,83.33996054521909,206,66.77309070443293,66.77309070443293,High density,Ligand pose,sucos_shape,50,100.0
7abj__1__1.A__1.T,1.0,1,91.75529115522407,231,63.15191198467551,63.15191198467551,High density,Ligand pose,sucos_shape,50,100.0
7afz__1__2.A__2.B_2.C_2.D,0.75,1,51.51476958154824,8,51.32403712809829,51.32403712809829,Low density,Ligand pose,sucos_shape,50,75.0
7ait__1__1.A__1.C,0.25,1,67.45815435569074,34,54.96747225711944,54.96747225711944,Low density,Ligand pose,sucos_shape,50,25.0
7aiu__1__1.A__1.H,0.0,1,61.127011982946364,33,54.59009802032737,54.59009802032737,Low density,Ligand pose,sucos_shape,50,0.0
7an8__1__1.B__1.E,0.75,1,72.41358058081279,2,69.91338986622227,69.91338986622227,Low density,Ligand pose,sucos_shape,50,75.0
7ana__1__1.A__1.C,0.25,1,80.01844136904995,39,58.32344360338219,58.32344360338219,Low density,Ligand pose,sucos_shape,50,25.0
7au4__1__1.A_2.A__2.D,1.0,1,67.23388638021022,162,55.87401236527713,55.87401236527713,High density,Ligand pose,sucos_shape,50,100.0
7ay9__1__1.A__1.I,0.75,1,76.59410657599528,27,62.01971386474967,62.01971386474967,Low density,Ligand pose,sucos_shape,50,75.0
7aya__1__1.A__1.H_1.N_1.U,1.0,1,89.60624449465502,74,59.599817120751844,59.599817120751844,High density,Ligand pose,sucos_shape,50,100.0
7ayz__1__1.A__1.D,0.25,1,53.13328867084872,3,52.44704776056975,52.44704776056975,Low density,Ligand pose,sucos_shape,50,25.0
7b2u__1__1.A_1.B__1.C,0.5,1,67.5701613479461,176,55.85202081124581,55.85202081124581,High density,Ligand pose,sucos_shape,50,50.0
7b3g__1__1.A__1.I,0.5,1,54.09587440606427,7,52.02804239247761,52.02804239247761,Low density,Ligand pose,sucos_shape,50,50.0
7b3h__1__1.A__1.H,1.0,1,48.54622741326155,0,,48.54622741326155,No neighbours,Ligand pose,sucos_shape,50,100.0
7b3i__1__1.A__1.I,1.0,1,49.970578729995886,0,,49.970578729995886,No neighbours,Ligand pose,sucos_shape,50,100.0
7b3p__1__1.A__1.G,1.0,1,54.24361022411826,1,54.24361022411826,54.24361022411826,Low density,Ligand pose,sucos_shape,50,100.0
7b3x__1__1.A__1.F,1.0,1,50.6064926197756,3,50.3518121025783,50.3518121025783,Low density,Ligand pose,sucos_shape,50,100.0
7b4x__1__1.A__1.M,1.0,1,54.31309670524564,2,52.34649145227484,52.34649145227484,Low density,Ligand pose,sucos_shape,50,100.0
7b6v__1__1.C_1.D__1.Y,0.25,1,95.23909870523988,273,68.99997785335817,68.99997785335817,High density,Ligand pose,sucos_shape,50,25.0
7b77__1__1.A_2.A__1.F,1.0,1,92.54625285255416,166,58.87450905427577,58.87450905427577,High density,Ligand pose,sucos_shape,50,100.0
7b87__1__1.A__1.N,0.0,1,52.07060529958403,5,51.385515210216184,51.385515210216184,Low density,Ligand pose,sucos_shape,50,0.0
7b89__1__1.A__1.D,0.75,1,92.89638932496077,9,64.8418446506418,64.8418446506418,Low density,Ligand pose,sucos_shape,50,75.0
7b8a__1__1.A__1.F,0.0,1,63.10689607792408,9,54.95401609317404,54.95401609317404,Low density,Ligand pose,sucos_shape,50,0.0
7bbn__1__1.B__1.E_1.F,1.0,1,96.63126060368083,277,82.71079315740504,82.71079315740504,High density,Ligand pose,sucos_shape,50,100.0
7bc1__1__2.A_3.A__3.B_3.C,0.5,2,75.81514602200285,466,54.81571606268293,54.81571606268293,High density,Ligand pose,sucos_shape,50,50.0
7bc9__1__1.A__1.J,0.0,1,60.84941076661921,8,56.6629398118806,56.6629398118806,Low density,Ligand pose,sucos_shape,50,0.0
7bcf__1__1.A__1.H,1.0,1,57.499778476238504,3,54.36697038619815,54.36697038619815,Low density,Ligand pose,sucos_shape,50,100.0
7bdd__1__1.A__1.G,0.0,1,53.03866430058466,3,52.72740456191162,52.72740456191162,Low density,Ligand pose,sucos_shape,50,0.0
7bi6__1__1.A__1.B_1.G,0.0,1,62.56626262963795,1,62.56626262963795,62.56626262963795,Low density,Ligand pose,sucos_shape,50,0.0
7bia__1__1.A_1.B__1.D_1.E,0.5,2,97.67425409119804,831,72.54851603172531,72.54851603172531,High density,Ligand pose,sucos_shape,50,50.0
7bis__1__1.A_2.A__2.F,0.5,1,62.71204436687859,18,56.08742129666499,56.08742129666499,Low density,Ligand pose,sucos_shape,50,50.0
7bk9__1__1.A_2.A__2.F,0.0,1,61.082292213349945,13,54.76434356206118,54.76434356206118,Low density,Ligand pose,sucos_shape,50,0.0
7blw__1__1.A__1.F,0.5,1,52.567205793842106,1,52.567205793842106,52.567205793842106,Low density,Ligand pose,sucos_shape,50,50.0
7bm3__1__1.A__1.M_1.P,0.0,1,47.10357508519031,0,,47.10357508519031,No neighbours,Ligand pose,sucos_shape,50,0.0
7bm7__1__1.A__1.F,0.0,1,71.90604868416172,24,60.98164089749696,60.98164089749696,Low density,Ligand pose,sucos_shape,50,0.0
7bmd__1__1.A__1.G_1.R,0.0,1,55.00541758868794,4,52.271648626117106,52.271648626117106,Low density,Ligand pose,sucos_shape,50,0.0
7bn5__1__1.A__1.G,1.0,1,89.44449131346666,23,64.65682057567994,64.65682057567994,Low density,Ligand pose,sucos_shape,50,100.0
7bn6__1__1.A__1.C_1.D,0.875,2,99.10652444936972,562,78.45960848437502,78.45960848437502,High density,Ligand pose,sucos_shape,50,87.5
7bn7__1__1.A__1.E_1.F,1.0,1,98.39075503238573,357,89.14376446242184,89.14376446242184,High density,Ligand pose,sucos_shape,50,100.0
7bn8__1__1.A__1.G,0.75,1,73.41830066067918,22,63.00456805441358,63.00456805441358,Low density,Ligand pose,sucos_shape,50,75.0
7bnc__1__1.A__1.K,0.5,1,84.84327290198573,23,62.54919846738136,62.54919846738136,Low density,Ligand pose,sucos_shape,50,50.0
7bo0__1__1.A__1.C_1.D,0.75,2,98.01270092940133,718,77.48696309628632,77.48696309628632,High density,Ligand pose,sucos_shape,50,75.0
7bo3__1__1.A__1.M_1.N,0.75,1,83.36774045071773,86,54.69226025200965,54.69226025200965,High density,Ligand pose,sucos_shape,50,75.0
7bo7__1__1.A__1.C,1.0,1,76.42040271452488,52,54.47839545494797,54.47839545494797,Low density,Ligand pose,sucos_shape,50,100.0
7cqs__1__1.A__1.B_1.C,1.0,1,82.62769735756305,31,63.76827966306977,63.76827966306977,Low density,Ligand pose,sucos_shape,50,100.0
7dcb__1__1.A_1.B__1.C_1.D,0.5,1,93.93671413491023,33,59.0508265402178,59.0508265402178,Low density,Ligand pose,sucos_shape,50,50.0
7dcw__1__1.A_1.B__1.D,0.0,1,85.72732408861458,24,59.54909115459011,59.54909115459011,Low density,Ligand pose,sucos_shape,50,0.0
7dg4__1__1.A__1.B,0.75,1,84.02811166228905,181,52.66104304058471,52.66104304058471,High density,Ligand pose,sucos_shape,50,75.0
7dgc__1__1.A_1.B__1.C_1.D,0.25,1,72.85849219115615,17,57.32959803669191,57.32959803669191,Low density,Ligand pose,sucos_shape,50,25.0
7dh3__1__1.A__1.B,0.75,1,86.20732576870951,268,54.84833296392528,54.84833296392528,High density,Ligand pose,sucos_shape,50,75.0
7dh9__1__1.A__1.B,1.0,1,80.59212345201087,120,52.480297433901264,52.480297433901264,High density,Ligand pose,sucos_shape,50,100.0
7dhn__1__1.A__1.B,0.25,1,71.068715230937,121,52.23100538793614,52.23100538793614,High density,Ligand pose,sucos_shape,50,25.0
7dji__1__1.D_1.E__1.L,0.25,1,56.39529504142755,7,52.6745083276614,52.6745083276614,Low density,Ligand pose,sucos_shape,50,25.0
7dlc__1__1.A_1.B__1.C_1.D,0.5,1,79.8103431894117,22,55.03365177844214,55.03365177844214,Low density,Ligand pose,sucos_shape,50,50.0
7dm6__1__1.A_1.B__1.C_1.D,0.0,1,86.5019404945943,15,62.751646447744086,62.751646447744086,Low density,Ligand pose,sucos_shape,50,0.0
7dmc__1__1.A__1.B_1.E_1.F,0.5,1,49.80376355513334,0,,49.80376355513334,No neighbours,Ligand pose,sucos_shape,50,50.0
7dn8__1__1.B__1.I_1.J,1.0,1,96.6802523108401,686,86.0072158575999,86.0072158575999,High density,Ligand pose,sucos_shape,50,100.0
7dow__1__1.A_1.B__1.C,0.5,1,90.86413172535724,17,60.71427839661416,60.71427839661416,Low density,Ligand pose,sucos_shape,50,50.0
7dox__1__1.A_1.B__1.E_1.F,0.25,1,73.5843023677048,11,57.70029759584454,57.70029759584454,Low density,Ligand pose,sucos_shape,50,25.0
7doy__1__1.A_1.B__1.E,0.25,1,78.16008390676035,19,55.606412019360526,55.606412019360526,Low density,Ligand pose,sucos_shape,50,25.0
7dpk__1__1.A_1.B__1.C_1.D,0.5,1,97.9210937146375,17,62.17892314633206,62.17892314633206,Low density,Ligand pose,sucos_shape,50,50.0
7du9__1__1.A_1.B__1.D,0.75,1,94.9769974485859,5,68.99352611833675,68.99352611833675,Low density,Ligand pose,sucos_shape,50,75.0
7dua__1__1.B__1.D,1.0,1,72.26053597903243,639,54.833122979764816,54.833122979764816,High density,Ligand pose,sucos_shape,50,100.0
7dut__1__2.A__2.B_2.C,1.0,1,92.00643495449283,39,86.34616171530284,86.34616171530284,Low density,Ligand pose,sucos_shape,50,100.0
7duy__1__1.A__1.B_1.C_1.D,0.5,1,72.31530486755624,116,55.93239208009078,55.93239208009078,High density,Ligand pose,sucos_shape,50,50.0
7dva__1__1.A__1.C_1.E,1.0,1,79.1143742208519,108,65.28428348996884,65.28428348996884,High density,Ligand pose,sucos_shape,50,100.0
7dvb__1__1.A__1.E,1.0,1,90.26061956800193,167,60.35598236839828,60.35598236839828,High density,Ligand pose,sucos_shape,50,100.0
7dxl__1__1.A__1.C,0.75,1,59.65810157613627,117,52.329464384797305,52.329464384797305,High density,Ligand pose,sucos_shape,50,75.0
7dyq__1__1.A__1.B_1.C,0.0,1,75.33413964444598,168,57.743090108575586,57.743090108575586,High density,Ligand pose,sucos_shape,50,0.0
7dyw__1__1.A__1.B_1.C,0.75,1,47.89710772931147,0,,47.89710772931147,No neighbours,Ligand pose,sucos_shape,50,75.0
7e1n__1__1.A_1.B__1.D,0.0,1,69.89692390403054,6,57.73855478049941,57.73855478049941,Low density,Ligand pose,sucos_shape,50,0.0
7e3n__1__1.A_2.A__1.B_1.C_1.D,1.0,1,89.030563838351,161,69.98573818185731,69.98573818185731,High density,Ligand pose,sucos_shape,50,100.0
7e48__1__1.C__1.J_1.K,0.375,2,94.54998559352096,2793,66.12154518699207,66.12154518699207,High density,Ligand pose,sucos_shape,50,37.5
7e5f__1__1.A_2.A__2.B,0.5,1,86.40195840441326,45,62.250572800876775,62.250572800876775,Low density,Ligand pose,sucos_shape,50,50.0
7e5g__1__1.A_2.A__2.B,0.0,1,93.05647840531562,84,55.96600403671015,55.96600403671015,High density,Ligand pose,sucos_shape,50,0.0
7e60__1__1.A__1.B_1.C,0.0,1,39.77333450292421,0,,39.77333450292421,No neighbours,Ligand pose,sucos_shape,50,0.0
7eba__1__1.A__1.C,0.0,1,47.263931708934734,0,,47.263931708934734,No neighbours,Ligand pose,sucos_shape,50,0.0
7ec3__1__1.A__1.E_1.F,0.75,2,94.17874233562907,36,70.89102046161545,70.89102046161545,Low density,Ligand pose,sucos_shape,50,75.0
7ed1__1__1.A_1.B__1.C_1.D_1.E_1.F,0.25,1,73.05728430092758,11,66.93240558435095,66.93240558435095,Low density,Ligand pose,sucos_shape,50,25.0
7ed2__1__1.A_1.B__1.F_1.G_1.H,0.5,1,93.27277268508124,8,83.63903548101027,83.63903548101027,Low density,Ligand pose,sucos_shape,50,50.0
7edz__1__1.A_2.A__1.E_1.G_1.I,0.625,2,77.64931621116283,22,65.77616361617746,65.77616361617746,Low density,Ligand pose,sucos_shape,50,62.5
7ee5__1__1.A__1.H,0.5,1,93.88083409937238,21,76.39361599857733,76.39361599857733,Low density,Ligand pose,sucos_shape,50,50.0
7eer__1__2.A__2.E_2.F,0.625,2,92.37670469672265,168,69.14799217807982,69.14799217807982,High density,Ligand pose,sucos_shape,50,62.5
7ef7__1__1.A__1.B_1.C,0.75,1,31.29065919095602,0,,31.29065919095602,No neighbours,Ligand pose,sucos_shape,50,75.0
7ejh__1__1.C__1.L_1.M,0.375,2,92.66847837972665,3982,65.62004633443641,65.62004633443641,High density,Ligand pose,sucos_shape,50,37.5
7eji__1__1.D__1.V_1.W,0.375,2,90.15916355445427,5853,64.07022225222087,64.07022225222087,High density,Ligand pose,sucos_shape,50,37.5
7ejv__1__1.B__1.D,0.75,1,62.50303344387732,75,53.94546196698941,53.94546196698941,High density,Ligand pose,sucos_shape,50,75.0
7ejw__1__1.A_1.B__1.I_1.J,1.0,1,93.58537485313015,143,69.69955941841755,69.69955941841755,High density,Ligand pose,sucos_shape,50,100.0
7ekr__1__1.A__1.C,0.75,1,94.4755118607378,33,80.05299046965396,80.05299046965396,Low density,Ligand pose,sucos_shape,50,75.0
7elt__1__2.A__2.B,0.75,1,87.77250161442774,37,63.88275065605398,63.88275065605398,Low density,Ligand pose,sucos_shape,50,75.0
7en5__1__1.A_3.A_4.A__3.B,0.0,1,69.6950725065448,31,61.09124289949742,61.09124289949742,Low density,Ligand pose,sucos_shape,50,0.0
7en7__1__1.A_2.A_4.A__2.B,0.0,1,58.726536027358975,27,56.754054499794805,56.754054499794805,Low density,Ligand pose,sucos_shape,50,0.0
7en9__1__1.A_2.A__2.B,1.0,1,49.93312692172761,0,,49.93312692172761,No neighbours,Ligand pose,sucos_shape,50,100.0
7end__1__1.A_2.A__2.B,0.75,1,55.560285747367445,4,53.15213364824538,53.15213364824538,Low density,Ligand pose,sucos_shape,50,75.0
7ene__1__1.A_1.B__1.E,0.25,1,50.06047491207147,2,50.0604745620361,50.0604745620361,Low density,Ligand pose,sucos_shape,50,25.0
7ens__1__2.A__2.B_2.C_2.D,1.0,2,98.01250558284949,130,65.91120202940932,65.91120202940932,High density,Ligand pose,sucos_shape,50,100.0
7eqk__1__1.B__1.F_1.G,0.25,1,65.2733124114148,1,65.2733124114148,65.2733124114148,Low density,Ligand pose,sucos_shape,50,25.0
7er2__1__1.A__1.B,1.0,1,75.8690463074126,112,58.0071286329984,58.0071286329984,High density,Ligand pose,sucos_shape,50,100.0
7erb__1__1.A__1.E_1.F,0.625,2,95.93199981356749,22,65.80774908199108,65.80774908199108,Low density,Ligand pose,sucos_shape,50,62.5
7ere__1__1.A_1.B__1.G_1.I,0.5,2,85.2057222406481,22,63.089710604976105,63.089710604976105,Low density,Ligand pose,sucos_shape,50,50.0
7es1__1__1.A__1.C,0.0,1,58.223729937182014,5,56.63513035834029,56.63513035834029,Low density,Ligand pose,sucos_shape,50,0.0
7esb__1__1.A__1.B_1.C_1.D_1.E,0.0,1,68.74801601752752,8,63.978796813696505,63.978796813696505,Low density,Ligand pose,sucos_shape,50,0.0
7esc__1__1.A__1.B_1.C,1.0,1,85.54023096089954,9,80.03126931883187,80.03126931883187,Low density,Ligand pose,sucos_shape,50,100.0
7eue__1__1.B__1.F,0.0,1,76.17487976586447,1,76.17487976586447,76.17487976586447,Low density,Ligand pose,sucos_shape,50,0.0
7euz__1__1.B__1.E_1.F,0.75,1,72.02336567772147,1,72.02336567772147,72.02336567772147,Low density,Ligand pose,sucos_shape,50,75.0
7ev2__1__2.A__2.B_2.C_2.D,1.0,2,96.3465953267945,123,63.14232066404097,63.14232066404097,High density,Ligand pose,sucos_shape,50,100.0
7ev3__1__2.A__2.B_2.C_2.D,1.0,2,96.58110440034513,121,63.24766964409563,63.24766964409563,High density,Ligand pose,sucos_shape,50,100.0
7eve__1__1.A__1.B_1.C_1.D,1.0,1,98.05343121815113,3059,79.9296750705791,79.9296750705791,High density,Ligand pose,sucos_shape,50,100.0
7evu__1__1.B__1.E_1.F,0.875,2,98.31339315387171,62,85.22166133228029,85.22166133228029,High density,Ligand pose,sucos_shape,50,87.5
7evv__1__1.A__1.B_1.C,0.75,2,98.8957431987444,38,87.81787880262819,87.81787880262819,Low density,Ligand pose,sucos_shape,50,75.0
7ex2__1__1.A__1.C_1.D_1.E,0.0,1,47.04306294302986,0,,47.04306294302986,No neighbours,Ligand pose,sucos_shape,50,0.0
7ex3__1__1.A__1.B_1.C_1.D,0.0,1,45.08290680804667,0,,45.08290680804667,No neighbours,Ligand pose,sucos_shape,50,0.0
7eyt__1__1.A_1.C__1.E_1.F_1.G,0.0,1,57.449096462193,17,53.87784538941702,53.87784538941702,Low density,Ligand pose,sucos_shape,50,0.0
7eyu__1__1.A_1.B__1.C_1.D_1.E,0.0,1,59.49319277216733,24,55.7429993121393,55.7429993121393,Low density,Ligand pose,sucos_shape,50,0.0
7ezq__1__2.A__2.B_2.C,1.0,1,96.51101021001209,24,63.53371638128294,63.53371638128294,Low density,Ligand pose,sucos_shape,50,100.0
7f06__1__1.A__1.C,1.0,1,75.53136365574848,67,61.09605690064161,61.09605690064161,High density,Ligand pose,sucos_shape,50,100.0
7f10__1__1.B__1.C,0.0,1,55.126908180517475,15,52.44429595427139,52.44429595427139,Low density,Ligand pose,sucos_shape,50,0.0
7f2k__1__1.A__1.C_1.D_1.E,0.5,1,79.94076847401996,13,58.28194410472046,58.28194410472046,Low density,Ligand pose,sucos_shape,50,50.0
7f2l__1__1.A__1.C_1.D_1.E,0.0,1,67.90136748053538,5,59.764276938754904,59.764276938754904,Low density,Ligand pose,sucos_shape,50,0.0
7f2m__1__1.A__1.C_1.D_1.E,0.0,1,68.63079710306512,5,57.47927960768059,57.47927960768059,Low density,Ligand pose,sucos_shape,50,0.0
7f2u__1__1.A__1.C_1.D_1.E,1.0,1,78.99098394749439,8,75.39328697237013,75.39328697237013,Low density,Ligand pose,sucos_shape,50,100.0
7f35__1__1.A_1.B__1.G,0.0,1,58.960639499734945,5,55.20364188945715,55.20364188945715,Low density,Ligand pose,sucos_shape,50,0.0
7f42__1__1.B__1.C,0.25,1,95.88619708933886,345,58.59377834670884,58.59377834670884,High density,Ligand pose,sucos_shape,50,25.0
7f4c__1__1.A__1.C_1.D,1.0,1,80.59613771769294,29,70.75323507091478,70.75323507091478,Low density,Ligand pose,sucos_shape,50,100.0
7f50__1__1.A__1.B_1.C_1.E,1.0,1,94.20034016685025,201,75.58321677324965,75.58321677324965,High density,Ligand pose,sucos_shape,50,100.0
7f51__1__1.A__1.C,0.0,1,83.24960728654496,184,63.107913423886025,63.107913423886025,High density,Ligand pose,sucos_shape,50,0.0
7f6j__1__1.A__1.D_1.E,1.0,1,95.82208072134145,1957,83.87768354408976,83.87768354408976,High density,Ligand pose,sucos_shape,50,100.0
7f6w__1__2.A__2.B,1.0,1,96.31443571058438,62,76.03814931997405,76.03814931997405,High density,Ligand pose,sucos_shape,50,100.0
7f7d__1__2.A__2.B,0.0,1,89.41858700260157,12,66.68803123277475,66.68803123277475,Low density,Ligand pose,sucos_shape,50,0.0
7f7m__1__1.A__1.C_1.D,0.5,2,91.52176934215804,1193,63.05371283022959,63.05371283022959,High density,Ligand pose,sucos_shape,50,50.0
7f8t__1__1.A__1.L_1.M,0.75,1,96.51946960900587,57,83.11343852057692,83.11343852057692,Low density,Ligand pose,sucos_shape,50,75.0
7f8u__1__1.A__1.B,0.0,1,57.32368124366178,8,54.059514580149965,54.059514580149965,Low density,Ligand pose,sucos_shape,50,0.0
7f99__1__1.B__1.L_1.O,0.75,2,99.725,33,90.6091000428226,90.6091000428226,Low density,Ligand pose,sucos_shape,50,75.0
7f9a__1__1.A__1.C_1.O,0.875,2,99.74657881398885,41,82.51789384801278,82.51789384801278,Low density,Ligand pose,sucos_shape,50,87.5
7f9b__1__1.A__1.C_1.I,0.875,2,99.37437437437437,39,87.25956172875901,87.25956172875901,Low density,Ligand pose,sucos_shape,50,87.5
7fai__1__1.A__1.E,0.0,1,70.20574022320437,6,59.16170967305851,59.16170967305851,Low density,Ligand pose,sucos_shape,50,0.0
7faj__1__1.A__1.E,0.0,1,65.25244074722504,6,56.399238628639274,56.399238628639274,Low density,Ligand pose,sucos_shape,50,0.0
7fak__1__1.A__1.B,0.5,1,48.96144976731836,0,,48.96144976731836,No neighbours,Ligand pose,sucos_shape,50,50.0
7fan__1__1.A__1.B_1.C,0.625,2,99.33002481389579,33,90.51874348129923,90.51874348129923,Low density,Ligand pose,sucos_shape,50,62.5
7faq__1__1.A__1.B_1.C_1.D_1.E,0.75,1,64.68761961017076,131,55.40008595112664,55.40008595112664,High density,Ligand pose,sucos_shape,50,75.0
7far__1__1.A__1.B_1.C_1.D,0.5,1,59.90900180862431,53,53.34953504717817,53.34953504717817,Low density,Ligand pose,sucos_shape,50,50.0
7fcz__1__2.B__2.D,0.75,1,87.17339960322671,21,69.30935948227189,69.30935948227189,Low density,Ligand pose,sucos_shape,50,75.0
7fd0__1__1.A__1.C,0.5,1,82.68077197315905,18,67.19317377093918,67.19317377093918,Low density,Ligand pose,sucos_shape,50,50.0
7fd6__1__1.A__1.B,0.5,1,72.5004000841275,36,53.888328602980465,53.888328602980465,Low density,Ligand pose,sucos_shape,50,50.0
7fe2__1__1.A__1.E_1.I,0.75,1,75.11466156105683,25,63.86304289343878,63.86304289343878,Low density,Ligand pose,sucos_shape,50,75.0
7fee__1__1.A__1.D,0.5,1,91.35992025371719,17,62.860339075897414,62.860339075897414,Low density,Ligand pose,sucos_shape,50,50.0
7fee__1__1.A__1.E,0.0,1,55.77031152921431,7,53.23393143642055,53.23393143642055,Low density,Ligand pose,sucos_shape,50,0.0
7fgm__1__1.A__1.C_1.D_1.E,1.0,1,97.51950761807252,206,80.65499547908144,80.65499547908144,High density,Ligand pose,sucos_shape,50,100.0
7fgp__1__1.A__1.C_1.G,1.0,1,85.74595899287465,41,63.41026281299179,63.41026281299179,Low density,Ligand pose,sucos_shape,50,100.0
7fha__1__1.A__1.C,1.0,1,94.942065652617,53,87.1683811801409,87.1683811801409,Low density,Ligand pose,sucos_shape,50,100.0
7fhb__1__1.A__1.B,0.5,1,61.90212313062693,6,59.34316514378306,59.34316514378306,Low density,Ligand pose,sucos_shape,50,50.0
7fhs__1__1.A__1.E_1.G,1.0,1,87.24166447825009,821,55.80664504491762,55.80664504491762,High density,Ligand pose,sucos_shape,50,100.0
7fja__1__1.A__1.C_1.D,0.75,1,77.52027505182542,36,67.87078910098617,67.87078910098617,Low density,Ligand pose,sucos_shape,50,75.0
7fmg__1__1.A__1.C,0.0,1,78.63080312792057,4,66.20412026536495,66.20412026536495,Low density,Ligand pose,sucos_shape,50,0.0
7fnt__1__1.B__1.C,0.0,1,63.08309581620668,10,55.08090534056813,55.08090534056813,Low density,Ligand pose,sucos_shape,50,0.0
7fti__1__1.A__1.C,0.75,1,71.62384671188681,46,56.7478851870876,56.7478851870876,Low density,Ligand pose,sucos_shape,50,75.0
7ftr__1__1.A__1.C_1.D_1.E_1.G,0.375,2,89.3593491331054,41,59.53728662618832,59.53728662618832,Low density,Ligand pose,sucos_shape,50,37.5
7ftu__1__1.A__1.C_1.D_1.E_1.G,0.25,2,89.43686950526033,38,59.50061271134327,59.50061271134327,Low density,Ligand pose,sucos_shape,50,25.0
7ftv__1__1.A__1.C,0.0,1,48.13428969992959,0,,48.13428969992959,No neighbours,Ligand pose,sucos_shape,50,0.0
7ftw__1__1.A__1.C,0.0,1,46.85634167344509,0,,46.85634167344509,No neighbours,Ligand pose,sucos_shape,50,0.0
7ftz__1__1.A__1.D,0.0,1,44.1315587981146,0,,44.1315587981146,No neighbours,Ligand pose,sucos_shape,50,0.0
7fu2__1__1.A__1.C,0.0,1,62.00253025255718,9,56.95324886587028,56.95324886587028,Low density,Ligand pose,sucos_shape,50,0.0
7fu6__1__1.A__1.C,0.0,1,54.84362961666991,5,53.322300589594,53.322300589594,Low density,Ligand pose,sucos_shape,50,0.0
7fu7__1__1.A__1.C,0.0,1,54.604282592198516,4,53.545298185118384,53.545298185118384,Low density,Ligand pose,sucos_shape,50,0.0
7fu8__1__1.A__1.C,0.0,1,44.50422818224642,0,,44.50422818224642,No neighbours,Ligand pose,sucos_shape,50,0.0
7fuc__1__1.A__1.C,0.0,1,56.90210876214863,3,54.34734360052088,54.34734360052088,Low density,Ligand pose,sucos_shape,50,0.0
7fuf__1__1.A__1.C,0.0,1,47.565947631972534,0,,47.565947631972534,No neighbours,Ligand pose,sucos_shape,50,0.0
7fum__1__1.A__1.C,0.0,1,50.06236113823239,1,50.06236113823239,50.06236113823239,Low density,Ligand pose,sucos_shape,50,0.0
7fur__1__1.A__1.C_1.D_1.E_1.F,0.375,2,89.66651792844188,39,61.141234329374434,61.141234329374434,Low density,Ligand pose,sucos_shape,50,37.5
7fw3__1__1.A__1.B,0.0,1,73.68582958298178,306,62.06096277210456,62.06096277210456,High density,Ligand pose,sucos_shape,50,0.0
7fwb__1__1.A__1.B,0.0,1,64.37417739031757,26,55.07761094462194,55.07761094462194,Low density,Ligand pose,sucos_shape,50,0.0
7fwe__1__1.A__1.B,0.75,1,79.17145950855677,313,57.261385436874804,57.261385436874804,High density,Ligand pose,sucos_shape,50,75.0
7fwh__1__1.A__1.B,1.0,1,60.68924213813327,74,52.53325457031286,52.53325457031286,High density,Ligand pose,sucos_shape,50,100.0
7fwi__1__1.A__1.D,0.0,1,63.011514314477736,27,57.867953382958234,57.867953382958234,Low density,Ligand pose,sucos_shape,50,0.0
7fwl__1__1.A__1.B,0.5,1,65.77300325876797,114,54.00495524785513,54.00495524785513,High density,Ligand pose,sucos_shape,50,50.0
7fwm__1__1.A__1.B,0.0,1,65.50091919134583,90,57.93720453146335,57.93720453146335,High density,Ligand pose,sucos_shape,50,0.0
7fwn__1__1.A__1.D,0.5,1,98.6645051721476,27,62.81304308316755,62.81304308316755,Low density,Ligand pose,sucos_shape,50,50.0
7fwr__1__1.A__1.B,0.25,1,65.9684801162636,246,54.05901508739215,54.05901508739215,High density,Ligand pose,sucos_shape,50,25.0
7fx1__1__1.A__1.B,1.0,1,64.05397895588331,69,56.84006251695846,56.84006251695846,High density,Ligand pose,sucos_shape,50,100.0
7fxi__1__1.A__1.D,0.75,1,77.56862470224897,44,55.75326771597483,55.75326771597483,Low density,Ligand pose,sucos_shape,50,75.0
7fy8__1__1.A__1.I_1.J,0.0,1,60.60451565914057,29,51.798769818275474,51.798769818275474,Low density,Ligand pose,sucos_shape,50,0.0
7fyr__1__1.A__1.B,0.0,1,66.46786064284105,211,54.18313268042997,54.18313268042997,High density,Ligand pose,sucos_shape,50,0.0
7fys__1__1.A__1.B,0.75,1,66.28538333744507,227,52.96129090665713,52.96129090665713,High density,Ligand pose,sucos_shape,50,75.0
7fyx__1__1.A__1.C,0.75,1,82.07336846159885,130,52.8504955662378,52.8504955662378,High density,Ligand pose,sucos_shape,50,75.0
7fz0__1__1.A__1.E,1.0,1,79.15882195183458,50,60.2451370172783,60.2451370172783,Low density,Ligand pose,sucos_shape,50,100.0
7fz3__1__1.A__1.B,1.0,1,63.72807690189566,76,52.54870497348223,52.54870497348223,High density,Ligand pose,sucos_shape,50,100.0
7fzc__1__1.A__1.B,1.0,1,62.6645933918347,20,55.261146915862845,55.261146915862845,Low density,Ligand pose,sucos_shape,50,100.0
7fzl__1__1.A__1.B,0.25,1,61.661640044349966,281,52.883616066403945,52.883616066403945,High density,Ligand pose,sucos_shape,50,25.0
7fzs__1__1.A__1.B,1.0,1,75.4606470191913,142,55.894379399973744,55.894379399973744,High density,Ligand pose,sucos_shape,50,100.0
7g00__1__1.A__1.Q,0.0,1,61.55914121346865,14,55.368475760972,55.368475760972,Low density,Ligand pose,sucos_shape,50,0.0
7g07__1__1.A__1.B,0.5,1,63.52391369472912,26,52.38584802545653,52.38584802545653,Low density,Ligand pose,sucos_shape,50,50.0
7g0g__1__1.A__1.B,0.5,1,63.570515663829184,208,54.87320287489627,54.87320287489627,High density,Ligand pose,sucos_shape,50,50.0
7g0j__1__1.A__1.D,1.0,1,61.668932547885035,47,52.62056805809923,52.62056805809923,Low density,Ligand pose,sucos_shape,50,100.0
7g0t__1__1.A__1.B,0.0,1,51.92551207846504,10,50.786218792033324,50.786218792033324,Low density,Ligand pose,sucos_shape,50,0.0
7g10__1__1.A__1.D,0.25,1,60.959344778203594,49,55.389242452996776,55.389242452996776,Low density,Ligand pose,sucos_shape,50,25.0
7g1b__1__1.A__1.B,0.75,1,67.78692032953681,25,55.27464428674186,55.27464428674186,Low density,Ligand pose,sucos_shape,50,75.0
7g1e__1__1.A__1.C,1.0,1,62.37938171396178,38,55.93174046775423,55.93174046775423,Low density,Ligand pose,sucos_shape,50,100.0
7g1j__1__1.A__1.B,0.25,1,61.25863392171911,7,54.46278208411775,54.46278208411775,Low density,Ligand pose,sucos_shape,50,25.0
7g1m__1__1.A__1.B,0.75,1,61.29057068143362,27,53.06983887906539,53.06983887906539,Low density,Ligand pose,sucos_shape,50,75.0
7g20__1__1.A__1.B,0.5,1,54.68084256013257,9,53.11406314222927,53.11406314222927,Low density,Ligand pose,sucos_shape,50,50.0
7gaw__1__1.A_1.B__1.K,0.0,1,78.78064427104556,34,61.545028834338275,61.545028834338275,Low density,Ligand pose,sucos_shape,50,0.0
7gb6__1__1.A_2.A__1.F,1.0,1,70.47311602842615,101,55.90770722466202,55.90770722466202,High density,Ligand pose,sucos_shape,50,100.0
7gb7__1__1.A_2.A__1.B,0.75,1,70.44149885282329,50,57.76982216837733,57.76982216837733,Low density,Ligand pose,sucos_shape,50,75.0
7gb8__1__1.A_2.A__1.F,1.0,1,85.59041580895409,142,60.21910739702551,60.21910739702551,High density,Ligand pose,sucos_shape,50,100.0
7gbc__1__1.A_2.A__2.E,0.25,1,94.20559430775978,185,57.01313388715865,57.01313388715865,High density,Ligand pose,sucos_shape,50,25.0
7gbd__1__1.A_2.A__2.E,1.0,1,84.44494527556279,108,57.016077057709346,57.016077057709346,High density,Ligand pose,sucos_shape,50,100.0
7gbe__1__1.A_2.A__1.B,0.75,1,84.04905629949172,139,57.85943026302093,57.85943026302093,High density,Ligand pose,sucos_shape,50,75.0
7gbg__1__1.A_2.A__2.E,1.0,1,89.98701813014411,176,58.04723301363895,58.04723301363895,High density,Ligand pose,sucos_shape,50,100.0
7gbi__1__1.A_2.A__2.D,0.5,1,91.81380681180585,156,58.33274682465309,58.33274682465309,High density,Ligand pose,sucos_shape,50,50.0
7gbo__1__1.A_2.A__1.E,1.0,1,96.0232978509741,208,57.81911961756967,57.81911961756967,High density,Ligand pose,sucos_shape,50,100.0
7gbp__1__1.A_2.A__2.F,1.0,1,86.25849960067782,172,57.623881677548376,57.623881677548376,High density,Ligand pose,sucos_shape,50,100.0
7gbq__1__1.A_2.A__1.E,1.0,1,96.79607649126173,263,58.1263502872806,58.1263502872806,High density,Ligand pose,sucos_shape,50,100.0
7gbr__1__1.A_2.A__2.F,0.75,1,61.46934552836099,71,53.992941307818455,53.992941307818455,High density,Ligand pose,sucos_shape,50,75.0
7gbs__1__1.A_2.A__1.E_1.F,1.0,1,94.12964467517962,284,58.33010240057422,58.33010240057422,High density,Ligand pose,sucos_shape,50,100.0
7gbw__1__1.A_2.A__1.F,1.0,1,92.33802816901408,218,57.08579881505632,57.08579881505632,High density,Ligand pose,sucos_shape,50,100.0
7gby__1__1.A_2.A__1.E,1.0,1,82.0231256565913,308,57.927805966017594,57.927805966017594,High density,Ligand pose,sucos_shape,50,100.0
7gbz__1__1.A_2.A__2.F,1.0,1,84.01386381496239,235,57.31457453975071,57.31457453975071,High density,Ligand pose,sucos_shape,50,100.0
7gc0__1__1.A_2.A__1.E,0.75,1,80.71604758481965,225,56.171992396017174,56.171992396017174,High density,Ligand pose,sucos_shape,50,75.0
7gc1__1__1.A_2.A__2.E,0.5,1,84.85629356391622,286,57.94106946307548,57.94106946307548,High density,Ligand pose,sucos_shape,50,50.0
7gc2__1__1.A_2.A__2.E,0.5,1,76.50096768763834,213,57.03918770274228,57.03918770274228,High density,Ligand pose,sucos_shape,50,50.0
7gc3__1__1.A_2.A__2.F,0.25,1,65.860132993765,67,55.005454592026524,55.005454592026524,High density,Ligand pose,sucos_shape,50,25.0
7gc4__1__1.A_2.A__1.F_1.G,1.0,1,95.95658650776761,188,58.679276672752266,58.679276672752266,High density,Ligand pose,sucos_shape,50,100.0
7gc8__1__1.A_2.A__2.E,1.0,1,73.75165851674657,232,56.64609116479097,56.64609116479097,High density,Ligand pose,sucos_shape,50,100.0
7gcd__1__1.A_2.A__1.F_1.G,1.0,1,87.60831399642669,274,56.60247804809163,56.60247804809163,High density,Ligand pose,sucos_shape,50,100.0
7gce__1__1.A_2.A__2.E,0.75,1,76.45108466521813,213,54.7162761560503,54.7162761560503,High density,Ligand pose,sucos_shape,50,75.0
7gcf__1__1.A_2.A__2.E,1.0,1,84.93335232222172,249,59.379301048378295,59.379301048378295,High density,Ligand pose,sucos_shape,50,100.0
7gcj__1__1.A_2.A__1.E,1.0,1,79.90007810582455,230,54.55400257594471,54.55400257594471,High density,Ligand pose,sucos_shape,50,100.0
7gck__1__1.A_2.A__1.E,1.0,1,68.6085811851359,69,55.9916626646053,55.9916626646053,High density,Ligand pose,sucos_shape,50,100.0
7gcn__1__1.A_2.A__2.F,1.0,1,75.6084847073525,131,55.76756103542664,55.76756103542664,High density,Ligand pose,sucos_shape,50,100.0
7gco__1__1.A_2.A__2.E,0.75,1,62.56685586507938,92,52.714901110431235,52.714901110431235,High density,Ligand pose,sucos_shape,50,75.0
7gcq__1__1.A_2.A__1.F,1.0,1,94.23281982184238,235,57.6129859256187,57.6129859256187,High density,Ligand pose,sucos_shape,50,100.0
7gcs__1__1.A_2.A__1.E,0.75,1,71.79854184321569,141,55.75480083692814,55.75480083692814,High density,Ligand pose,sucos_shape,50,75.0
7gcu__1__1.A_2.A__1.E,1.0,1,91.40547121014573,179,57.47702387815551,57.47702387815551,High density,Ligand pose,sucos_shape,50,100.0
7gd0__1__1.A_2.A__1.F,1.0,1,83.30555719947942,167,57.94263357426662,57.94263357426662,High density,Ligand pose,sucos_shape,50,100.0
7gd1__1__1.A_2.A__1.E,0.25,1,68.54820100437522,130,55.03992123635228,55.03992123635228,High density,Ligand pose,sucos_shape,50,25.0
7gda__1__1.A_2.A__1.D,1.0,1,93.60784389405157,195,57.99888360508452,57.99888360508452,High density,Ligand pose,sucos_shape,50,100.0
7gdc__1__1.A_2.A__2.D,0.5,1,90.0552814546343,113,58.05401390392121,58.05401390392121,High density,Ligand pose,sucos_shape,50,50.0
7gde__1__1.A_2.A__1.E,1.0,1,94.30066240645357,285,58.146613536634725,58.146613536634725,High density,Ligand pose,sucos_shape,50,100.0
7gdg__1__1.A_2.A__2.F,1.0,1,92.27081680880764,368,56.56197978776883,56.56197978776883,High density,Ligand pose,sucos_shape,50,100.0
7gdj__1__1.A_2.A__2.E,1.0,1,98.08682031774445,262,58.60558945238113,58.60558945238113,High density,Ligand pose,sucos_shape,50,100.0
7gdk__1__1.A_2.A__2.E,1.0,1,88.48503852480005,217,57.71983076566315,57.71983076566315,High density,Ligand pose,sucos_shape,50,100.0
7gdl__1__1.A_2.A__1.E,1.0,1,95.46686119216339,242,58.07155711264799,58.07155711264799,High density,Ligand pose,sucos_shape,50,100.0
7gdm__1__1.A_2.A__2.E,1.0,1,89.39927779398967,246,56.128264870211986,56.128264870211986,High density,Ligand pose,sucos_shape,50,100.0
7gdz__1__1.A_2.A__1.E,1.0,1,89.13885212771287,116,62.097298098031466,62.097298098031466,High density,Ligand pose,sucos_shape,50,100.0
7ge2__1__1.A_2.A__2.E,0.75,1,58.00621869485143,23,52.73784473908033,52.73784473908033,Low density,Ligand pose,sucos_shape,50,75.0
7ge3__1__1.A_2.A__1.D,1.0,1,96.15630323679727,214,58.30997059377691,58.30997059377691,High density,Ligand pose,sucos_shape,50,100.0
7ge4__1__1.A_2.A__1.E_1.F,1.0,1,96.2026633374948,177,58.277648373077746,58.277648373077746,High density,Ligand pose,sucos_shape,50,100.0
7ge8__1__1.A_2.A__2.E,0.75,1,67.84203778861983,51,53.4596331679518,53.4596331679518,Low density,Ligand pose,sucos_shape,50,75.0
7ge9__1__1.A_2.A__1.E,1.0,1,98.62968647226485,257,58.228018733218896,58.228018733218896,High density,Ligand pose,sucos_shape,50,100.0
7gec__1__1.A_2.A__2.E,1.0,1,84.49036155082624,168,57.497116533645546,57.497116533645546,High density,Ligand pose,sucos_shape,50,100.0
7ged__1__1.A_2.A__1.E,1.0,1,88.0280650207802,339,56.53176652681869,56.53176652681869,High density,Ligand pose,sucos_shape,50,100.0
7gee__1__1.A_2.A__2.E,0.5,1,77.2341676705415,158,55.63384288384586,55.63384288384586,High density,Ligand pose,sucos_shape,50,50.0
7gef__1__1.A_2.A__1.D,1.0,1,77.68884657045739,227,56.350516545787436,56.350516545787436,High density,Ligand pose,sucos_shape,50,100.0
7geg__1__1.A_2.A__2.E,1.0,1,96.10732966059817,117,58.534533841646876,58.534533841646876,High density,Ligand pose,sucos_shape,50,100.0
7geh__1__1.A_2.A__2.E,0.0,1,83.88693576758978,96,58.95300818546277,58.95300818546277,High density,Ligand pose,sucos_shape,50,0.0
7gek__1__1.A_2.A__1.E,1.0,1,92.2548747868904,234,59.001006620206,59.001006620206,High density,Ligand pose,sucos_shape,50,100.0
7gem__1__1.A_2.A__1.E_1.F,0.75,1,98.75420875420875,266,58.04311236305186,58.04311236305186,High density,Ligand pose,sucos_shape,50,75.0
7gen__1__1.A_2.A__2.E,1.0,1,90.76498518800653,227,56.78279891914345,56.78279891914345,High density,Ligand pose,sucos_shape,50,100.0
7ges__1__1.A_2.A__2.E,1.0,1,95.50289233065871,143,57.216863288299116,57.216863288299116,High density,Ligand pose,sucos_shape,50,100.0
7geu__1__1.A_2.A__2.E,1.0,1,94.44392939078843,175,57.61628817735838,57.61628817735838,High density,Ligand pose,sucos_shape,50,100.0
7gew__1__1.A_2.A__1.E,1.0,1,94.14186672525877,126,58.28432249940417,58.28432249940417,High density,Ligand pose,sucos_shape,50,100.0
7gey__1__1.A_2.A__2.E,1.0,1,68.93180533650617,244,55.476969644429374,55.476969644429374,High density,Ligand pose,sucos_shape,50,100.0
7gf0__1__1.A_2.A__1.E,0.75,1,92.53550680853205,144,57.66732351699842,57.66732351699842,High density,Ligand pose,sucos_shape,50,75.0
7gf2__1__1.A_2.A__2.E,1.0,1,94.92124886283257,136,58.02614116602365,58.02614116602365,High density,Ligand pose,sucos_shape,50,100.0
7gf3__1__1.A_2.A__1.E,1.0,1,91.27080392457184,182,57.89531109643969,57.89531109643969,High density,Ligand pose,sucos_shape,50,100.0
7gf5__1__1.A_2.A__1.E,0.75,1,85.8699027584903,114,57.161277687221975,57.161277687221975,High density,Ligand pose,sucos_shape,50,75.0
7gf6__1__1.A_2.A__2.E,1.0,1,66.60871083598391,40,57.124029283761544,57.124029283761544,Low density,Ligand pose,sucos_shape,50,100.0
7gfb__1__1.A_2.A__2.E,1.0,1,90.0381848616136,99,59.15063167697153,59.15063167697153,High density,Ligand pose,sucos_shape,50,100.0
7gfh__1__1.A_2.A__1.E,1.0,1,89.66179609746754,128,60.032074111118355,60.032074111118355,High density,Ligand pose,sucos_shape,50,100.0
7gfl__1__1.A_2.A__2.E,1.0,1,88.60811651378415,149,60.645292570096444,60.645292570096444,High density,Ligand pose,sucos_shape,50,100.0
7gfr__1__1.A_2.A__2.E,1.0,1,94.5702166629766,131,58.22135445686961,58.22135445686961,High density,Ligand pose,sucos_shape,50,100.0
7gfs__1__1.A_2.A__2.E,0.5,1,67.43307569121795,149,54.329033070346114,54.329033070346114,High density,Ligand pose,sucos_shape,50,50.0
7gft__1__1.A_2.A__1.E,0.25,1,66.3754291570058,65,53.9084965071324,53.9084965071324,High density,Ligand pose,sucos_shape,50,25.0
7gfx__1__1.A_2.A__2.E,1.0,1,97.40048740861089,173,58.58230076504482,58.58230076504482,High density,Ligand pose,sucos_shape,50,100.0
7gfz__1__1.A_2.A__2.E_2.F,0.0,2,57.49172395251134,49,52.73882115406425,52.73882115406425,Low density,Ligand pose,sucos_shape,50,0.0
7gg2__1__1.A_2.A__2.E,1.0,1,79.60406861983917,69,58.27558997100254,58.27558997100254,High density,Ligand pose,sucos_shape,50,100.0
7gga__1__1.A_2.A__1.E_1.F,1.0,1,86.42750935351891,90,59.103757677540074,59.103757677540074,High density,Ligand pose,sucos_shape,50,100.0
7ggd__1__1.A__1.E,0.0,1,59.91096223667838,33,53.904621966500834,53.904621966500834,Low density,Ligand pose,sucos_shape,50,0.0
7gge__1__1.A_2.A__2.E_2.F,1.0,1,92.7251689176939,46,66.22894620036753,66.22894620036753,Low density,Ligand pose,sucos_shape,50,100.0
7ggh__1__1.A_2.A__2.E_2.F,1.0,1,89.68905514646593,171,56.743330653700646,56.743330653700646,High density,Ligand pose,sucos_shape,50,100.0
7ggo__1__1.A_2.A__2.E_2.G,0.5,1,74.2288961168151,160,54.55549774554936,54.55549774554936,High density,Ligand pose,sucos_shape,50,50.0
7ggq__1__1.A_2.A__2.E_2.F,1.0,1,91.97678719869589,85,59.616754546514095,59.616754546514095,High density,Ligand pose,sucos_shape,50,100.0
7ggv__1__1.A_2.A__2.E_2.G,1.0,1,91.85366839336666,69,60.00934311187662,60.00934311187662,High density,Ligand pose,sucos_shape,50,100.0
7ggw__1__1.A_2.A__1.E_1.F,1.0,1,78.40388906843731,79,57.90421934090541,57.90421934090541,High density,Ligand pose,sucos_shape,50,100.0
7gh0__1__1.A_2.A__2.E_2.F,0.75,1,78.0909073286836,67,57.4186854831768,57.4186854831768,High density,Ligand pose,sucos_shape,50,75.0
7gh1__1__1.A_2.A__2.E_2.F,0.0,1,58.76553167408668,18,53.29790471802064,53.29790471802064,Low density,Ligand pose,sucos_shape,50,0.0
7gh3__1__1.A_2.A__2.E,1.0,1,75.27912322483972,216,55.351641278452,55.351641278452,High density,Ligand pose,sucos_shape,50,100.0
7gh5__1__1.A_2.A__1.B,1.0,1,91.4053188995283,232,57.69718875521516,57.69718875521516,High density,Ligand pose,sucos_shape,50,100.0
7gh6__1__1.A_2.A__2.B,0.75,1,58.140886398126256,35,52.66436695219337,52.66436695219337,Low density,Ligand pose,sucos_shape,50,75.0
7gh7__1__1.A_2.A__1.B_1.F,1.0,1,97.0053696819496,222,58.09200073231107,58.09200073231107,High density,Ligand pose,sucos_shape,50,100.0
7ghn__1__1.A_1.B__1.N,1.0,1,83.7259592874163,46,69.64153998359353,69.64153998359353,Low density,Ligand pose,sucos_shape,50,100.0
7gho__1__1.A_1.B__1.E_1.F,1.0,1,92.51376974734765,140,57.429655754002646,57.429655754002646,High density,Ligand pose,sucos_shape,50,100.0
7ghp__1__1.A_1.B__1.M_1.O,1.0,1,83.05297115630808,80,59.45542732674969,59.45542732674969,High density,Ligand pose,sucos_shape,50,100.0
7ghq__1__1.A_1.B__1.D_1.E,1.0,1,67.84463255674169,65,57.76996241789784,57.76996241789784,High density,Ligand pose,sucos_shape,50,100.0
7ghr__1__1.A_1.B__1.M,1.0,1,86.01327772988688,109,55.96587508552698,55.96587508552698,High density,Ligand pose,sucos_shape,50,100.0
7ghs__1__1.A_1.B__1.E_1.F,0.75,1,66.7542568123221,89,53.3919282430052,53.3919282430052,High density,Ligand pose,sucos_shape,50,75.0
7ghx__1__1.A_1.B__1.O_1.Q,0.75,1,76.89516665202927,59,58.77445111627869,58.77445111627869,High density,Ligand pose,sucos_shape,50,75.0
7ghy__1__1.A_1.B__1.O_1.P_1.Q,0.75,1,82.78509577323061,57,61.234265066083324,61.234265066083324,Low density,Ligand pose,sucos_shape,50,75.0
7gi4__1__1.A_1.B__1.J,1.0,1,82.7877288087701,72,63.27391066233599,63.27391066233599,High density,Ligand pose,sucos_shape,50,100.0
7gi6__1__1.A_1.B__1.D,0.75,1,86.0829618429641,34,63.047352218290975,63.047352218290975,Low density,Ligand pose,sucos_shape,50,75.0
7gi7__1__1.A_1.B__1.L,1.0,1,69.35385346666604,45,60.01802778441681,60.01802778441681,Low density,Ligand pose,sucos_shape,50,100.0
7gi8__1__1.A_1.B__1.R_1.U_1.V,0.5,1,91.41354148990327,70,59.6970321618717,59.6970321618717,High density,Ligand pose,sucos_shape,50,50.0
7gi9__1__1.A_1.B__1.F,1.0,1,96.71985815602837,146,55.86201685327277,55.86201685327277,High density,Ligand pose,sucos_shape,50,100.0
7gia__1__1.A_1.B__1.F,1.0,1,87.37569021847838,134,56.609970201638134,56.609970201638134,High density,Ligand pose,sucos_shape,50,100.0
7gib__1__1.A_1.B__1.E_1.F,1.0,1,97.82033000611122,195,56.16694514501227,56.16694514501227,High density,Ligand pose,sucos_shape,50,100.0
7gid__1__1.A_1.B__1.E_1.F,1.0,1,98.02188552188552,256,55.99869551445855,55.99869551445855,High density,Ligand pose,sucos_shape,50,100.0
7gih__1__1.A_1.B__1.L_1.P,1.0,1,94.5834040796826,156,56.654260432712476,56.654260432712476,High density,Ligand pose,sucos_shape,50,100.0
7gij__1__1.A_1.B__1.E_1.F,0.75,1,82.86023155230019,55,59.88436854206396,59.88436854206396,Low density,Ligand pose,sucos_shape,50,75.0
7gim__1__1.A_1.B__1.E_1.F,0.75,1,89.23360182647156,75,59.71363399653618,59.71363399653618,High density,Ligand pose,sucos_shape,50,75.0
7gin__1__1.A_1.B__1.F_1.G,1.0,1,91.80300776731119,71,60.296280011600395,60.296280011600395,High density,Ligand pose,sucos_shape,50,100.0
7gio__1__1.A_1.B__1.L_1.O,1.0,1,92.29224860335195,83,60.11289345353163,60.11289345353163,High density,Ligand pose,sucos_shape,50,100.0
7gip__1__1.A_1.B__1.N_1.O,0.0,1,80.98035381199405,22,65.69679583877793,65.69679583877793,Low density,Ligand pose,sucos_shape,50,0.0
7giq__1__1.A_1.B__1.F_1.G,1.0,1,82.3771257597507,49,59.25232942570588,59.25232942570588,Low density,Ligand pose,sucos_shape,50,100.0
7gir__1__1.A_1.B__1.F_1.I,1.0,1,84.28879873474742,78,59.171233758644576,59.171233758644576,High density,Ligand pose,sucos_shape,50,100.0
7gis__1__1.A_1.B__1.E_1.F,0.75,1,96.51266883579291,146,57.3603560252789,57.3603560252789,High density,Ligand pose,sucos_shape,50,75.0
7git__1__1.A_1.B__1.E_1.F,0.5,1,89.5276135955646,74,60.05020512334022,60.05020512334022,High density,Ligand pose,sucos_shape,50,50.0
7giu__1__1.A_1.B__1.K_1.L,1.0,1,91.24957033989095,73,60.27450583698918,60.27450583698918,High density,Ligand pose,sucos_shape,50,100.0
7gix__1__1.A_1.B__1.E_1.F,0.75,1,76.93734141066749,55,59.21556463170159,59.21556463170159,Low density,Ligand pose,sucos_shape,50,75.0
7giy__1__1.A_1.B__1.E_1.F,0.75,1,88.28961116827362,150,57.74888678622323,57.74888678622323,High density,Ligand pose,sucos_shape,50,75.0
7gj0__1__1.A_1.B__1.M_1.N,0.75,1,78.40356738470551,40,60.57595369044593,60.57595369044593,Low density,Ligand pose,sucos_shape,50,75.0
7gj2__1__1.A_1.B__1.E_1.F,0.25,1,79.1094283968953,42,59.86997612893674,59.86997612893674,Low density,Ligand pose,sucos_shape,50,25.0
7gj4__1__1.A_1.B__1.E_1.F,0.75,1,80.74697452472735,84,58.372242350382216,58.372242350382216,High density,Ligand pose,sucos_shape,50,75.0
7gj6__1__1.A_1.B__1.E_1.F,1.0,1,90.40562777597484,78,58.304060575155965,58.304060575155965,High density,Ligand pose,sucos_shape,50,100.0
7gj8__1__1.A_1.B__1.E_1.F,0.75,1,88.85892013288267,81,58.54413015635856,58.54413015635856,High density,Ligand pose,sucos_shape,50,75.0
7gjc__1__1.A_1.B__1.E,1.0,1,81.82038694826171,64,58.27986230570093,58.27986230570093,High density,Ligand pose,sucos_shape,50,100.0
7gjd__1__1.A_1.B__1.E_1.F,1.0,1,83.80597341625582,76,59.11434011584253,59.11434011584253,High density,Ligand pose,sucos_shape,50,100.0
7gjf__1__1.A_1.B__1.E_1.F,0.5,1,75.56280285466744,44,58.51119152099548,58.51119152099548,Low density,Ligand pose,sucos_shape,50,50.0
7gjg__1__1.A_1.B__1.E_1.F,0.75,1,76.12285825563332,17,59.718070033244125,59.718070033244125,Low density,Ligand pose,sucos_shape,50,75.0
7gji__1__1.A_1.B__1.L,1.0,1,83.24734492969714,76,59.24778446169871,59.24778446169871,High density,Ligand pose,sucos_shape,50,100.0
7gjk__1__1.A_1.B__1.E_1.F,1.0,1,82.5422420990673,66,59.341884209897465,59.341884209897465,High density,Ligand pose,sucos_shape,50,100.0
7gjl__1__1.A_1.B__1.D_1.E,1.0,1,85.09134350799789,57,58.755448597251565,58.755448597251565,Low density,Ligand pose,sucos_shape,50,100.0
7gjp__1__1.A_1.B__1.E_1.F,1.0,1,82.22630284810224,81,58.22674106211372,58.22674106211372,High density,Ligand pose,sucos_shape,50,100.0
7gjq__1__1.A_1.B__1.E_1.F,0.75,1,91.28183361629881,87,59.722497213636764,59.722497213636764,High density,Ligand pose,sucos_shape,50,75.0
7gjv__1__1.A_1.B__1.J_1.K,0.75,1,76.82156931875159,75,57.42957838131424,57.42957838131424,High density,Ligand pose,sucos_shape,50,75.0
7gjx__1__1.A_1.B__1.E_1.J,0.5,1,92.02544884085759,85,59.707264132417635,59.707264132417635,High density,Ligand pose,sucos_shape,50,50.0
7gjy__1__1.A_1.B__1.H_1.I,0.0,1,76.90962696191733,27,62.60997150831221,62.60997150831221,Low density,Ligand pose,sucos_shape,50,0.0
7gjz__1__1.A_1.B__1.I_1.K,1.0,1,78.58835007720101,21,60.21726621823533,60.21726621823533,Low density,Ligand pose,sucos_shape,50,100.0
7gk0__1__1.A_1.B__1.E_1.J,1.0,1,74.94221508290764,54,58.80113712660991,58.80113712660991,Low density,Ligand pose,sucos_shape,50,100.0
7gk1__1__1.A_1.B__1.D_1.I,1.0,1,87.6052079354944,84,58.70621361448417,58.70621361448417,High density,Ligand pose,sucos_shape,50,100.0
7gk2__1__1.A_1.B__1.E_1.J,0.5,1,73.04429455330697,45,57.69155867419859,57.69155867419859,Low density,Ligand pose,sucos_shape,50,50.0
7gk3__1__1.A_1.B__1.E_1.J,1.0,1,86.84104849919001,69,58.89880812790062,58.89880812790062,High density,Ligand pose,sucos_shape,50,100.0
7gk6__1__1.A_1.B__1.E_1.J,1.0,1,88.78349021857352,86,57.64571118008031,57.64571118008031,High density,Ligand pose,sucos_shape,50,100.0
7gk7__1__1.A_1.B__1.H,0.5,1,72.74691888653136,33,58.38144309720957,58.38144309720957,Low density,Ligand pose,sucos_shape,50,50.0
7gk8__1__1.A_1.B__1.H,1.0,1,87.48454882571075,65,59.87341538780492,59.87341538780492,High density,Ligand pose,sucos_shape,50,100.0
7gk9__1__1.A_1.B__1.M_1.O,1.0,1,78.58450661316888,72,58.616426725283354,58.616426725283354,High density,Ligand pose,sucos_shape,50,100.0
7gka__1__1.A_1.B__1.E_1.J,1.0,1,91.77049096314916,152,55.14873480091378,55.14873480091378,High density,Ligand pose,sucos_shape,50,100.0
7gkc__1__1.A_1.B__1.E_1.J,0.5,1,80.7282323272729,36,61.96067488740656,61.96067488740656,Low density,Ligand pose,sucos_shape,50,50.0
7gke__1__1.A_1.B__1.E_1.J,1.0,1,88.10823456019963,42,62.87775153991301,62.87775153991301,Low density,Ligand pose,sucos_shape,50,100.0
7gkf__1__1.A_1.B__1.E_1.J,0.75,1,87.75877368972023,68,59.180616822158754,59.180616822158754,High density,Ligand pose,sucos_shape,50,75.0
7gkg__1__1.A_1.B__1.E_1.J,1.0,1,92.02756965582934,100,59.631101773456095,59.631101773456095,High density,Ligand pose,sucos_shape,50,100.0
7gkh__1__1.A_1.B__1.J,0.75,1,86.69129340491538,84,60.29351281144885,60.29351281144885,High density,Ligand pose,sucos_shape,50,75.0
7gki__1__1.A__1.I,1.0,1,92.88154361586446,115,57.27761045969418,57.27761045969418,High density,Ligand pose,sucos_shape,50,100.0
7gkk__1__1.A_1.B__1.O,1.0,1,80.94092434363877,72,59.47145062425745,59.47145062425745,High density,Ligand pose,sucos_shape,50,100.0
7gkm__1__1.A_1.B__1.I_1.J,1.0,1,78.77559414142176,59,59.978106000407415,59.978106000407415,High density,Ligand pose,sucos_shape,50,100.0
7gkn__1__1.A_1.B__1.Q_1.S_1.T,1.0,1,77.40799817524922,63,58.08815658589286,58.08815658589286,High density,Ligand pose,sucos_shape,50,100.0
7gko__1__1.A_1.B__1.I_1.J,0.5,1,79.85186775648401,29,62.18598605291128,62.18598605291128,Low density,Ligand pose,sucos_shape,50,50.0
7gkq__1__1.A_1.B__1.E_1.J,0.25,1,85.1402139346632,37,63.706037368873154,63.706037368873154,Low density,Ligand pose,sucos_shape,50,25.0
7gks__1__1.A_1.B__1.H,0.0,1,80.38006544173169,30,63.412419270431315,63.412419270431315,Low density,Ligand pose,sucos_shape,50,0.0
7gkt__1__1.A_1.B__1.E_1.J,1.0,1,82.20202380448201,59,58.98289363973307,58.98289363973307,High density,Ligand pose,sucos_shape,50,100.0
7gkw__1__1.A_1.B__1.E_1.J,0.75,1,82.09373505819352,55,59.69180807754485,59.69180807754485,Low density,Ligand pose,sucos_shape,50,75.0
7gkx__1__1.A_1.B__1.I,0.5,1,84.9466075492791,57,59.77912411709554,59.77912411709554,Low density,Ligand pose,sucos_shape,50,50.0
7gkz__1__1.A_1.B__1.E_1.J,0.75,1,86.62252819053823,111,58.21528261497691,58.21528261497691,High density,Ligand pose,sucos_shape,50,75.0
7gl1__1__1.A_1.B__1.D_1.I,1.0,1,83.45952503165799,68,58.04299002130844,58.04299002130844,High density,Ligand pose,sucos_shape,50,100.0
7gl2__1__1.A_1.B__1.H_1.I,0.5,1,79.35932004754515,30,63.47751195032738,63.47751195032738,Low density,Ligand pose,sucos_shape,50,50.0
7gl3__1__1.A_1.B__1.H,0.5,1,80.42615086062303,32,63.451264833258875,63.451264833258875,Low density,Ligand pose,sucos_shape,50,50.0
7gl6__1__1.A_1.B__1.E_1.J,1.0,1,83.39688285549299,89,58.24636041450293,58.24636041450293,High density,Ligand pose,sucos_shape,50,100.0
7gl7__1__1.A_1.B__1.E_1.J,1.0,1,68.59911235349394,47,57.05077263587815,57.05077263587815,Low density,Ligand pose,sucos_shape,50,100.0
7gla__1__1.A_1.B__1.I,1.0,1,80.46534277115643,46,59.581656433265,59.581656433265,Low density,Ligand pose,sucos_shape,50,100.0
7glb__1__1.A_1.B__1.N,0.25,1,79.99206930783606,37,60.76216987310961,60.76216987310961,Low density,Ligand pose,sucos_shape,50,25.0
7gld__1__1.A_1.B__1.H,0.25,1,82.11343686698177,27,67.36360929761163,67.36360929761163,Low density,Ligand pose,sucos_shape,50,25.0
7glg__1__1.A_1.B__1.H,0.0,1,80.0262918273175,34,61.92204701607449,61.92204701607449,Low density,Ligand pose,sucos_shape,50,0.0
7gli__1__1.A_1.B__1.L,0.0,1,78.52495297639888,25,63.7419712786255,63.7419712786255,Low density,Ligand pose,sucos_shape,50,0.0
7gln__1__1.A_1.B__1.I,0.5,1,81.32917591989087,35,62.87005497466828,62.87005497466828,Low density,Ligand pose,sucos_shape,50,50.0
7glo__1__1.A_1.B__1.E_1.J,1.0,1,86.77470518840416,153,59.616309851103935,59.616309851103935,High density,Ligand pose,sucos_shape,50,100.0
7glq__1__1.A_1.B__1.E_1.J,1.0,1,87.75394613329755,133,60.56135474725024,60.56135474725024,High density,Ligand pose,sucos_shape,50,100.0
7glw__1__1.A_1.B__1.E_1.J_1.K,1.0,1,81.54744480472635,75,58.706152032508534,58.706152032508534,High density,Ligand pose,sucos_shape,50,100.0
7gly__1__1.A_1.B__1.I,0.5,1,79.79082733831042,27,64.28373630590175,64.28373630590175,Low density,Ligand pose,sucos_shape,50,50.0
7gm0__1__1.A_1.B__1.N,0.25,1,67.22206700578653,30,59.897341026685474,59.897341026685474,Low density,Ligand pose,sucos_shape,50,25.0
7gm1__1__1.A_1.B__1.I,0.25,1,75.92120607241793,25,62.30872368380979,62.30872368380979,Low density,Ligand pose,sucos_shape,50,25.0
7gm3__1__1.A_1.B__1.D_1.I,1.0,1,87.78377767140617,55,58.11315068945785,58.11315068945785,Low density,Ligand pose,sucos_shape,50,100.0
7gm4__1__1.A_1.B__1.I,0.5,1,82.49761039625679,34,63.99789208360911,63.99789208360911,Low density,Ligand pose,sucos_shape,50,50.0
7gm5__1__1.A_1.B__1.I,0.25,1,82.17841563098398,33,64.25518646107659,64.25518646107659,Low density,Ligand pose,sucos_shape,50,25.0
7gm6__1__1.A_1.B__1.N,0.75,1,74.13722083716367,24,61.173492744742965,61.173492744742965,Low density,Ligand pose,sucos_shape,50,75.0
7gm8__1__1.A_1.B__1.I,0.5,1,81.86908493564277,29,64.88620662269021,64.88620662269021,Low density,Ligand pose,sucos_shape,50,50.0
7gm9__1__1.A_1.B__1.I,1.0,1,76.28305720332,26,62.284173305683225,62.284173305683225,Low density,Ligand pose,sucos_shape,50,100.0
7gma__1__1.A_1.B__1.J,0.0,1,72.70458960449608,7,56.993277122066324,56.993277122066324,Low density,Ligand pose,sucos_shape,50,0.0
7gmb__1__1.A_1.B__1.D_1.I,1.0,1,85.07869619568467,23,65.97154269556351,65.97154269556351,Low density,Ligand pose,sucos_shape,50,100.0
7gmh__1__1.A_1.B__1.O,1.0,1,90.44142543322238,72,58.71058772188879,58.71058772188879,High density,Ligand pose,sucos_shape,50,100.0
7gmi__1__1.A_1.B__1.D_1.I,1.0,1,87.40264908705686,59,59.34557066410527,59.34557066410527,High density,Ligand pose,sucos_shape,50,100.0
7gmj__1__1.A_1.B__1.E_1.J_1.K,1.0,1,79.9343788226055,73,59.14447194909552,59.14447194909552,High density,Ligand pose,sucos_shape,50,100.0
7gmk__1__1.A_1.B__1.E_1.J,1.0,1,90.4493250101366,64,59.00513884040826,59.00513884040826,High density,Ligand pose,sucos_shape,50,100.0
7gml__1__1.A_1.B__1.E_1.J,1.0,1,84.40014899144452,32,63.72098827374707,63.72098827374707,Low density,Ligand pose,sucos_shape,50,100.0
7gmm__1__1.A_1.B__1.E_1.J,1.0,1,89.46120628956116,61,58.820222647121035,58.820222647121035,High density,Ligand pose,sucos_shape,50,100.0
7gmo__1__1.A_1.B__1.E_1.J,0.5,1,83.44817525591525,30,65.19377107236132,65.19377107236132,Low density,Ligand pose,sucos_shape,50,50.0
7gmp__1__1.A_1.B__1.D_1.I,1.0,1,89.10097385730957,70,55.94463880388433,55.94463880388433,High density,Ligand pose,sucos_shape,50,100.0
7gmq__1__1.A_1.B__1.D_1.I,1.0,1,86.23646209386283,18,65.0250015657,65.0250015657,Low density,Ligand pose,sucos_shape,50,100.0
7gms__1__1.A_1.B__1.I,0.25,1,69.39233151146442,20,60.97191597684783,60.97191597684783,Low density,Ligand pose,sucos_shape,50,25.0
7gmu__1__1.A_1.B__1.I,1.0,1,87.31098668025706,40,60.55476269279286,60.55476269279286,Low density,Ligand pose,sucos_shape,50,100.0
7gmw__1__1.A_1.B__1.E_1.J,0.5,1,79.0123796773942,39,59.90685894463222,59.90685894463222,Low density,Ligand pose,sucos_shape,50,50.0
7gmy__1__1.A_1.B__1.I,0.25,1,77.01124428246221,30,61.986220856966966,61.986220856966966,Low density,Ligand pose,sucos_shape,50,25.0
7gn0__1__1.A_1.B__1.I,0.75,1,79.83774411154721,36,61.67794322283982,61.67794322283982,Low density,Ligand pose,sucos_shape,50,75.0
7gn4__1__1.A_1.B__1.E_1.J,0.75,1,79.7037810729594,32,62.695303873674504,62.695303873674504,Low density,Ligand pose,sucos_shape,50,75.0
7gn5__1__1.A_1.B__1.I,0.25,1,77.38608315685738,32,60.83820243010375,60.83820243010375,Low density,Ligand pose,sucos_shape,50,25.0
7gn8__1__1.A_1.B__1.I_1.J,1.0,1,75.46981544409019,36,60.309415646137936,60.309415646137936,Low density,Ligand pose,sucos_shape,50,100.0
7gn9__1__1.A_1.B__1.O,0.5,1,79.57250468465318,30,61.21371933819251,61.21371933819251,Low density,Ligand pose,sucos_shape,50,50.0
7gnb__1__1.A_1.B__1.M_1.O,0.5,1,70.93109020938864,20,59.71750184570794,59.71750184570794,Low density,Ligand pose,sucos_shape,50,50.0
7gnc__1__1.A_1.B__1.E_1.J,1.0,1,77.02448501824813,29,61.65797528535864,61.65797528535864,Low density,Ligand pose,sucos_shape,50,100.0
7gnd__1__1.A_1.B__1.E_1.J,1.0,1,81.21197472795366,61,60.62743276389075,60.62743276389075,High density,Ligand pose,sucos_shape,50,100.0
7gnf__1__1.A_1.B__1.P_1.R,1.0,1,81.62096757042802,55,60.73065835078001,60.73065835078001,Low density,Ligand pose,sucos_shape,50,100.0
7gng__1__1.A_1.B__1.Q,1.0,1,71.57444294135004,29,60.77199620945515,60.77199620945515,Low density,Ligand pose,sucos_shape,50,100.0
7gnh__1__1.A_1.B__1.M,0.25,1,64.15565218634069,12,60.22233104368212,60.22233104368212,Low density,Ligand pose,sucos_shape,50,25.0
7gnk__1__1.A_1.B__1.T,1.0,1,73.56077133959981,27,60.911594483244784,60.911594483244784,Low density,Ligand pose,sucos_shape,50,100.0
7gnl__1__1.A_1.B__1.N,0.0,1,73.83126550868487,14,64.30189745881265,64.30189745881265,Low density,Ligand pose,sucos_shape,50,0.0
7gnm__1__1.A_1.B__1.S,0.0,1,75.0449402558951,21,62.524109249684756,62.524109249684756,Low density,Ligand pose,sucos_shape,50,0.0
7gnn__1__1.A_1.B__1.I,0.5,1,73.51929151479224,28,62.00932263740759,62.00932263740759,Low density,Ligand pose,sucos_shape,50,50.0
7gno__1__1.A_1.B__1.P_1.S,0.0,1,75.71198357940288,20,63.95668362290443,63.95668362290443,Low density,Ligand pose,sucos_shape,50,0.0
7gnp__1__1.A_1.B__1.H_1.J,0.75,1,75.87348090277779,18,64.9951787609536,64.9951787609536,Low density,Ligand pose,sucos_shape,50,75.0
7gnq__1__1.A_1.B__1.G_1.I_1.L,0.5,1,76.3559416416082,22,64.03565026094476,64.03565026094476,Low density,Ligand pose,sucos_shape,50,50.0
7gnr__1__1.A_1.B__1.E_1.J,1.0,1,75.58662920191846,25,61.6951276780226,61.6951276780226,Low density,Ligand pose,sucos_shape,50,100.0
7gns__1__1.A_1.B__1.H_1.J,1.0,1,73.03432764654349,28,59.64956713675427,59.64956713675427,Low density,Ligand pose,sucos_shape,50,100.0
7gnt__1__1.A_1.B__1.N_1.O,1.0,1,71.67756780165723,22,60.435643792305,60.435643792305,Low density,Ligand pose,sucos_shape,50,100.0
7gnu__1__1.A_1.B__1.O_1.Q,0.75,1,69.66582357927156,25,59.33215920434792,59.33215920434792,Low density,Ligand pose,sucos_shape,50,75.0
7grr__1__1.A__1.D,0.0,1,62.30234138330666,89,53.372780448825075,53.372780448825075,High density,Ligand pose,sucos_shape,50,0.0
7grs__1__1.B__1.Q,0.0,1,76.79213949626349,363,56.526557700642115,56.526557700642115,High density,Ligand pose,sucos_shape,50,0.0
7grt__1__1.A__1.C_1.E_1.I,0.0,1,67.98312658124412,336,54.438926139986016,54.438926139986016,High density,Ligand pose,sucos_shape,50,0.0
7grw__1__1.B__1.M_1.N,0.0,1,69.17220484930854,216,54.43370803687943,54.43370803687943,High density,Ligand pose,sucos_shape,50,0.0
7gs0__1__1.A_1.B__1.D,0.0,1,71.79060472413099,219,55.63538889706867,55.63538889706867,High density,Ligand pose,sucos_shape,50,0.0
7h1j__1__1.B__1.E,0.0,1,66.33120347990156,55,55.26230002255261,55.26230002255261,Low density,Ligand pose,sucos_shape,50,0.0
7jhq__1__2.D__2.Q,0.25,1,90.54262755939396,189,68.47696677408643,68.47696677408643,High density,Ligand pose,sucos_shape,50,25.0
7jni__1__1.A__1.C,0.0,1,51.32459149894747,1,51.32459149894747,51.32459149894747,Low density,Ligand pose,sucos_shape,50,0.0
7jyd__1__1.A__1.C,0.25,1,86.73399909214707,58,57.803173525498345,57.803173525498345,Low density,Ligand pose,sucos_shape,50,25.0
7k4g__1__1.B__1.J_1.K_1.L,1.0,1,97.8197287955331,446,71.07502737528493,71.07502737528493,High density,Ligand pose,sucos_shape,50,100.0
7k4i__1__1.B__1.J_1.K_1.L,1.0,1,91.79947604844205,349,66.81610582613487,66.81610582613487,High density,Ligand pose,sucos_shape,50,100.0
7k4j__1__1.E__1.S_1.T_1.U,1.0,1,94.23270289671565,335,68.00879306194209,68.00879306194209,High density,Ligand pose,sucos_shape,50,100.0
7k5v__1__1.A__1.C,0.0,1,60.18946849074949,112,54.07672873990696,54.07672873990696,High density,Ligand pose,sucos_shape,50,0.0
7kbj__1__1.B_1.C__1.L_1.M_1.O,0.0,1,64.12042271401846,18,56.56253326913811,56.56253326913811,Low density,Ligand pose,sucos_shape,50,0.0
7kbr__1__1.B_1.C__1.EA_1.IA_1.N,0.25,1,61.107958217022286,7,58.25672866365697,58.25672866365697,Low density,Ligand pose,sucos_shape,50,25.0
7kh4__1__1.A_1.F__1.G_1.W,1.0,1,95.49645342285977,35,57.219861589102585,57.219861589102585,Low density,Ligand pose,sucos_shape,50,100.0
7kkh__1__1.A_1.B__1.D,0.75,1,51.28214622037531,5,50.66171923973622,50.66171923973622,Low density,Ligand pose,sucos_shape,50,75.0
7knr__1__1.A__1.B_1.C_1.D,0.25,1,76.58624674807984,31,64.61177928830605,64.61177928830605,Low density,Ligand pose,sucos_shape,50,25.0
7ko6__1__1.A__1.D,0.75,1,58.068127016067116,2,58.06812678440002,58.06812678440002,Low density,Ligand pose,sucos_shape,50,75.0
7kop__1__1.A__1.B_1.C_1.D,0.25,1,75.590431061103,64,60.57378723906654,60.57378723906654,High density,Ligand pose,sucos_shape,50,25.0
7kxz__1__1.A__1.C,0.75,1,60.49029415188587,6,54.918705777961925,54.918705777961925,Low density,Ligand pose,sucos_shape,50,75.0
7l00__1__1.B__1.J_1.K_1.L,1.0,1,95.70374681885154,60,73.52862452510223,73.52862452510223,High density,Ligand pose,sucos_shape,50,100.0
7l1j__1__1.A_1.B__1.E_1.G,1.0,1,91.51900911749526,47,72.88969608312377,72.88969608312377,Low density,Ligand pose,sucos_shape,50,100.0
7l1p__1__1.A_1.B__1.C,0.5,1,54.15206513170732,1,54.15206513170732,54.15206513170732,Low density,Ligand pose,sucos_shape,50,50.0
7l2y__1__1.A_2.A__1.J,1.0,1,90.71513910223588,23,62.64829888114913,62.64829888114913,Low density,Ligand pose,sucos_shape,50,100.0
7l8o__1__1.A__1.G_1.H,0.5,1,65.06291989197646,117,56.203871592454654,56.203871592454654,High density,Ligand pose,sucos_shape,50,50.0
7l91__1__3.A__3.B_3.C_3.D,0.75,1,79.37643086605114,26,75.4354619823346,75.4354619823346,Low density,Ligand pose,sucos_shape,50,75.0
7l9g__1__1.A__1.B_1.D,0.75,1,77.06576441650367,56,60.26724076322875,60.26724076322875,Low density,Ligand pose,sucos_shape,50,75.0
7lbv__1__1.A__1.B,1.0,1,96.28356964867515,55,84.66878915956272,84.66878915956272,Low density,Ligand pose,sucos_shape,50,100.0
7ldy__1__1.A_1.B__1.H,1.0,1,96.30714365720556,517,73.34704698961706,73.34704698961706,High density,Ligand pose,sucos_shape,50,100.0
7le3__1__1.A_1.B__1.C,1.0,1,97.10662880642317,483,71.45306927362438,71.45306927362438,High density,Ligand pose,sucos_shape,50,100.0
7le5__1__1.A_1.B__1.H,1.0,1,96.00038273849391,477,70.59986695922744,70.59986695922744,High density,Ligand pose,sucos_shape,50,100.0
7le6__1__1.A_1.B__1.C,1.0,1,94.91480243513976,462,70.39429076034207,70.39429076034207,High density,Ligand pose,sucos_shape,50,100.0
7lff__1__1.A__1.C_1.D,1.0,1,96.15188444417294,409,83.30514301398162,83.30514301398162,High density,Ligand pose,sucos_shape,50,100.0
7lk0__1__1.A_2.A__1.D,1.0,1,88.41625777051631,307,70.56004188905257,70.56004188905257,High density,Ligand pose,sucos_shape,50,100.0
7lm4__1__1.A__1.B_1.C_1.D,1.0,1,85.40696677884539,53,62.50994518729256,62.50994518729256,Low density,Ligand pose,sucos_shape,50,100.0
7lov__1__1.A__1.C_1.D_1.H,0.75,2,98.31956058082663,47,71.83014073440474,71.83014073440474,Low density,Ligand pose,sucos_shape,50,75.0
7lp0__1__1.A__1.C,0.75,1,88.43006568262479,324,55.19185201879632,55.19185201879632,High density,Ligand pose,sucos_shape,50,75.0
7lpk__1__1.A__1.C,1.0,1,84.02080808770408,566,55.19916564974251,55.19916564974251,High density,Ligand pose,sucos_shape,50,100.0
7lpw__1__1.A_1.B__1.G,0.0,1,55.20440525058571,11,51.99469196696987,51.99469196696987,Low density,Ligand pose,sucos_shape,50,0.0
7lr9__1__1.A__1.C,0.5,1,97.02083510449827,51,56.69770976211917,56.69770976211917,Low density,Ligand pose,sucos_shape,50,50.0
7lrk__1__1.A__1.C,1.0,1,80.66994067724865,497,55.14717392291884,55.14717392291884,High density,Ligand pose,sucos_shape,50,100.0
7lro__1__1.A__1.D,1.0,1,83.52135482805691,620,55.225968637428345,55.225968637428345,High density,Ligand pose,sucos_shape,50,100.0
7ltx__1__1.A__1.E_1.F_1.G,0.625,2,94.01858606227252,595,65.78899340223933,65.78899340223933,High density,Ligand pose,sucos_shape,50,62.5
7ltz__1__1.A__1.B_1.C,1.0,1,77.82789012841367,38,55.91127210186078,55.91127210186078,Low density,Ligand pose,sucos_shape,50,100.0
7lxr__1__1.A__1.E_1.F,0.25,1,94.48261550172103,409,78.4910606847073,78.4910606847073,High density,Ligand pose,sucos_shape,50,25.0
7ly6__1__1.A_2.A__1.B_1.C_1.D,0.5,2,91.7206098302285,1,91.7206098302285,91.7206098302285,Low density,Ligand pose,sucos_shape,50,50.0
7lzr__1__1.A_1.B__1.H,1.0,1,48.44976821969126,0,,48.44976821969126,No neighbours,Ligand pose,sucos_shape,50,100.0
7m0n__1__1.B__1.J_1.M_1.N,0.0,1,50.71272103178942,3,50.6404934604779,50.6404934604779,Low density,Ligand pose,sucos_shape,50,0.0
7m9g__1__1.A_1.B__1.E,1.0,1,96.42042758411516,427,71.36810285018572,71.36810285018572,High density,Ligand pose,sucos_shape,50,100.0
7m9h__1__1.A_1.B__1.E,1.0,1,98.44776687934483,444,69.51886310093032,69.51886310093032,High density,Ligand pose,sucos_shape,50,100.0
7m9r__1__1.A_1.B__1.C,1.0,1,96.86595646685254,403,73.67988238368768,73.67988238368768,High density,Ligand pose,sucos_shape,50,100.0
7m9t__1__1.A_1.B__1.D,1.0,1,94.2809865590022,473,70.80388234553439,70.80388234553439,High density,Ligand pose,sucos_shape,50,100.0
7m9v__1__1.A_1.B__1.C,1.0,1,93.32171805272884,460,72.65353433747885,72.65353433747885,High density,Ligand pose,sucos_shape,50,100.0
7m9x__1__1.A_1.B__1.C,1.0,1,95.52614409544226,449,70.13410152218299,70.13410152218299,High density,Ligand pose,sucos_shape,50,100.0
7ma0__1__1.A_1.B__1.I,1.0,1,97.98774461604245,478,72.78064480761395,72.78064480761395,High density,Ligand pose,sucos_shape,50,100.0
7ma1__1__1.A_1.B__1.M,1.0,1,94.8702013863539,491,72.84344335139633,72.84344335139633,High density,Ligand pose,sucos_shape,50,100.0
7ma2__1__1.A_1.B__1.E,1.0,1,93.62595181303787,482,72.20276298251484,72.20276298251484,High density,Ligand pose,sucos_shape,50,100.0
7ma3__1__1.A_1.B__1.E,1.0,1,97.15067130780706,522,71.94787046357719,71.94787046357719,High density,Ligand pose,sucos_shape,50,100.0
7ma4__1__1.A_1.B__1.D,1.0,1,98.7334197666301,512,70.75179954229108,70.75179954229108,High density,Ligand pose,sucos_shape,50,100.0
7ma5__1__1.A_1.B__1.G,1.0,1,96.18766860634003,497,71.30305232129204,71.30305232129204,High density,Ligand pose,sucos_shape,50,100.0
7ma7__1__1.A_1.B__1.E,1.0,1,94.68795553567868,493,70.91116718071284,70.91116718071284,High density,Ligand pose,sucos_shape,50,100.0
7ma8__1__1.A_1.B__1.E,1.0,1,97.91405723094711,460,71.44158983866912,71.44158983866912,High density,Ligand pose,sucos_shape,50,100.0
7maq__1__1.A_1.B__1.C,1.0,1,95.39775419392082,576,69.77161106116569,69.77161106116569,High density,Ligand pose,sucos_shape,50,100.0
7mcj__1__1.A__1.C_1.D,0.0,1,59.189508658096145,3,55.272044146368756,55.272044146368756,Low density,Ligand pose,sucos_shape,50,0.0
7mdp__1__1.A__1.D,0.0,1,81.67628157943135,1906,66.56747166137289,66.56747166137289,High density,Ligand pose,sucos_shape,50,0.0
7mgj__1__1.A__1.E,1.0,1,86.13557128540037,273,60.73310343390766,60.73310343390766,High density,Ligand pose,sucos_shape,50,100.0
7mgk__1__1.A__1.E,1.0,1,84.78453649032056,268,58.397272697157376,58.397272697157376,High density,Ligand pose,sucos_shape,50,100.0
7mgt__1__1.A__1.B_1.C_1.D,1.0,1,93.86735272288303,11,79.50770423014052,79.50770423014052,Low density,Ligand pose,sucos_shape,50,100.0
7mjd__1__1.B__1.S,0.0,1,59.20548055913761,19,52.822602336688156,52.822602336688156,Low density,Ligand pose,sucos_shape,50,0.0
7mkx__1__1.A__1.E,0.75,1,80.25776209677251,333,59.525885758641394,59.525885758641394,High density,Ligand pose,sucos_shape,50,75.0
7mlo__1__1.A__1.C,0.75,1,66.59811228370233,3,65.50404583083031,65.50404583083031,Low density,Ligand pose,sucos_shape,50,75.0
7mlp__1__1.A__1.B,0.75,1,75.11806015488824,3,71.2258454344789,71.2258454344789,Low density,Ligand pose,sucos_shape,50,75.0
7mlt__1__1.A__1.W,0.5,1,88.18919426252702,15,56.484142807179396,56.484142807179396,Low density,Ligand pose,sucos_shape,50,50.0
7mmr__1__1.A_1.E__1.BA_1.CA_1.K,1.0,1,95.62990459338802,18,89.25099984762072,89.25099984762072,Low density,Ligand pose,sucos_shape,50,100.0
7mnw__1__1.A__1.I_1.J,1.0,1,95.83821212654115,1935,80.87348959717484,80.87348959717484,High density,Ligand pose,sucos_shape,50,100.0
7msk__1__1.A__1.C_1.D,0.75,1,74.94578444839173,14,66.12543704073182,66.12543704073182,Low density,Ligand pose,sucos_shape,50,75.0
7mwn__1__1.A_1.B__1.C,0.25,1,52.218545931504146,2,51.688128831751115,51.688128831751115,Low density,Ligand pose,sucos_shape,50,25.0
7mwt__1__1.A__1.B_1.C,0.875,2,94.97553449170127,253,71.35650731181559,71.35650731181559,High density,Ligand pose,sucos_shape,50,87.5
7mwu__1__1.A__1.B_1.C,0.875,2,95.25953005300974,288,71.93395672099132,71.93395672099132,High density,Ligand pose,sucos_shape,50,87.5
7mwv__1__1.A__1.B_1.C,1.0,2,94.7052683966523,300,69.76307385208808,69.76307385208808,High density,Ligand pose,sucos_shape,50,100.0
7mxh__1__1.A__1.D,0.0,1,39.77467356122889,0,,39.77467356122889,No neighbours,Ligand pose,sucos_shape,50,0.0
7mxk__1__1.A__1.B_1.C,0.0,1,72.96323259016884,191,62.235521848353606,62.235521848353606,High density,Ligand pose,sucos_shape,50,0.0
7mxn__1__1.A__1.C,0.75,1,67.85203096716536,128,55.6354202293918,55.6354202293918,High density,Ligand pose,sucos_shape,50,75.0
7my0__1__1.A__1.C_1.F_1.G,0.5,1,85.17112082695277,88,68.44550229997158,68.44550229997158,High density,Ligand pose,sucos_shape,50,50.0
7myd__1__1.A__1.C_1.G,1.0,1,99.09281228192603,329,93.10640240144153,93.10640240144153,High density,Ligand pose,sucos_shape,50,100.0
7n1r__1__1.A__1.P_1.Q_1.R,1.0,1,94.36696020684272,219,83.57598142446459,83.57598142446459,High density,Ligand pose,sucos_shape,50,100.0
7n4w__1__1.A__1.D,0.25,1,66.38105185062612,9,58.39305261166992,58.39305261166992,Low density,Ligand pose,sucos_shape,50,25.0
7n4z__1__1.A__1.F,0.0,1,52.79591454491324,1,52.79591454491324,52.79591454491324,Low density,Ligand pose,sucos_shape,50,0.0
7n53__1__1.A__1.D,0.0,1,54.97052683649415,4,53.26194932576096,53.26194932576096,Low density,Ligand pose,sucos_shape,50,0.0
7n54__1__1.B__1.H,0.75,1,62.31470206732978,14,51.80505623999035,51.80505623999035,Low density,Ligand pose,sucos_shape,50,75.0
7n8w__1__1.A_1.B__1.C_1.E,0.0,1,90.99326287962872,19,70.54552710745293,70.54552710745293,Low density,Ligand pose,sucos_shape,50,0.0
7n9d__1__1.A__1.D,0.5,1,67.25192142759876,30,59.49880042670077,59.49880042670077,Low density,Ligand pose,sucos_shape,50,50.0
7n9g__1__1.A__1.E_1.F,1.0,1,87.56043700475023,96,65.12976217135433,65.12976217135433,High density,Ligand pose,sucos_shape,50,100.0
7nag__1__1.A__1.C,0.0,1,37.660966850525654,0,,37.660966850525654,No neighbours,Ligand pose,sucos_shape,50,0.0
7nah__1__1.A__1.C,0.0,1,36.97310023011921,0,,36.97310023011921,No neighbours,Ligand pose,sucos_shape,50,0.0
7nai__1__1.A__1.C,0.0,1,37.73224943432202,0,,37.73224943432202,No neighbours,Ligand pose,sucos_shape,50,0.0
7nb3__1__1.A__1.C,0.0,1,38.56478425343533,0,,38.56478425343533,No neighbours,Ligand pose,sucos_shape,50,0.0
7nb7__1__1.A__1.E,0.75,1,85.23384948884929,20,75.09696165761295,75.09696165761295,Low density,Ligand pose,sucos_shape,50,75.0
7nbt__1__1.A_2.A__1.C,1.0,1,84.43745034745433,146,58.0502921774233,58.0502921774233,High density,Ligand pose,sucos_shape,50,100.0
7nbw__1__1.A_2.A__1.B,0.75,1,88.19934610976765,18,62.432631589958746,62.432631589958746,Low density,Ligand pose,sucos_shape,50,75.0
7ng1__1__2.A__2.C_2.D,0.0,1,71.0862937372598,99,56.986180022769766,56.986180022769766,High density,Ligand pose,sucos_shape,50,0.0
7ngd__1__1.A__1.B,0.75,1,67.22930154318666,56,56.130142237464,56.130142237464,Low density,Ligand pose,sucos_shape,50,75.0
7ngg__1__2.A__2.B,1.0,1,78.02069065846628,66,58.48748343291472,58.48748343291472,High density,Ligand pose,sucos_shape,50,100.0
7ngi__1__2.A__2.C,0.0,1,71.79864915195981,76,58.168948710228555,58.168948710228555,High density,Ligand pose,sucos_shape,50,0.0
7ngj__1__1.A__1.B,0.5,1,80.17082179144009,88,59.75084671169163,59.75084671169163,High density,Ligand pose,sucos_shape,50,50.0
7ngk__1__2.A__2.C,0.0,1,71.80801116766071,68,56.63655737781863,56.63655737781863,High density,Ligand pose,sucos_shape,50,0.0
7ngm__1__2.A__2.B,0.75,1,73.97599627639293,59,56.79657098983932,56.79657098983932,High density,Ligand pose,sucos_shape,50,75.0
7ngs__1__1.A__1.B,0.75,1,89.8002815267769,73,56.79974036115049,56.79974036115049,High density,Ligand pose,sucos_shape,50,75.0
7ngw__1__2.A__2.B,1.0,1,73.78851665988435,66,57.1806101504477,57.1806101504477,High density,Ligand pose,sucos_shape,50,100.0
7ngx__1__1.A__1.B,0.25,1,65.62828513446331,28,53.161414211493664,53.161414211493664,Low density,Ligand pose,sucos_shape,50,25.0
7ngy__1__2.A__2.B,0.5,1,85.91996612322677,32,56.01675590756001,56.01675590756001,Low density,Ligand pose,sucos_shape,50,50.0
7nlk__1__1.A__1.C_1.E,0.5,1,76.17721797673069,19,57.056824117313056,57.056824117313056,Low density,Ligand pose,sucos_shape,50,50.0
7nlm__1__1.A__1.B_1.C,0.0,1,72.4401587232826,17,57.82990594241389,57.82990594241389,Low density,Ligand pose,sucos_shape,50,0.0
7nlv__1__1.A_1.C__1.G,1.0,1,94.58539962514926,592,77.03417349579166,77.03417349579166,High density,Ligand pose,sucos_shape,50,100.0
7nqw__1__1.A__1.D_1.E_1.F,0.5,1,81.66164065387818,28,60.83641955014637,60.83641955014637,Low density,Ligand pose,sucos_shape,50,50.0
7nr5__1__1.A__1.F,0.75,1,88.75740221217879,27,60.99113349355496,60.99113349355496,Low density,Ligand pose,sucos_shape,50,75.0
7nr6__1__1.B__1.H,1.0,1,93.78546840955977,145,59.716125205954,59.716125205954,High density,Ligand pose,sucos_shape,50,100.0
7nr8__1__1.A__1.F_1.I,0.5,1,80.58251337279722,14,60.114807414002044,60.114807414002044,Low density,Ligand pose,sucos_shape,50,50.0
7ntb__1__1.A__1.B_1.C,0.75,1,84.11073501034771,238,58.99853682061581,58.99853682061581,High density,Ligand pose,sucos_shape,50,75.0
7ntz__1__1.A__1.B,1.0,1,93.80173146269969,46,70.86953550256575,70.86953550256575,Low density,Ligand pose,sucos_shape,50,100.0
7nu0__1__1.A__1.C_1.D_1.E,0.875,2,98.3756119270138,75,64.54690887467567,64.54690887467567,High density,Ligand pose,sucos_shape,50,87.5
7nud__1__1.B__1.D,0.0,1,63.72408022223769,48,58.067291565412184,58.067291565412184,Low density,Ligand pose,sucos_shape,50,0.0
7nue__1__1.A__1.C,0.0,1,57.96687751056639,4,53.913237462365274,53.913237462365274,Low density,Ligand pose,sucos_shape,50,0.0
7nwa__1__1.A_1.B__1.E,0.75,1,95.49300357956395,10,85.93753170086502,85.93753170086502,Low density,Ligand pose,sucos_shape,50,75.0
7nwc__1__1.A_1.B__1.G,0.0,1,45.29659256622366,0,,45.29659256622366,No neighbours,Ligand pose,sucos_shape,50,0.0
7nxu__1__1.A__1.B_1.C_1.D,0.0,1,61.07494312987891,38,55.078326571794584,55.078326571794584,Low density,Ligand pose,sucos_shape,50,0.0
7nya__1__1.A_1.B__1.F,0.0,1,48.33511757891898,0,,48.33511757891898,No neighbours,Ligand pose,sucos_shape,50,0.0
7nzn__1__1.A_2.A__1.B,0.0,1,56.41555690234639,24,52.290394864205325,52.290394864205325,Low density,Ligand pose,sucos_shape,50,0.0
7nzy__1__1.A__1.E,0.75,1,71.2486380662829,918,55.649029205733434,55.649029205733434,High density,Ligand pose,sucos_shape,50,75.0
7o1b__1__1.A__1.E,0.0,1,59.86463284627972,4,56.50374245368741,56.50374245368741,Low density,Ligand pose,sucos_shape,50,0.0
7o2t__1__1.A_2.A__1.B,0.0,1,56.85976603313259,5,55.41023241388276,55.41023241388276,Low density,Ligand pose,sucos_shape,50,0.0
7o46__1__1.A_2.A__1.B,1.0,1,70.18607302589523,142,55.892697246916406,55.892697246916406,High density,Ligand pose,sucos_shape,50,100.0
7o6x__1__1.A__1.E,1.0,1,87.49013712267643,26,66.4300037134812,66.4300037134812,Low density,Ligand pose,sucos_shape,50,100.0
7o7j__1__1.A__1.B,0.0,1,64.1286712709877,46,53.08095387274969,53.08095387274969,Low density,Ligand pose,sucos_shape,50,0.0
7o7k__1__1.A__1.E,0.5,1,84.34917559159697,47,54.617475041855286,54.617475041855286,Low density,Ligand pose,sucos_shape,50,50.0
7o9i__1__1.A__1.B,0.0,1,59.96432426750633,76,55.589019074591135,55.589019074591135,High density,Ligand pose,sucos_shape,50,0.0
7oa1__1__1.A__1.D_1.H,1.0,1,71.71223708765244,161,57.693120016124155,57.693120016124155,High density,Ligand pose,sucos_shape,50,100.0
7oa4__1__1.A__1.E_1.F_1.H_1.I,0.0,1,45.87078577085338,0,,45.87078577085338,No neighbours,Ligand pose,sucos_shape,50,0.0
7oat__1__1.B__1.F_1.G,1.0,1,82.8911653764514,1219,65.23336986763287,65.23336986763287,High density,Ligand pose,sucos_shape,50,100.0
7oed__1__1.A__1.C,0.5,1,75.27538175875738,14,66.79928203141226,66.79928203141226,Low density,Ligand pose,sucos_shape,50,50.0
7of8__1__1.A__1.B,0.0,1,63.94885771186766,44,55.809880546351884,55.809880546351884,Low density,Ligand pose,sucos_shape,50,0.0
7ofa__1__1.A__1.B_1.C,0.5,1,69.76862799214595,28,56.87687767987341,56.87687767987341,Low density,Ligand pose,sucos_shape,50,50.0
7ohg__1__1.A__1.B_1.D_1.E_1.F,0.0,1,66.21896446004362,2,61.32827865646519,61.32827865646519,Low density,Ligand pose,sucos_shape,50,0.0
7oj6__1__1.A_1.C__1.Y,0.0,1,49.5343288878956,0,,49.5343288878956,No neighbours,Ligand pose,sucos_shape,50,0.0
7ojo__1__1.A_1.B__1.E_1.F,0.75,2,98.80168933375528,925,65.46243852797275,65.46243852797275,High density,Ligand pose,sucos_shape,50,75.0
7ojw__1__1.A_1.C__1.F,0.0,1,46.598277706791976,0,,46.598277706791976,No neighbours,Ligand pose,sucos_shape,50,0.0
7ojy__1__1.A_1.B__1.D,0.0,1,52.41019616370773,4,50.60882000016127,50.60882000016127,Low density,Ligand pose,sucos_shape,50,0.0
7ok1__1__1.A_1.B__1.D,0.25,1,65.43868911418991,5,54.51006667271562,54.51006667271562,Low density,Ligand pose,sucos_shape,50,25.0
7ok8__1__1.A__1.B_1.C_1.D,1.0,1,77.02328233443191,344,59.34276040913347,59.34276040913347,High density,Ligand pose,sucos_shape,50,100.0
7okc__1__1.A_2.A__2.B,0.0,1,53.27119137527938,1,53.27119137527938,53.27119137527938,Low density,Ligand pose,sucos_shape,50,0.0
7oli__1__1.A__1.C,1.0,1,98.0615484903872,2,89.9881676594724,89.9881676594724,Low density,Ligand pose,sucos_shape,50,100.0
7olj__1__1.A_1.B__1.E,1.0,1,87.05397987191216,278,57.68509832099876,57.68509832099876,High density,Ligand pose,sucos_shape,50,100.0
7oll__1__1.A_2.A__2.B_2.C_2.D,1.0,1,98.15773131856758,28,88.33866865709642,88.33866865709642,Low density,Ligand pose,sucos_shape,50,100.0
7olr__1__1.A_2.A__2.B_2.C_2.D,1.0,2,98.42833193629505,81,87.42248006199675,87.42248006199675,High density,Ligand pose,sucos_shape,50,100.0
7om1__1__1.A_1.B__1.E,1.0,1,92.66389177939647,466,57.638901056009786,57.638901056009786,High density,Ligand pose,sucos_shape,50,100.0
7omd__1__1.A__1.C_1.D,0.0,1,68.01688737263389,3,61.75790274522837,61.75790274522837,Low density,Ligand pose,sucos_shape,50,0.0
7ome__1__1.A__1.B,0.0,1,48.06178181890143,0,,48.06178181890143,No neighbours,Ligand pose,sucos_shape,50,0.0
7omo__1__1.A__1.C,0.0,1,55.541135983761414,8,52.71811801096412,52.71811801096412,Low density,Ligand pose,sucos_shape,50,0.0
7omr__1__1.A__1.B,0.0,1,64.05429121891832,4,61.08378967865846,61.08378967865846,Low density,Ligand pose,sucos_shape,50,0.0
7on9__1__1.A__1.E_1.F,1.0,1,86.56563007218404,88,75.5777591488148,75.5777591488148,High density,Ligand pose,sucos_shape,50,100.0
7opm__1__1.A__1.D,0.75,1,71.73861866958902,291,53.619740059445995,53.619740059445995,High density,Ligand pose,sucos_shape,50,75.0
7orq__1__1.A__1.B_1.C_1.D,1.0,1,85.40224734114818,431,59.1253131051348,59.1253131051348,High density,Ligand pose,sucos_shape,50,100.0
7osq__1__1.A__1.B_1.C,0.5,2,94.72546171480319,59,75.70739961140173,75.70739961140173,High density,Ligand pose,sucos_shape,50,50.0
7osx__1__1.A__1.C,0.75,1,96.19168071950534,412,60.39450639148465,60.39450639148465,High density,Ligand pose,sucos_shape,50,75.0
7oud__1__1.A__1.B_1.C,0.0,2,75.26797845683176,37,59.00146246038922,59.00146246038922,Low density,Ligand pose,sucos_shape,50,0.0
7ouj__1__1.A__1.B_1.D,0.5,2,94.05843823619715,227,60.35921560843811,60.35921560843811,High density,Ligand pose,sucos_shape,50,50.0
7ovd__1__1.A__1.B,0.75,1,75.8150680361418,2,75.23372098563567,75.23372098563567,Low density,Ligand pose,sucos_shape,50,75.0
7oy5__1__1.A__1.C,0.75,1,79.01664644801104,221,53.90580259089562,53.90580259089562,High density,Ligand pose,sucos_shape,50,75.0
7oyf__1__1.A_1.B__1.C_1.D_1.E_1.F_1.S,1.0,1,88.12992489814529,5,77.33220310026945,77.33220310026945,Low density,Ligand pose,sucos_shape,50,100.0
7oze__1__1.A__1.E_1.F,0.75,1,83.79660069900665,41,54.46748234812037,54.46748234812037,Low density,Ligand pose,sucos_shape,50,75.0
7p1a__1__1.A__1.B_1.D,0.5,1,71.46882479177378,143,55.51762611096204,55.51762611096204,High density,Ligand pose,sucos_shape,50,50.0
7p1e__1__1.A__1.C_1.G,0.0,1,91.70332836011849,35,63.92104826244534,63.92104826244534,Low density,Ligand pose,sucos_shape,50,0.0
7p1f__1__1.A__1.C,1.0,1,98.1494404409911,53,80.69805988450854,80.69805988450854,Low density,Ligand pose,sucos_shape,50,100.0
7p1o__1__1.A__1.D,1.0,1,95.6221814441397,53,75.55033454874946,75.55033454874946,Low density,Ligand pose,sucos_shape,50,100.0
7p1s__1__1.A__1.E,1.0,1,96.8935159014374,36,78.21728985461786,78.21728985461786,Low density,Ligand pose,sucos_shape,50,100.0
7p1u__1__1.A__1.C_1.D,0.75,1,98.81339345526325,36,73.71776579601338,73.71776579601338,Low density,Ligand pose,sucos_shape,50,75.0
7p3b__1__1.A__1.C_1.D_1.E,1.0,1,86.02847841814756,5,84.85626544597255,84.85626544597255,Low density,Ligand pose,sucos_shape,50,100.0
7p3v__1__1.B__1.D,0.75,1,84.21646697076791,33,63.17081487499905,63.17081487499905,Low density,Ligand pose,sucos_shape,50,75.0
7p4c__1__1.A__1.E_1.F,0.75,1,90.71807147625906,110,58.566454021167935,58.566454021167935,High density,Ligand pose,sucos_shape,50,75.0
7p4o__1__1.A__1.C_1.F,0.375,2,97.54576810825154,25,65.29577147750383,65.29577147750383,Low density,Ligand pose,sucos_shape,50,37.5
7p4v__1__1.A_3.A__1.B,0.25,1,94.67759837804446,241,75.45453495157095,75.45453495157095,High density,Ligand pose,sucos_shape,50,25.0
7p50__1__1.A_1.B__1.D_1.E_1.F,0.75,2,98.19227608874282,483,65.31046382367738,65.31046382367738,High density,Ligand pose,sucos_shape,50,75.0
7p5e__1__1.A__1.B_1.D,1.0,1,81.74272643703574,12,64.96977271931662,64.96977271931662,Low density,Ligand pose,sucos_shape,50,100.0
7p5f__1__1.A__1.C,0.75,1,90.64765127676841,11,70.32013021708163,70.32013021708163,Low density,Ligand pose,sucos_shape,50,75.0
7p5i__1__1.A__1.D,1.0,1,78.71372063895204,11,62.96784293362393,62.96784293362393,Low density,Ligand pose,sucos_shape,50,100.0
7p5k__1__1.A__1.C,0.5,1,82.96160986453572,9,64.52732593062264,64.52732593062264,Low density,Ligand pose,sucos_shape,50,50.0
7p5n__1__1.A__1.C,0.5,1,85.31308674921657,9,65.88196799844752,65.88196799844752,Low density,Ligand pose,sucos_shape,50,50.0
7p5p__1__1.A__1.D,1.0,1,75.23610668839595,9,59.884901133175696,59.884901133175696,Low density,Ligand pose,sucos_shape,50,100.0
7p84__1__1.A_1.B__1.E_1.F_1.G_1.H,0.5,1,84.80618974250065,6,83.26743792948038,83.26743792948038,Low density,Ligand pose,sucos_shape,50,50.0
7p8m__1__1.A_1.B__1.E_1.F_1.G_1.H,0.5,1,76.70417771224798,6,75.52527958183147,75.52527958183147,Low density,Ligand pose,sucos_shape,50,50.0
7p97__1__1.A__1.C_1.D_1.E,0.75,1,61.227963372387116,1,61.227963372387116,61.227963372387116,Low density,Ligand pose,sucos_shape,50,75.0
7p9p__1__1.B_2.A__2.D_2.I,0.0,2,86.82151038339735,52,70.6965069157219,70.6965069157219,Low density,Ligand pose,sucos_shape,50,0.0
7pa1__1__1.A__1.D,1.0,1,78.04884105777865,14,71.40573471973438,71.40573471973438,Low density,Ligand pose,sucos_shape,50,100.0
7paw__1__1.B__1.C,0.0,1,52.985911255495544,3,52.426431978637275,52.426431978637275,Low density,Ligand pose,sucos_shape,50,0.0
7pax__1__2.A_2.B__2.C_2.D_2.E,1.0,1,90.39177577579854,110,66.79046032360087,66.79046032360087,High density,Ligand pose,sucos_shape,50,100.0
7pcc__1__1.A_1.B__1.C_1.I,1.0,1,75.19051917412307,128,60.6624886325973,60.6624886325973,High density,Ligand pose,sucos_shape,50,100.0
7pcg__1__1.A_1.B__1.F_1.H_1.J_1.K_1.L,0.75,2,90.37313464959365,276,67.71247824106526,67.71247824106526,High density,Ligand pose,sucos_shape,50,75.0
7pci__1__1.A_2.A__2.B_2.C_2.D_2.E_2.F,0.75,2,79.80171997456627,367,62.67810167431004,62.67810167431004,High density,Ligand pose,sucos_shape,50,75.0
7pcl__1__1.A_1.B__1.G_1.H_1.I_1.J,0.875,2,85.07620895173842,301,59.94531293520423,59.94531293520423,High density,Ligand pose,sucos_shape,50,87.5
7pcm__1__1.A_1.B__1.F_1.I_1.J_1.K,1.0,2,78.67026311742924,250,59.00976407788468,59.00976407788468,High density,Ligand pose,sucos_shape,50,100.0
7pco__1__1.A_1.B__1.F_1.H_1.I_1.J,0.875,2,79.5897789539998,289,58.092853735347134,58.092853735347134,High density,Ligand pose,sucos_shape,50,87.5
7pcs__1__1.B__1.G_1.H,1.0,1,85.72727546194275,2271,66.08084275919916,66.08084275919916,High density,Ligand pose,sucos_shape,50,100.0
7pct__1__1.A_1.B__1.F_1.G_1.I_1.J_1.K,0.625,2,93.93703541633552,478,56.695319565091914,56.695319565091914,High density,Ligand pose,sucos_shape,50,62.5
7pd6__1__1.A_1.B__1.K,0.0,1,76.59625164683135,425,57.52544311977974,57.52544311977974,High density,Ligand pose,sucos_shape,50,0.0
7pdb__1__1.C_1.D__1.H,0.25,1,87.21501560737248,215,57.462036682693515,57.462036682693515,High density,Ligand pose,sucos_shape,50,25.0
7pdr__1__1.A_1.E__1.I,0.0,1,60.3993854538827,44,54.395477860434355,54.395477860434355,Low density,Ligand pose,sucos_shape,50,0.0
7pdt__1__1.A__1.E,1.0,1,91.0786751531494,364,56.90852754183972,56.90852754183972,High density,Ligand pose,sucos_shape,50,100.0
7pe4__1__1.A__1.B_1.C,1.0,1,92.76753950650516,66,68.88536876165966,68.88536876165966,High density,Ligand pose,sucos_shape,50,100.0
7pe5__1__1.D_1.E__1.I,0.0,1,62.376743559201216,57,55.743669028150514,55.743669028150514,Low density,Ligand pose,sucos_shape,50,0.0
7pe6__1__1.A_1.B__1.F,0.0,1,68.48274510113636,156,56.81782725270785,56.81782725270785,High density,Ligand pose,sucos_shape,50,0.0
7pfm__1__1.A_1.B__1.C,1.0,1,93.39435582529818,43,76.78383332513538,76.78383332513538,Low density,Ligand pose,sucos_shape,50,100.0
7phe__1__1.A__1.C,0.0,1,83.69640299928565,18,63.601200618088455,63.601200618088455,Low density,Ligand pose,sucos_shape,50,0.0
7phj__1__1.A__1.B_1.C,0.25,1,54.714225808604766,6,53.29671832770547,53.29671832770547,Low density,Ligand pose,sucos_shape,50,25.0
7phn__1__1.A__1.B_1.C,1.0,1,55.96702701813955,13,52.435904014488,52.435904014488,Low density,Ligand pose,sucos_shape,50,100.0
7pi1__1__1.A__1.F,0.75,1,98.42608206857786,14,88.27616640657342,88.27616640657342,Low density,Ligand pose,sucos_shape,50,75.0
7pj9__1__1.A__1.C,1.0,1,99.23556058890148,69,61.784666417619846,61.784666417619846,High density,Ligand pose,sucos_shape,50,100.0
7pjk__1__1.A__1.E,1.0,1,82.57478589929129,142,76.85486631467997,76.85486631467997,High density,Ligand pose,sucos_shape,50,100.0
7pjm__1__1.A_1.B__1.D_1.G_1.H,0.75,2,98.51178172798677,366,64.78157638218401,64.78157638218401,High density,Ligand pose,sucos_shape,50,75.0
7plf__1__1.A__1.C_1.D,0.0,1,86.59018243370322,495,59.332090393700994,59.332090393700994,High density,Ligand pose,sucos_shape,50,0.0
7pom__1__1.C__1.I_1.J,1.0,1,74.94875785429672,232,56.844793092034266,56.844793092034266,High density,Ligand pose,sucos_shape,50,100.0
7pox__1__1.A__1.C,0.0,1,83.29088762957285,10,60.098082316505725,60.098082316505725,Low density,Ligand pose,sucos_shape,50,0.0
7ppg__1__1.A_1.B__1.E_1.G_1.H,1.0,1,73.13742967974986,64,58.45811565447559,58.45811565447559,High density,Ligand pose,sucos_shape,50,100.0
7pph__1__1.A_1.B__1.H_1.J,0.75,1,62.31774521995212,22,55.24247157261357,55.24247157261357,Low density,Ligand pose,sucos_shape,50,75.0
7pqs__1__1.A__1.C,0.5,1,56.422149537319676,28,51.76560585778458,51.76560585778458,Low density,Ligand pose,sucos_shape,50,50.0
7pqv__1__1.A__1.B,1.0,1,65.06616980042222,275,54.23838969380546,54.23838969380546,High density,Ligand pose,sucos_shape,50,100.0
7pri__1__1.A__1.C_1.F,0.0,1,83.39140948771455,384,58.5245685916366,58.5245685916366,High density,Ligand pose,sucos_shape,50,0.0
7psc__1__1.A_1.B__1.C_1.D,1.0,1,89.3331456750369,449,74.1634442259929,74.1634442259929,High density,Ligand pose,sucos_shape,50,100.0
7pu9__1__1.A__1.B_1.C,0.0,2,48.395189048658814,0,,48.395189048658814,No neighbours,Ligand pose,sucos_shape,50,0.0
7puw__1__1.B__1.G_1.H,1.0,1,67.4210925565782,219,55.37202312756935,55.37202312756935,High density,Ligand pose,sucos_shape,50,100.0
7pvn__1__1.A__1.C_1.H_1.J,1.0,1,77.8802729873722,93,68.20321070267377,68.20321070267377,High density,Ligand pose,sucos_shape,50,100.0
7pwu__1__1.A__1.C,1.0,1,83.74769397040838,370,57.700827128514064,57.700827128514064,High density,Ligand pose,sucos_shape,50,100.0
7pwy__1__1.A_1.B__1.I_1.J,0.0,1,47.89245225210228,0,,47.89245225210228,No neighbours,Ligand pose,sucos_shape,50,0.0
7pz1__1__1.A__1.D,0.75,1,89.0428621839863,11,86.73512481309925,86.73512481309925,Low density,Ligand pose,sucos_shape,50,75.0
7pzu__1__1.A__1.B_1.C,0.0,1,61.673622756902404,11,54.894863558706426,54.894863558706426,Low density,Ligand pose,sucos_shape,50,0.0
7pzv__1__1.A__1.B_1.C,0.25,1,58.193991273502554,17,52.25880669628628,52.25880669628628,Low density,Ligand pose,sucos_shape,50,25.0
7q1n__1__1.A__1.F_1.K,0.0,2,92.5153202294235,2716,55.689014190425304,55.689014190425304,High density,Ligand pose,sucos_shape,50,0.0
7q1o__1__1.A__1.I_1.L,0.125,2,95.95488193598469,2729,56.34380949836358,56.34380949836358,High density,Ligand pose,sucos_shape,50,12.5
7q29__1__1.A__1.G_1.I_1.J_1.O,1.0,1,82.29684990559667,30,67.84739296451045,67.84739296451045,Low density,Ligand pose,sucos_shape,50,100.0
7q2o__1__1.A_1.B__1.D,0.0,1,83.43313778281627,9,71.32367654434121,71.32367654434121,Low density,Ligand pose,sucos_shape,50,0.0
7q6f__1__1.A__1.C_1.D,1.0,1,78.80014637670297,17,70.71166008736182,70.71166008736182,Low density,Ligand pose,sucos_shape,50,100.0
7q6g__1__1.A__1.B_1.C,1.0,1,87.50442155077214,13,82.90403219032888,82.90403219032888,Low density,Ligand pose,sucos_shape,50,100.0
7q6v__1__1.A__1.E,0.25,1,60.527864602971746,42,52.95122590731367,52.95122590731367,Low density,Ligand pose,sucos_shape,50,25.0
7q6w__1__1.A__1.E,0.25,1,56.425231113089815,17,52.53549450634724,52.53549450634724,Low density,Ligand pose,sucos_shape,50,25.0
7q7c__1__1.A__1.B_1.C,1.0,1,95.6566603736918,619,74.20761342315876,74.20761342315876,High density,Ligand pose,sucos_shape,50,100.0
7q7i__1__1.A__1.B,1.0,1,75.23880621939014,467,55.72722425002208,55.72722425002208,High density,Ligand pose,sucos_shape,50,100.0
7q7k__1__1.A__1.B,0.75,1,78.09075925228284,1619,55.68797422734944,55.68797422734944,High density,Ligand pose,sucos_shape,50,75.0
7q7t__1__1.A_2.A__2.C,1.0,1,71.79176328662358,17,65.90212786215064,65.90212786215064,Low density,Ligand pose,sucos_shape,50,100.0
7q7v__1__1.A_2.A__2.B,1.0,1,74.09553656011958,21,63.76637781074039,63.76637781074039,Low density,Ligand pose,sucos_shape,50,100.0
7q8k__1__1.A__1.C_1.F_1.H,1.0,1,77.03039941425646,117,60.12478984890271,60.12478984890271,High density,Ligand pose,sucos_shape,50,100.0
7q8q__1__1.A__1.C_1.E_1.J,0.0,1,46.99406524288549,0,,46.99406524288549,No neighbours,Ligand pose,sucos_shape,50,0.0
7q8z__1__1.A__1.E,0.5,1,72.32007367833904,170,54.20518017139359,54.20518017139359,High density,Ligand pose,sucos_shape,50,50.0
7q90__1__1.A__1.D,0.5,1,67.18766859582351,71,53.209713353841416,53.209713353841416,High density,Ligand pose,sucos_shape,50,50.0
7qa3__1__1.A__1.C,0.75,1,75.47364213107488,6,61.20958371077557,61.20958371077557,Low density,Ligand pose,sucos_shape,50,75.0
7qaa__1__1.B__1.D,0.25,1,94.01653927722023,81,59.32170257948265,59.32170257948265,High density,Ligand pose,sucos_shape,50,25.0
7qdt__1__1.A__1.B,1.0,1,94.37655860982042,112,63.62020932794668,63.62020932794668,High density,Ligand pose,sucos_shape,50,100.0
7qea__1__1.A__1.C,0.25,1,43.16448407417201,0,,43.16448407417201,No neighbours,Ligand pose,sucos_shape,50,25.0
7qei__1__1.A__1.B,1.0,1,87.93554548739097,25,73.05988136408396,73.05988136408396,Low density,Ligand pose,sucos_shape,50,100.0
7qfe__1__1.A__1.D,0.0,1,74.3564460119131,49,54.64614744563475,54.64614744563475,Low density,Ligand pose,sucos_shape,50,0.0
7qfo__1__1.A_2.A__1.C_1.D,1.0,1,97.19986654440093,22,80.13352802648907,80.13352802648907,Low density,Ligand pose,sucos_shape,50,100.0
7qg1__1__1.A__1.C,1.0,1,75.76204370146505,27,60.42408647504754,60.42408647504754,Low density,Ligand pose,sucos_shape,50,100.0
7qg3__1__1.A__1.C,1.0,1,78.22810192483772,103,55.30644884537505,55.30644884537505,High density,Ligand pose,sucos_shape,50,100.0
7qg5__1__1.A__1.C,1.0,1,80.53581156441234,58,58.15922012769213,58.15922012769213,Low density,Ligand pose,sucos_shape,50,100.0
7qgm__1__2.A__2.B_2.C_2.E,0.25,1,76.60310184514763,36,57.47747923619493,57.47747923619493,Low density,Ligand pose,sucos_shape,50,25.0
7qgz__1__1.A__1.B_1.C,0.25,1,66.01176414369488,172,55.393131799119054,55.393131799119054,High density,Ligand pose,sucos_shape,50,25.0
7qh1__1__1.A__1.E_1.F,0.5,1,72.59684333425389,1,72.59684333425389,72.59684333425389,Low density,Ligand pose,sucos_shape,50,50.0
7qhd__1__1.A__1.J_1.P,0.0,1,52.77531588895285,4,51.92197910948521,51.92197910948521,Low density,Ligand pose,sucos_shape,50,0.0
7qhe__1__1.A__1.I,0.0,1,52.56764816446785,1,52.56764816446785,52.56764816446785,Low density,Ligand pose,sucos_shape,50,0.0
7qhl__1__1.A__1.E,1.0,1,92.63239768837241,74,57.546341833778754,57.546341833778754,High density,Ligand pose,sucos_shape,50,100.0
7qhz__1__1.A__1.B,1.0,1,64.26875211799162,62,52.90613097327565,52.90613097327565,High density,Ligand pose,sucos_shape,50,100.0
7qi0__1__1.A__1.C,0.75,1,61.22677656066231,23,55.28853125050424,55.28853125050424,Low density,Ligand pose,sucos_shape,50,75.0
7qk0__1__1.A_2.A__1.B_2.E,1.0,1,67.58379856069558,33,57.975961327045084,57.975961327045084,Low density,Ligand pose,sucos_shape,50,100.0
7qls__1__1.A__1.C_1.D_1.E,0.25,1,91.41016300239522,50,67.70542065031451,67.70542065031451,Low density,Ligand pose,sucos_shape,50,25.0
7qnh__1__1.B__1.E_1.F,1.0,1,83.46772914727435,46,66.94489759242093,66.94489759242093,Low density,Ligand pose,sucos_shape,50,100.0
7qnn__1__1.A__1.C,0.0,1,54.73950611336424,7,52.86565602247458,52.86565602247458,Low density,Ligand pose,sucos_shape,50,0.0
7qqa__1__1.A_1.B__1.H_1.I,1.0,1,93.92564146768314,73,82.43418267449857,82.43418267449857,High density,Ligand pose,sucos_shape,50,100.0
7qrb__1__1.A__1.G,0.0,1,64.80812890287224,16,58.698296355083684,58.698296355083684,Low density,Ligand pose,sucos_shape,50,0.0
7qrc__1__1.A__1.D,0.75,1,57.53019327632468,18,55.36163714811872,55.36163714811872,Low density,Ligand pose,sucos_shape,50,75.0
7qrk__1__1.A__1.B_1.C_1.D,0.25,1,67.92826398437403,22,56.71011939332877,56.71011939332877,Low density,Ligand pose,sucos_shape,50,25.0
7qt2__1__1.A_1.B__1.E,0.75,1,59.1892555376189,20,54.15530262667907,54.15530262667907,Low density,Ligand pose,sucos_shape,50,75.0
7qt6__1__1.A__1.B,0.25,1,95.61765405120694,102,56.77833872350441,56.77833872350441,High density,Ligand pose,sucos_shape,50,25.0
7qty__1__1.A__1.C,0.0,1,74.09580553473671,3,58.97516567223798,58.97516567223798,Low density,Ligand pose,sucos_shape,50,0.0
7qv8__1__1.A__1.C_1.D,0.0,1,83.03318752607166,351,66.3179789943903,66.3179789943903,High density,Ligand pose,sucos_shape,50,0.0
7qy9__1__1.A__1.C,1.0,1,79.65198207462079,69,58.49549141007377,58.49549141007377,High density,Ligand pose,sucos_shape,50,100.0
7qyn__1__1.B__1.O,0.0,1,63.916334467139556,11,53.652334624490166,53.652334624490166,Low density,Ligand pose,sucos_shape,50,0.0
7qzl__1__1.B__1.F_1.H,0.625,2,86.86572593019793,12,71.35508345201252,71.35508345201252,Low density,Ligand pose,sucos_shape,50,62.5
7r02__1__1.B__1.L,0.0,1,64.16629376251409,42,53.13647869219895,53.13647869219895,Low density,Ligand pose,sucos_shape,50,0.0
7r0a__1__1.A__1.C,0.0,1,80.85921871268809,211,55.92765042126979,55.92765042126979,High density,Ligand pose,sucos_shape,50,0.0
7r0d__1__1.A_1.B__1.E_1.F,0.0,1,86.24938842960582,65,56.22030691583074,56.22030691583074,High density,Ligand pose,sucos_shape,50,0.0
7r26__1__1.A__1.B,1.0,1,97.4106602059358,55,61.74483075325223,61.74483075325223,Low density,Ligand pose,sucos_shape,50,100.0
7r2v__1__1.A__1.C_1.D,1.0,1,79.22547952355912,4,74.47592439848255,74.47592439848255,Low density,Ligand pose,sucos_shape,50,100.0
7r2y__1__1.A_1.C__1.G_1.H,0.75,1,93.32621704431602,102,67.85388800939671,67.85388800939671,High density,Ligand pose,sucos_shape,50,75.0
7r3a__1__1.A_1.E__1.V_1.W,0.625,2,90.12745438766775,597,71.55498136512081,71.55498136512081,High density,Ligand pose,sucos_shape,50,62.5
7r4a__1__1.A__1.C,1.0,1,78.35973499249728,360,55.133610978300354,55.133610978300354,High density,Ligand pose,sucos_shape,50,100.0
7r5d__1__1.A__1.C,1.0,1,76.64575666892968,350,56.97581452320662,56.97581452320662,High density,Ligand pose,sucos_shape,50,100.0
7r6g__1__1.A__1.C,0.0,1,95.74304305040117,192,58.11129015927957,58.11129015927957,High density,Ligand pose,sucos_shape,50,0.0
7r6z__1__1.A__1.C_1.E_1.F,0.0,1,65.74525279788234,178,56.32983339549602,56.32983339549602,High density,Ligand pose,sucos_shape,50,0.0
7r7e__1__1.A__1.C_1.D_1.F,1.0,1,96.1846939411672,102,83.41421855742149,83.41421855742149,High density,Ligand pose,sucos_shape,50,100.0
7r7l__1__1.A__1.C,1.0,1,84.04814288354348,47,59.81785612224061,59.81785612224061,Low density,Ligand pose,sucos_shape,50,100.0
7r7r__1__1.A__1.B,1.0,1,97.33066323682924,42,66.35627799429466,66.35627799429466,Low density,Ligand pose,sucos_shape,50,100.0
7r9n__1__1.B__1.E,0.75,1,88.97522504672446,63,54.70295993485051,54.70295993485051,High density,Ligand pose,sucos_shape,50,75.0
7r9p__1__1.A__1.C,0.75,1,80.2430817877349,240,53.94019872835299,53.94019872835299,High density,Ligand pose,sucos_shape,50,75.0
7r9t__1__1.A__1.C,0.0,1,72.5910164396786,98,53.69994609827608,53.69994609827608,High density,Ligand pose,sucos_shape,50,0.0
7rae__1__1.A__1.C,1.0,1,98.16017316017316,1066,65.45283269553137,65.45283269553137,High density,Ligand pose,sucos_shape,50,100.0
7raf__1__1.A__1.C,1.0,1,98.7826550559801,861,64.35378896236887,64.35378896236887,High density,Ligand pose,sucos_shape,50,100.0
7rbw__1__1.A__1.C,0.5,1,34.41209383621827,0,,34.41209383621827,No neighbours,Ligand pose,sucos_shape,50,50.0
7rck__1__1.A__1.C_1.D,1.0,1,89.62719013186432,12,80.24422116301373,80.24422116301373,Low density,Ligand pose,sucos_shape,50,100.0
7rdp__1__1.A__1.B,1.0,1,94.96343328960619,392,67.32876405254112,67.32876405254112,High density,Ligand pose,sucos_shape,50,100.0
7rf9__1__1.A_1.B__1.G,1.0,1,87.5070875303058,26,73.97670176845241,73.97670176845241,Low density,Ligand pose,sucos_shape,50,100.0
7rh1__1__1.A__1.D,0.25,1,78.55254152655817,6,61.60842083777982,61.60842083777982,Low density,Ligand pose,sucos_shape,50,25.0
7rh3__1__1.A__1.C,0.25,1,71.93489189635558,6,61.982162438012324,61.982162438012324,Low density,Ligand pose,sucos_shape,50,25.0
7rh4__1__1.A__1.C,0.5,1,72.52687384023962,6,62.14557914505992,62.14557914505992,Low density,Ligand pose,sucos_shape,50,50.0
7rke__1__1.A__1.E,0.75,1,62.97813034090459,261,52.138142195232454,52.138142195232454,High density,Ligand pose,sucos_shape,50,75.0
7rl2__1__1.A__1.C,0.0,1,99.98695538742498,64,56.02731793146104,56.02731793146104,High density,Ligand pose,sucos_shape,50,0.0
7rls__1__1.A_2.A__2.B,0.5,1,96.18049959709911,20,60.50754226526533,60.50754226526533,Low density,Ligand pose,sucos_shape,50,50.0
7rmb__1__1.A_2.A__2.B,0.25,1,98.27878582329998,22,61.292671735286724,61.292671735286724,Low density,Ligand pose,sucos_shape,50,25.0
7rmw__1__1.A__1.G,0.0,1,58.303806466172205,5,56.385163414511034,56.385163414511034,Low density,Ligand pose,sucos_shape,50,0.0
7rn4__1__1.A_2.A__2.B,0.25,1,96.60872528970688,63,54.889952434970866,54.889952434970866,High density,Ligand pose,sucos_shape,50,25.0
7rnk__1__1.A_2.A__2.B,0.5,1,89.24685696498842,18,61.11898821857475,61.11898821857475,Low density,Ligand pose,sucos_shape,50,50.0
7rnm__1__1.B__1.F,0.75,1,65.4071724307793,544,54.605832869589634,54.605832869589634,High density,Ligand pose,sucos_shape,50,75.0
7ror__1__1.A__1.C_1.D,1.0,1,83.28613063970063,10,74.05391105535514,74.05391105535514,Low density,Ligand pose,sucos_shape,50,100.0
7ros__1__1.A__1.C,1.0,1,81.61719264408669,8,67.15168777419674,67.15168777419674,Low density,Ligand pose,sucos_shape,50,100.0
7rq0__1__1.A_1.B__1.L,0.5,1,47.100569298392514,0,,47.100569298392514,No neighbours,Ligand pose,sucos_shape,50,50.0
7rre__1__1.A__1.B_1.C_1.D,0.0,1,62.7484550634708,15,52.67114529084506,52.67114529084506,Low density,Ligand pose,sucos_shape,50,0.0
7rsp__1__1.A__1.C_1.D,0.5,1,66.91769973089,64,54.37445100608188,54.37445100608188,High density,Ligand pose,sucos_shape,50,50.0
7rsv__1__1.A__1.C_1.D,0.75,1,75.50346728802604,104,55.15395936661884,55.15395936661884,High density,Ligand pose,sucos_shape,50,75.0
7rwe__1__1.A__1.B,0.0,1,69.66591949462308,180,53.616218111884216,53.616218111884216,High density,Ligand pose,sucos_shape,50,0.0
7rwf__1__1.A__1.C,0.0,1,65.7702397159736,194,52.689049403492106,52.689049403492106,High density,Ligand pose,sucos_shape,50,0.0
7rxo__1__1.A__1.C,0.0,1,65.83092632370587,194,52.70960831784713,52.70960831784713,High density,Ligand pose,sucos_shape,50,0.0
7s04__1__2.A__2.B_2.C_2.D,1.0,2,95.92443442363962,157,65.72274386756199,65.72274386756199,High density,Ligand pose,sucos_shape,50,100.0
7s0u__1__1.A__1.F_1.G,0.5,2,97.5465001828704,199,80.44333118988594,80.44333118988594,High density,Ligand pose,sucos_shape,50,50.0
7s14__1__1.A_1.B__1.E_1.K,1.0,1,97.39544873004637,146,90.78743284637426,90.78743284637426,High density,Ligand pose,sucos_shape,50,100.0
7s1c__1__1.A__1.C,0.5,1,82.51116260176175,30,57.97855786927224,57.97855786927224,Low density,Ligand pose,sucos_shape,50,50.0
7s1d__1__1.A__1.C,0.0,1,60.64469488812561,11,53.43217425350408,53.43217425350408,Low density,Ligand pose,sucos_shape,50,0.0
7s1q__1__1.A__1.C_1.D,0.5,2,97.32817329744525,160,84.87866454109945,84.87866454109945,High density,Ligand pose,sucos_shape,50,50.0
7s1r__1__1.A__1.C_1.D,0.5,2,97.47818318877596,120,89.48296104835373,89.48296104835373,High density,Ligand pose,sucos_shape,50,50.0
7s1s__1__1.A__1.C_1.D,0.5,2,97.68271816212922,143,90.61020748574519,90.61020748574519,High density,Ligand pose,sucos_shape,50,50.0
7s2k__1__2.B__2.H_2.I,0.5,2,99.70954356846474,417,63.9339647772051,63.9339647772051,High density,Ligand pose,sucos_shape,50,50.0
7s5f__1__1.A__1.E_1.F,0.5,2,92.22594393123016,685,66.26408533619265,66.26408533619265,High density,Ligand pose,sucos_shape,50,50.0
7s6u__1__1.A__1.B,0.75,1,83.8752272587267,354,58.25703510759291,58.25703510759291,High density,Ligand pose,sucos_shape,50,75.0
7s6v__1__1.A__1.B,0.5,1,80.81931234169907,442,56.24996593741492,56.24996593741492,High density,Ligand pose,sucos_shape,50,50.0
7s7t__1__1.A__1.B,0.0,1,60.873697942978936,12,55.47434935902596,55.47434935902596,Low density,Ligand pose,sucos_shape,50,0.0
7s7x__1__1.A__1.D,0.0,1,40.09313824079038,0,,40.09313824079038,No neighbours,Ligand pose,sucos_shape,50,0.0
7s84__1__1.A__1.B,0.0,1,66.76984707923451,190,52.558111619567896,52.558111619567896,High density,Ligand pose,sucos_shape,50,0.0
7sa0__1__1.A__1.F,0.0,1,61.92766326580569,125,52.55816082458014,52.55816082458014,High density,Ligand pose,sucos_shape,50,0.0
7scr__1__1.E__1.K,0.25,1,76.42394335800395,233,58.32659669009055,58.32659669009055,High density,Ligand pose,sucos_shape,50,25.0
7scw__1__1.A_1.B__1.C_1.D,1.0,1,97.42962224144446,1936,80.31363027751362,80.31363027751362,High density,Ligand pose,sucos_shape,50,100.0
7sdd__1__2.A__2.B,0.25,1,75.47423837576936,16,65.94399461129387,65.94399461129387,Low density,Ligand pose,sucos_shape,50,25.0
7sdr__1__1.A__1.D,0.5,1,87.65434719077953,42,73.60980515923117,73.60980515923117,Low density,Ligand pose,sucos_shape,50,50.0
7se9__1__1.A__1.C_1.D,0.0,1,64.36547090613145,83,52.15882155950556,52.15882155950556,High density,Ligand pose,sucos_shape,50,0.0
7sec__1__1.A__1.D_1.G,0.0,1,59.81714970758837,176,53.194789037043826,53.194789037043826,High density,Ligand pose,sucos_shape,50,0.0
7ser__1__1.A__1.C_1.D,0.5,2,98.42787545829223,124,90.6135906718444,90.6135906718444,High density,Ligand pose,sucos_shape,50,50.0
7ses__1__1.A__1.C_1.D,0.5,2,96.91205518989086,142,89.1092718839152,89.1092718839152,High density,Ligand pose,sucos_shape,50,50.0
7sfo__1__1.A__1.E,1.0,1,62.202891808736794,342,52.974333001544906,52.974333001544906,High density,Ligand pose,sucos_shape,50,100.0
7sgg__1__1.A__1.B_1.D,0.5,1,78.64142516751814,188,58.169048654224106,58.169048654224106,High density,Ligand pose,sucos_shape,50,50.0
7sgi__1__1.A__1.B_1.C,0.25,1,66.04142406426685,136,55.447589149261326,55.447589149261326,High density,Ligand pose,sucos_shape,50,25.0
7sgk__1__1.A__1.B_1.C,0.25,1,60.63987547421963,97,54.34342451861286,54.34342451861286,High density,Ligand pose,sucos_shape,50,25.0
7sh0__1__1.A__1.C_1.D_1.H,0.0,1,45.06579195870379,0,,45.06579195870379,No neighbours,Ligand pose,sucos_shape,50,0.0
7shh__1__1.A__1.E,1.0,1,78.95972412883008,137,61.17282665581143,61.17282665581143,High density,Ligand pose,sucos_shape,50,100.0
7si4__1__1.A__1.B,1.0,1,83.65296657194023,29,66.11991780520604,66.11991780520604,Low density,Ligand pose,sucos_shape,50,100.0
7si5__1__1.A__1.D,1.0,1,90.37892753221446,36,63.29335428876141,63.29335428876141,Low density,Ligand pose,sucos_shape,50,100.0
7sia__1__1.A_1.B__1.C,0.5,1,74.70598324720098,2,62.69950473847165,62.69950473847165,Low density,Ligand pose,sucos_shape,50,50.0
7siu__1__1.A__1.C,0.0,1,58.36505563880515,53,51.94827994740725,51.94827994740725,Low density,Ligand pose,sucos_shape,50,0.0
7skk__1__1.A__1.E_1.F,0.625,2,65.45755172210677,14,58.301911785400264,58.301911785400264,Low density,Ligand pose,sucos_shape,50,62.5
7slr__1__1.A_1.B__1.C,0.75,1,75.1350643310474,75,60.14706470718987,60.14706470718987,High density,Ligand pose,sucos_shape,50,75.0
7sls__1__1.A_1.B__1.C,1.0,1,74.90751950698365,70,59.4363319773223,59.4363319773223,High density,Ligand pose,sucos_shape,50,100.0
7slz__1__1.A__1.B,0.0,1,33.12688623078379,0,,33.12688623078379,No neighbours,Ligand pose,sucos_shape,50,0.0
7snz__1__1.A_1.B__1.C,0.25,1,95.87425771715247,57,71.56090395254584,71.56090395254584,Low density,Ligand pose,sucos_shape,50,25.0
7so1__1__1.A_1.B__1.C,0.0,1,83.95389111375691,41,69.1852562770781,69.1852562770781,Low density,Ligand pose,sucos_shape,50,0.0
7sok__1__1.A__1.E,1.0,1,82.72813037093982,39,68.25474914570607,68.25474914570607,Low density,Ligand pose,sucos_shape,50,100.0
7spy__1__1.A_2.A__2.B_2.C,0.75,1,92.68606006826654,105,79.07610132857523,79.07610132857523,High density,Ligand pose,sucos_shape,50,75.0
7sqe__1__1.A__1.D,0.5,1,98.9041095890411,40,70.74394495203066,70.74394495203066,Low density,Ligand pose,sucos_shape,50,50.0
7sqm__1__1.A__1.B,1.0,1,65.65625687243532,4,58.03565196691835,58.03565196691835,Low density,Ligand pose,sucos_shape,50,100.0
7sqn__1__1.A__1.B_1.E,0.875,2,96.18130435907835,319,73.3117321894975,73.3117321894975,High density,Ligand pose,sucos_shape,50,87.5
7ssj__1__1.A__1.G_1.H,1.0,1,93.18641383151142,27,86.34810313957739,86.34810313957739,Low density,Ligand pose,sucos_shape,50,100.0
7stq__1__1.A_2.A__1.B_1.D_1.E,0.875,2,89.8066111211501,770,74.73033619259735,74.73033619259735,High density,Ligand pose,sucos_shape,50,87.5
7suf__1__1.A__1.B_1.D,1.0,1,69.74228810070295,499,55.765261995357505,55.765261995357505,High density,Ligand pose,sucos_shape,50,100.0
7sv1__1__1.A__1.C_1.D,0.0,1,81.16253618304088,8,57.20352754685724,57.20352754685724,Low density,Ligand pose,sucos_shape,50,0.0
7sv5__1__1.A__1.C_1.D,0.0,1,83.56851557544981,1,83.56851557544981,83.56851557544981,Low density,Ligand pose,sucos_shape,50,0.0
7sxg__1__1.A__1.C,0.25,1,76.81441158220066,23,60.85432820774605,60.85432820774605,Low density,Ligand pose,sucos_shape,50,25.0
7sxj__1__1.A__1.C,1.0,1,97.80325573253982,144,56.18492275308634,56.18492275308634,High density,Ligand pose,sucos_shape,50,100.0
7szb__1__1.A__1.E,0.0,1,62.01494687354578,34,53.44978931046293,53.44978931046293,Low density,Ligand pose,sucos_shape,50,0.0
7szc__1__1.A__1.F,0.0,1,68.06997061981099,55,53.66668393674748,53.66668393674748,Low density,Ligand pose,sucos_shape,50,0.0
7szp__1__1.A_1.B__1.E_1.J,1.0,1,95.54688701888446,122,83.14872552299747,83.14872552299747,High density,Ligand pose,sucos_shape,50,100.0
7szr__1__1.A__1.G,0.0,1,83.21133939480416,44,57.74640858955242,57.74640858955242,Low density,Ligand pose,sucos_shape,50,0.0
7t0a__1__1.A_1.B__1.BA_1.CA_1.GA_1.HA,0.75,1,75.88342415090753,12,66.39891210528334,66.39891210528334,Low density,Ligand pose,sucos_shape,50,75.0
7t0c__1__1.A_1.B__1.VA,0.25,1,91.74041120626156,25,68.14799882743004,68.14799882743004,Low density,Ligand pose,sucos_shape,50,25.0
7t0e__1__1.A_1.B__1.C_1.CA_1.HB_1.IB,1.0,2,90.43507207476124,143,65.49591472618205,65.49591472618205,High density,Ligand pose,sucos_shape,50,100.0
7t0f__1__1.A_1.B__1.C,0.5,1,88.92848973243068,168,53.852785381847625,53.852785381847625,High density,Ligand pose,sucos_shape,50,50.0
7t1d__1__1.A_1.B__1.G_1.I,0.0,1,43.82329974054308,0,,43.82329974054308,No neighbours,Ligand pose,sucos_shape,50,0.0
7t2z__1__1.A_1.B__1.F_1.H,0.5,2,99.9792330056763,234,78.0703029215648,78.0703029215648,High density,Ligand pose,sucos_shape,50,50.0
7t33__1__1.A_1.B__1.E_1.H,0.625,2,98.8499411837328,218,83.02066912784682,83.02066912784682,High density,Ligand pose,sucos_shape,50,62.5
7t39__1__1.A__1.B,0.0,1,64.5364139877992,47,52.41944923280926,52.41944923280926,Low density,Ligand pose,sucos_shape,50,0.0
7t4t__1__1.A__1.C_1.E,0.5,1,97.74876927639424,832,62.2890495010613,62.2890495010613,High density,Ligand pose,sucos_shape,50,50.0
7t5k__1__1.A__1.D,0.75,1,72.75359532528005,81,55.26754644034872,55.26754644034872,High density,Ligand pose,sucos_shape,50,75.0
7t5r__1__1.A_1.C__1.I_1.J,0.0,2,57.75571228333519,7,53.297752823479,53.297752823479,Low density,Ligand pose,sucos_shape,50,0.0
7t5x__1__1.A_1.C__1.I,0.25,1,47.655527203801505,0,,47.655527203801505,No neighbours,Ligand pose,sucos_shape,50,25.0
7t5y__1__1.B__1.G,1.0,1,68.51653952641885,59,55.87646638017059,55.87646638017059,High density,Ligand pose,sucos_shape,50,100.0
7t5z__1__1.A_1.C__1.I,0.0,1,48.97191779186995,0,,48.97191779186995,No neighbours,Ligand pose,sucos_shape,50,0.0
7t60__1__1.B_1.C__1.M,0.25,1,42.30485186947991,0,,42.30485186947991,No neighbours,Ligand pose,sucos_shape,50,25.0
7t61__1__1.B_1.C__1.L,0.0,1,42.072481161056615,0,,42.072481161056615,No neighbours,Ligand pose,sucos_shape,50,0.0
7t6c__1__1.A__1.E,0.25,1,62.94754409451257,95,54.36893114877477,54.36893114877477,High density,Ligand pose,sucos_shape,50,25.0
7t6h__1__1.A__1.C_1.D,1.0,2,99.34916748637224,681,87.17872233302168,87.17872233302168,High density,Ligand pose,sucos_shape,50,100.0
7t7m__1__1.A__1.I,1.0,1,75.81539009675123,50,66.57945962050802,66.57945962050802,Low density,Ligand pose,sucos_shape,50,100.0
7tab__1__1.A__1.B,1.0,1,90.26184217638307,506,55.6310309766239,55.6310309766239,High density,Ligand pose,sucos_shape,50,100.0
7tba__1__1.A__1.U_1.V_1.W,0.5,1,67.78828195839286,5,57.32691300374097,57.32691300374097,Low density,Ligand pose,sucos_shape,50,50.0
7tbc__1__1.A__1.B_1.J_1.L_1.S,0.0,1,63.37327906262985,29,60.38914204653428,60.38914204653428,Low density,Ligand pose,sucos_shape,50,0.0
7tbd__1__1.A__1.E,0.0,1,62.779316859437,33,58.40724307811986,58.40724307811986,Low density,Ligand pose,sucos_shape,50,0.0
7tbu__1__1.A__1.D,0.0,1,92.22181167629225,46,76.06295783039889,76.06295783039889,Low density,Ligand pose,sucos_shape,50,0.0
7te8__1__1.A_1.B__1.E,0.0,1,70.54419953737654,18,54.94079392971925,54.94079392971925,Low density,Ligand pose,sucos_shape,50,0.0
7tev__1__1.A_2.A__2.D,1.0,1,80.80126647663633,604,61.95585635897781,61.95585635897781,High density,Ligand pose,sucos_shape,50,100.0
7tjo__1__1.A__1.E,0.25,1,80.20013840109067,34,66.2521386363914,66.2521386363914,Low density,Ligand pose,sucos_shape,50,25.0
7tm5__1__1.A__1.C_1.D_1.E,1.0,1,95.90040063756105,94,66.98700319383511,66.98700319383511,High density,Ligand pose,sucos_shape,50,100.0
7tm6__1__1.A__1.C_1.D,1.0,2,96.21836043579692,210,63.69037388090663,63.69037388090663,High density,Ligand pose,sucos_shape,50,100.0
7tmf__1__1.A_1.B__1.J_1.P,1.0,1,95.92617876337766,15,64.93306913287726,64.93306913287726,Low density,Ligand pose,sucos_shape,50,100.0
7toc__1__1.A_1.B__1.C_1.D_1.G_1.L,0.75,1,81.28759214176485,114,59.253899530923476,59.253899530923476,High density,Ligand pose,sucos_shape,50,75.0
7tuo__1__1.A__1.B,0.0,1,45.106918361249896,0,,45.106918361249896,No neighbours,Ligand pose,sucos_shape,50,0.0
7twu__1__1.B__1.N,1.0,1,67.93080942464161,17,59.44823147019942,59.44823147019942,Low density,Ligand pose,sucos_shape,50,100.0
7txk__1__1.A__1.C,0.5,1,42.27318457003925,0,,42.27318457003925,No neighbours,Ligand pose,sucos_shape,50,50.0
7txp__1__1.A_2.A__2.B,1.0,1,75.94326161547185,23,66.41055505407736,66.41055505407736,Low density,Ligand pose,sucos_shape,50,100.0
7tzb__1__1.A__1.C,1.0,1,85.96535678059016,70,72.49293934460049,72.49293934460049,High density,Ligand pose,sucos_shape,50,100.0
7u0r__1__1.B__1.I_1.J_1.K_1.L,0.75,2,88.84298780378974,94,74.22572651373113,74.22572651373113,High density,Ligand pose,sucos_shape,50,75.0
7u0t__1__1.A_1.B__1.H,0.5,1,96.06500086106416,89,84.06339851209401,84.06339851209401,High density,Ligand pose,sucos_shape,50,50.0
7u1m__1__1.A__1.D,0.0,1,50.53600658853941,1,50.53600658853941,50.53600658853941,Low density,Ligand pose,sucos_shape,50,0.0
7u1u__1__1.A_2.A__1.B_1.D,1.0,1,92.37504852046409,559,79.95707573812615,79.95707573812615,High density,Ligand pose,sucos_shape,50,100.0
7u2p__1__1.A_1.B__1.C_1.D,0.75,1,76.17946572141484,26,64.66946967773002,64.66946967773002,Low density,Ligand pose,sucos_shape,50,75.0
7u2z__1__1.A__1.C,0.0,1,56.50612969123914,56,52.35363257769614,52.35363257769614,Low density,Ligand pose,sucos_shape,50,0.0
7u30__1__1.A__1.I,1.0,1,82.6424638242909,151,63.64991572716544,63.64991572716544,High density,Ligand pose,sucos_shape,50,100.0
7u31__1__1.A__1.D,0.75,1,69.80910830488484,840,54.298537749261094,54.298537749261094,High density,Ligand pose,sucos_shape,50,75.0
7u3m__1__1.A__1.B_1.C,0.5,1,74.60889696452908,69,58.045427160064136,58.045427160064136,High density,Ligand pose,sucos_shape,50,50.0
7u4o__1__1.A__1.G,0.75,1,92.30702291329827,6,90.4911593093247,90.4911593093247,Low density,Ligand pose,sucos_shape,50,75.0
7u59__1__1.A__1.E_1.F,0.5,1,66.75828482126987,40,55.00847351867319,55.00847351867319,Low density,Ligand pose,sucos_shape,50,50.0
7u5z__1__1.A_1.B__1.C,0.75,1,81.310517692645,104,58.74498115800493,58.74498115800493,High density,Ligand pose,sucos_shape,50,75.0
7u64__1__1.A_1.B__1.S,0.75,1,55.803717014480746,12,52.420397621741834,52.420397621741834,Low density,Ligand pose,sucos_shape,50,75.0
7u6a__1__1.A__1.B_1.F,0.0,1,82.3780142549692,121,56.20172257462593,56.20172257462593,High density,Ligand pose,sucos_shape,50,0.0
7u6b__1__1.A__1.B_1.E,1.0,1,70.10313191873057,57,56.362963276162986,56.362963276162986,Low density,Ligand pose,sucos_shape,50,100.0
7u70__1__1.A__1.C,1.0,1,70.60282828988451,49,57.57628567269263,57.57628567269263,Low density,Ligand pose,sucos_shape,50,100.0
7u8v__1__1.A__1.C,0.0,1,69.95612230891521,96,58.575312209803705,58.575312209803705,High density,Ligand pose,sucos_shape,50,0.0
7u8w__1__1.A__1.C,0.0,1,69.62554874860774,93,57.95033624510517,57.95033624510517,High density,Ligand pose,sucos_shape,50,0.0
7u8x__1__1.A__1.B,0.0,1,67.60864368575737,69,58.74190748441223,58.74190748441223,High density,Ligand pose,sucos_shape,50,0.0
7u8y__1__1.B__1.G_1.H_1.I_1.J,0.0,2,48.92529990378409,0,,48.92529990378409,No neighbours,Ligand pose,sucos_shape,50,0.0
7u8z__1__1.A__1.F_1.G,0.0,1,81.80167540787194,52,59.361648601792176,59.361648601792176,Low density,Ligand pose,sucos_shape,50,0.0
7u98__1__1.A__1.E,0.5,1,78.0062352831022,196,61.15038142386724,61.15038142386724,High density,Ligand pose,sucos_shape,50,50.0
7u99__1__1.A__1.B,1.0,1,74.53866854582951,218,61.5012072814371,61.5012072814371,High density,Ligand pose,sucos_shape,50,100.0
7u9a__1__1.A__1.B,1.0,1,95.62670686220862,627,58.35287061424941,58.35287061424941,High density,Ligand pose,sucos_shape,50,100.0
7u9u__1__2.A__2.C_2.D,1.0,1,95.31093497336265,201,69.7173491205756,69.7173491205756,High density,Ligand pose,sucos_shape,50,100.0
7uad__1__1.A__1.B,1.0,1,70.8145870882974,41,56.409407926754724,56.409407926754724,Low density,Ligand pose,sucos_shape,50,100.0
7uas__1__1.A__1.C,1.0,1,74.51632425439863,6,67.35947770432948,67.35947770432948,Low density,Ligand pose,sucos_shape,50,100.0
7ubo__1__1.A__1.E,0.5,1,46.13139323165741,0,,46.13139323165741,No neighbours,Ligand pose,sucos_shape,50,50.0
7udq__1__1.A__1.C,0.5,1,44.76452876804932,0,,44.76452876804932,No neighbours,Ligand pose,sucos_shape,50,50.0
7ue4__1__1.A_2.A__2.F,1.0,1,98.35200519564864,4,97.501486469673,97.501486469673,Low density,Ligand pose,sucos_shape,50,100.0
7ue6__1__1.A_2.A__2.C_2.F_2.G_2.H,1.0,2,98.96750652558204,28,86.28645712006032,86.28645712006032,Low density,Ligand pose,sucos_shape,50,100.0
7ue8__1__1.A_2.A__2.D,1.0,1,96.41681041241964,4,95.72450975566991,95.72450975566991,Low density,Ligand pose,sucos_shape,50,100.0
7ueo__1__1.A_2.A__2.B_2.C_2.E,1.0,1,96.5456337790512,14,88.81361697347782,88.81361697347782,Low density,Ligand pose,sucos_shape,50,100.0
7ueo__1__1.A_2.A__2.D,1.0,1,96.36012364760434,4,95.62210200927358,95.62210200927358,Low density,Ligand pose,sucos_shape,50,100.0
7uep__1__1.A_2.A__2.B_2.C_2.D_2.E,1.0,2,98.49589482279852,26,88.25729962573922,88.25729962573922,Low density,Ligand pose,sucos_shape,50,100.0
7ueq__1__1.A_2.A__2.B_2.C_2.D,1.0,2,98.06030801357034,32,86.16865686225705,86.16865686225705,Low density,Ligand pose,sucos_shape,50,100.0
7ueu__1__1.A_2.A__2.B,1.0,1,58.04933219810779,4,55.47867353849534,55.47867353849534,Low density,Ligand pose,sucos_shape,50,100.0
7ueu__1__1.A_2.A__2.C_2.D_2.E,1.0,1,97.92503728858033,16,94.51084060540754,94.51084060540754,Low density,Ligand pose,sucos_shape,50,100.0
7uf0__1__1.A_2.A__1.B,1.0,1,88.19227050912593,14,78.32370752621982,78.32370752621982,Low density,Ligand pose,sucos_shape,50,100.0
7ug5__1__1.A__1.E,0.75,1,54.16186772868199,6,53.345548441439576,53.345548441439576,Low density,Ligand pose,sucos_shape,50,75.0
7ugb__1__1.A__1.C,0.5,1,92.68578977016875,565,68.23776052608449,68.23776052608449,High density,Ligand pose,sucos_shape,50,50.0
7ugl__1__1.A__1.C,0.0,1,49.028977774330784,0,,49.028977774330784,No neighbours,Ligand pose,sucos_shape,50,0.0
7ugl__1__1.A__1.D,1.0,1,91.36297495399843,23,65.78028895486716,65.78028895486716,Low density,Ligand pose,sucos_shape,50,100.0
7uj4__1__1.A__1.C_1.D,1.0,1,73.60865338000393,2,72.6298684002152,72.6298684002152,Low density,Ligand pose,sucos_shape,50,100.0
7uj7__1__1.A__1.E,1.0,1,84.91047334252309,749,64.05008420819988,64.05008420819988,High density,Ligand pose,sucos_shape,50,100.0
7uj8__1__1.A__1.C,1.0,1,97.76497048074219,690,66.36911100323023,66.36911100323023,High density,Ligand pose,sucos_shape,50,100.0
7ujc__1__1.B__1.D,1.0,1,97.62550881953867,497,59.79187510822428,59.79187510822428,High density,Ligand pose,sucos_shape,50,100.0
7ujf__1__1.A__1.E,1.0,1,96.0659088006131,540,64.06945513899352,64.06945513899352,High density,Ligand pose,sucos_shape,50,100.0
7ujo__1__1.D__1.H,1.0,1,87.49738902638461,759,63.79168055261964,63.79168055261964,High density,Ligand pose,sucos_shape,50,100.0
7ujy__1__1.B__1.F,1.0,1,95.23497840031418,623,63.59498890866902,63.59498890866902,High density,Ligand pose,sucos_shape,50,100.0
7uk7__1__1.A__1.B_1.C_1.D_1.F,1.0,1,94.76868366366801,10,92.17402937037704,92.17402937037704,Low density,Ligand pose,sucos_shape,50,100.0
7ukr__1__1.A__1.C,0.75,1,78.29051612545,18,66.11793927421766,66.11793927421766,Low density,Ligand pose,sucos_shape,50,75.0
7ule__1__1.A_2.A__2.B_2.C_2.D_2.E_2.F,0.75,2,92.96324566428977,2,91.9322762492468,91.9322762492468,Low density,Ligand pose,sucos_shape,50,75.0
7ulf__1__1.A_2.A__2.B_2.C_2.D_2.E,0.5,2,87.03685641197578,4,70.020770055968,70.020770055968,Low density,Ligand pose,sucos_shape,50,50.0
7um4__1__1.A__1.I,1.0,1,62.978004514552076,45,54.160510277847,54.160510277847,Low density,Ligand pose,sucos_shape,50,100.0
7umo__1__1.A__1.G_1.I,0.0,1,54.363721107033655,4,51.82293457252817,51.82293457252817,Low density,Ligand pose,sucos_shape,50,0.0
7un0__1__1.A__1.G,0.75,1,87.47559395897248,6,85.53282338359465,85.53282338359465,Low density,Ligand pose,sucos_shape,50,75.0
7uoh__1__1.A__1.C_1.D,0.5,2,98.47875017078377,143,90.32297003014737,90.32297003014737,High density,Ligand pose,sucos_shape,50,50.0
7uoy__1__1.A__1.C_1.D_1.F,1.0,1,72.67622517074564,50,56.080017917301774,56.080017917301774,Low density,Ligand pose,sucos_shape,50,100.0
7ur3__1__1.A__1.B,0.0,1,73.69206452408767,77,59.403151157019224,59.403151157019224,High density,Ligand pose,sucos_shape,50,0.0
7ur9__1__1.A_1.B__1.D,0.25,1,55.14713215179231,6,51.887464017034524,51.887464017034524,Low density,Ligand pose,sucos_shape,50,25.0
7usg__1__1.A__1.B,1.0,1,85.93123897898649,160,56.41542806159282,56.41542806159282,High density,Ligand pose,sucos_shape,50,100.0
7ush__1__1.A__1.B,1.0,1,93.94601414019887,191,57.238766270958514,57.238766270958514,High density,Ligand pose,sucos_shape,50,100.0
7usi__1__1.A__1.G,0.5,1,83.59394863527928,169,56.59509375847349,56.59509375847349,High density,Ligand pose,sucos_shape,50,50.0
7utw__1__1.A_1.B__1.C_1.E_1.F,1.0,2,95.36088844014786,984,66.02443195107641,66.02443195107641,High density,Ligand pose,sucos_shape,50,100.0
7uum__1__1.A_2.A__1.B_1.C,0.5,2,72.90325968438556,63,59.9874025477852,59.9874025477852,High density,Ligand pose,sucos_shape,50,50.0
7uw2__1__1.A__1.C,1.0,1,94.51550118170444,274,63.22724792274993,63.22724792274993,High density,Ligand pose,sucos_shape,50,100.0
7uw4__1__1.A__1.C,1.0,1,94.31366779461527,374,61.07304550153621,61.07304550153621,High density,Ligand pose,sucos_shape,50,100.0
7uy0__1__1.A__1.E,1.0,1,96.2584316560937,107,62.3423187394593,62.3423187394593,High density,Ligand pose,sucos_shape,50,100.0
7uy1__1__1.A__1.C_1.D,0.5,2,96.85537326849618,506,75.30711891406021,75.30711891406021,High density,Ligand pose,sucos_shape,50,50.0
7uy4__1__1.A__1.C_1.D_1.E_1.F,0.375,2,92.04347701151987,12,77.03877590521675,77.03877590521675,Low density,Ligand pose,sucos_shape,50,37.5
7uyf__1__1.A__1.C_1.D,0.5,2,96.51477861107136,327,73.80538423170563,73.80538423170563,High density,Ligand pose,sucos_shape,50,50.0
7v04__1__1.A__1.B_1.C_1.D,1.0,1,93.10685764412136,161,67.19942508802579,67.19942508802579,High density,Ligand pose,sucos_shape,50,100.0
7v0h__1__1.B__1.N_1.P,0.5,2,85.62635003708434,4944,60.33853106777175,60.33853106777175,High density,Ligand pose,sucos_shape,50,50.0
7v13__1__1.A__1.C,1.0,1,72.0959750783265,34,60.619958677812214,60.619958677812214,Low density,Ligand pose,sucos_shape,50,100.0
7v16__1__1.A__1.C,1.0,1,79.19294985004535,34,63.14848374741361,63.14848374741361,Low density,Ligand pose,sucos_shape,50,100.0
7v17__1__1.A__1.C,1.0,1,75.45945953924313,34,62.2309460628231,62.2309460628231,Low density,Ligand pose,sucos_shape,50,100.0
7v18__1__1.A__1.C,0.75,1,68.52737142251928,32,59.635638305848815,59.635638305848815,Low density,Ligand pose,sucos_shape,50,75.0
7v1o__1__1.A__1.D,0.5,1,94.95506779510245,96,89.65685827913642,89.65685827913642,High density,Ligand pose,sucos_shape,50,50.0
7v34__1__1.A__1.C_1.D_1.G,0.5,2,87.35370043422297,12,69.79144331488206,69.79144331488206,Low density,Ligand pose,sucos_shape,50,50.0
7v3d__1__1.A_1.B__1.F,1.0,1,88.53530940247599,86,79.59689938679914,79.59689938679914,High density,Ligand pose,sucos_shape,50,100.0
7v3s__1__1.A__1.B,1.0,1,81.78893257420079,36,59.96789694080045,59.96789694080045,Low density,Ligand pose,sucos_shape,50,100.0
7v6x__1__1.A__1.B_1.C,0.0,1,78.61416592956787,26,62.380705560299866,62.380705560299866,Low density,Ligand pose,sucos_shape,50,0.0
7v9d__1__2.A__2.B_2.C_2.G,1.0,1,97.02926403989807,72,70.6417343018033,70.6417343018033,High density,Ligand pose,sucos_shape,50,100.0
7va2__1__1.A__1.D_1.E,0.0,1,82.35217075820759,16,70.88511250408561,70.88511250408561,Low density,Ligand pose,sucos_shape,50,0.0
7vb3__1__1.A_1.B__1.R_1.T_1.U,1.0,1,76.95511651585808,381,65.09839696763396,65.09839696763396,High density,Ligand pose,sucos_shape,50,100.0
7vb6__1__1.A_1.B__1.E_1.G_1.I,0.5,2,85.20513999036923,561,60.09887056590909,60.09887056590909,High density,Ligand pose,sucos_shape,50,50.0
7vbt__1__1.B__1.D,0.0,1,47.57896617612156,0,,47.57896617612156,No neighbours,Ligand pose,sucos_shape,50,0.0
7vbv__1__1.B__1.N,0.25,1,71.54827880679558,16,56.21831461978917,56.21831461978917,Low density,Ligand pose,sucos_shape,50,25.0
7vdp__1__1.A__1.E_1.F,1.0,1,62.918509797929666,107,53.209404600287996,53.209404600287996,High density,Ligand pose,sucos_shape,50,100.0
7vdq__1__1.A__1.E,1.0,1,61.2283563010751,21,52.91671164368429,52.91671164368429,Low density,Ligand pose,sucos_shape,50,100.0
7vdr__1__1.A__1.E_1.F_1.N,1.0,1,59.56102968197386,82,52.58100821351138,52.58100821351138,High density,Ligand pose,sucos_shape,50,100.0
7vds__1__1.A__1.E,0.75,1,55.603304648790306,12,51.98222634919325,51.98222634919325,Low density,Ligand pose,sucos_shape,50,75.0
7vej__1__1.A__1.C_1.F_1.G,0.5,2,94.70113859437703,126,66.67536495846667,66.67536495846667,High density,Ligand pose,sucos_shape,50,50.0
7vem__1__1.A_1.B__1.C_1.D,0.75,1,72.94179304674739,286,57.93122009289934,57.93122009289934,High density,Ligand pose,sucos_shape,50,75.0
7vez__1__1.A_1.D__1.E,0.25,1,96.61496486531627,16,71.57560925538155,71.57560925538155,Low density,Ligand pose,sucos_shape,50,25.0
7vf6__1__1.B__1.H_1.J,0.75,1,90.08856637653746,40,76.08718450748484,76.08718450748484,Low density,Ligand pose,sucos_shape,50,75.0
7vhy__1__1.A__1.F,1.0,1,54.358172149864025,3,52.07101126604792,52.07101126604792,Low density,Ligand pose,sucos_shape,50,100.0
7vhz__1__1.A__1.F,1.0,1,51.85485058192153,3,51.38439130746989,51.38439130746989,Low density,Ligand pose,sucos_shape,50,100.0
7vi0__1__1.A__1.F,0.75,1,47.8097454510646,0,,47.8097454510646,No neighbours,Ligand pose,sucos_shape,50,75.0
7vi7__1__1.A__1.C,0.0,1,96.61692828435312,63,77.56814902224781,77.56814902224781,High density,Ligand pose,sucos_shape,50,0.0
7vjt__1__1.A__1.C,1.0,1,91.23633820907156,9,87.6798706074983,87.6798706074983,Low density,Ligand pose,sucos_shape,50,100.0
7vkf__1__1.A__1.B_1.C,0.625,2,95.0117076712953,323,64.36726493965988,64.36726493965988,High density,Ligand pose,sucos_shape,50,62.5
7vkg__1__1.A__1.B,0.75,1,70.51176124267036,12,57.12023572075392,57.12023572075392,Low density,Ligand pose,sucos_shape,50,75.0
7vkh__1__1.A__1.C,0.75,1,75.24545963211553,19,56.848030892831865,56.848030892831865,Low density,Ligand pose,sucos_shape,50,75.0
7vm0__1__1.A__1.C_1.D,0.75,1,93.47887750793606,13,78.06757984091699,78.06757984091699,Low density,Ligand pose,sucos_shape,50,75.0
7vm7__1__1.A__1.B,0.75,1,65.8019743413689,144,54.194839504519244,54.194839504519244,High density,Ligand pose,sucos_shape,50,75.0
7vmy__1__1.A__1.C_1.D_1.E,0.0,1,57.023956090521665,2,54.815150939917395,54.815150939917395,Low density,Ligand pose,sucos_shape,50,0.0
7vnh__1__1.A__1.C,0.25,1,58.430232779202655,19,53.66876615248341,53.66876615248341,Low density,Ligand pose,sucos_shape,50,25.0
7vns__1__1.A_2.A__2.C,0.0,1,60.69734142969625,10,56.96464051604928,56.96464051604928,Low density,Ligand pose,sucos_shape,50,0.0
7vo5__1__1.A__1.B,0.0,1,33.86358313133668,0,,33.86358313133668,No neighbours,Ligand pose,sucos_shape,50,0.0
7voc__1__1.A__1.B_1.D_1.E,0.75,2,91.43022745299653,21,68.04424465642639,68.04424465642639,Low density,Ligand pose,sucos_shape,50,75.0
7vpe__1__1.A__1.B,0.0,1,32.670384873248146,0,,32.670384873248146,No neighbours,Ligand pose,sucos_shape,50,0.0
7vq9__1__1.A_1.B__1.I_1.J_1.K,0.375,2,93.60123415008732,81,62.43941793411564,62.43941793411564,High density,Ligand pose,sucos_shape,50,37.5
7vqb__1__1.A_1.B__1.H_1.I_1.J,0.875,2,88.12149564330495,81,64.33876751930525,64.33876751930525,High density,Ligand pose,sucos_shape,50,87.5
7vqp__1__1.A__1.C,1.0,1,84.51844285843391,248,57.40355751009641,57.40355751009641,High density,Ligand pose,sucos_shape,50,100.0
7vqt__1__1.A__1.G_1.H,0.5,2,93.561428410008,190,74.39776889348748,74.39776889348748,High density,Ligand pose,sucos_shape,50,50.0
7vqu__1__1.A__1.G_1.H,0.5,2,88.92270658021945,180,75.83981756466581,75.83981756466581,High density,Ligand pose,sucos_shape,50,50.0
7vre__1__1.A__1.B,1.0,1,76.09355707870029,84,58.10098044383976,58.10098044383976,High density,Ligand pose,sucos_shape,50,100.0
7vrh__1__1.A__1.D,0.0,1,68.51869547677911,465,53.19263061868588,53.19263061868588,High density,Ligand pose,sucos_shape,50,0.0
7vsl__1__1.A__1.D,0.75,1,73.6312998811516,97,54.127921702811705,54.127921702811705,High density,Ligand pose,sucos_shape,50,75.0
7vte__1__1.A__1.F,1.0,1,82.26191135827719,9,58.74338577545086,58.74338577545086,Low density,Ligand pose,sucos_shape,50,100.0
7vtf__1__1.A_1.B__1.F,0.75,1,82.99179017600852,43,57.01975456620766,57.01975456620766,Low density,Ligand pose,sucos_shape,50,75.0
7vtg__1__1.A__1.E,1.0,1,90.33131625578139,33,55.03033648513569,55.03033648513569,Low density,Ligand pose,sucos_shape,50,100.0
7vve__1__1.A__1.D_1.H,0.0,1,86.90990978551342,3,65.45866849979159,65.45866849979159,Low density,Ligand pose,sucos_shape,50,0.0
7vvt__1__1.A__1.C,0.0,1,58.08731644216244,30,53.36273520200784,53.36273520200784,Low density,Ligand pose,sucos_shape,50,0.0
7vwe__1__1.A__1.D,1.0,1,68.86306130884823,46,54.824028569551366,54.824028569551366,Low density,Ligand pose,sucos_shape,50,100.0
7vwf__1__1.A_1.B__1.C_1.E,0.5,2,98.2612295590975,744,57.437820547586064,57.437820547586064,High density,Ligand pose,sucos_shape,50,50.0
7vwg__1__1.A__1.D,1.0,1,89.79002459359086,113,57.94736163444235,57.94736163444235,High density,Ligand pose,sucos_shape,50,100.0
7vwh__1__1.B__1.F,1.0,1,82.74175916165932,77,59.23924052994907,59.23924052994907,High density,Ligand pose,sucos_shape,50,100.0
7w0g__1__1.B__1.D,1.0,1,54.83739854011935,39,51.95773293120446,51.95773293120446,Low density,Ligand pose,sucos_shape,50,100.0
7w15__1__1.A__1.C_1.D_1.E_1.F,0.375,2,81.11204812631348,36,71.6081663932856,71.6081663932856,Low density,Ligand pose,sucos_shape,50,37.5
7w1i__1__1.A__1.B,0.0,1,64.55994712258375,126,53.250880451672664,53.250880451672664,High density,Ligand pose,sucos_shape,50,0.0
7w2d__1__1.B__1.R,0.0,1,52.05605910102531,1,52.05605910102531,52.05605910102531,Low density,Ligand pose,sucos_shape,50,0.0
7w2f__1__1.A__1.M,0.25,1,56.69916205208509,4,52.95661530993626,52.95661530993626,Low density,Ligand pose,sucos_shape,50,25.0
7w3l__1__1.A__1.B_1.C_1.J,0.5,2,96.65036928050301,236,71.35889075944131,71.35889075944131,High density,Ligand pose,sucos_shape,50,50.0
7w3p__1__1.A__1.C,0.25,1,72.81193110423582,208,55.35534769910831,55.35534769910831,High density,Ligand pose,sucos_shape,50,25.0
7w41__1__1.A__1.B,0.0,1,42.21179047862829,0,,42.21179047862829,No neighbours,Ligand pose,sucos_shape,50,0.0
7w4x__1__1.A__1.C_1.D_1.E,0.5,1,60.016285574536646,64,52.41664306036644,52.41664306036644,High density,Ligand pose,sucos_shape,50,50.0
7w4y__1__1.A__1.E,0.75,1,58.48028721107735,27,53.91075338753708,53.91075338753708,Low density,Ligand pose,sucos_shape,50,75.0
7w6f__1__1.A_1.B__1.C,0.75,1,72.27460223924574,7,64.79384505530359,64.79384505530359,Low density,Ligand pose,sucos_shape,50,75.0
7w8v__1__1.A__1.B_1.D,0.75,2,99.21502663302495,20,85.28151011629785,85.28151011629785,Low density,Ligand pose,sucos_shape,50,75.0
7w9z__1__1.B__1.F_1.G,1.0,1,89.56748335885159,40,65.84773021322044,65.84773021322044,Low density,Ligand pose,sucos_shape,50,100.0
7wbs__1__1.A_1.B__1.D,0.75,1,56.02211370843122,78,51.06028259945492,51.06028259945492,High density,Ligand pose,sucos_shape,50,75.0
7wc6__1__1.A__1.F,1.0,1,91.58142405106567,266,53.72909348314022,53.72909348314022,High density,Ligand pose,sucos_shape,50,100.0
7wc7__1__1.A__1.M,0.75,1,93.1100082712986,62,56.21517754364126,56.21517754364126,High density,Ligand pose,sucos_shape,50,75.0
7wc8__1__1.A__1.H,0.25,1,56.505433301137685,14,53.129350568198916,53.129350568198916,Low density,Ligand pose,sucos_shape,50,25.0
7wcf__1__1.A__1.B_1.C_1.D,0.75,1,72.0156904951181,4,67.84968777804862,67.84968777804862,Low density,Ligand pose,sucos_shape,50,75.0
7wcl__1__1.A__1.C,1.0,1,67.04872728906511,90,55.61454788538846,55.61454788538846,High density,Ligand pose,sucos_shape,50,100.0
7wcv__1__1.A__1.B_1.C_1.D,1.0,2,88.68100093174358,20,62.6988357957395,62.6988357957395,Low density,Ligand pose,sucos_shape,50,100.0
7wdp__1__1.A__1.B_1.C,0.25,2,92.13275564720166,857,67.6509840653678,67.6509840653678,High density,Ligand pose,sucos_shape,50,25.0
7wdt__1__1.A__1.B,0.75,1,93.38536028644444,56,67.18876390770599,67.18876390770599,Low density,Ligand pose,sucos_shape,50,75.0
7wdt__1__1.A__1.C,0.0,1,77.23948479797194,68,59.36006816005262,59.36006816005262,High density,Ligand pose,sucos_shape,50,0.0
7wdu__1__1.A__1.C,0.0,1,47.49970094564716,0,,47.49970094564716,No neighbours,Ligand pose,sucos_shape,50,0.0
7wdv__1__1.A__1.B_1.C,0.5,2,95.33036452142991,1014,69.48572063398312,69.48572063398312,High density,Ligand pose,sucos_shape,50,50.0
7wew__1__1.A__1.K,0.75,1,85.26349874056254,208,68.36826961362429,68.36826961362429,High density,Ligand pose,sucos_shape,50,75.0
7wf5__1__1.A__1.C,1.0,1,96.6149442661041,167,60.10998083335154,60.10998083335154,High density,Ligand pose,sucos_shape,50,100.0
7wgl__1__1.A__1.D,1.0,1,84.15418432214587,217,57.59233737835198,57.59233737835198,High density,Ligand pose,sucos_shape,50,100.0
7wgn__1__1.A__1.B,0.25,1,71.86459839008154,6,70.07042891490802,70.07042891490802,Low density,Ligand pose,sucos_shape,50,25.0
7wgo__1__1.A__1.C,0.0,1,72.88547786298042,70,54.97897907567211,54.97897907567211,High density,Ligand pose,sucos_shape,50,0.0
7wgq__1__1.A__1.C,0.75,1,66.43027166322216,9,58.18440368140005,58.18440368140005,Low density,Ligand pose,sucos_shape,50,75.0
7wjs__1__1.A__1.D_1.G,1.0,1,81.28104326432364,56,62.32101495494169,62.32101495494169,Low density,Ligand pose,sucos_shape,50,100.0
7wl4__1__1.A__1.E_1.F,0.25,2,91.70421447129793,91,59.36711626470288,59.36711626470288,High density,Ligand pose,sucos_shape,50,25.0
7wlx__1__1.A__1.C,0.0,1,59.88559665312615,7,52.641664083032076,52.641664083032076,Low density,Ligand pose,sucos_shape,50,0.0
7wmf__1__1.A__1.C_1.E,0.5,1,57.84263720933199,13,54.30685786503149,54.30685786503149,Low density,Ligand pose,sucos_shape,50,50.0
7wmh__1__1.A__1.C,0.25,1,58.34583827655477,19,53.26664691638948,53.26664691638948,Low density,Ligand pose,sucos_shape,50,25.0
7wmi__1__1.B__1.F_1.G,0.25,1,59.706307764867496,8,55.37626268583061,55.37626268583061,Low density,Ligand pose,sucos_shape,50,25.0
7wmj__1__1.A__1.C,0.0,1,53.91817153546159,3,52.86010422499055,52.86010422499055,Low density,Ligand pose,sucos_shape,50,0.0
7wmk__1__1.A__1.B_1.G,1.0,1,97.44682623961002,91,88.90750420932596,88.90750420932596,High density,Ligand pose,sucos_shape,50,100.0
7wmo__1__1.A__1.C,0.0,1,75.8747624840538,43,54.613292243843176,54.613292243843176,Low density,Ligand pose,sucos_shape,50,0.0
7wpx__1__1.A__1.B_1.C,0.25,2,96.19632002595169,64,66.00524739372801,66.00524739372801,High density,Ligand pose,sucos_shape,50,25.0
7wqm__1__1.A__1.C_1.D,0.5,2,95.41703742914463,516,66.94783122704206,66.94783122704206,High density,Ligand pose,sucos_shape,50,50.0
7wqs__1__1.A__1.C_1.D,0.5,2,94.6469590675228,522,69.55251997354019,69.55251997354019,High density,Ligand pose,sucos_shape,50,50.0
7wrg__1__1.A__1.C_1.D,1.0,1,88.70667559012605,409,75.53562515458398,75.53562515458398,High density,Ligand pose,sucos_shape,50,100.0
7wua__1__1.A__1.E_1.F_1.G,0.5,1,88.90695256801493,34,68.85779523258842,68.85779523258842,Low density,Ligand pose,sucos_shape,50,50.0
7wuy__1__1.A_1.B__1.D_1.EA,0.5,2,95.42817382191166,102,84.86572260223673,84.86572260223673,High density,Ligand pose,sucos_shape,50,50.0
7wzv__1__1.A__1.C_1.E_1.F_1.K_1.O,0.75,2,79.74062248646459,14,70.75459137811207,70.75459137811207,Low density,Ligand pose,sucos_shape,50,75.0
7wzx__1__1.A__1.B_1.D_1.E_1.I,0.875,2,83.55179856771501,13,73.11730703102636,73.11730703102636,Low density,Ligand pose,sucos_shape,50,87.5
7x0b__1__1.A__1.C_1.E_1.N,1.0,1,76.21300331835961,6,71.35491787112015,71.35491787112015,Low density,Ligand pose,sucos_shape,50,100.0
7x1o__1__1.A__1.C_1.D,0.875,2,98.16884247053989,62,84.01323500941471,84.01323500941471,High density,Ligand pose,sucos_shape,50,87.5
7x2y__1__1.B__1.R_1.S,0.0,2,67.86494623508557,83,54.207109992794905,54.207109992794905,High density,Ligand pose,sucos_shape,50,0.0
7x3l__1__1.A__1.C_1.D,0.875,2,95.55042200453198,566,68.087934602012,68.087934602012,High density,Ligand pose,sucos_shape,50,87.5
7x3m__1__1.A__1.C_1.D,0.875,2,92.11465066179234,546,68.79348378333084,68.79348378333084,High density,Ligand pose,sucos_shape,50,87.5
7x3o__1__1.A__1.C_1.D,0.75,2,94.95640453667139,643,75.19203666855249,75.19203666855249,High density,Ligand pose,sucos_shape,50,75.0
7x4g__1__1.A__1.B_1.C_1.D,0.0,2,77.39786374879053,4,67.82123104914857,67.82123104914857,Low density,Ligand pose,sucos_shape,50,0.0
7x4u__1__1.A__1.B,1.0,1,74.90841633508032,776,55.298485362287295,55.298485362287295,High density,Ligand pose,sucos_shape,50,100.0
7x5w__1__2.A__2.B_2.C,0.5,1,89.36530903612137,23,65.75491699976405,65.75491699976405,Low density,Ligand pose,sucos_shape,50,50.0
7x69__1__1.A__1.B_1.C,0.5,1,81.10962560548263,24,62.26810914763976,62.26810914763976,Low density,Ligand pose,sucos_shape,50,50.0
7x7j__1__1.A__1.C_1.D,0.5,2,82.15374062787369,10,69.42552717068827,69.42552717068827,Low density,Ligand pose,sucos_shape,50,50.0
7x7k__1__1.A__1.C_1.D,0.5,2,79.5985226983393,8,69.2181475763433,69.2181475763433,Low density,Ligand pose,sucos_shape,50,50.0
7x7x__1__1.A__1.C,0.0,1,68.37131854598053,3,64.27160672611218,64.27160672611218,Low density,Ligand pose,sucos_shape,50,0.0
7x81__1__1.A_1.B__1.D,0.0,1,74.73962043825607,4,73.90711768034576,73.90711768034576,Low density,Ligand pose,sucos_shape,50,0.0
7x86__1__1.A_1.C__1.G,0.0,1,73.56773977183255,4,72.7671552109134,72.7671552109134,Low density,Ligand pose,sucos_shape,50,0.0
7x9d__1__1.A__1.E,0.0,1,55.225013065719416,2,53.38807125947079,53.38807125947079,Low density,Ligand pose,sucos_shape,50,0.0
7x9l__1__1.A__1.C_1.E_1.F,1.0,1,91.46774027097827,51,59.92985763652168,59.92985763652168,Low density,Ligand pose,sucos_shape,50,100.0
7xaa__1__1.A__1.C_1.D_1.E,0.25,1,82.83708905141263,6,60.282797016322284,60.282797016322284,Low density,Ligand pose,sucos_shape,50,25.0
7xbb__1__1.A__1.C_1.D_1.E,0.75,1,53.63099048870771,21,51.34321109234921,51.34321109234921,Low density,Ligand pose,sucos_shape,50,75.0
7xbt__1__1.A__1.B_1.C,1.0,1,89.69317220709058,158,70.30816591914035,70.30816591914035,High density,Ligand pose,sucos_shape,50,100.0
7xbv__1__1.A__1.B,0.5,1,76.46252856713596,142,62.65631267513077,62.65631267513077,High density,Ligand pose,sucos_shape,50,50.0
7xdv__1__1.A__1.C_1.D,0.75,1,74.87047200985974,370,60.55731473926249,60.55731473926249,High density,Ligand pose,sucos_shape,50,75.0
7xdy__1__1.A__1.C_1.D,0.75,1,86.71753543665315,456,70.03739633671478,70.03739633671478,High density,Ligand pose,sucos_shape,50,75.0
7xef__1__1.A__1.E,0.0,1,47.49735162784769,0,,47.49735162784769,No neighbours,Ligand pose,sucos_shape,50,0.0
7xej__1__1.A_2.A__1.B,1.0,1,86.61640805301371,163,75.80022943409865,75.80022943409865,High density,Ligand pose,sucos_shape,50,100.0
7xek__1__1.A_2.A__1.B,1.0,1,90.8012056071253,161,76.19576207502475,76.19576207502475,High density,Ligand pose,sucos_shape,50,100.0
7xen__1__1.A_2.A__2.B,0.75,1,74.77658779410557,33,68.11592098757073,68.11592098757073,Low density,Ligand pose,sucos_shape,50,75.0
7xep__1__1.A_2.A__1.E,1.0,1,87.68382729566758,129,77.16389139457172,77.16389139457172,High density,Ligand pose,sucos_shape,50,100.0
7xeq__1__1.A_2.A__2.D,1.0,1,85.50218199797366,165,73.22553452539654,73.22553452539654,High density,Ligand pose,sucos_shape,50,100.0
7xes__1__1.A_2.A__2.D,0.5,1,76.16525889927452,46,69.2176617438251,69.2176617438251,Low density,Ligand pose,sucos_shape,50,50.0
7xet__1__1.A_2.A__1.B,1.0,1,87.42619882901485,160,75.32248547881963,75.32248547881963,High density,Ligand pose,sucos_shape,50,100.0
7xf7__1__1.A__1.B,0.0,1,80.65079980149744,86,57.872992014129984,57.872992014129984,High density,Ligand pose,sucos_shape,50,0.0
7xgi__1__1.A__1.B_1.C_1.D,0.625,2,98.03909241278373,117,77.85000807427248,77.85000807427248,High density,Ligand pose,sucos_shape,50,62.5
7xh6__1__1.A__1.E,1.0,1,76.61921432182513,22,60.63651168465665,60.63651168465665,Low density,Ligand pose,sucos_shape,50,100.0
7xhh__1__1.B__1.D,0.25,1,86.83892575353643,4,77.19797612874962,77.19797612874962,Low density,Ligand pose,sucos_shape,50,25.0
7xhq__1__1.A__1.C,0.75,1,71.27631291183985,61,57.397931163845136,57.397931163845136,High density,Ligand pose,sucos_shape,50,75.0
7xhy__1__1.A__1.B_1.G,1.0,1,91.11528834345806,141,55.890712239059134,55.890712239059134,High density,Ligand pose,sucos_shape,50,100.0
7xi7__1__1.A__1.B,1.0,1,86.87312687312686,276,59.20631661830151,59.20631661830151,High density,Ligand pose,sucos_shape,50,100.0
7xis__1__1.A__1.B_1.C_1.D,0.0,1,56.58043101174138,30,52.18227982977282,52.18227982977282,Low density,Ligand pose,sucos_shape,50,0.0
7xjb__1__1.A__1.E_1.F_1.G,0.625,2,98.71461361897475,103,85.01043801876854,85.01043801876854,High density,Ligand pose,sucos_shape,50,62.5
7xk9__1__1.A__1.C,1.0,1,87.50732860973186,354,56.7013847538757,56.7013847538757,High density,Ligand pose,sucos_shape,50,100.0
7xka__1__1.A__1.C,1.0,1,87.13925812621524,645,56.61702123938201,56.61702123938201,High density,Ligand pose,sucos_shape,50,100.0
7xlp__1__1.A__1.B,1.0,1,59.159433808248394,83,53.3668115263943,53.3668115263943,High density,Ligand pose,sucos_shape,50,100.0
7xmk__1__1.A__1.D,1.0,1,57.808857330746,20,52.16362759258035,52.16362759258035,Low density,Ligand pose,sucos_shape,50,100.0
7xnc__1__1.A__1.B,0.75,1,63.35880000737695,141,53.80913585560014,53.80913585560014,High density,Ligand pose,sucos_shape,50,75.0
7xoz__1__1.B__1.F,0.0,1,47.56180470504272,0,,47.56180470504272,No neighbours,Ligand pose,sucos_shape,50,0.0
7xpo__1__1.B__1.H,0.75,1,81.24210343349326,215,62.1177955090706,62.1177955090706,High density,Ligand pose,sucos_shape,50,75.0
7xqv__1__1.A__1.D_1.E,1.0,1,97.32303046146662,1927,81.05175240983147,81.05175240983147,High density,Ligand pose,sucos_shape,50,100.0
7xqz__1__1.A__1.B_1.C_1.D,0.0,1,51.098216031983256,1,51.098216031983256,51.098216031983256,Low density,Ligand pose,sucos_shape,50,0.0
7xr7__1__1.A__1.B_1.C_1.D,0.25,1,41.717578566213774,0,,41.717578566213774,No neighbours,Ligand pose,sucos_shape,50,25.0
7xrr__1__1.A__1.B,0.25,1,85.27920204345459,9,60.17449222497719,60.17449222497719,Low density,Ligand pose,sucos_shape,50,25.0
7xsv__1__1.A__1.B,1.0,1,71.74075075934903,107,53.42434733897507,53.42434733897507,High density,Ligand pose,sucos_shape,50,100.0
7xua__1__1.B__1.N,0.25,1,46.68643028361758,0,,46.68643028361758,No neighbours,Ligand pose,sucos_shape,50,25.0
7xuc__1__1.A__1.H,0.0,1,55.84174041896638,10,54.17057453038585,54.17057453038585,Low density,Ligand pose,sucos_shape,50,0.0
7xvh__1__2.A__2.B_2.C,1.0,1,94.34628682825628,26,67.93586847693746,67.93586847693746,Low density,Ligand pose,sucos_shape,50,100.0
7xw8__1__1.A__1.E_1.F,0.5,2,92.33027317896337,213,72.05302050167508,72.05302050167508,High density,Ligand pose,sucos_shape,50,50.0
7xyj__1__1.A_1.B__1.E_1.F,1.0,1,98.32423026863577,721,82.5294074510584,82.5294074510584,High density,Ligand pose,sucos_shape,50,100.0
7xzr__1__1.A_1.C__1.E_1.F,0.0,1,85.12328691173899,554,66.64345084729888,66.64345084729888,High density,Ligand pose,sucos_shape,50,0.0
7y02__1__1.A__1.B_1.C,0.0,2,76.74280018893789,24,57.096093189183904,57.096093189183904,Low density,Ligand pose,sucos_shape,50,0.0
7y03__1__1.A__1.B_1.C,0.125,2,78.48694528175892,39,57.900693516982805,57.900693516982805,Low density,Ligand pose,sucos_shape,50,12.5
7y06__1__1.A__1.B_1.C,0.125,2,68.26261997154319,29,56.306723914781806,56.306723914781806,Low density,Ligand pose,sucos_shape,50,12.5
7y0f__1__1.B__1.G,0.25,1,76.64293505424718,83,56.32836468807452,56.32836468807452,High density,Ligand pose,sucos_shape,50,25.0
7y1h__1__1.B__1.H_1.I_1.K_1.L,0.75,1,85.35984415470372,133,72.48546204532957,72.48546204532957,High density,Ligand pose,sucos_shape,50,75.0
7y3s__1__1.B__1.G_1.H_1.J_1.K,1.0,1,81.65985220293115,130,71.34309738302615,71.34309738302615,High density,Ligand pose,sucos_shape,50,100.0
7y4a__1__1.A__1.I_1.J_1.K,1.0,1,96.2193204114345,1915,82.08524401652608,82.08524401652608,High density,Ligand pose,sucos_shape,50,100.0
7y4u__1__1.A__1.B,0.0,1,63.9698759200631,39,54.364433545601166,54.364433545601166,Low density,Ligand pose,sucos_shape,50,0.0
7y88__1__1.A__1.B_1.C_1.D,0.5,1,55.775349724360844,17,53.522284925209924,53.522284925209924,Low density,Ligand pose,sucos_shape,50,50.0
7ya4__1__1.A__1.E_1.F,1.0,1,92.9600037647615,245,75.84019903504573,75.84019903504573,High density,Ligand pose,sucos_shape,50,100.0
7ycc__1__1.A__1.D_1.E_1.F,0.875,2,96.95324126501819,1963,87.39885506760824,87.39885506760824,High density,Ligand pose,sucos_shape,50,87.5
7yce__1__1.A__1.B_1.C_1.D_1.E,0.75,2,97.95605742757795,1963,88.53333431533181,88.53333431533181,High density,Ligand pose,sucos_shape,50,75.0
7yd2__1__1.A_1.B__1.K,0.0,1,30.153870520635078,0,,30.153870520635078,No neighbours,Ligand pose,sucos_shape,50,0.0
7ydx__1__2.B__2.H,1.0,1,53.5567355032677,22,51.21580767195872,51.21580767195872,Low density,Ligand pose,sucos_shape,50,100.0
7yh9__1__1.A__1.G_1.H_1.I,0.0,1,64.96911925427351,39,53.78901526630169,53.78901526630169,Low density,Ligand pose,sucos_shape,50,0.0
7yha__1__1.A__1.E_1.F_1.G_1.H,0.0,2,59.74601016078689,19,53.58528280397686,53.58528280397686,Low density,Ligand pose,sucos_shape,50,0.0
7yhb__1__1.A__1.C_1.D_1.E,0.0,1,62.02362801625839,17,52.60657293067601,52.60657293067601,Low density,Ligand pose,sucos_shape,50,0.0
7yhc__1__1.A__1.I_1.J_1.K,0.0,1,73.51898551127817,29,56.12322316217747,56.12322316217747,Low density,Ligand pose,sucos_shape,50,0.0
7yj9__1__1.A_2.A__2.B,0.25,1,95.42864790457675,14,74.45092751685709,74.45092751685709,Low density,Ligand pose,sucos_shape,50,25.0
7yja__1__1.A_1.B__1.E,0.0,1,95.2846299920017,13,75.64861785111108,75.64861785111108,Low density,Ligand pose,sucos_shape,50,0.0
7yjb__1__1.A_2.A__2.B,0.0,1,95.59600724387518,21,64.95836057267881,64.95836057267881,Low density,Ligand pose,sucos_shape,50,0.0
7yop__1__1.A_1.B__1.E,0.0,1,83.88461792472249,93,66.28349994313288,66.28349994313288,High density,Ligand pose,sucos_shape,50,0.0
7yp5__1__1.B__1.J_1.K,0.0,1,66.40376915409784,30,60.35013567605525,60.35013567605525,Low density,Ligand pose,sucos_shape,50,0.0
7yp6__1__1.A__1.D_1.E_1.L,0.0,1,68.5055202806154,32,60.82264787281636,60.82264787281636,Low density,Ligand pose,sucos_shape,50,0.0
7yqf__1__1.B__1.J_1.K,0.75,1,61.37323537350026,96,53.13706362151439,53.13706362151439,High density,Ligand pose,sucos_shape,50,75.0
7ys8__1__1.B__1.E_1.F,1.0,1,94.09553942729343,645,72.72961170970852,72.72961170970852,High density,Ligand pose,sucos_shape,50,100.0
7ysx__1__1.B__1.J,1.0,1,60.66478110807676,103,53.54954459951782,53.54954459951782,High density,Ligand pose,sucos_shape,50,100.0
7yxd__1__1.A__1.I,1.0,1,96.13737218546581,207,65.55114292872362,65.55114292872362,High density,Ligand pose,sucos_shape,50,100.0
7yxe__1__1.A__1.C,1.0,1,79.2742566268411,52,60.73596089445472,60.73596089445472,Low density,Ligand pose,sucos_shape,50,100.0
7yzs__1__1.A__1.B,0.5,1,76.8861547743501,381,53.40081609087403,53.40081609087403,High density,Ligand pose,sucos_shape,50,50.0
7yzu__1__1.A__1.B,1.0,1,68.87255314758399,65,54.98508474739041,54.98508474739041,High density,Ligand pose,sucos_shape,50,100.0
7z0w__1__1.A_1.B__1.J_1.K,0.5,2,98.55349567617439,76,92.39613927455301,92.39613927455301,High density,Ligand pose,sucos_shape,50,50.0
7z1g__1__1.A__1.B_1.D,1.0,1,96.32530120481928,660,55.17094246899444,55.17094246899444,High density,Ligand pose,sucos_shape,50,100.0
7z1r__1__1.A_2.A__1.B,0.25,1,97.85609705082618,80,91.3001106009503,91.3001106009503,High density,Ligand pose,sucos_shape,50,25.0
7z1v__1__1.A__1.C,1.0,1,72.95194979221726,373,56.5276710694572,56.5276710694572,High density,Ligand pose,sucos_shape,50,100.0
7z1w__1__1.A__1.C,1.0,1,82.65518449339137,416,59.6485877603581,59.6485877603581,High density,Ligand pose,sucos_shape,50,100.0
7z2q__1__1.A__1.C,1.0,1,63.69550892254314,97,53.89673453662243,53.89673453662243,High density,Ligand pose,sucos_shape,50,100.0
7z39__1__1.A__1.C,0.0,1,68.28917065206953,77,54.52265558911079,54.52265558911079,High density,Ligand pose,sucos_shape,50,0.0
7z3k__1__1.A__1.D_1.DA_1.E_1.F_1.P,0.5,1,96.15539452495973,18,70.03882571969983,70.03882571969983,Low density,Ligand pose,sucos_shape,50,50.0
7z3y__1__1.A__1.D,0.5,1,50.015975694233674,1,50.015975694233674,50.015975694233674,Low density,Ligand pose,sucos_shape,50,50.0
7z41__1__1.A__1.C,0.75,1,68.38895081824612,177,54.60426416319184,54.60426416319184,High density,Ligand pose,sucos_shape,50,75.0
7z57__1__1.A__1.B_1.C_1.J,0.0,2,64.11103914658247,23,55.92083139605367,55.92083139605367,Low density,Ligand pose,sucos_shape,50,0.0
7z5b__1__1.A__1.D,0.75,1,48.397481935892905,0,,48.397481935892905,No neighbours,Ligand pose,sucos_shape,50,75.0
7z5n__1__1.A__1.I_1.L_1.M,1.0,1,98.57758620689656,505,55.610815935668626,55.610815935668626,High density,Ligand pose,sucos_shape,50,100.0
7z5u__1__1.A__1.B_1.C,0.5,1,34.018755045860324,0,,34.018755045860324,No neighbours,Ligand pose,sucos_shape,50,50.0
7z5x__1__1.A__1.C,1.0,1,92.6728011366821,38,66.62519446751212,66.62519446751212,Low density,Ligand pose,sucos_shape,50,100.0
7z62__1__2.A_2.B__2.C_2.D,0.0,1,71.28126197493395,42,58.856926459233634,58.856926459233634,Low density,Ligand pose,sucos_shape,50,0.0
7z63__1__1.A__1.E_1.F,0.5,1,68.17276960517766,15,58.1842505745288,58.1842505745288,Low density,Ligand pose,sucos_shape,50,50.0
7z6c__1__1.A__1.B_1.C_1.D,0.5833333333333334,3,99.17338709677419,799,83.10600941192183,83.10600941192183,High density,Ligand pose,sucos_shape,50,58.333333333333336
7z6z__1__1.A__1.H_1.I_1.J_1.O_1.Y,0.75,1,70.32221672217025,29,55.33677607591607,55.33677607591607,Low density,Ligand pose,sucos_shape,50,75.0
7z70__1__1.A__1.C_1.E_1.L,1.0,1,71.22168067369768,35,56.89723389646397,56.89723389646397,Low density,Ligand pose,sucos_shape,50,100.0
7z74__1__1.A__1.B_1.C,0.5,1,46.784222988944286,0,,46.784222988944286,No neighbours,Ligand pose,sucos_shape,50,50.0
7z78__1__1.A__1.D,1.0,1,58.207313628187606,35,53.193460402077,53.193460402077,Low density,Ligand pose,sucos_shape,50,100.0
7z9t__1__1.A__1.C,0.5,1,68.90336576531662,191,53.149838780725396,53.149838780725396,High density,Ligand pose,sucos_shape,50,50.0
7za0__1__1.A__1.B,0.25,1,63.058489864919856,12,56.85453137311442,56.85453137311442,Low density,Ligand pose,sucos_shape,50,25.0
7zaa__1__1.A__1.C,1.0,1,96.70659596990248,1107,62.02042330424368,62.02042330424368,High density,Ligand pose,sucos_shape,50,100.0
7zbv__1__1.A__1.B_1.E,0.0,1,41.507113258671545,0,,41.507113258671545,No neighbours,Ligand pose,sucos_shape,50,0.0
7zeg__1__1.A__1.C,0.5,1,67.15758682279069,3,59.78811415182562,59.78811415182562,Low density,Ligand pose,sucos_shape,50,50.0
7zej__1__1.A_2.B__1.C_1.D,0.625,2,94.20172676397497,159,58.263111055001175,58.263111055001175,High density,Ligand pose,sucos_shape,50,62.5
7zer__1__1.A__1.B_1.C,1.0,1,91.82730218291199,86,81.54310226717686,81.54310226717686,High density,Ligand pose,sucos_shape,50,100.0
7zf0__1__1.A__1.B_1.C_1.I_1.J_1.K,1.0,1,91.56940198304603,167,69.18502510724622,69.18502510724622,High density,Ligand pose,sucos_shape,50,100.0
7zfv__1__1.A__1.C,0.0,1,69.74987027123673,317,55.01449535700547,55.01449535700547,High density,Ligand pose,sucos_shape,50,0.0
7zg9__1__1.A__1.C,0.0,1,74.22182020300559,4,57.21936726789391,57.21936726789391,Low density,Ligand pose,sucos_shape,50,0.0
7zgb__1__1.A__1.B,0.5,1,51.90164659260405,1,51.90164659260405,51.90164659260405,Low density,Ligand pose,sucos_shape,50,50.0
7zgc__1__1.A__1.B,0.25,1,48.937358494366315,0,,48.937358494366315,No neighbours,Ligand pose,sucos_shape,50,25.0
7zgd__1__1.A__1.B,0.25,1,50.01944281516344,1,50.01944281516344,50.01944281516344,Low density,Ligand pose,sucos_shape,50,25.0
7zhf__1__1.A_2.A__1.B_1.C,0.75,1,83.51846812662592,23,75.28118050781269,75.28118050781269,Low density,Ligand pose,sucos_shape,50,75.0
7zi0__1__1.A__1.C,0.25,1,94.58977686124466,6,77.61076424492511,77.61076424492511,Low density,Ligand pose,sucos_shape,50,25.0
7zif__1__1.A__1.B_1.C,0.0,1,35.807101785454655,0,,35.807101785454655,No neighbours,Ligand pose,sucos_shape,50,0.0
7zig__1__1.A__1.B_1.C,0.25,1,35.608211107794475,0,,35.608211107794475,No neighbours,Ligand pose,sucos_shape,50,25.0
7zih__1__1.A__1.B_1.C,0.25,1,47.88800107952929,0,,47.88800107952929,No neighbours,Ligand pose,sucos_shape,50,25.0
7zii__1__1.A__1.B_1.C,0.25,1,37.846701642464794,0,,37.846701642464794,No neighbours,Ligand pose,sucos_shape,50,25.0
7zij__1__1.A__1.B_1.C,0.25,1,47.12358593368437,0,,47.12358593368437,No neighbours,Ligand pose,sucos_shape,50,25.0
7zik__1__1.A__1.D,0.5,1,79.52303747206663,8,58.303235914421826,58.303235914421826,Low density,Ligand pose,sucos_shape,50,50.0
7ziy__1__1.A__1.C,0.75,1,81.87478448874073,19,64.5838673767484,64.5838673767484,Low density,Ligand pose,sucos_shape,50,75.0
7zj0__1__1.A__1.C,0.5,1,80.71226688006126,23,70.15097377642157,70.15097377642157,Low density,Ligand pose,sucos_shape,50,50.0
7zjp__1__1.A__1.C,1.0,1,69.60888285464063,9,55.94145324873401,55.94145324873401,Low density,Ligand pose,sucos_shape,50,100.0
7zjq__1__1.A__1.E,0.75,1,63.0186585863833,4,58.180078027760636,58.180078027760636,Low density,Ligand pose,sucos_shape,50,75.0
7zks__1__1.A__1.B,0.25,1,57.74302891491276,49,51.783319840487465,51.783319840487465,Low density,Ligand pose,sucos_shape,50,25.0
7zkx__1__1.A__1.B_1.L,0.0,1,61.66186364802384,32,52.11080590012309,52.11080590012309,Low density,Ligand pose,sucos_shape,50,0.0
7zl5__1__1.A__1.C_1.D_1.E,0.75,1,82.94186808689183,267,56.74816552356541,56.74816552356541,High density,Ligand pose,sucos_shape,50,75.0
7zo2__1__2.A__2.B_2.C_2.F,0.0,1,74.93826825883431,13,58.01383541866931,58.01383541866931,Low density,Ligand pose,sucos_shape,50,0.0
7zo3__1__2.A__2.B_2.C_2.G,0.0,1,82.74333665255111,10,64.08385349110866,64.08385349110866,Low density,Ligand pose,sucos_shape,50,0.0
7zo4__1__1.A__1.B_1.C_1.G,0.5,1,80.44550881198533,19,67.34185038493621,67.34185038493621,Low density,Ligand pose,sucos_shape,50,50.0
7zsm__1__1.A_2.A__1.B,1.0,1,80.41092432169404,89,56.824419310122636,56.824419310122636,High density,Ligand pose,sucos_shape,50,100.0
7zso__1__1.A_1.C__1.S,0.25,1,66.42076891586555,17,56.60444774903234,56.60444774903234,Low density,Ligand pose,sucos_shape,50,25.0
7zsq__1__1.B_1.C__1.G_1.I,0.75,1,78.07279230212546,136,57.694612749391446,57.694612749391446,High density,Ligand pose,sucos_shape,50,75.0
7zst__1__1.B_1.C__1.H,0.0,1,60.01629590690596,12,54.98822370482491,54.98822370482491,Low density,Ligand pose,sucos_shape,50,0.0
7zwb__1__1.A__1.D,0.0,1,67.8230809830057,138,55.080775782189434,55.080775782189434,High density,Ligand pose,sucos_shape,50,0.0
7zxw__1__1.A__1.C_1.D_1.G,0.5,1,98.02731455705388,2,80.99139164710614,80.99139164710614,Low density,Ligand pose,sucos_shape,50,50.0
7zxz__1__2.A_2.B__2.E,0.0,1,70.71152738617617,401,59.24849006871465,59.24849006871465,High density,Ligand pose,sucos_shape,50,0.0
7zym__1__1.A__1.B,0.75,1,80.55694599184889,136,56.772476732148064,56.772476732148064,High density,Ligand pose,sucos_shape,50,75.0
7zyn__1__1.A__1.B,0.75,1,73.25455221993344,205,59.33484121439164,59.33484121439164,High density,Ligand pose,sucos_shape,50,75.0
7zzs__1__1.A__1.D_1.J_1.L,0.625,2,96.91046658259773,547,62.975460185115615,62.975460185115615,High density,Ligand pose,sucos_shape,50,62.5
7zzt__1__1.A__1.D_1.J,0.75,1,65.42706091276843,190,55.90539310560482,55.90539310560482,High density,Ligand pose,sucos_shape,50,75.0
7zzu__1__1.A__1.M_1.P,0.5,1,57.976220053808035,24,53.15175223650022,53.15175223650022,Low density,Ligand pose,sucos_shape,50,50.0
7zzw__1__1.A__1.I_1.L,0.75,1,55.20197206080688,5,52.31649910502581,52.31649910502581,Low density,Ligand pose,sucos_shape,50,75.0
8a0b__1__1.A__1.D_1.H,0.75,1,74.20754869565957,200,55.442499186679235,55.442499186679235,High density,Ligand pose,sucos_shape,50,75.0
8a0t__1__1.A__1.C,0.0,1,73.22774815776758,139,55.999110781594325,55.999110781594325,High density,Ligand pose,sucos_shape,50,0.0
8a0z__1__1.A__1.C_1.D_1.F,1.0,2,98.31350982325316,1058,62.306846145876776,62.306846145876776,High density,Ligand pose,sucos_shape,50,100.0
8a12__1__1.A__1.D_1.G,0.75,1,97.90768010223869,117,87.0466308422076,87.0466308422076,High density,Ligand pose,sucos_shape,50,75.0
8a2p__1__1.A__1.B,0.75,1,93.27709668412683,48,52.60615211516512,52.60615211516512,Low density,Ligand pose,sucos_shape,50,75.0
8a34__1__1.A__1.C_1.D,0.0,1,75.79071208626252,35,56.800794672057584,56.800794672057584,Low density,Ligand pose,sucos_shape,50,0.0
8a3a__1__1.A__1.B,1.0,1,85.26525529295843,107,57.559005011489816,57.559005011489816,High density,Ligand pose,sucos_shape,50,100.0
8a4a__1__1.B__1.C_1.D,1.0,1,96.1171830519587,2009,80.11496205788191,80.11496205788191,High density,Ligand pose,sucos_shape,50,100.0
8a4q__1__1.A_2.A__1.B,0.0,1,43.48397142452755,0,,43.48397142452755,No neighbours,Ligand pose,sucos_shape,50,0.0
8a56__1__1.A_1.B__1.I,0.75,1,84.31402759509533,112,59.286031828438304,59.286031828438304,High density,Ligand pose,sucos_shape,50,75.0
8a66__1__1.A__1.C,1.0,1,85.74538866761327,340,56.75692086006965,56.75692086006965,High density,Ligand pose,sucos_shape,50,100.0
8a6v__1__1.A__1.C_1.D_1.E_1.F_1.G,0.875,2,98.12466270912034,397,65.94073150838595,65.94073150838595,High density,Ligand pose,sucos_shape,50,87.5
8a70__1__1.A_1.B__1.D_1.E_1.F_1.G,0.5,1,90.39207686583883,141,58.64012323821698,58.64012323821698,High density,Ligand pose,sucos_shape,50,50.0
8a7a__1__1.A_1.B__1.C_1.E_1.F_1.G,0.5,1,88.27448056632251,124,57.676072287755936,57.676072287755936,High density,Ligand pose,sucos_shape,50,50.0
8a7i__1__1.A__1.C,0.0,1,76.677247297535,39,61.51054795531381,61.51054795531381,Low density,Ligand pose,sucos_shape,50,0.0
8a9i__1__1.A__1.B,0.5,1,57.939186390706865,4,53.747609801604014,53.747609801604014,Low density,Ligand pose,sucos_shape,50,50.0
8acm__1__1.A__1.E,0.5,1,95.40689181687593,158,55.39618911896931,55.39618911896931,High density,Ligand pose,sucos_shape,50,50.0
8ad7__1__1.A__1.J,1.0,1,90.73369054976666,28,77.85114072476561,77.85114072476561,Low density,Ligand pose,sucos_shape,50,100.0
8adf__1__1.B__1.D,0.25,1,70.9253368258394,932,55.141949188980554,55.141949188980554,High density,Ligand pose,sucos_shape,50,25.0
8adj__1__1.A__1.D,0.75,1,84.74144092127138,5,71.67415148061959,71.67415148061959,Low density,Ligand pose,sucos_shape,50,75.0
8ai3__1__1.A__1.C_1.E,1.0,1,87.23388172386235,1,87.23388172386235,87.23388172386235,Low density,Ligand pose,sucos_shape,50,100.0
8ai7__1__1.A__1.Q,0.0,1,60.724822821637126,70,52.932559351653055,52.932559351653055,High density,Ligand pose,sucos_shape,50,0.0
8aij__1__1.C_1.D__1.O_1.P_1.Q,0.25,1,77.15066827688383,146,66.80647487848447,66.80647487848447,High density,Ligand pose,sucos_shape,50,25.0
8ajk__1__1.A_1.B__1.D_1.E,1.0,1,89.65226083452752,393,78.04195604877805,78.04195604877805,High density,Ligand pose,sucos_shape,50,100.0
8ak3__1__1.A__1.B_1.C,1.0,1,84.16334948784461,402,67.82223975397062,67.82223975397062,High density,Ligand pose,sucos_shape,50,100.0
8ak5__1__1.A__1.C_1.E_1.F_1.G,0.5,2,96.86632611112287,310,66.31869277138993,66.31869277138993,High density,Ligand pose,sucos_shape,50,50.0
8ak6__1__1.A__1.E_1.F_1.H,0.5,1,74.60436310362084,73,55.653400181266406,55.653400181266406,High density,Ligand pose,sucos_shape,50,50.0
8ak7__1__1.A__1.C_1.E_1.G,0.5,2,97.78932872474894,292,67.72306634097976,67.72306634097976,High density,Ligand pose,sucos_shape,50,50.0
8ak8__1__1.A__1.C_1.F_1.L,0.5,2,98.24219782743133,375,67.1912803031765,67.1912803031765,High density,Ligand pose,sucos_shape,50,50.0
8akd__1__1.A__1.C_1.E,0.5,2,97.75034040285414,275,67.71574199582291,67.71574199582291,High density,Ligand pose,sucos_shape,50,50.0
8akg__1__1.A__1.F_1.O,0.5,1,64.59470073010127,26,55.11170921566304,55.11170921566304,Low density,Ligand pose,sucos_shape,50,50.0
8am2__1__1.A__1.D,0.0,1,59.86809017734889,1,59.86809017734889,59.86809017734889,Low density,Ligand pose,sucos_shape,50,0.0
8aop__1__1.A__1.E,0.5,1,76.35786482005784,130,70.77486932691606,70.77486932691606,High density,Ligand pose,sucos_shape,50,50.0
8apt__1__1.A_2.A__1.B,1.0,1,93.83963813928551,65,64.9871042114957,64.9871042114957,High density,Ligand pose,sucos_shape,50,100.0
8apu__1__1.A_2.A__1.B,1.0,1,89.49724331257455,88,63.64206453893946,63.64206453893946,High density,Ligand pose,sucos_shape,50,100.0
8apw__1__1.A_2.A__2.C,1.0,1,60.19788871417078,31,54.62203400546717,54.62203400546717,Low density,Ligand pose,sucos_shape,50,100.0
8aqf__1__1.A__1.B,0.0,1,52.29671239610819,4,52.29671224957117,52.29671224957117,Low density,Ligand pose,sucos_shape,50,0.0
8aqj__1__1.A_3.A__3.B,0.5,1,76.82410206772205,62,64.36623771715499,64.36623771715499,High density,Ligand pose,sucos_shape,50,50.0
8arj__1__1.A__1.B,1.0,1,66.58866163189798,175,53.52660605486939,53.52660605486939,High density,Ligand pose,sucos_shape,50,100.0
8ase__1__1.B__1.F_1.G,0.5,1,56.264984672852336,12,52.59788627079168,52.59788627079168,Low density,Ligand pose,sucos_shape,50,50.0
8asf__1__1.B__1.E,0.0,1,49.62843081273537,0,,49.62843081273537,No neighbours,Ligand pose,sucos_shape,50,0.0
8atb__1__1.A__1.C,1.0,1,61.280748225201606,42,55.69482994334552,55.69482994334552,Low density,Ligand pose,sucos_shape,50,100.0
8atl__1__1.A__1.C,1.0,1,64.17438713301829,47,55.87270345964995,55.87270345964995,Low density,Ligand pose,sucos_shape,50,100.0
8aty__1__1.A__1.B_1.C,0.0,2,74.1684869304773,199,53.71999141976992,53.71999141976992,High density,Ligand pose,sucos_shape,50,0.0
8au8__1__1.A_1.B__1.C_1.D_1.H,0.5,2,97.79106229669871,421,85.89714539580704,85.89714539580704,High density,Ligand pose,sucos_shape,50,50.0
8aue__1__1.A__1.C_1.D,0.5,2,98.54648873944782,713,67.69614605962906,67.69614605962906,High density,Ligand pose,sucos_shape,50,50.0
8aui__1__1.A_1.B__1.C_1.D_1.G,0.3333333333333333,3,97.73888562730289,649,75.2475769125733,75.2475769125733,High density,Ligand pose,sucos_shape,50,33.33333333333333
8auj__1__1.A__1.C_1.D,0.5,2,90.69740449211636,717,68.04223770449677,68.04223770449677,High density,Ligand pose,sucos_shape,50,50.0
8av1__1__1.B__1.J_1.M,1.0,1,65.97345374027013,493,53.99784457348038,53.99784457348038,High density,Ligand pose,sucos_shape,50,100.0
8aw1__1__1.A__1.C,1.0,1,81.53502254835259,21,55.910525197874016,55.910525197874016,Low density,Ligand pose,sucos_shape,50,100.0
8aw7__1__1.A__1.B_1.C,0.25,1,65.90998134494863,19,64.09980538962846,64.09980538962846,Low density,Ligand pose,sucos_shape,50,25.0
8axp__1__1.A__1.C,0.0,1,44.716734696415905,0,,44.716734696415905,No neighbours,Ligand pose,sucos_shape,50,0.0
8ay6__1__1.A_1.B__1.C,0.5,1,96.63590004782881,49,63.2742411990248,63.2742411990248,Low density,Ligand pose,sucos_shape,50,50.0
8ay8__1__1.A_1.B__1.D,1.0,1,83.50182817335956,47,57.11697989608202,57.11697989608202,Low density,Ligand pose,sucos_shape,50,100.0
8aya__1__1.A_1.B__1.C,1.0,1,92.67455994962441,16,78.3484900543788,78.3484900543788,Low density,Ligand pose,sucos_shape,50,100.0
8azd__1__1.A__1.C,1.0,1,94.87177027897205,136,74.61437013469538,74.61437013469538,High density,Ligand pose,sucos_shape,50,100.0
8azi__1__1.A__1.C,1.0,1,95.0595006453618,130,76.60584591993809,76.60584591993809,High density,Ligand pose,sucos_shape,50,100.0
8azl__1__1.A__1.C,1.0,1,95.71242274086175,130,75.72704272203899,75.72704272203899,High density,Ligand pose,sucos_shape,50,100.0
8azm__1__1.A__1.C,1.0,1,91.14463171712404,131,75.98609012534027,75.98609012534027,High density,Ligand pose,sucos_shape,50,100.0
8azo__1__1.A__1.C,1.0,1,94.05312763950859,137,81.74188525712155,81.74188525712155,High density,Ligand pose,sucos_shape,50,100.0
8azp__1__1.A__1.C,1.0,1,95.37748614852089,141,83.47793073901776,83.47793073901776,High density,Ligand pose,sucos_shape,50,100.0
8b08__1__1.B__1.E,1.0,1,93.93771767363124,259,79.40738630800504,79.40738630800504,High density,Ligand pose,sucos_shape,50,100.0
8b1n__1__1.A_1.B__1.C_1.Q,1.0,1,93.70186203994271,51,75.63119497920877,75.63119497920877,Low density,Ligand pose,sucos_shape,50,100.0
8b1v__1__1.A_1.B__1.E,0.0,1,45.969766792361746,0,,45.969766792361746,No neighbours,Ligand pose,sucos_shape,50,0.0
8b25__1__1.A_1.B__1.J,0.0,1,47.17381771842643,0,,47.17381771842643,No neighbours,Ligand pose,sucos_shape,50,0.0
8b35__1__1.A_1.B__1.E,0.0,1,97.51933249336095,20,66.65818546914994,66.65818546914994,Low density,Ligand pose,sucos_shape,50,0.0
8b43__1__1.A__1.H_1.I_1.J_1.K_1.L,0.0,3,46.86713988387428,0,,46.86713988387428,No neighbours,Ligand pose,sucos_shape,50,0.0
8b5s__1__1.B__1.D,0.0,1,71.98349616701455,3,64.98198067736415,64.98198067736415,Low density,Ligand pose,sucos_shape,50,0.0
8b62__1__1.A__1.C,0.5,1,87.03090732413023,2,77.15125858351497,77.15125858351497,Low density,Ligand pose,sucos_shape,50,50.0
8b6m__1__1.A_1.B__1.E,1.0,1,77.27986371130888,15,61.18236984191745,61.18236984191745,Low density,Ligand pose,sucos_shape,50,100.0
8b72__1__1.A_1.B__1.F_1.G,0.0,1,62.25653673182041,8,55.31613934865848,55.31613934865848,Low density,Ligand pose,sucos_shape,50,0.0
8b75__1__1.A__1.B,0.75,1,62.00085688212654,1,62.00085688212654,62.00085688212654,Low density,Ligand pose,sucos_shape,50,75.0
8b80__1__1.A__1.F_1.G,0.75,1,89.4122427360033,281,55.356701933628315,55.356701933628315,High density,Ligand pose,sucos_shape,50,75.0
8b8h__1__1.A_1.B__1.H_1.K,1.0,1,98.13569094753028,88,79.27966524078533,79.27966524078533,High density,Ligand pose,sucos_shape,50,100.0
8b8x__1__1.A_1.C__1.E,0.25,1,60.41053527470686,10,54.891803426026115,54.891803426026115,Low density,Ligand pose,sucos_shape,50,25.0
8b8z__1__1.A__1.E,0.25,1,67.41071735533298,96,54.144545628202955,54.144545628202955,High density,Ligand pose,sucos_shape,50,25.0
8b91__1__1.A__1.E,0.0,1,68.16118009473327,30,58.813710250521964,58.813710250521964,Low density,Ligand pose,sucos_shape,50,0.0
8b9h__1__1.A__1.B,0.75,1,60.966682057994106,325,53.44915510910517,53.44915510910517,High density,Ligand pose,sucos_shape,50,75.0
8b9u__1__1.A_1.B__1.C_1.H,0.0,1,50.273243387427094,1,50.273243387427094,50.273243387427094,Low density,Ligand pose,sucos_shape,50,0.0
8bab__1__1.A__1.H_1.I,0.75,1,62.91475897192114,246,52.67345120151623,52.67345120151623,High density,Ligand pose,sucos_shape,50,75.0
8baj__1__1.A__1.B,1.0,1,98.69623395133553,16,66.3264229133303,66.3264229133303,Low density,Ligand pose,sucos_shape,50,100.0
8bam__1__1.A__1.C_1.D,0.875,2,97.43752389150579,211,75.22099492463528,75.22099492463528,High density,Ligand pose,sucos_shape,50,87.5
8bcy__1__1.A__1.C,0.75,1,67.2599030010765,24,55.894925107499766,55.894925107499766,Low density,Ligand pose,sucos_shape,50,75.0
8bdm__1__1.C__1.M,1.0,1,84.1656360519842,132,75.89020771801651,75.89020771801651,High density,Ligand pose,sucos_shape,50,100.0
8bgc__1__1.A__1.F,1.0,1,76.26213788756692,315,54.65291576548177,54.65291576548177,High density,Ligand pose,sucos_shape,50,100.0
8bgt__1__1.A_2.A__2.D,0.0,1,60.927801878636444,163,54.90607099500151,54.90607099500151,High density,Ligand pose,sucos_shape,50,0.0
8bgx__1__1.A_1.D__1.E_1.F_1.I,0.625,2,96.36791963792575,199,76.64441552677094,76.64441552677094,High density,Ligand pose,sucos_shape,50,62.5
8bgy__1__1.A_1.B__1.E_1.F,0.5,2,97.66398819801128,203,75.47175722546702,75.47175722546702,High density,Ligand pose,sucos_shape,50,50.0
8bgz__1__1.A_1.B__1.F,0.0,1,72.30429427858466,64,58.21398360671716,58.21398360671716,High density,Ligand pose,sucos_shape,50,0.0
8bh0__1__1.A_1.D__1.J,0.0,1,79.28334479833723,58,58.94448054428259,58.94448054428259,Low density,Ligand pose,sucos_shape,50,0.0
8bi6__1__1.A__1.D,0.0,1,38.886753458605895,0,,38.886753458605895,No neighbours,Ligand pose,sucos_shape,50,0.0
8bid__1__1.C_2.A__2.F_2.G,0.0,1,70.52853890595092,67,57.27597888651925,57.27597888651925,High density,Ligand pose,sucos_shape,50,0.0
8bih__1__1.A_1.L__1.N,0.0,1,91.48474960959412,51,58.82695586514876,58.82695586514876,Low density,Ligand pose,sucos_shape,50,0.0
8bir__1__1.A_1.B__1.D,0.0,1,72.18083752792234,73,57.86120877940479,57.86120877940479,High density,Ligand pose,sucos_shape,50,0.0
8bj3__1__1.A_1.B__1.C,1.0,1,79.46557745300645,66,67.14174254667594,67.14174254667594,High density,Ligand pose,sucos_shape,50,100.0
8bjd__1__1.A__1.B,1.0,1,73.17123561259339,25,56.96099295888318,56.96099295888318,Low density,Ligand pose,sucos_shape,50,100.0
8bji__1__1.A_1.B__1.C_1.D,1.0,1,98.4677017855709,909,79.03718941781001,79.03718941781001,High density,Ligand pose,sucos_shape,50,100.0
8bjt__1__1.A__1.C,1.0,1,84.64766890531978,204,57.023341440863966,57.023341440863966,High density,Ligand pose,sucos_shape,50,100.0
8bju__1__1.A__1.B,1.0,1,78.98483535508352,66,56.666253380232014,56.666253380232014,High density,Ligand pose,sucos_shape,50,100.0
8bk0__1__1.A__1.H,1.0,1,66.88607471843656,348,53.46284107104654,53.46284107104654,High density,Ligand pose,sucos_shape,50,100.0
8bl0__1__1.A__1.C_1.E,0.75,2,98.49023059358176,191,75.5145469282431,75.5145469282431,High density,Ligand pose,sucos_shape,50,75.0
8bl1__1__1.A__1.C_1.E,0.75,2,96.82690531779522,191,74.41407773156328,74.41407773156328,High density,Ligand pose,sucos_shape,50,75.0
8blz__1__1.A__1.B_1.D,1.0,1,97.22697238309252,66,80.86789692119935,80.86789692119935,High density,Ligand pose,sucos_shape,50,100.0
8bnx__1__1.A__1.C,0.0,1,70.34360251725886,36,62.29734983704316,62.29734983704316,Low density,Ligand pose,sucos_shape,50,0.0
8bo3__1__1.A__1.B,1.0,1,77.17437296385421,32,58.2843970596076,58.2843970596076,Low density,Ligand pose,sucos_shape,50,100.0
8bo4__1__1.A__1.C,1.0,1,77.61206926383709,75,58.118877755422,58.118877755422,High density,Ligand pose,sucos_shape,50,100.0
8boc__1__1.A__1.B,1.0,1,67.68928971328612,142,56.36415539465357,56.36415539465357,High density,Ligand pose,sucos_shape,50,100.0
8bok__1__1.A__1.B,1.0,1,86.50301926318011,145,56.398621275850424,56.398621275850424,High density,Ligand pose,sucos_shape,50,100.0
8bq4__1__1.B__1.D,0.25,1,63.20485623194387,16,53.08687897003779,53.08687897003779,Low density,Ligand pose,sucos_shape,50,25.0
8br0__1__1.A_1.B__1.E_1.F_1.G,1.0,2,97.93930326007825,987,80.04511708766773,80.04511708766773,High density,Ligand pose,sucos_shape,50,100.0
8br5__1__1.A__1.E,1.0,1,71.46806544692268,164,55.20733621003699,55.20733621003699,High density,Ligand pose,sucos_shape,50,100.0
8br6__1__1.A__1.C,1.0,1,69.20554770830395,58,56.34608904225463,56.34608904225463,Low density,Ligand pose,sucos_shape,50,100.0
8bsg__1__1.A__1.B,0.25,1,92.19581184203851,70,61.870498464121816,61.870498464121816,High density,Ligand pose,sucos_shape,50,25.0
8bst__1__1.A__1.R,0.75,1,98.1220031965903,606,74.83689910805589,74.83689910805589,High density,Ligand pose,sucos_shape,50,75.0
8bsu__1__1.A_1.D__1.I_1.OA_1.SA,0.5,2,96.3497551129499,494,58.295477630219004,58.295477630219004,High density,Ligand pose,sucos_shape,50,50.0
8bt0__1__1.A__1.M,1.0,1,79.42134624590042,19,66.23064107655529,66.23064107655529,Low density,Ligand pose,sucos_shape,50,100.0
8bt2__1__1.A__1.M,1.0,1,82.3907217454418,11,61.72146671121304,61.72146671121304,Low density,Ligand pose,sucos_shape,50,100.0
8bvx__1__1.A__1.D_1.F,0.25,1,52.78767856247454,5,51.326781684004644,51.326781684004644,Low density,Ligand pose,sucos_shape,50,25.0
8bxx__1__1.A__1.E_1.F,1.0,1,90.47779478740405,280,68.75500625976777,68.75500625976777,High density,Ligand pose,sucos_shape,50,100.0
8bzx__1__1.A_1.B__1.E_1.F,0.75,1,89.89027907018703,68,72.34588789923663,72.34588789923663,High density,Ligand pose,sucos_shape,50,75.0
8c08__1__1.A__1.C_1.D,1.0,1,89.89603247415509,257,57.316228400638664,57.316228400638664,High density,Ligand pose,sucos_shape,50,100.0
8c0q__1__1.A__1.B_1.C,0.25,1,71.4949211823672,431,54.98755965575914,54.98755965575914,High density,Ligand pose,sucos_shape,50,25.0
8c0r__1__1.A__1.B_1.C,0.25,1,79.55228339364186,380,54.61370211290707,54.61370211290707,High density,Ligand pose,sucos_shape,50,25.0
8c1f__1__1.A__1.B_1.C_1.D_1.J,0.5,2,96.50632770018457,1266,65.46153304215922,65.46153304215922,High density,Ligand pose,sucos_shape,50,50.0
8c1m__1__1.A__1.C,0.0,1,71.6874327498565,954,53.635000055047904,53.635000055047904,High density,Ligand pose,sucos_shape,50,0.0
8c3i__1__1.B__1.D,1.0,1,98.42979998067446,232,78.47687982272598,78.47687982272598,High density,Ligand pose,sucos_shape,50,100.0
8c3n__1__1.A__1.C_1.D,1.0,1,91.87970182089029,198,65.12576812620047,65.12576812620047,High density,Ligand pose,sucos_shape,50,100.0
8c3r__1__1.A__1.C,0.0,1,75.86237340050116,119,54.44795516664006,54.44795516664006,High density,Ligand pose,sucos_shape,50,0.0
8c47__1__1.B__1.E_1.F,1.0,1,95.29594538811259,902,75.06800569227858,75.06800569227858,High density,Ligand pose,sucos_shape,50,100.0
8c4w__1__1.A__1.J_1.K_1.P,0.25,2,95.18773135906929,16,70.3249078231047,70.3249078231047,Low density,Ligand pose,sucos_shape,50,25.0
8c6f__1__1.A__1.B_1.C,1.0,1,96.68579978316782,94,85.58807135619395,85.58807135619395,High density,Ligand pose,sucos_shape,50,100.0
8c6l__1__1.A__1.C,0.75,1,76.68791582647523,667,54.75575923266808,54.75575923266808,High density,Ligand pose,sucos_shape,50,75.0
8c6n__1__1.A__1.B,0.75,1,84.69438740419513,455,54.68763048061738,54.68763048061738,High density,Ligand pose,sucos_shape,50,75.0
8c6o__1__1.A__1.C,1.0,1,97.50205671907402,70,88.81793603207137,88.81793603207137,High density,Ligand pose,sucos_shape,50,100.0
8c6p__1__1.A__1.B,0.0,1,73.14425806911922,490,55.12215820727637,55.12215820727637,High density,Ligand pose,sucos_shape,50,0.0
8c6q__1__1.A__1.C,0.0,1,71.26093111087005,533,55.9856642648923,55.9856642648923,High density,Ligand pose,sucos_shape,50,0.0
8c6s__1__1.A__1.C,0.0,1,64.88822749353591,225,53.74547224212412,53.74547224212412,High density,Ligand pose,sucos_shape,50,0.0
8c6z__1__1.A__1.C_1.E,0.0,1,84.94194543602495,34,60.83036494754562,60.83036494754562,Low density,Ligand pose,sucos_shape,50,0.0
8c70__1__1.A__1.B,0.0,1,54.0539019091374,50,51.71254835922355,51.71254835922355,Low density,Ligand pose,sucos_shape,50,0.0
8c71__1__1.A__1.C,0.0,1,74.14945771503415,479,55.702593130432696,55.702593130432696,High density,Ligand pose,sucos_shape,50,0.0
8c74__1__1.A__1.C,0.0,1,59.298887842596834,37,52.2101525006902,52.2101525006902,Low density,Ligand pose,sucos_shape,50,0.0
8c7r__1__1.A__1.C_1.D,0.625,2,95.09364283830124,16,67.97691045350143,67.97691045350143,Low density,Ligand pose,sucos_shape,50,62.5
8c9d__1__1.A__1.D,0.5,1,88.61559755784114,7,79.80548215726637,79.80548215726637,Low density,Ligand pose,sucos_shape,50,50.0
8c9e__1__1.A__1.C,1.0,1,91.65926475254452,8,78.6900280372183,78.6900280372183,Low density,Ligand pose,sucos_shape,50,100.0
8c9s__1__1.B__1.F_1.G,1.0,1,98.36369291708891,135,87.47140412444124,87.47140412444124,High density,Ligand pose,sucos_shape,50,100.0
8caa__1__1.B__1.F,1.0,1,64.73625605920333,8,57.70321638980144,57.70321638980144,Low density,Ligand pose,sucos_shape,50,100.0
8cbh__1__1.A__1.C,0.25,1,74.13220186568135,32,62.3417063705691,62.3417063705691,Low density,Ligand pose,sucos_shape,50,25.0
8cbr__1__1.A_1.B_1.D__1.E,0.0,1,90.24608733865475,81,77.63332981534828,77.63332981534828,High density,Ligand pose,sucos_shape,50,0.0
8cbs__1__1.B_1.C_1.D__1.L,0.0,1,87.84814504323862,84,75.70009809783612,75.70009809783612,High density,Ligand pose,sucos_shape,50,0.0
8cbu__1__1.A_1.B_1.D__1.M,0.0,1,87.42269228934664,82,73.77994541950511,73.77994541950511,High density,Ligand pose,sucos_shape,50,0.0
8ccj__1__1.A_2.A__1.B_1.J,1.0,1,88.52076534047958,269,66.09929281841629,66.09929281841629,High density,Ligand pose,sucos_shape,50,100.0
8cdw__1__1.B__1.D,1.0,1,68.40392589821005,261,54.70281016421039,54.70281016421039,High density,Ligand pose,sucos_shape,50,100.0
8cdx__1__1.A__1.C_1.D,0.25,1,82.86433933186616,597,61.71228408859008,61.71228408859008,High density,Ligand pose,sucos_shape,50,25.0
8cdz__1__1.A__1.C_1.D_1.E,0.25,1,82.26974365513409,460,58.519726797755354,58.519726797755354,High density,Ligand pose,sucos_shape,50,25.0
8ceq__1__1.A__1.C,1.0,1,77.53607349553737,28,71.72041383123558,71.72041383123558,Low density,Ligand pose,sucos_shape,50,100.0
8ces__1__1.A__1.C,0.25,1,78.22257166988457,25,72.75688955839838,72.75688955839838,Low density,Ligand pose,sucos_shape,50,25.0
8cev__1__1.A__1.C,1.0,1,86.126615173145,28,82.84426265801127,82.84426265801127,Low density,Ligand pose,sucos_shape,50,100.0
8cex__1__1.A__1.D,0.75,1,54.418700171043646,12,53.46784617012826,53.46784617012826,Low density,Ligand pose,sucos_shape,50,75.0
8cey__1__1.A__1.D,0.0,1,56.167805043612205,14,53.715110452622014,53.715110452622014,Low density,Ligand pose,sucos_shape,50,0.0
8chc__1__1.A__1.B,0.75,1,75.73125141361321,7,64.88646864971349,64.88646864971349,Low density,Ligand pose,sucos_shape,50,75.0
8chk__1__1.A__1.D,1.0,1,81.48610465108048,12,63.33365850080025,63.33365850080025,Low density,Ligand pose,sucos_shape,50,100.0
8chl__1__1.A__1.C_1.E,1.0,1,89.3628430671823,19,62.56860299472505,62.56860299472505,Low density,Ligand pose,sucos_shape,50,100.0
8cij__1__1.A__1.B,0.0,1,60.509163906457445,34,54.016287655412896,54.016287655412896,Low density,Ligand pose,sucos_shape,50,0.0
8cji__1__1.A__1.B_1.C,0.25,1,34.488875858828706,0,,34.488875858828706,No neighbours,Ligand pose,sucos_shape,50,25.0
8cjj__1__1.A__1.B_1.C,0.25,1,45.42206125778058,0,,45.42206125778058,No neighbours,Ligand pose,sucos_shape,50,25.0
8cjk__1__1.A__1.B_1.C,0.25,1,37.66493991737575,0,,37.66493991737575,No neighbours,Ligand pose,sucos_shape,50,25.0
8cjo__1__1.A__1.B_1.C,0.0,1,34.22208860086288,0,,34.22208860086288,No neighbours,Ligand pose,sucos_shape,50,0.0
8cju__1__1.A__1.B,0.0,1,66.51856177420711,1,66.51856177420711,66.51856177420711,Low density,Ligand pose,sucos_shape,50,0.0
8ck5__1__1.A__1.D,1.0,1,94.46483180428135,274,72.46026721859835,72.46026721859835,High density,Ligand pose,sucos_shape,50,100.0
8ckc__1__2.A__2.D,1.0,1,95.87167689161554,287,72.12499012703803,72.12499012703803,High density,Ligand pose,sucos_shape,50,100.0
8ckh__1__1.A_1.B__1.D,0.0,1,62.41330831973468,11,56.47382822576962,56.47382822576962,Low density,Ligand pose,sucos_shape,50,0.0
8cnh__1__1.A__1.B_1.L,0.5,1,72.751980205413,5,59.656200569069505,59.656200569069505,Low density,Ligand pose,sucos_shape,50,50.0
8cnm__1__1.A_1.B__1.F_1.N_1.S,0.375,2,97.94210109156131,245,71.70266287298293,71.70266287298293,High density,Ligand pose,sucos_shape,50,37.5
8cno__1__1.A_1.B__1.C_1.E_1.F,0.25,2,97.8834248145789,272,69.62634855226986,69.62634855226986,High density,Ligand pose,sucos_shape,50,25.0
8cnt__1__1.A__1.B_1.C,0.0,1,80.58372698799302,46,60.62498027933434,60.62498027933434,Low density,Ligand pose,sucos_shape,50,0.0
8con__1__1.A_2.A__2.D_2.J,1.0,1,89.14119261131506,561,71.87720948774809,71.87720948774809,High density,Ligand pose,sucos_shape,50,100.0
8coq__1__1.A__1.C_1.D,0.625,2,89.94367750312256,817,67.59789801310221,67.59789801310221,High density,Ligand pose,sucos_shape,50,62.5
8cou__1__1.A__1.V,0.5,1,58.8218260275128,38,54.39298009519292,54.39298009519292,Low density,Ligand pose,sucos_shape,50,50.0
8cov__1__1.A__1.D,0.25,1,64.56121656649198,80,53.174374249467675,53.174374249467675,High density,Ligand pose,sucos_shape,50,25.0
8cow__1__1.B__1.I_1.J,1.0,2,92.29062117437516,898,66.03628264254314,66.03628264254314,High density,Ligand pose,sucos_shape,50,100.0
8cp4__1__2.A__2.H_2.I,0.0,1,71.147438681801,43,63.02568704692192,63.02568704692192,Low density,Ligand pose,sucos_shape,50,0.0
8cp7__1__1.A__1.B,0.75,1,98.16115381631992,19,91.45820793789471,91.45820793789471,Low density,Ligand pose,sucos_shape,50,75.0
8cp9__1__1.A__1.C_1.D,0.5,1,86.22131601033465,20,75.25420527760795,75.25420527760795,Low density,Ligand pose,sucos_shape,50,50.0
8cpb__1__1.B__1.H,0.0,1,94.3337771154306,12,77.54929423497555,77.54929423497555,Low density,Ligand pose,sucos_shape,50,0.0
8cq8__1__1.A__1.C_1.D_1.E,1.0,2,93.27453682572914,858,69.40145008549003,69.40145008549003,High density,Ligand pose,sucos_shape,50,100.0
8cq9__1__1.B__1.I_1.J_1.K,1.0,2,91.56698998780928,893,63.55564576066049,63.55564576066049,High density,Ligand pose,sucos_shape,50,100.0
8cqv__1__1.A_1.B__1.K_1.P,1.0,1,95.95931402269835,22,91.7647454921457,91.7647454921457,Low density,Ligand pose,sucos_shape,50,100.0
8crj__1__1.A__1.B,0.0,1,89.95430528521977,16,76.91990103838091,76.91990103838091,Low density,Ligand pose,sucos_shape,50,0.0
8crl__1__1.A__1.C,1.0,1,71.46073227770025,12,67.08577892684289,67.08577892684289,Low density,Ligand pose,sucos_shape,50,100.0
8csg__1__1.A__1.C_1.D,0.625,2,95.99705994704735,236,73.89232856554582,73.89232856554582,High density,Ligand pose,sucos_shape,50,62.5
8cta__1__1.A_1.B_1.D__1.Q,1.0,1,94.12685982772122,95,73.44603566505728,73.44603566505728,High density,Ligand pose,sucos_shape,50,100.0
8ctb__1__1.A__1.C_1.D,0.5,2,96.59828400209261,166,83.48791078350648,83.48791078350648,High density,Ligand pose,sucos_shape,50,50.0
8cu7__1__1.A__1.C,0.75,1,54.623945610575255,3,51.8988922982773,51.8988922982773,Low density,Ligand pose,sucos_shape,50,75.0
8cvc__1__1.A__1.C_1.J_1.O_1.P,0.5,1,96.5026395173454,3,81.36143581499785,81.36143581499785,Low density,Ligand pose,sucos_shape,50,50.0
8cvd__1__1.A__1.B_1.K_1.L,0.5,1,96.28578654757958,3,80.73734172331012,80.73734172331012,Low density,Ligand pose,sucos_shape,50,50.0
8cve__1__1.A__1.B_1.K_1.L,0.75,2,98.69472043639198,56,71.74827506890428,71.74827506890428,Low density,Ligand pose,sucos_shape,50,75.0
8cvf__1__1.A__1.D_1.E_1.F_1.G,0.5,1,98.15609756097561,3,82.90390762830069,82.90390762830069,Low density,Ligand pose,sucos_shape,50,50.0
8cvg__1__1.A__1.B_1.F_1.J,0.5,2,98.28912056088103,58,72.72167279880217,72.72167279880217,Low density,Ligand pose,sucos_shape,50,50.0
8cyu__1__1.A_1.B__1.F,1.0,1,76.95515162508867,46,63.40103962380272,63.40103962380272,Low density,Ligand pose,sucos_shape,50,100.0
8cyz__1__1.A_1.C__1.E,1.0,1,77.26815571255281,51,61.17940907213941,61.17940907213941,Low density,Ligand pose,sucos_shape,50,100.0
8cz7__1__1.A_1.C__1.E,1.0,1,74.17200167089386,46,62.51215437333592,62.51215437333592,Low density,Ligand pose,sucos_shape,50,100.0
8czl__1__1.A__1.C_1.D,0.5,1,64.63623886994476,2,57.92161534862369,57.92161534862369,Low density,Ligand pose,sucos_shape,50,50.0
8d19__1__1.A__1.C_1.D,1.0,1,67.95440689501866,2,61.665975176562355,61.665975176562355,Low density,Ligand pose,sucos_shape,50,100.0
8d3e__1__1.A__1.C_1.D,1.0,1,96.13366142199332,222,67.03429450923491,67.03429450923491,High density,Ligand pose,sucos_shape,50,100.0
8d3h__1__1.A__1.C_1.D,0.625,2,95.42596724860626,212,66.98405199982734,66.98405199982734,High density,Ligand pose,sucos_shape,50,62.5
8d3j__1__1.A__1.D_1.E_1.F,0.625,2,95.82110297278238,179,70.7296562688624,70.7296562688624,High density,Ligand pose,sucos_shape,50,62.5
8d5b__1__1.A__1.B_1.G_1.H,1.0,1,98.20896801983949,8,94.04769297758642,94.04769297758642,Low density,Ligand pose,sucos_shape,50,100.0
8d6c__1__1.A__1.F,1.0,1,82.95269108275829,125,52.95812435376304,52.95812435376304,High density,Ligand pose,sucos_shape,50,100.0
8d6e__1__1.A__1.D,1.0,1,73.90995395723135,360,55.01888269034094,55.01888269034094,High density,Ligand pose,sucos_shape,50,100.0
8d6f__1__1.A__1.D,1.0,1,88.05471382667147,349,53.370081710175306,53.370081710175306,High density,Ligand pose,sucos_shape,50,100.0
8d6m__1__1.A__1.C,0.25,1,77.01184008416597,6,64.18614942895437,64.18614942895437,Low density,Ligand pose,sucos_shape,50,25.0
8d6t__1__1.A__1.C,0.25,1,77.71286323766753,6,64.5337207630392,64.5337207630392,Low density,Ligand pose,sucos_shape,50,25.0
8d9b__1__1.A__1.C_1.D,1.0,1,88.44551282051282,208,56.62452642551632,56.62452642551632,High density,Ligand pose,sucos_shape,50,100.0
8d9c__1__1.A__1.C_1.D,1.0,1,86.30406889805066,203,56.19263622851799,56.19263622851799,High density,Ligand pose,sucos_shape,50,100.0
8db0__1__1.A__1.E,0.75,1,98.01966292134831,28,58.29083788527879,58.29083788527879,Low density,Ligand pose,sucos_shape,50,75.0
8dcd__1__1.A__1.E_1.Q_1.R,0.25,1,77.3628009522159,5,72.49105749473563,72.49105749473563,Low density,Ligand pose,sucos_shape,50,25.0
8ddb__1__1.A__1.B_1.C_1.E,1.0,1,94.17916853856967,130,64.1997466958984,64.1997466958984,High density,Ligand pose,sucos_shape,50,100.0
8dil__1__1.A_1.B__1.K_1.L_1.M,1.0,1,96.22892389705837,13,66.49494134497104,66.49494134497104,Low density,Ligand pose,sucos_shape,50,100.0
8dj6__1__1.C__1.F_1.O,0.0,1,75.40450179295254,45,66.93472308772334,66.93472308772334,Low density,Ligand pose,sucos_shape,50,0.0
8djv__1__1.A__1.B_1.C_1.D,1.0,1,87.17600680896548,142,62.46313096587226,62.46313096587226,High density,Ligand pose,sucos_shape,50,100.0
8dk4__1__1.A__1.C,1.0,1,93.21171105003481,30,62.36712983217273,62.36712983217273,Low density,Ligand pose,sucos_shape,50,100.0
8dkp__1__1.A__1.C_1.D,0.875,2,98.70936121548766,290,74.48084447738353,74.48084447738353,High density,Ligand pose,sucos_shape,50,87.5
8dkq__1__1.A__1.C_1.D,0.875,2,98.27353619245163,304,68.35167667360022,68.35167667360022,High density,Ligand pose,sucos_shape,50,87.5
8dkt__1__1.A_1.B__1.D_1.E,0.5,1,87.54765659029215,87,69.21920352509704,69.21920352509704,High density,Ligand pose,sucos_shape,50,50.0
8dml__1__1.B__1.J,0.25,1,81.7436370256639,3,80.8693043157656,80.8693043157656,Low density,Ligand pose,sucos_shape,50,25.0
8doc__1__2.A__2.B_2.D_2.E,1.0,1,83.64425141205916,24,75.42713706153064,75.42713706153064,Low density,Ligand pose,sucos_shape,50,100.0
8dos__1__1.A_1.B__1.C_1.G,0.0,1,84.27653426227225,79,63.11737486444777,63.11737486444777,High density,Ligand pose,sucos_shape,50,0.0
8dpb__1__1.A_1.B__1.I_1.J,1.0,1,82.27529184401186,80,67.80729891631943,67.80729891631943,High density,Ligand pose,sucos_shape,50,100.0
8dq8__1__1.B__1.F_1.G,1.0,2,93.80303294078087,354,71.54780054591109,71.54780054591109,High density,Ligand pose,sucos_shape,50,100.0
8dqd__1__1.A__1.B,0.75,1,78.81124140009105,7,60.77522840997425,60.77522840997425,Low density,Ligand pose,sucos_shape,50,75.0
8dqh__1__1.B__1.J_1.K_1.L,1.0,1,87.50878736401482,79,75.8463354973381,75.8463354973381,High density,Ligand pose,sucos_shape,50,100.0
8dqs__1__1.A__1.B_1.C_1.D,0.5,1,75.12803872742782,49,61.33654354847376,61.33654354847376,Low density,Ligand pose,sucos_shape,50,50.0
8dsc__1__1.B__1.L,0.0,1,43.744199104457415,0,,43.744199104457415,No neighbours,Ligand pose,sucos_shape,50,0.0
8dse__1__1.A_1.B__1.C_1.G,0.375,2,99.49507424085347,133,66.55662243368116,66.55662243368116,High density,Ligand pose,sucos_shape,50,37.5
8dsh__1__1.A_1.B__1.C,0.0,1,86.72862916237625,2,85.21093223477348,85.21093223477348,Low density,Ligand pose,sucos_shape,50,0.0
8dsh__1__1.A_1.B__1.E_1.F,0.0,2,90.63507222474628,2,89.6120172908482,89.6120172908482,Low density,Ligand pose,sucos_shape,50,0.0
8dsm__1__1.A_1.B__1.J,0.5,1,52.48523298217369,1,52.48523298217369,52.48523298217369,Low density,Ligand pose,sucos_shape,50,50.0
8dsr__1__1.A__1.C,0.0,1,55.39848080822166,2,53.19472979385275,53.19472979385275,Low density,Ligand pose,sucos_shape,50,0.0
8dt1__1__1.B__1.J_1.K,1.0,1,94.57689300343704,2846,70.14910534031199,70.14910534031199,High density,Ligand pose,sucos_shape,50,100.0
8dt5__1__1.B__1.I_1.M_1.O,0.0,1,88.75498888622381,53,57.43213380112503,57.43213380112503,Low density,Ligand pose,sucos_shape,50,0.0
8du3__1__1.A__1.B,1.0,1,71.49345674693595,162,55.916992471499924,55.916992471499924,High density,Ligand pose,sucos_shape,50,100.0
8du9__1__1.B__1.D,0.0,1,70.90139301884987,240,56.03253080801569,56.03253080801569,High density,Ligand pose,sucos_shape,50,0.0
8dub__1__1.A__1.C,0.0,1,67.20282068362697,234,55.15549474663685,55.15549474663685,High density,Ligand pose,sucos_shape,50,0.0
8duh__1__1.A__1.C,0.25,1,69.71623271419159,258,56.271487215462294,56.271487215462294,High density,Ligand pose,sucos_shape,50,25.0
8dui__1__1.A__1.C,0.25,1,68.49124354288728,285,55.40497043481112,55.40497043481112,High density,Ligand pose,sucos_shape,50,25.0
8duk__1__1.A__1.E,0.25,1,70.53061028083538,253,55.82336465013967,55.82336465013967,High density,Ligand pose,sucos_shape,50,25.0
8dv7__1__1.B__1.D,0.0,1,61.59683671800691,153,53.748131632875264,53.748131632875264,High density,Ligand pose,sucos_shape,50,0.0
8dv8__1__1.A__1.C,0.0,1,61.91011199295575,141,54.43996053541441,54.43996053541441,High density,Ligand pose,sucos_shape,50,0.0
8dvh__1__1.A__1.C_1.D,0.5,1,89.41952619757404,42,74.79684852869624,74.79684852869624,Low density,Ligand pose,sucos_shape,50,50.0
8dvo__1__1.A__1.B_1.C_1.D,0.0,1,52.00046543918899,2,51.0122172385138,51.0122172385138,Low density,Ligand pose,sucos_shape,50,0.0
8dxk__1__1.A_1.B__1.C,1.0,1,97.48441674087267,70,73.43552625006403,73.43552625006403,High density,Ligand pose,sucos_shape,50,100.0
8e0h__1__1.A__1.C,0.75,1,81.74871893163926,308,71.5194699770285,71.5194699770285,High density,Ligand pose,sucos_shape,50,75.0
8e1h__1__1.A__1.C_1.E_1.F,1.0,1,96.4459513762161,17,85.34437753312382,85.34437753312382,Low density,Ligand pose,sucos_shape,50,100.0
8e1i__1__1.A__1.C_1.D_1.E_1.F,1.0,1,85.44309521309175,24,73.36581112069238,73.36581112069238,Low density,Ligand pose,sucos_shape,50,100.0
8e1o__1__1.A__1.D,1.0,1,59.61069079316794,4,55.024999448779106,55.024999448779106,Low density,Ligand pose,sucos_shape,50,100.0
8e1t__1__1.A__1.C_1.E,1.0,1,79.0661712521279,16,72.64397553816671,72.64397553816671,Low density,Ligand pose,sucos_shape,50,100.0
8e1x__1__1.A__1.C,0.25,1,60.41683093915151,23,52.612976099185055,52.612976099185055,Low density,Ligand pose,sucos_shape,50,25.0
8e4s__1__1.A__1.B_1.C_1.D,0.0,1,63.05656048822505,24,53.51675742583537,53.51675742583537,Low density,Ligand pose,sucos_shape,50,0.0
8e5i__1__1.A__1.B_1.E,1.0,1,97.10146120064572,358,89.2377829983892,89.2377829983892,High density,Ligand pose,sucos_shape,50,100.0
8e5m__1__1.A_1.E__1.U,0.0,1,35.023288071069715,0,,35.023288071069715,No neighbours,Ligand pose,sucos_shape,50,0.0
8e62__1__1.A_1.C__1.G_1.H,0.75,2,80.51410970012687,128,67.89074715043984,67.89074715043984,High density,Ligand pose,sucos_shape,50,75.0
8e81__1__1.A__1.B,0.5,1,69.10448067128772,32,52.89207677289339,52.89207677289339,Low density,Ligand pose,sucos_shape,50,50.0
8e9e__1__1.A_1.B__1.I_1.J_1.K,1.0,2,94.83672257849814,141,66.35603765014919,66.35603765014919,High density,Ligand pose,sucos_shape,50,100.0
8e9r__1__1.A_1.B__1.E_1.F,1.0,1,95.64433846986337,290,84.44570810371938,84.44570810371938,High density,Ligand pose,sucos_shape,50,100.0
8ea6__1__1.A_1.B__1.C,0.0,1,39.27489568632907,0,,39.27489568632907,No neighbours,Ligand pose,sucos_shape,50,0.0
8eef__1__1.A__1.C_1.D,0.625,2,93.42316220101841,150,72.00245495414664,72.00245495414664,High density,Ligand pose,sucos_shape,50,62.5
8efj__1__1.A__1.D,0.0,1,78.33475859573649,61,55.50352786505343,55.50352786505343,High density,Ligand pose,sucos_shape,50,0.0
8egf__1__1.A__1.B_1.C,1.0,1,96.37549741005648,58,90.69177066629308,90.69177066629308,Low density,Ligand pose,sucos_shape,50,100.0
8egz__1__1.B__1.I,1.0,1,98.28565830721003,287,82.19592956522186,82.19592956522186,High density,Ligand pose,sucos_shape,50,100.0
8eh0__1__1.A__1.C_1.E,0.5,2,97.6251706252932,691,67.84540988851404,67.84540988851404,High density,Ligand pose,sucos_shape,50,50.0
8emu__1__1.A__1.E,0.0,1,83.73269493091841,678,61.09924172329045,61.09924172329045,High density,Ligand pose,sucos_shape,50,0.0
8eni__1__2.A__2.B,0.25,1,65.43239252004905,67,53.83717163527654,53.83717163527654,High density,Ligand pose,sucos_shape,50,25.0
8eq9__1__1.A__1.B,0.25,1,81.7156248255759,131,55.96329210653836,55.96329210653836,High density,Ligand pose,sucos_shape,50,25.0
8eqz__1__1.A__1.C,0.0,1,78.00358782296786,46,61.16465638413913,61.16465638413913,Low density,Ligand pose,sucos_shape,50,0.0
8er0__1__1.A__1.C_1.D,0.875,2,91.09881242982294,183,74.69558449868015,74.69558449868015,High density,Ligand pose,sucos_shape,50,87.5
8erb__1__1.A_1.C__1.Q,1.0,1,98.04416994198016,283,80.01779705047424,80.01779705047424,High density,Ligand pose,sucos_shape,50,100.0
8erd__1__1.A__1.B,1.0,1,80.58388398604257,128,54.240265575245154,54.240265575245154,High density,Ligand pose,sucos_shape,50,100.0
8erj__1__1.A_2.C__1.I,1.0,1,96.44433612301191,297,79.38377437933201,79.38377437933201,High density,Ligand pose,sucos_shape,50,100.0
8etd__1__1.B__1.E_1.F,1.0,1,97.93299965053615,1886,88.05555814843981,88.05555814843981,High density,Ligand pose,sucos_shape,50,100.0
8evx__1__1.A__1.C_1.D_1.E_1.F_1.G,1.0,1,96.79660893710013,108,79.39641761983978,79.39641761983978,High density,Ligand pose,sucos_shape,50,100.0
8evz__1__1.A__1.D_1.E_1.F_1.G,1.0,1,94.43231036148788,138,76.8118740039273,76.8118740039273,High density,Ligand pose,sucos_shape,50,100.0
8ewz__1__1.A__1.B_1.C_1.H,0.25,1,91.81779722058778,19,68.32518533864649,68.32518533864649,Low density,Ligand pose,sucos_shape,50,25.0
8ex1__1__1.A__1.B,1.0,1,80.64731748463228,237,55.51304051220021,55.51304051220021,High density,Ligand pose,sucos_shape,50,100.0
8ex2__1__1.A__1.B,1.0,1,79.77229468028304,675,55.67798640106025,55.67798640106025,High density,Ligand pose,sucos_shape,50,100.0
8ex3__1__1.A__1.B_1.C,0.5,1,85.60151429848104,18,69.60102416468024,69.60102416468024,Low density,Ligand pose,sucos_shape,50,50.0
8exl__1__1.A__1.B,1.0,1,88.12416869330487,11,62.86246329006833,62.86246329006833,Low density,Ligand pose,sucos_shape,50,100.0
8exu__1__1.A__1.B,1.0,1,73.8059541771996,12,60.43460097694669,60.43460097694669,Low density,Ligand pose,sucos_shape,50,100.0
8eym__1__1.A_1.B__1.C_1.E,0.5,1,60.22424243406665,169,52.67726155188978,52.67726155188978,High density,Ligand pose,sucos_shape,50,50.0
8ez1__1__1.A_1.B__1.D,0.25,1,85.12392957154542,630,71.54989051140066,71.54989051140066,High density,Ligand pose,sucos_shape,50,25.0
8f1g__1__1.A__1.C,0.0,1,54.46802801759827,1,54.46802801759827,54.46802801759827,Low density,Ligand pose,sucos_shape,50,0.0
8f1z__1__1.A__1.B,1.0,1,54.17229950005758,9,51.71294278679098,51.71294278679098,Low density,Ligand pose,sucos_shape,50,100.0
8f4q__1__1.A__1.F,0.0,1,96.10386742671307,91,63.559355936947746,63.559355936947746,High density,Ligand pose,sucos_shape,50,0.0
8f71__1__1.B__1.E_1.F,1.0,1,81.8822303454636,75,74.94624152762137,74.94624152762137,High density,Ligand pose,sucos_shape,50,100.0
8f8k__1__1.A__1.F_1.G_1.I_1.J_1.K,0.0,1,63.92828658135817,85,55.25855978944493,55.25855978944493,High density,Ligand pose,sucos_shape,50,0.0
8f8l__1__1.A__1.B_1.D_1.E,0.0,1,86.6354751672748,164,61.850662798108935,61.850662798108935,High density,Ligand pose,sucos_shape,50,0.0
8f8m__1__1.A__1.C,0.0,1,85.52775251352493,45,55.95017981514606,55.95017981514606,Low density,Ligand pose,sucos_shape,50,0.0
8fb1__1__1.A__1.C,0.75,1,72.91086402140176,11,61.40213713927553,61.40213713927553,Low density,Ligand pose,sucos_shape,50,75.0
8fb1__1__1.A__1.D,0.75,1,96.96147745216399,55,67.52091114367302,67.52091114367302,Low density,Ligand pose,sucos_shape,50,75.0
8fcd__1__1.A_1.B__1.C,1.0,1,88.50747823641474,53,70.80504772307935,70.80504772307935,Low density,Ligand pose,sucos_shape,50,100.0
8fdb__1__1.A_1.B__1.D_1.F_1.H,0.125,2,68.16157483377046,230,57.570065382157566,57.570065382157566,High density,Ligand pose,sucos_shape,50,12.5
8fdx__1__1.A__1.B_1.C,1.0,2,96.91922192876518,94,69.64990253022036,69.64990253022036,High density,Ligand pose,sucos_shape,50,100.0
8fdz__1__1.A__1.B_1.C,1.0,2,97.6428197235191,96,68.19471525237968,68.19471525237968,High density,Ligand pose,sucos_shape,50,100.0
8fe6__1__1.A__1.I,1.0,1,91.31391913939002,113,74.70232954326244,74.70232954326244,High density,Ligand pose,sucos_shape,50,100.0
8fe8__1__1.A_1.B__1.C,0.75,1,78.26356066443488,45,68.03489053958205,68.03489053958205,Low density,Ligand pose,sucos_shape,50,75.0
8fe9__1__1.A__1.B,1.0,1,81.96227094155901,379,61.086923387526426,61.086923387526426,High density,Ligand pose,sucos_shape,50,100.0
8fen__1__1.A__1.B_1.C,0.625,2,93.4082336945724,99,71.73408495264644,71.73408495264644,High density,Ligand pose,sucos_shape,50,62.5
8fev__1__1.A__1.C_1.D,0.5,2,89.47386270006716,92,66.77650468608783,66.77650468608783,High density,Ligand pose,sucos_shape,50,50.0
8fgz__1__1.A__1.B,1.0,1,99.23488905891354,884,66.69073982941467,66.69073982941467,High density,Ligand pose,sucos_shape,50,100.0
8fh4__1__1.A__1.E,0.5,1,85.59239054413204,214,54.06034150633458,54.06034150633458,High density,Ligand pose,sucos_shape,50,50.0
8fh5__1__1.A__1.B_1.C,1.0,2,97.84484899588087,592,71.79418316404504,71.79418316404504,High density,Ligand pose,sucos_shape,50,100.0
8fh9__1__1.A__1.B_1.C,1.0,2,98.31340079730144,606,71.79997265989365,71.79997265989365,High density,Ligand pose,sucos_shape,50,100.0
8fjt__1__1.A_1.B__1.C_1.E,0.5,2,88.9553729378799,299,76.92262876749768,76.92262876749768,High density,Ligand pose,sucos_shape,50,50.0
8fju__1__1.A_1.B__1.C_1.D,0.5,2,93.98052684577033,296,81.48572356934118,81.48572356934118,High density,Ligand pose,sucos_shape,50,50.0
8fjx__1__1.A__1.B_1.C,0.625,2,92.00779720182506,101,66.78134580132834,66.78134580132834,High density,Ligand pose,sucos_shape,50,62.5
8fjy__1__1.A__1.B_1.C,0.75,2,90.23207000343731,99,66.09345182528908,66.09345182528908,High density,Ligand pose,sucos_shape,50,75.0
8fjz__1__1.C__1.I,1.0,1,88.7662151553661,174,55.018790992036465,55.018790992036465,High density,Ligand pose,sucos_shape,50,100.0
8fko__1__1.C__1.I,0.5,1,88.73019931763118,316,54.4233586331205,54.4233586331205,High density,Ligand pose,sucos_shape,50,50.0
8fly__1__1.A__1.K,0.5,1,89.79585391129648,39,67.21150343387515,67.21150343387515,Low density,Ligand pose,sucos_shape,50,50.0
8flz__1__1.A__1.K,0.25,1,82.04519610605084,40,63.79036487739204,63.79036487739204,Low density,Ligand pose,sucos_shape,50,25.0
8fm0__1__1.A__1.K,0.25,1,81.44141076540946,44,61.911907985940296,61.911907985940296,Low density,Ligand pose,sucos_shape,50,25.0
8fm2__1__1.A__1.K,0.25,1,77.2727310165155,40,62.4077902918725,62.4077902918725,Low density,Ligand pose,sucos_shape,50,25.0
8fm3__1__1.A__1.K,0.25,1,76.61149101225668,35,62.48559002587126,62.48559002587126,Low density,Ligand pose,sucos_shape,50,25.0
8fm4__1__1.A__1.K,0.25,1,75.5216004195046,31,60.2636647805952,60.2636647805952,Low density,Ligand pose,sucos_shape,50,25.0
8fm5__1__1.A__1.K,0.0,1,74.23507999820058,31,61.74699930540151,61.74699930540151,Low density,Ligand pose,sucos_shape,50,0.0
8fm7__1__1.A__1.K,0.25,1,72.6492303229907,28,60.124222988763016,60.124222988763016,Low density,Ligand pose,sucos_shape,50,25.0
8fm8__1__1.A__1.K,0.0,1,68.14196769553806,18,57.999321399754955,57.999321399754955,Low density,Ligand pose,sucos_shape,50,0.0
8fo5__1__1.A_1.B__1.E,0.0,1,73.32898479646393,97,55.96311167043662,55.96311167043662,High density,Ligand pose,sucos_shape,50,0.0
8fp1__1__1.A__1.B,0.75,1,84.73188949745175,167,54.74565816842487,54.74565816842487,High density,Ligand pose,sucos_shape,50,75.0
8fp5__1__1.A__1.C_1.D,0.75,1,95.82231488966369,461,62.883773230238035,62.883773230238035,High density,Ligand pose,sucos_shape,50,75.0
8fqx__1__1.A__1.B_1.C,0.5,1,100.0,178,55.160442778937906,55.160442778937906,High density,Ligand pose,sucos_shape,50,50.0
8fsi__1__1.A__1.B_1.C_1.D_1.F,0.75,1,96.37032942151669,3,86.65168721449889,86.65168721449889,Low density,Ligand pose,sucos_shape,50,75.0
8ftr__1__2.A__2.B,0.75,1,87.13805492673217,104,79.00440624568199,79.00440624568199,High density,Ligand pose,sucos_shape,50,75.0
8fts__1__2.A__2.B_2.C_2.D,0.75,1,94.94326525781003,229,68.10615757532882,68.10615757532882,High density,Ligand pose,sucos_shape,50,75.0
8fwp__1__1.A_1.B__1.D_1.E,0.25,1,86.29709491007202,88,77.7578915131246,77.7578915131246,High density,Ligand pose,sucos_shape,50,25.0
8fwz__1__1.B__1.E,1.0,1,87.2128736558086,309,64.75413777742916,64.75413777742916,High density,Ligand pose,sucos_shape,50,100.0
8fx1__1__1.A__1.C,0.75,1,82.24603405680229,273,60.107007302565805,60.107007302565805,High density,Ligand pose,sucos_shape,50,75.0
8fx2__1__1.B__1.D,1.0,1,86.28811663031397,291,62.247250598795944,62.247250598795944,High density,Ligand pose,sucos_shape,50,100.0
8fx3__1__1.B__1.D,0.75,1,87.23085787268158,279,63.78676809519148,63.78676809519148,High density,Ligand pose,sucos_shape,50,75.0
8fxn__1__1.A__1.B,0.0,1,53.19502840690322,9,52.30269341441211,52.30269341441211,Low density,Ligand pose,sucos_shape,50,0.0
8fy7__1__1.A_1.B__1.C,1.0,1,94.73987673933064,332,65.39526207742578,65.39526207742578,High density,Ligand pose,sucos_shape,50,100.0
8fz1__1__1.A__1.G_1.I_1.K,0.5,1,76.0738451654369,36,57.51224202392125,57.51224202392125,Low density,Ligand pose,sucos_shape,50,50.0
8g20__1__1.A__1.C_1.D_1.G,0.25,1,72.26301783076988,52,56.90324219793001,56.90324219793001,Low density,Ligand pose,sucos_shape,50,25.0
8g3e__1__1.A__1.C,0.0,1,48.26001969571696,0,,48.26001969571696,No neighbours,Ligand pose,sucos_shape,50,0.0
8g3s__1__1.A__1.E,1.0,1,90.74866248724041,29,71.35902460196633,71.35902460196633,Low density,Ligand pose,sucos_shape,50,100.0
8g63__1__1.A__1.B,1.0,1,67.83909126054229,76,58.73044030311206,58.73044030311206,High density,Ligand pose,sucos_shape,50,100.0
8g68__1__1.A__1.C,0.0,1,72.29386802456766,205,57.52261320568185,57.52261320568185,High density,Ligand pose,sucos_shape,50,0.0
8g69__1__1.A__1.C,0.0,1,76.33707728589265,180,56.23136091771229,56.23136091771229,High density,Ligand pose,sucos_shape,50,0.0
8g8x__1__1.A__1.C,1.0,1,70.82521922941861,717,55.761436772021874,55.761436772021874,High density,Ligand pose,sucos_shape,50,100.0
8gb4__1__1.A__1.E_1.F_1.G,0.875,2,94.65966818309137,589,63.70182969208873,63.70182969208873,High density,Ligand pose,sucos_shape,50,87.5
8gcz__1__1.A__1.N,0.25,1,67.9818442669572,14,56.05013270880958,56.05013270880958,Low density,Ligand pose,sucos_shape,50,25.0
8gdk__1__1.A__1.O,0.75,1,65.93972151159669,15,53.96184697499676,53.96184697499676,Low density,Ligand pose,sucos_shape,50,75.0
8gds__1__1.A__1.E,0.0,1,63.6240974249967,139,52.66417039641575,52.66417039641575,High density,Ligand pose,sucos_shape,50,0.0
8gem__1__1.A__1.B,0.5,1,60.86795252225519,13,53.92499789823357,53.92499789823357,Low density,Ligand pose,sucos_shape,50,50.0
8geu__1__1.A__1.B,0.75,1,60.38143577020318,14,54.631774764858044,54.631774764858044,Low density,Ligand pose,sucos_shape,50,75.0
8gev__1__1.A__1.B,0.75,1,56.3774769295995,10,53.42629106493534,53.42629106493534,Low density,Ligand pose,sucos_shape,50,75.0
8gez__1__1.A__1.B,0.0,1,50.727870129545416,1,50.727870129545416,50.727870129545416,Low density,Ligand pose,sucos_shape,50,0.0
8gf0__1__1.A__1.B,0.25,1,76.7705863509907,6,69.18350767058057,69.18350767058057,Low density,Ligand pose,sucos_shape,50,25.0
8gfd__1__1.A__1.B,0.0,1,52.707109848521704,1,52.707109848521704,52.707109848521704,Low density,Ligand pose,sucos_shape,50,0.0
8gff__1__1.A__1.B,0.0,1,71.78598748891046,5,60.15693579958683,60.15693579958683,Low density,Ligand pose,sucos_shape,50,0.0
8gfg__1__1.A__1.B,0.0,1,66.11505267031804,4,58.211910262619526,58.211910262619526,Low density,Ligand pose,sucos_shape,50,0.0
8gfh__1__1.A__1.B_1.C,0.375,2,80.02849929195845,10,67.68921189917985,67.68921189917985,Low density,Ligand pose,sucos_shape,50,37.5
8gfq__1__1.A__1.B,0.75,1,62.08234724866437,3,57.1856414918415,57.1856414918415,Low density,Ligand pose,sucos_shape,50,75.0
8gfs__1__1.A__1.B,0.0,1,51.3555713850706,3,51.20100848506092,51.20100848506092,Low density,Ligand pose,sucos_shape,50,0.0
8gja__1__1.A_1.B__1.G_1.H,1.0,1,90.64978808151403,80,75.58996279559156,75.58996279559156,High density,Ligand pose,sucos_shape,50,100.0
8gjb__1__1.B__1.G_1.H,1.0,1,95.34786168297703,127,75.63526187514685,75.63526187514685,High density,Ligand pose,sucos_shape,50,100.0
8gkf__1__1.A__1.J,0.75,1,36.889056085343185,0,,36.889056085343185,No neighbours,Ligand pose,sucos_shape,50,75.0
8gm5__1__1.A__1.D,0.75,1,51.643064581785815,2,51.008776177051644,51.008776177051644,Low density,Ligand pose,sucos_shape,50,75.0
8gne__1__1.A__1.B,0.5,1,61.99929759738825,5,53.86867241187863,53.86867241187863,Low density,Ligand pose,sucos_shape,50,50.0
8gne__1__1.A__1.E,0.0,1,94.44499144992061,293,76.35274088529832,76.35274088529832,High density,Ligand pose,sucos_shape,50,0.0
8gpc__1__1.A__1.C_1.D_1.E,1.0,1,95.71588899024673,49,80.0694110016848,80.0694110016848,Low density,Ligand pose,sucos_shape,50,100.0
8gpd__1__1.A__1.C_1.D_1.E,1.0,1,85.68084229124192,45,75.12192723332123,75.12192723332123,Low density,Ligand pose,sucos_shape,50,100.0
8gpe__1__1.A__1.C_1.D_1.E,1.0,1,96.1046181517484,50,77.72941425530858,77.72941425530858,Low density,Ligand pose,sucos_shape,50,100.0
8grw__1__1.A_1.B__1.C_1.D,0.0,1,89.58249970320749,93,78.3302102906731,78.3302102906731,High density,Ligand pose,sucos_shape,50,0.0
8gtg__1__1.A__1.C,0.5,1,51.56703989231003,6,51.395526943625214,51.395526943625214,Low density,Ligand pose,sucos_shape,50,50.0
8gti__1__1.A__1.H,0.0,1,53.21038532101259,6,52.72117085787493,52.72117085787493,Low density,Ligand pose,sucos_shape,50,0.0
8gtm__1__1.A__1.C,0.25,1,51.772465034785554,6,51.17919711147302,51.17919711147302,Low density,Ligand pose,sucos_shape,50,25.0
8gtv__1__1.A_2.B__2.D,0.0,1,70.18370495637367,4,67.1897783104832,67.1897783104832,Low density,Ligand pose,sucos_shape,50,0.0
8gu1__1__1.A_1.B__1.D,0.0,1,31.907343299481962,0,,31.907343299481962,No neighbours,Ligand pose,sucos_shape,50,0.0
8gvj__1__1.A__1.B,0.0,1,59.95525634531429,27,54.306702643966496,54.306702643966496,Low density,Ligand pose,sucos_shape,50,0.0
8gwd__1__2.A__2.B_2.C,0.5,1,86.7704759561048,26,63.57925317298487,63.57925317298487,Low density,Ligand pose,sucos_shape,50,50.0
8gww__1__1.A__1.C,0.75,1,81.38189975634714,70,58.36926432091514,58.36926432091514,High density,Ligand pose,sucos_shape,50,75.0
8gyd__1__1.A_1.B__1.K,0.0,1,46.087653858706865,0,,46.087653858706865,No neighbours,Ligand pose,sucos_shape,50,0.0
8gyj__1__1.A_1.B__1.D_1.I,0.0,1,73.45112899361783,72,62.31051518667141,62.31051518667141,High density,Ligand pose,sucos_shape,50,0.0
8gzc__1__1.A__1.F,1.0,1,53.54445046212768,2,53.41272487206217,53.41272487206217,Low density,Ligand pose,sucos_shape,50,100.0
8h4j__1__1.A_1.D__1.I_1.O,0.5,2,92.740154117272,164,72.54174390495673,72.54174390495673,High density,Ligand pose,sucos_shape,50,50.0
8h53__1__1.A__1.E_1.F_1.P_1.Q,1.0,1,90.30277126741461,30,72.8111665078771,72.8111665078771,Low density,Ligand pose,sucos_shape,50,100.0
8h59__1__1.A__1.B,0.0,1,56.70356153374818,13,52.973238433309604,52.973238433309604,Low density,Ligand pose,sucos_shape,50,0.0
8h5y__1__1.A__1.D_1.E,0.0,1,68.38627837581495,7,59.616399101431206,59.616399101431206,Low density,Ligand pose,sucos_shape,50,0.0
8h7r__1__1.A__1.B,0.25,1,60.94758368824817,23,55.414111417430725,55.414111417430725,Low density,Ligand pose,sucos_shape,50,25.0
8h99__1__1.B__1.H_1.J_1.K,1.0,1,77.87827635668151,29,65.57228165883292,65.57228165883292,Low density,Ligand pose,sucos_shape,50,100.0
8haq__1__1.A__1.C,0.25,1,82.79572711657491,160,55.523070012804034,55.523070012804034,High density,Ligand pose,sucos_shape,50,25.0
8hcc__1__1.B__1.I_1.J_1.K,1.0,1,89.58608915297813,18,64.23509443909137,64.23509443909137,Low density,Ligand pose,sucos_shape,50,100.0
8hch__1__1.C__1.J,0.0,1,80.20435584129058,17,73.89686233338817,73.89686233338817,Low density,Ligand pose,sucos_shape,50,0.0
8hd3__1__1.A__1.C,0.0,1,87.93482889448234,144,54.556140384442315,54.556140384442315,High density,Ligand pose,sucos_shape,50,0.0
8he2__1__1.A__1.B_1.C,0.0,1,37.435593275860136,0,,37.435593275860136,No neighbours,Ligand pose,sucos_shape,50,0.0
8he8__1__1.A__1.D_1.E,1.0,1,93.03902503600385,37,73.05472955135129,73.05472955135129,Low density,Ligand pose,sucos_shape,50,100.0
8hf8__1__1.A__1.C,1.0,1,64.30782644373502,64,56.14815534115728,56.14815534115728,High density,Ligand pose,sucos_shape,50,100.0
8hfh__1__1.A__1.B_1.C,0.75,1,93.25596634391763,404,70.62065334568643,70.62065334568643,High density,Ligand pose,sucos_shape,50,75.0
8hfn__1__1.A__1.C_1.D,0.0,1,45.403798636060756,0,,45.403798636060756,No neighbours,Ligand pose,sucos_shape,50,0.0
8hi5__1__1.A__1.B_1.C,0.5,2,91.30427776984025,2182,58.24477182423958,58.24477182423958,High density,Ligand pose,sucos_shape,50,50.0
8hjg__1__1.A__1.E_1.F,1.0,1,92.88597778531278,84,83.15542424111692,83.15542424111692,High density,Ligand pose,sucos_shape,50,100.0
8hko__1__1.A__1.D_1.E_1.G_1.H,1.0,1,92.65720818593893,256,61.491371531331346,61.491371531331346,High density,Ligand pose,sucos_shape,50,100.0
8hlj__1__1.A__1.C,1.0,1,92.0194500461726,43,75.80348944486457,75.80348944486457,Low density,Ligand pose,sucos_shape,50,100.0
8ho6__1__1.A__1.B_1.C,0.0,1,87.1195458777692,600,66.39905235942663,66.39905235942663,High density,Ligand pose,sucos_shape,50,0.0
8hp4__1__1.A_1.B__1.C_1.D,1.0,1,98.13715375969707,169,85.53782613788206,85.53782613788206,High density,Ligand pose,sucos_shape,50,100.0
8hpc__1__1.A_1.H__1.P,0.75,1,79.87796543346266,13,70.68517794475181,70.68517794475181,Low density,Ligand pose,sucos_shape,50,75.0
8hrv__1__1.A_1.B_1.C__1.E_1.H,0.75,1,96.2614742786697,325,73.89482911492905,73.89482911492905,High density,Ligand pose,sucos_shape,50,75.0
8htg__1__1.A__1.F_1.G,1.0,1,94.62407706757944,186,77.94043530042765,77.94043530042765,High density,Ligand pose,sucos_shape,50,100.0
8hul__1__1.A__1.C,1.0,1,64.82655132767175,56,53.74486372789234,53.74486372789234,Low density,Ligand pose,sucos_shape,50,100.0
8hum__1__1.A__1.C,1.0,1,68.01128756526722,38,53.83997132214296,53.83997132214296,Low density,Ligand pose,sucos_shape,50,100.0
8huu__1__1.A__1.C,0.0,1,57.30951622748167,13,53.157269826543434,53.157269826543434,Low density,Ligand pose,sucos_shape,50,0.0
8hx2__1__1.A__1.B_1.C,0.25,1,88.55198497495364,23,62.87371070031031,62.87371070031031,Low density,Ligand pose,sucos_shape,50,25.0
8hxh__1__1.A__1.B_1.C,1.0,1,89.48981617738403,30,70.11946644002481,70.11946644002481,Low density,Ligand pose,sucos_shape,50,100.0
8hxu__1__1.A__1.C_1.D_1.E,0.25,1,69.59332183845686,144,55.534195536754886,55.534195536754886,High density,Ligand pose,sucos_shape,50,25.0
8hy6__1__1.A__1.C_1.D_1.E,0.25,1,67.34524137022956,124,56.31947055149017,56.31947055149017,High density,Ligand pose,sucos_shape,50,25.0
8hyk__1__1.A__1.B_1.C,0.25,1,60.45024358583001,1,60.45024358583001,60.45024358583001,Low density,Ligand pose,sucos_shape,50,25.0
8hym__1__2.A__2.B_2.C,1.0,1,89.55908112262208,30,67.62400805860275,67.62400805860275,Low density,Ligand pose,sucos_shape,50,100.0
8hyp__1__2.A__2.B_2.C,0.5,1,93.80176693080647,24,64.42868523007694,64.42868523007694,Low density,Ligand pose,sucos_shape,50,50.0
8hz7__1__1.A__1.B_1.C,1.0,1,75.798733885969,28,62.89986845902755,62.89986845902755,Low density,Ligand pose,sucos_shape,50,100.0
8i0d__1__1.A__1.B,0.0,1,75.71964805643516,81,65.38439325109216,65.38439325109216,High density,Ligand pose,sucos_shape,50,0.0
8i19__1__1.A__1.C_1.D_1.E,1.0,1,93.33545311200585,32,69.25365325363654,69.25365325363654,Low density,Ligand pose,sucos_shape,50,100.0
8i1o__1__1.A__1.F,1.0,1,88.39096030854921,129,72.14863575158083,72.14863575158083,High density,Ligand pose,sucos_shape,50,100.0
8i2n__1__1.A__1.C,0.75,1,53.00023909274284,2,52.47709038677328,52.47709038677328,Low density,Ligand pose,sucos_shape,50,75.0
8i2u__1__1.A__1.B_1.C,1.0,1,72.03454227934789,33,62.845391957384656,62.845391957384656,Low density,Ligand pose,sucos_shape,50,100.0
8i4i__1__1.A__1.C,1.0,1,98.79518072289157,62,84.75024533085153,84.75024533085153,High density,Ligand pose,sucos_shape,50,100.0
8ie5__1__1.A__1.B,0.75,1,96.50914272144384,1689,55.39068753286254,55.39068753286254,High density,Ligand pose,sucos_shape,50,75.0
8ie6__1__1.A__1.B,0.25,1,93.58208955223881,1625,55.53796535594434,55.53796535594434,High density,Ligand pose,sucos_shape,50,25.0
8im3__1__2.C__2.K_2.L,0.0,1,90.24832070303307,24,62.42581999686584,62.42581999686584,Low density,Ligand pose,sucos_shape,50,0.0
8in7__1__1.A__1.B,0.25,1,78.72137362760857,81,67.11307924606345,67.11307924606345,High density,Ligand pose,sucos_shape,50,25.0
8ina__1__1.A__1.B_1.C,1.0,1,92.6570883356367,84,81.84097298047799,81.84097298047799,High density,Ligand pose,sucos_shape,50,100.0
8ind__1__1.A__1.B_1.C_1.D,0.5,2,93.47284652454645,89,80.66750669650187,80.66750669650187,High density,Ligand pose,sucos_shape,50,50.0
8ino__1__1.A__1.B_1.C_1.D,0.5,2,93.0794004898857,85,81.33912758001792,81.33912758001792,High density,Ligand pose,sucos_shape,50,50.0
8inv__1__1.A__1.B_1.C_1.D,0.5,2,92.89095312955143,86,81.20489741744262,81.20489741744262,High density,Ligand pose,sucos_shape,50,50.0
8iqn__1__1.A__1.B,0.75,1,96.3296310481297,343,71.35272862682402,71.35272862682402,High density,Ligand pose,sucos_shape,50,75.0
8iqt__1__1.A__1.B,1.0,1,97.01502286087525,354,70.221377987287,70.221377987287,High density,Ligand pose,sucos_shape,50,100.0
8iqu__1__1.A__1.B,1.0,1,76.5254649942562,12,64.06295740389625,64.06295740389625,Low density,Ligand pose,sucos_shape,50,100.0
8iui__1__1.A__1.C,0.0,1,71.81288997439155,44,55.50777172715348,55.50777172715348,Low density,Ligand pose,sucos_shape,50,0.0
8ivg__1__1.A__1.B_1.C,0.0,1,60.10666540809272,7,52.85283163322905,52.85283163322905,Low density,Ligand pose,sucos_shape,50,0.0
8ivn__1__1.A_1.B__1.C,0.0,1,42.593270823697765,0,,42.593270823697765,No neighbours,Ligand pose,sucos_shape,50,0.0
8ivr__1__1.A__1.B,0.25,1,57.49279600765702,7,52.7615164074895,52.7615164074895,Low density,Ligand pose,sucos_shape,50,25.0
8ivs__1__1.A_1.B__1.C,0.0,1,40.771760870049434,0,,40.771760870049434,No neighbours,Ligand pose,sucos_shape,50,0.0
8ivt__1__1.A_1.B__1.F,0.0,1,40.82010073563522,0,,40.82010073563522,No neighbours,Ligand pose,sucos_shape,50,0.0
8ivu__1__1.A_1.B__1.I,0.75,1,60.5871140794956,20,54.31176352785044,54.31176352785044,Low density,Ligand pose,sucos_shape,50,75.0
8iw3__1__1.A_1.B__1.C,0.0,1,33.831843776394955,0,,33.831843776394955,No neighbours,Ligand pose,sucos_shape,50,0.0
8iw6__1__1.A_1.B__1.F,0.0,1,43.10859742185625,0,,43.10859742185625,No neighbours,Ligand pose,sucos_shape,50,0.0
8ix9__1__2.A__2.D_2.E_2.F,0.75,1,75.15221133187177,16,62.86629361915146,62.86629361915146,Low density,Ligand pose,sucos_shape,50,75.0
8izc__1__1.A_1.B__1.I,0.25,1,60.90539559626429,77,54.41022833155738,54.41022833155738,High density,Ligand pose,sucos_shape,50,25.0
8j1g__1__1.B__1.H_1.I,0.75,2,67.25300706237671,21,58.267467513484355,58.267467513484355,Low density,Ligand pose,sucos_shape,50,75.0
8j30__1__1.A__1.C,0.0,1,56.34494313209435,1,56.34494313209435,56.34494313209435,Low density,Ligand pose,sucos_shape,50,0.0
8j3c__1__1.A__1.B_1.C,1.0,1,86.42414523608709,28,65.85644980654938,65.85644980654938,Low density,Ligand pose,sucos_shape,50,100.0
8j40__1__1.A_2.A__1.D,0.0,1,57.9299061365039,7,55.43106163838445,55.43106163838445,Low density,Ligand pose,sucos_shape,50,0.0
8j5e__1__1.A__1.B,0.0,1,72.44172748300728,77,58.44336289016077,58.44336289016077,High density,Ligand pose,sucos_shape,50,0.0
8j5f__1__2.A__2.B,0.25,1,73.36713038461488,84,59.604092539362924,59.604092539362924,High density,Ligand pose,sucos_shape,50,25.0
8j5x__1__1.A__1.B,1.0,1,54.84636790941087,5,53.07452949873375,53.07452949873375,Low density,Ligand pose,sucos_shape,50,100.0
8j7j__1__1.A_1.B__1.C,0.0,1,40.12257484764724,0,,40.12257484764724,No neighbours,Ligand pose,sucos_shape,50,0.0
8j8x__1__1.A__1.B_1.C,1.0,1,79.87835675085661,32,65.96260696934127,65.96260696934127,Low density,Ligand pose,sucos_shape,50,100.0
8jby__1__1.A__1.C,1.0,1,81.6337254739848,69,57.14515406056538,57.14515406056538,High density,Ligand pose,sucos_shape,50,100.0
8jc5__1__1.A__1.E_1.F,1.0,1,95.34067299312817,954,82.70739193563911,82.70739193563911,High density,Ligand pose,sucos_shape,50,100.0
8jdb__1__1.A__1.B_1.C,0.75,2,91.32084625668597,103,63.14368769859679,63.14368769859679,High density,Ligand pose,sucos_shape,50,75.0
8jdg__1__1.A__1.B_1.C,0.75,2,90.4974133299889,118,65.17068858020173,65.17068858020173,High density,Ligand pose,sucos_shape,50,75.0
8jdn__1__1.A__1.B_1.C,1.0,2,91.62329203594038,115,63.358311903403255,63.358311903403255,High density,Ligand pose,sucos_shape,50,100.0
8jdo__1__1.A__1.B_1.C,0.75,2,91.8382836449283,99,63.79330972029034,63.79330972029034,High density,Ligand pose,sucos_shape,50,75.0
8jdp__1__1.A__1.B_1.C,1.0,2,90.98583162370623,117,62.7854558586802,62.7854558586802,High density,Ligand pose,sucos_shape,50,100.0
8jdq__1__1.A__1.B_1.C,0.625,2,90.83276061791278,120,63.11231065563141,63.11231065563141,High density,Ligand pose,sucos_shape,50,62.5
8jdr__1__1.A__1.B_1.C,1.0,2,88.87262280124766,88,65.63787393610673,65.63787393610673,High density,Ligand pose,sucos_shape,50,100.0
8jds__1__1.A__1.B_1.C_1.D,0.875,2,91.39673516551996,133,67.4065255710115,67.4065255710115,High density,Ligand pose,sucos_shape,50,87.5
8jdt__1__1.A__1.B_1.C_1.D,1.0,2,91.3345503720644,121,63.64321415754248,63.64321415754248,High density,Ligand pose,sucos_shape,50,100.0
8jdv__1__1.A__1.B_1.C_1.D,1.0,1,88.82834856778474,58,70.94720397808916,70.94720397808916,Low density,Ligand pose,sucos_shape,50,100.0
8jdx__1__1.A__1.B_1.C_1.D,1.0,2,88.42244209849125,115,64.26885448697735,64.26885448697735,High density,Ligand pose,sucos_shape,50,100.0
8jdy__1__1.A__1.B_1.C_1.D,1.0,2,90.34888045668417,95,62.897099350602566,62.897099350602566,High density,Ligand pose,sucos_shape,50,100.0
8jdz__1__1.A__1.B_1.C_1.D,1.0,2,89.68351321774684,98,65.32290984207923,65.32290984207923,High density,Ligand pose,sucos_shape,50,100.0
8jg8__1__1.A__1.B,1.0,1,81.87026223097999,248,55.266554398842246,55.266554398842246,High density,Ligand pose,sucos_shape,50,100.0
8jjk__1__1.A__1.B_1.F_1.G_1.H,0.5,1,90.72367117333813,3,83.40223355513702,83.40223355513702,Low density,Ligand pose,sucos_shape,50,50.0
8jk8__1__1.A__1.B_1.C_1.D,0.75,1,84.00902697990684,3,79.00210552822796,79.00210552822796,Low density,Ligand pose,sucos_shape,50,75.0
8jkp__1__2.A__2.B_2.C_2.D_2.E,0.5,1,73.65251163702209,3,69.35974216597504,69.35974216597504,Low density,Ligand pose,sucos_shape,50,50.0
8jkr__1__1.A__1.B_1.G_1.H_1.I,0.5,1,73.79982891812926,3,68.36010204544975,68.36010204544975,Low density,Ligand pose,sucos_shape,50,50.0
8jm8__1__1.A__1.C_1.I,1.0,2,98.31244367985582,78,73.60763304293442,73.60763304293442,High density,Ligand pose,sucos_shape,50,100.0
8jmo__1__1.A__1.D,0.25,1,52.28174785251682,2,51.334743599733144,51.334743599733144,Low density,Ligand pose,sucos_shape,50,25.0
8jmp__1__1.A__1.D,0.0,1,40.843232070024726,0,,40.843232070024726,No neighbours,Ligand pose,sucos_shape,50,0.0
8jmz__1__1.A__1.C_1.E_1.J,0.5,1,60.347931487745186,40,53.430960459374276,53.430960459374276,Low density,Ligand pose,sucos_shape,50,50.0
8jot__1__1.A__1.B,0.0,1,56.0129577105674,45,52.26382724226623,52.26382724226623,Low density,Ligand pose,sucos_shape,50,0.0
8jqp__1__2.A__2.C_2.D_2.E,1.0,1,95.45492551333487,132,69.7738490450453,69.7738490450453,High density,Ligand pose,sucos_shape,50,100.0
8jqz__1__1.A_2.B__1.C,0.0,1,67.00204563902858,25,59.44811197444628,59.44811197444628,Low density,Ligand pose,sucos_shape,50,0.0
8jt3__1__1.A_1.C__1.E,1.0,1,80.94804749020211,163,68.05822027942405,68.05822027942405,High density,Ligand pose,sucos_shape,50,100.0
8ju9__1__1.A_2.A_4.A__1.B,0.25,1,62.80765758416563,27,57.182036136937036,57.182036136937036,Low density,Ligand pose,sucos_shape,50,25.0
8jwy__1__1.A__1.B,1.0,1,58.310581684689765,2,58.30183100518583,58.30183100518583,Low density,Ligand pose,sucos_shape,50,100.0
8jya__1__1.B__1.G,0.0,1,79.17034607324693,11,73.88193595707786,73.88193595707786,Low density,Ligand pose,sucos_shape,50,0.0
8jyc__1__1.A_1.B_1.C__1.T,0.0,1,93.07238070722998,13,83.61144838349104,83.61144838349104,Low density,Ligand pose,sucos_shape,50,0.0
8jye__1__1.A_1.B_1.D__1.P,0.0,1,93.0171066959255,14,83.10135811047972,83.10135811047972,Low density,Ligand pose,sucos_shape,50,0.0
8jyf__1__1.B__1.F,0.0,1,87.713399280365,14,79.4749708926802,79.4749708926802,Low density,Ligand pose,sucos_shape,50,0.0
8jyg__1__1.A_1.B__1.C_1.Y,0.5,1,47.400494344381244,0,,47.400494344381244,No neighbours,Ligand pose,sucos_shape,50,50.0
8k4c__1__1.B__1.G,0.75,1,76.16679490543773,47,55.25079406697255,55.25079406697255,Low density,Ligand pose,sucos_shape,50,75.0
8k5y__1__1.A__1.H,0.0,1,55.238121612376545,16,52.36343015631895,52.36343015631895,Low density,Ligand pose,sucos_shape,50,0.0
8k9y__1__1.A__1.C_1.E,0.25,1,94.24705896117703,96,82.7498271007218,82.7498271007218,High density,Ligand pose,sucos_shape,50,25.0
8ke1__1__2.A__2.B_2.C_2.D_2.E,1.0,1,98.24473754272152,90,83.2072497269284,83.2072497269284,High density,Ligand pose,sucos_shape,50,100.0
8ke2__1__2.A__2.B_2.C_2.D_2.E,0.5,1,92.70323124939715,101,74.98345548437423,74.98345548437423,High density,Ligand pose,sucos_shape,50,50.0
8ke4__1__2.A__2.B_2.C_2.D_2.E,0.5,2,97.66444940454701,99,77.09286805962503,77.09286805962503,High density,Ligand pose,sucos_shape,50,50.0
8ogh__1__1.A_1.B__1.M_1.R,0.0,1,84.58638124879207,57,69.91691477442916,69.91691477442916,Low density,Ligand pose,sucos_shape,50,0.0
8oku__1__1.A_1.B__1.C,0.0,1,58.46002428452673,27,52.511171898765646,52.511171898765646,Low density,Ligand pose,sucos_shape,50,0.0
8oli__1__1.A__1.B_1.C,0.75,1,76.8696058542363,29,59.47969594924217,59.47969594924217,Low density,Ligand pose,sucos_shape,50,75.0
8omp__1__1.A__1.B_1.C,0.0,1,66.41336699612017,41,54.44446153800863,54.44446153800863,Low density,Ligand pose,sucos_shape,50,0.0
8onn__1__1.A__1.F,0.5,1,83.46069496339015,257,76.49936872775734,76.49936872775734,High density,Ligand pose,sucos_shape,50,50.0
8oo2__1__1.A_1.B__1.C_1.D,0.0,1,65.95038693197202,84,59.30310758832231,59.30310758832231,High density,Ligand pose,sucos_shape,50,0.0
8ooj__1__1.B__1.H,0.5,1,90.3909263361688,329,69.93816576095274,69.93816576095274,High density,Ligand pose,sucos_shape,50,50.0
8oov__1__1.A_1.B__1.D,1.0,1,69.78020178671112,281,56.33620232871779,56.33620232871779,High density,Ligand pose,sucos_shape,50,100.0
8oq2__1__1.B__1.H_1.I,1.0,1,74.65307467613947,258,58.43747228739081,58.43747228739081,High density,Ligand pose,sucos_shape,50,100.0
8otv__1__1.A_1.B__1.F,0.0,1,56.0921566070526,4,54.36196392325698,54.36196392325698,Low density,Ligand pose,sucos_shape,50,0.0
8ou2__1__1.A__1.C,1.0,1,49.497741086462376,0,,49.497741086462376,No neighbours,Ligand pose,sucos_shape,50,100.0
8ou3__1__1.A_1.C__1.E,1.0,1,98.88914603101134,141,90.61879442310395,90.61879442310395,High density,Ligand pose,sucos_shape,50,100.0
8ou5__1__1.A_1.C__1.E,1.0,1,82.70839967673336,129,60.63893260998336,60.63893260998336,High density,Ligand pose,sucos_shape,50,100.0
8ouk__1__1.A__1.B_1.C,1.0,1,92.12645322758594,1546,80.65650705437466,80.65650705437466,High density,Ligand pose,sucos_shape,50,100.0
8oum__1__1.A__1.F_1.G,1.0,1,95.51674488078451,1046,82.74064329320869,82.74064329320869,High density,Ligand pose,sucos_shape,50,100.0
8oun__1__1.A__1.C_1.D,1.0,1,98.20099917567877,313,87.26286335442397,87.26286335442397,High density,Ligand pose,sucos_shape,50,100.0
8ouu__1__1.A__1.F,0.0,1,62.28717443274163,59,52.6149952233618,52.6149952233618,High density,Ligand pose,sucos_shape,50,0.0
8ov7__1__1.A__1.B,0.0,1,57.08313500763553,29,51.788117692589296,51.788117692589296,Low density,Ligand pose,sucos_shape,50,0.0
8ovr__1__1.A__1.B,0.0,1,51.28330193779509,1,51.28330193779509,51.28330193779509,Low density,Ligand pose,sucos_shape,50,0.0
8ovs__1__1.A__1.C_1.F_1.I_1.Q_1.T,0.5,1,83.93287710911099,2,83.44479710302095,83.44479710302095,Low density,Ligand pose,sucos_shape,50,50.0
8ozv__1__1.A_2.A__1.B_1.C,0.625,2,95.29570691875287,124,70.48540327880517,70.48540327880517,High density,Ligand pose,sucos_shape,50,62.5
8p0e__1__1.A__1.C,1.0,1,92.19223128146821,131,73.72356606285548,73.72356606285548,High density,Ligand pose,sucos_shape,50,100.0
8p0m__1__1.C__1.L,0.0,1,42.60415270303403,0,,42.60415270303403,No neighbours,Ligand pose,sucos_shape,50,0.0
8p0o__1__1.A__1.H_1.P,0.0,1,51.613236226954044,1,51.613236226954044,51.613236226954044,Low density,Ligand pose,sucos_shape,50,0.0
8p0p__1__1.A__1.C,0.0,1,45.09490386394332,0,,45.09490386394332,No neighbours,Ligand pose,sucos_shape,50,0.0
8p1e__1__1.D_1.E__1.P,0.0,1,73.72475879095532,413,56.864525124194266,56.864525124194266,High density,Ligand pose,sucos_shape,50,0.0
8p1p__1__1.A__1.E,0.0,1,45.72161372283986,0,,45.72161372283986,No neighbours,Ligand pose,sucos_shape,50,0.0
8p41__1__1.A__1.K_1.L,0.0,2,44.646919138284936,0,,44.646919138284936,No neighbours,Ligand pose,sucos_shape,50,0.0
8p44__1__1.A_1.B__1.E,0.0,1,35.952291907068314,0,,35.952291907068314,No neighbours,Ligand pose,sucos_shape,50,0.0
8p4z__1__1.A__1.C,1.0,1,61.14346170707579,17,55.55569965217072,55.55569965217072,Low density,Ligand pose,sucos_shape,50,100.0
8p5c__1__1.A_1.B__1.C,0.0,1,56.19948499646297,9,54.197022990713045,54.197022990713045,Low density,Ligand pose,sucos_shape,50,0.0
8paf__1__1.A_1.B__1.C,1.0,1,82.64074048095165,85,58.36849383995121,58.36849383995121,High density,Ligand pose,sucos_shape,50,100.0
8pbo__1__1.A__1.C,1.0,1,70.18685111095904,63,57.91935746720599,57.91935746720599,High density,Ligand pose,sucos_shape,50,100.0
8pfl__1__1.A__1.C,0.0,1,35.84288658997308,0,,35.84288658997308,No neighbours,Ligand pose,sucos_shape,50,0.0
8ph4__1__1.A_1.B__1.D_1.F,0.0,1,54.49897367716818,14,51.810590931964086,51.810590931964086,Low density,Ligand pose,sucos_shape,50,0.0
8pj0__1__1.A_1.B__1.V,0.75,1,56.260044909958864,18,53.40288749221838,53.40288749221838,Low density,Ligand pose,sucos_shape,50,75.0
8pj7__1__1.A__1.B,0.25,1,65.76110210690318,1,65.76110210690318,65.76110210690318,Low density,Ligand pose,sucos_shape,50,25.0
8pji__1__1.A__1.E,1.0,1,52.94691492853858,8,51.379767430749745,51.379767430749745,Low density,Ligand pose,sucos_shape,50,100.0
8pom__1__1.A__1.C,1.0,1,68.46098625931795,12,58.8439995767749,58.8439995767749,Low density,Ligand pose,sucos_shape,50,100.0
8pp0__1__1.A__1.C,0.75,1,63.67129416767104,91,56.05009384805947,56.05009384805947,High density,Ligand pose,sucos_shape,50,75.0
8pp8__1__1.A__1.D,0.75,1,82.63662194333502,7,75.19871000790113,75.19871000790113,Low density,Ligand pose,sucos_shape,50,75.0
8pp9__1__1.A__1.C_1.D_1.H,0.875,2,90.77981100515777,17,76.74209571246593,76.74209571246593,Low density,Ligand pose,sucos_shape,50,87.5
8ppf__1__1.A__1.D,0.25,1,83.72800610881681,5,76.30623154688746,76.30623154688746,Low density,Ligand pose,sucos_shape,50,25.0
8ppg__1__1.A__1.F_1.G_1.H_1.I,0.375,2,90.5158939733719,15,76.96764677287005,76.96764677287005,Low density,Ligand pose,sucos_shape,50,37.5
8pq9__1__1.A__1.C,0.25,1,48.614936775952444,0,,48.614936775952444,No neighbours,Ligand pose,sucos_shape,50,25.0
8pqa__1__1.A__1.C,0.0,1,64.31232273886484,413,53.3502694929392,53.3502694929392,High density,Ligand pose,sucos_shape,50,0.0
8pqf__1__1.A__1.C,0.0,1,45.43289846995613,0,,45.43289846995613,No neighbours,Ligand pose,sucos_shape,50,0.0
8pqq__1__1.B_1.D__1.J,0.5,1,91.23345254980815,34,72.49977803847388,72.49977803847388,Low density,Ligand pose,sucos_shape,50,50.0
8pqr__1__1.A_1.B_1.C__1.E,0.25,1,71.08495668320664,40,60.204868592609365,60.204868592609365,Low density,Ligand pose,sucos_shape,50,25.0
8prx__1__1.D__1.IA_1.JA_1.KA,0.25,1,55.07783617577346,1,55.07783617577346,55.07783617577346,Low density,Ligand pose,sucos_shape,50,25.0
8px2__1__1.A__1.B,1.0,1,90.49480848246064,186,55.58211524063385,55.58211524063385,High density,Ligand pose,sucos_shape,50,100.0
8px8__1__1.A__1.D,0.75,1,77.7775869643229,48,54.36748485050853,54.36748485050853,Low density,Ligand pose,sucos_shape,50,75.0
8pyi__1__1.A__1.I,0.25,1,80.97728636429851,69,56.28929455263424,56.28929455263424,High density,Ligand pose,sucos_shape,50,25.0
8pyn__1__1.A__1.B,0.5,1,89.41799889088344,61,53.3583987626084,53.3583987626084,High density,Ligand pose,sucos_shape,50,50.0
8q0t__1__1.A__1.C,0.0,1,39.82335025756663,0,,39.82335025756663,No neighbours,Ligand pose,sucos_shape,50,0.0
8q0u__1__1.A__1.D,0.25,1,41.38186718705627,0,,41.38186718705627,No neighbours,Ligand pose,sucos_shape,50,25.0
8q17__1__1.A__1.F,0.0,1,43.31675719895972,0,,43.31675719895972,No neighbours,Ligand pose,sucos_shape,50,0.0
8q1m__1__1.A_1.B__1.G,0.0,1,64.55112798616518,159,55.87017874650208,55.87017874650208,High density,Ligand pose,sucos_shape,50,0.0
8q2u__1__1.A__1.C,0.75,1,77.25515721931235,34,65.5211516430256,65.5211516430256,Low density,Ligand pose,sucos_shape,50,75.0
8q2w__1__1.A__1.C,1.0,1,76.96303809589813,33,66.57780569940428,66.57780569940428,Low density,Ligand pose,sucos_shape,50,100.0
8q2y__1__1.A__1.C,1.0,1,74.63321666007174,33,59.15823287403693,59.15823287403693,Low density,Ligand pose,sucos_shape,50,100.0
8q31__1__1.A__1.C,1.0,1,75.44895518126692,35,61.053750172782316,61.053750172782316,Low density,Ligand pose,sucos_shape,50,100.0
8q34__1__1.A__1.F,0.5,1,59.11660471964083,76,52.96936053517615,52.96936053517615,High density,Ligand pose,sucos_shape,50,50.0
8q5v__1__1.A_1.B__1.P_1.Q,1.0,1,92.27535828021777,83,79.97817223795532,79.97817223795532,High density,Ligand pose,sucos_shape,50,100.0
8q5x__1__1.A_1.C__1.E_1.F,0.0,1,97.26036192278924,61,80.60564285463053,80.60564285463053,High density,Ligand pose,sucos_shape,50,0.0
8q9v__1__2.A__2.C_2.D_2.E,0.0,1,91.6653731368386,47,70.18950137721514,70.18950137721514,Low density,Ligand pose,sucos_shape,50,0.0
8qc4__1__1.A__1.C,0.75,1,87.48037791008139,20,62.43293380533318,62.43293380533318,Low density,Ligand pose,sucos_shape,50,75.0
8qc5__1__1.B__1.E_1.F,1.0,1,79.03009812136465,53,66.09193144314618,66.09193144314618,Low density,Ligand pose,sucos_shape,50,100.0
8qdy__1__1.A_2.A__1.B,0.25,1,60.421070653979015,12,56.048705250635145,56.048705250635145,Low density,Ligand pose,sucos_shape,50,25.0
8qdz__1__1.A_2.A__2.B,0.5,1,54.511401675597746,11,52.16110606938593,52.16110606938593,Low density,Ligand pose,sucos_shape,50,50.0
8qe0__1__1.A_2.A__2.B,0.5,1,58.02371476762331,6,52.62657145747773,52.62657145747773,Low density,Ligand pose,sucos_shape,50,50.0
8qe1__1__1.A_2.A__1.B,0.75,1,60.21832402609042,5,58.72093888326792,58.72093888326792,Low density,Ligand pose,sucos_shape,50,75.0
8qe3__1__1.A_2.A__1.B,0.75,1,58.829009523526125,4,58.37992615870583,58.37992615870583,Low density,Ligand pose,sucos_shape,50,75.0
8qel__1__1.B__1.C,1.0,1,91.0627325098047,1582,55.02461480425046,55.02461480425046,High density,Ligand pose,sucos_shape,50,100.0
8qhq__1__1.A_1.B__1.G,1.0,1,77.69577172898165,36,66.47866522374804,66.47866522374804,Low density,Ligand pose,sucos_shape,50,100.0
8qic__1__1.B__1.F_1.J,0.0,1,50.94010508984481,2,50.5269606872386,50.5269606872386,Low density,Ligand pose,sucos_shape,50,0.0
8qk2__1__1.A__1.D,1.0,1,65.26202692856717,3,63.16239766088683,63.16239766088683,Low density,Ligand pose,sucos_shape,50,100.0
8qk5__1__1.A__1.D,0.0,1,57.63460801721142,1,57.63460801721142,57.63460801721142,Low density,Ligand pose,sucos_shape,50,0.0
8qk9__1__1.A__1.D,0.75,1,67.91687472215612,3,65.36465167461283,65.36465167461283,Low density,Ligand pose,sucos_shape,50,75.0
8qka__1__1.A__1.D,0.0,1,58.81644398716289,1,58.81644398716289,58.81644398716289,Low density,Ligand pose,sucos_shape,50,0.0
8qkb__1__1.D__1.CA_1.HA,1.0,1,88.92307284792342,62,71.36572966517424,71.36572966517424,High density,Ligand pose,sucos_shape,50,100.0
8qlr__1__1.B__1.F,1.0,1,83.69403751701192,58,61.28633730996278,61.28633730996278,Low density,Ligand pose,sucos_shape,50,100.0
8qmx__1__1.A__1.C_1.D_1.F,0.3333333333333333,3,98.25114598555285,358,88.26477265047528,88.26477265047528,High density,Ligand pose,sucos_shape,50,33.33333333333333
8qmy__1__1.A__1.D_1.E,1.0,1,72.44897846177184,7,64.36101999355937,64.36101999355937,Low density,Ligand pose,sucos_shape,50,100.0
8qpn__1__1.A__1.B_1.I,1.0,1,83.01711503002767,14,59.828575310643956,59.828575310643956,Low density,Ligand pose,sucos_shape,50,100.0
8qq4__1__1.A__1.B_1.I,1.0,1,93.02068724717344,16,61.351469624080224,61.351469624080224,Low density,Ligand pose,sucos_shape,50,100.0
8qqg__1__1.A__1.D,1.0,1,75.56618988921517,122,55.10555876595867,55.10555876595867,High density,Ligand pose,sucos_shape,50,100.0
8qqy__1__1.A__1.B,1.0,1,66.43838143229178,159,53.86075090919239,53.86075090919239,High density,Ligand pose,sucos_shape,50,100.0
8qtt__1__1.C__1.D_1.V,0.0,1,64.11165120192845,92,54.62641676534733,54.62641676534733,High density,Ligand pose,sucos_shape,50,0.0
8qve__1__1.A__1.B_1.D,1.0,1,91.51644400913096,200,83.33165624197567,83.33165624197567,High density,Ligand pose,sucos_shape,50,100.0
8qyg__1__1.A_1.B__1.C_1.L,1.0,1,97.39932262948763,138,89.98842155290995,89.98842155290995,High density,Ligand pose,sucos_shape,50,100.0
8qyq__1__1.A__1.H,0.0,1,50.5228836556501,3,50.52220750603976,50.52220750603976,Low density,Ligand pose,sucos_shape,50,0.0
8qyu__1__1.A__1.K_1.L,0.25,1,83.71420127080933,2,83.33770225213487,83.33770225213487,Low density,Ligand pose,sucos_shape,50,25.0
8qyw__1__1.A_2.A__1.C_1.E,0.5,1,97.3002424594192,42,85.96383133681776,85.96383133681776,Low density,Ligand pose,sucos_shape,50,50.0
8r0i__1__1.A_2.A__1.D,0.75,1,58.16298387030122,16,54.16863651042598,54.16863651042598,Low density,Ligand pose,sucos_shape,50,75.0
8r11__1__1.A_1.B__1.C,1.0,1,70.20037280466805,133,55.20246532041084,55.20246532041084,High density,Ligand pose,sucos_shape,50,100.0
8r12__1__1.A_1.B__1.C,0.0,1,73.11116553271066,56,55.088707786174226,55.088707786174226,Low density,Ligand pose,sucos_shape,50,0.0
8r1n__1__1.A__1.C,0.0,1,72.81641693125174,1018,54.558709157366124,54.558709157366124,High density,Ligand pose,sucos_shape,50,0.0
8r1p__1__1.A_1.B__1.C,0.25,1,74.30007573815652,1052,54.54962381060041,54.54962381060041,High density,Ligand pose,sucos_shape,50,25.0
8r3d__1__1.B_1.E__1.J,1.0,1,97.71076118066573,40,85.43867716457972,85.43867716457972,Low density,Ligand pose,sucos_shape,50,100.0
8r41__1__1.A__1.E_1.F_1.G,1.0,1,89.338742378639,18,68.07270439279982,68.07270439279982,Low density,Ligand pose,sucos_shape,50,100.0
8r42__1__1.B__1.Q,0.25,1,88.33486915617526,18,69.65027946518195,69.65027946518195,Low density,Ligand pose,sucos_shape,50,25.0
8r4o__1__1.A__1.M,0.75,1,60.77038596631855,45,53.08528701635318,53.08528701635318,Low density,Ligand pose,sucos_shape,50,75.0
8r4q__1__1.A__1.M_1.N,0.75,1,86.26609871225793,89,58.65175649159412,58.65175649159412,High density,Ligand pose,sucos_shape,50,75.0
8r4u__1__1.A__1.I,0.5,1,84.36303188541686,35,58.938158279615244,58.938158279615244,Low density,Ligand pose,sucos_shape,50,50.0
8r4x__1__1.A__1.J_1.K_1.L_1.P,0.5,1,85.76929149697405,12,72.38184815028531,72.38184815028531,Low density,Ligand pose,sucos_shape,50,50.0
8r99__1__1.A__1.B_1.C,0.25,1,75.49878566190499,526,61.33094868725281,61.33094868725281,High density,Ligand pose,sucos_shape,50,25.0
8rb6__1__1.A__1.C_1.D,0.5,2,97.47812682682236,523,67.19229883375355,67.19229883375355,High density,Ligand pose,sucos_shape,50,50.0
8rdk__1__1.A__1.D,0.0,1,68.61589909976011,11,56.96851503204211,56.96851503204211,Low density,Ligand pose,sucos_shape,50,0.0
8s8x__1__1.A__1.C_1.E_1.F_1.I,0.5833333333333334,3,92.12756175206758,89,70.11868763199897,70.11868763199897,High density,Ligand pose,sucos_shape,50,58.333333333333336
8s98__1__1.A__1.D,1.0,1,85.11598830153491,193,53.653212658648286,53.653212658648286,High density,Ligand pose,sucos_shape,50,100.0
8sam__1__1.A__1.C_1.D,0.0,1,69.03184517341907,25,55.06457506028467,55.06457506028467,Low density,Ligand pose,sucos_shape,50,0.0
8se5__1__1.A_1.B__1.H,0.25,1,39.71101507836299,0,,39.71101507836299,No neighbours,Ligand pose,sucos_shape,50,25.0
8sf3__1__1.A__1.B_1.C,0.75,1,92.20596638209156,130,81.32287523138451,81.32287523138451,High density,Ligand pose,sucos_shape,50,75.0
8sft__1__1.A__1.E_1.F,0.5,2,78.6503122103937,9,64.7847260478714,64.7847260478714,Low density,Ligand pose,sucos_shape,50,50.0
8sge__1__1.A__1.H,0.75,1,34.663806273343546,0,,34.663806273343546,No neighbours,Ligand pose,sucos_shape,50,75.0
8sip__1__1.A_1.B__1.C,0.75,1,75.52060671792655,327,53.10694184895731,53.10694184895731,High density,Ligand pose,sucos_shape,50,75.0
8six__1__1.A__1.B,0.75,1,67.94600574099154,7,57.55850835349905,57.55850835349905,Low density,Ligand pose,sucos_shape,50,75.0
8sk0__1__1.B__1.G_1.H,0.75,1,94.73831574730282,443,71.09175169061412,71.09175169061412,High density,Ligand pose,sucos_shape,50,75.0
8slg__1__1.A__1.C,1.0,1,84.66024600233352,18,71.19547454235787,71.19547454235787,Low density,Ligand pose,sucos_shape,50,100.0
8sqg__1__1.A__1.C_1.D,0.25,1,67.91902870184944,67,58.70997258324534,58.70997258324534,High density,Ligand pose,sucos_shape,50,25.0
8su1__1__1.A__1.C_1.D_1.E_1.F,1.0,1,94.66695184193556,10,76.35718506676486,76.35718506676486,Low density,Ligand pose,sucos_shape,50,100.0
8sv9__1__1.A__1.C,1.0,1,66.00791849376712,173,54.11999900723485,54.11999900723485,High density,Ligand pose,sucos_shape,50,100.0
8svl__1__1.A__1.B_1.C_1.G,1.0,1,96.6236494597839,20,79.83607503489864,79.83607503489864,Low density,Ligand pose,sucos_shape,50,100.0
8swe__1__1.A__1.E,1.0,1,73.11621265922788,104,56.19642619996818,56.19642619996818,High density,Ligand pose,sucos_shape,50,100.0
8swr__1__1.A_1.B__1.I,1.0,1,88.94267995594143,346,63.44611063635138,63.44611063635138,High density,Ligand pose,sucos_shape,50,100.0
8swt__1__1.A_2.A__1.C_1.D,1.0,1,97.44160159997848,260,71.350981184014,71.350981184014,High density,Ligand pose,sucos_shape,50,100.0
8swu__1__1.A_1.B__1.D_1.E,1.0,1,96.87166837827637,311,71.06853452081639,71.06853452081639,High density,Ligand pose,sucos_shape,50,100.0
8sx2__1__1.A__1.C,1.0,1,95.9312516502814,21,81.35828369956054,81.35828369956054,Low density,Ligand pose,sucos_shape,50,100.0
8sx4__1__1.A__1.C,0.0,1,67.63463622876576,10,59.95459537078375,59.95459537078375,Low density,Ligand pose,sucos_shape,50,0.0
8sxy__1__1.A__1.C,0.0,1,73.51531365401878,5,64.30157557035452,64.30157557035452,Low density,Ligand pose,sucos_shape,50,0.0
8sye__1__1.A__1.C,0.0,1,75.81134775877958,9,70.40765800706973,70.40765800706973,Low density,Ligand pose,sucos_shape,50,0.0
8sz3__1__1.A_2.B__1.G,0.0,1,41.50427377218377,0,,41.50427377218377,No neighbours,Ligand pose,sucos_shape,50,0.0
8sze__1__1.A__1.C,1.0,1,96.64860525787677,363,64.88992499622448,64.88992499622448,High density,Ligand pose,sucos_shape,50,100.0
8szq__1__1.A__1.B_1.C,0.25,1,88.59978674642925,46,74.53615692009214,74.53615692009214,Low density,Ligand pose,sucos_shape,50,25.0
8szs__1__1.A__1.B_1.C,0.25,1,83.98764037014249,45,71.94100754067185,71.94100754067185,Low density,Ligand pose,sucos_shape,50,25.0
8t1q__1__1.A__1.B_1.F_1.G,0.25,1,45.57842107582219,0,,45.57842107582219,No neighbours,Ligand pose,sucos_shape,50,25.0
8t1y__1__1.A__1.B,1.0,1,96.03351047932739,72,81.77436793303903,81.77436793303903,High density,Ligand pose,sucos_shape,50,100.0
8t27__1__1.A__1.B,1.0,1,93.15401573753684,74,77.13176161242322,77.13176161242322,High density,Ligand pose,sucos_shape,50,100.0
8t2h__1__1.A__1.C_1.D_1.E,0.5,1,77.90471200784157,111,54.68222875293699,54.68222875293699,High density,Ligand pose,sucos_shape,50,50.0
8t5k__1__1.A_2.A__1.B_2.B,0.5,2,68.68116789788903,30,59.757064512984584,59.757064512984584,Low density,Ligand pose,sucos_shape,50,50.0
8t5n__1__1.A__1.B_1.M,1.0,1,91.97848925779329,20,75.40216460166229,75.40216460166229,Low density,Ligand pose,sucos_shape,50,100.0
8t8v__1__1.A__1.B_1.C_1.E_1.F,0.75,1,86.33038081019644,4,84.81227042695457,84.81227042695457,Low density,Ligand pose,sucos_shape,50,75.0
8t9v__1__1.A__1.B,0.75,1,85.234713830066,5,62.355241738688164,62.355241738688164,Low density,Ligand pose,sucos_shape,50,75.0
8tab__1__1.A__1.E_1.G,1.0,1,91.19754350051177,5,68.39197213748058,68.39197213748058,Low density,Ligand pose,sucos_shape,50,100.0
8tc9__1__1.A__1.E_1.M,1.0,1,69.55690788120464,20,61.39107255409937,61.39107255409937,Low density,Ligand pose,sucos_shape,50,100.0
8tce__1__1.A__1.C,0.25,1,57.8814450198367,4,54.87277343053338,54.87277343053338,Low density,Ligand pose,sucos_shape,50,25.0
8tqv__1__1.A__1.C,0.0,1,32.09381430474126,0,,32.09381430474126,No neighbours,Ligand pose,sucos_shape,50,0.0
8tti__1__1.A__1.E,1.0,1,99.22796181920269,29,76.34450878730878,76.34450878730878,Low density,Ligand pose,sucos_shape,50,100.0
8twj__1__1.A__1.B_1.C_1.D_1.E,0.75,1,69.78820661973072,1,69.78820661973072,69.78820661973072,Low density,Ligand pose,sucos_shape,50,75.0
8typ__1__1.A__1.C,0.75,1,79.66994960393473,437,57.18213787322108,57.18213787322108,High density,Ligand pose,sucos_shape,50,75.0
8u0n__1__1.B__1.E_1.F,0.0,2,82.29950409020582,341,63.073754103780864,63.073754103780864,High density,Ligand pose,sucos_shape,50,0.0
8u2e__1__1.A__1.B,0.0,1,64.4771098033178,8,61.87940450832458,61.87940450832458,Low density,Ligand pose,sucos_shape,50,0.0
8u2r__1__1.A__1.C,1.0,1,97.33951647896504,128,87.17509627508461,87.17509627508461,High density,Ligand pose,sucos_shape,50,100.0
8u37__1__1.A__1.B,0.5,1,60.59136807399093,17,53.42986642293126,53.42986642293126,Low density,Ligand pose,sucos_shape,50,50.0
8u4w__1__1.A__1.E,0.75,1,62.20321068210306,23,55.06975834217981,55.06975834217981,Low density,Ligand pose,sucos_shape,50,75.0
8u7w__1__1.A__1.C,0.75,1,71.03559209108403,43,57.20740983896838,57.20740983896838,Low density,Ligand pose,sucos_shape,50,75.0
8u7x__1__1.A__1.C,0.75,1,69.63222716083703,15,56.495786195498205,56.495786195498205,Low density,Ligand pose,sucos_shape,50,75.0
8u8j__1__1.A__1.B,1.0,1,77.23678389170239,195,56.046154950509795,56.046154950509795,High density,Ligand pose,sucos_shape,50,100.0
8u8k__1__1.A__1.B,1.0,1,77.73982301361642,114,55.90402756975487,55.90402756975487,High density,Ligand pose,sucos_shape,50,100.0
8u97__1__1.A__1.B,1.0,1,84.19523383829754,32,69.76489709749114,69.76489709749114,Low density,Ligand pose,sucos_shape,50,100.0
8uak__1__1.A__1.B,0.75,1,62.204218976575575,43,53.11320967470636,53.11320967470636,Low density,Ligand pose,sucos_shape,50,75.0
8ufp__1__1.A_1.B__1.K,0.0,1,90.97364387352746,451,58.04214001887245,58.04214001887245,High density,Ligand pose,sucos_shape,50,0.0
8ug3__1__1.A_1.B__1.C,0.25,1,47.75954443374169,0,,47.75954443374169,No neighbours,Ligand pose,sucos_shape,50,25.0
8ui1__1__1.A__1.B_1.C,1.0,1,71.57621274482685,60,66.1194454687773,66.1194454687773,High density,Ligand pose,sucos_shape,50,100.0
8ujy__1__1.B__1.D,1.0,1,94.2000651678071,8,76.35881450620937,76.35881450620937,Low density,Ligand pose,sucos_shape,50,100.0
8uk6__1__1.A__1.C,0.0,1,50.390989488468904,1,50.390989488468904,50.390989488468904,Low density,Ligand pose,sucos_shape,50,0.0
8un3__1__1.A__1.E_1.F_1.H,0.5,2,93.00738084575961,1959,81.10896704800695,81.10896704800695,High density,Ligand pose,sucos_shape,50,50.0
8uob__1__1.A__1.B,0.25,1,69.82734194432354,26,60.35709650889468,60.35709650889468,Low density,Ligand pose,sucos_shape,50,25.0
8ur9__1__1.A_1.B__1.C,1.0,1,92.00500533017006,26,81.7135405662763,81.7135405662763,Low density,Ligand pose,sucos_shape,50,100.0
8usm__1__1.A__1.C,1.0,1,92.6690690980234,12,75.46578523957682,75.46578523957682,Low density,Ligand pose,sucos_shape,50,100.0
8uuf__1__1.A__1.B,1.0,1,69.86597715089475,28,60.153134725820294,60.153134725820294,Low density,Ligand pose,sucos_shape,50,100.0
8uuu__1__1.A__1.B,0.5,1,69.2105297554784,26,59.97282576419831,59.97282576419831,Low density,Ligand pose,sucos_shape,50,50.0
8uuv__1__1.A__1.B,0.75,1,66.97891298029525,27,59.65762300877041,59.65762300877041,Low density,Ligand pose,sucos_shape,50,75.0
8ux7__1__1.B__1.I,0.5,1,98.64508182298081,194,72.60530395572809,72.60530395572809,High density,Ligand pose,sucos_shape,50,50.0
8v2t__1__1.A_3.A_4.A__3.C_4.B,1.0,1,81.46214986934912,29,65.11138991201014,65.11138991201014,Low density,Ligand pose,sucos_shape,50,100.0
8v8e__1__1.A__1.D,0.0,1,56.81407441360709,13,52.99006058782444,52.99006058782444,Low density,Ligand pose,sucos_shape,50,0.0
8vh9__1__1.A_1.B__1.C_1.F,1.0,1,92.63831875016233,163,70.77650256661049,70.77650256661049,High density,Ligand pose,sucos_shape,50,100.0
8vw1__1__1.A__1.B_1.C,1.0,1,96.53945329002416,10,83.0438695595496,83.0438695595496,Low density,Ligand pose,sucos_shape,50,100.0
8w4s__1__1.A__1.D,0.25,1,57.11476205167677,11,52.17624860384353,52.17624860384353,Low density,Ligand pose,sucos_shape,50,25.0
8wd4__1__1.A__1.B,1.0,1,76.45059784530757,26,57.031811596779214,57.031811596779214,Low density,Ligand pose,sucos_shape,50,100.0
8wdx__1__1.A__1.B,1.0,1,96.19219528966822,210,55.52707735589183,55.52707735589183,High density,Ligand pose,sucos_shape,50,100.0
8wjy__1__1.A__1.B,1.0,1,72.94092396214013,37,54.06797116615467,54.06797116615467,Low density,Ligand pose,sucos_shape,50,100.0
8wmy__1__1.A__1.C_1.D_1.E,0.25,1,83.59499037882485,3,76.90216545494958,76.90216545494958,Low density,Ligand pose,sucos_shape,50,25.0
8wnj__1__1.A__1.F,1.0,1,92.86005114128565,7,82.61428253121642,82.61428253121642,Low density,Ligand pose,sucos_shape,50,100.0
8wo2__1__1.A__1.D,1.0,1,89.70756053741034,7,84.06865495782655,84.06865495782655,Low density,Ligand pose,sucos_shape,50,100.0
8wr2__1__1.A__1.E_1.F,0.0,1,52.50216461346081,4,51.891250574043454,51.891250574043454,Low density,Ligand pose,sucos_shape,50,0.0
8wrj__1__1.A__1.B,0.0,1,68.08727278946323,4,56.79895292904432,56.79895292904432,Low density,Ligand pose,sucos_shape,50,0.0
8wsm__1__1.A__1.B_1.C,1.0,1,87.0648859596527,5,80.33362957487184,80.33362957487184,Low density,Ligand pose,sucos_shape,50,100.0
8wsw__1__1.A__1.E,0.0,1,56.69697094707489,12,51.490343092083975,51.490343092083975,Low density,Ligand pose,sucos_shape,50,0.0
8wwo__1__1.A_2.D__2.K_2.L,1.0,1,92.92621500864823,20,79.94393409726169,79.94393409726169,Low density,Ligand pose,sucos_shape,50,100.0
8wzq__1__1.A__1.C,1.0,1,89.53925473782307,43,66.12004306510632,66.12004306510632,Low density,Ligand pose,sucos_shape,50,100.0
8x1a__1__1.A__1.B,0.75,1,95.97328843068908,9,77.71843742901517,77.71843742901517,Low density,Ligand pose,sucos_shape,50,75.0
8x35__1__1.A_1.B__1.C_1.D_1.E,0.75,2,92.9729649007286,125,68.94492132516753,68.94492132516753,High density,Ligand pose,sucos_shape,50,75.0
8x6r__1__1.A__1.G_1.H_1.I,0.625,2,96.89368541053163,1968,87.37612033929739,87.37612033929739,High density,Ligand pose,sucos_shape,50,62.5
8xhd__1__1.A_1.B__1.C,0.25,1,79.02863242048119,74,67.88018624404134,67.88018624404134,High density,Ligand pose,sucos_shape,50,25.0
8xkf__1__1.A_1.C__1.M_1.S,0.75,1,81.31398528494312,170,66.69381727223548,66.69381727223548,High density,Ligand pose,sucos_shape,50,75.0
8y33__1__1.A__1.B,0.0,1,76.57185912377797,1293,62.55535738451663,62.55535738451663,High density,Ligand pose,sucos_shape,50,0.0
8yhw__1__1.A__1.E_1.F,1.0,1,94.45446273378269,562,67.4432972890432,67.4432972890432,High density,Ligand pose,sucos_shape,50,100.0
9eun__1__1.A__1.E,1.0,1,94.92544612336893,23,81.87879915113002,81.87879915113002,Low density,Ligand pose,sucos_shape,50,100.0
9f40__1__1.A__1.Q,0.5,1,86.66355943369292,14,77.77853055211804,77.77853055211804,Low density,Ligand pose,sucos_shape,50,50.0
9f41__1__1.A__1.Q,0.5,1,92.41207421766823,15,80.41819032151608,80.41819032151608,Low density,Ligand pose,sucos_shape,50,50.0
