query_system,mean_success,n_proper_ligands,best_similarity,density,mean_similarity_above_threshold,visualisation_similarity,density_group,similarity_metric,similarity_column,threshold,mean_success_percent
5s9l__1__1.A__1.H_1.I,0.75,1,100.0,20,84.55,84.55,Low density,Pocket,pocket_qcov,70,75.0
5s9m__1__1.A__1.C_1.I,0.5,1,97.0,16,85.75,85.75,Low density,Pocket,pocket_qcov,70,50.0
5s9z__1__1.A_1.B__1.R,0.0,1,100.0,21,83.85714285714286,83.85714285714286,Low density,Pocket,pocket_qcov,70,0.0
5sau__1__1.A__1.B,1.0,1,100.0,760,79.90921052631579,79.90921052631579,High density,Pocket,pocket_qcov,70,100.0
5sav__1__1.A__1.B,1.0,1,100.0,888,82.22297297297297,82.22297297297297,High density,Pocket,pocket_qcov,70,100.0
5saw__1__1.A__1.B,1.0,1,100.0,817,82.48470012239902,82.48470012239902,High density,Pocket,pocket_qcov,70,100.0
5sb2__1__1.A__1.G,1.0,1,100.0,939,80.26624068157615,80.26624068157615,High density,Pocket,pocket_qcov,70,100.0
5scm__1__1.A__1.F_1.G_1.H_1.I,0.625,2,98.0,1402,85.30527817403708,85.30527817403708,High density,Pocket,pocket_qcov,70,62.5
5scn__1__1.A__1.B_1.C,1.0,2,98.0,1348,84.66913946587538,84.66913946587538,High density,Pocket,pocket_qcov,70,100.0
5sdu__1__1.A__1.G,0.75,1,96.0,19,80.52631578947368,80.52631578947368,Low density,Pocket,pocket_qcov,70,75.0
5sdy__1__1.A__1.D,0.25,1,77.0,4,75.0,75.0,Low density,Pocket,pocket_qcov,70,25.0
5se0__1__1.A__1.G,0.5,1,78.0,16,74.0,74.0,Low density,Pocket,pocket_qcov,70,50.0
5se2__1__1.A__1.G,0.5,1,100.0,10,92.1,92.1,Low density,Pocket,pocket_qcov,70,50.0
5se3__1__1.A__1.G,1.0,1,95.0,29,79.51724137931035,79.51724137931035,Low density,Pocket,pocket_qcov,70,100.0
5se5__1__1.A__1.G,0.25,1,78.0,25,74.16,74.16,Low density,Pocket,pocket_qcov,70,25.0
5se6__1__1.A__1.G,0.25,1,96.0,12,85.16666666666667,85.16666666666667,Low density,Pocket,pocket_qcov,70,25.0
5se8__1__1.A__1.G,1.0,1,100.0,8,96.0,96.0,Low density,Pocket,pocket_qcov,70,100.0
5se9__1__1.A__1.G,1.0,1,100.0,10,92.1,92.1,Low density,Pocket,pocket_qcov,70,100.0
5sea__1__1.A__1.G,0.25,1,77.0,7,74.71428571428571,74.71428571428571,Low density,Pocket,pocket_qcov,70,25.0
5seb__1__1.A__1.G,0.75,1,96.0,10,89.9,89.9,Low density,Pocket,pocket_qcov,70,75.0
5sec__1__1.A__1.G,1.0,1,90.0,10,84.4,84.4,Low density,Pocket,pocket_qcov,70,100.0
5see__1__1.A__1.E,0.5,1,80.0,13,73.23076923076923,73.23076923076923,Low density,Pocket,pocket_qcov,70,50.0
5seh__1__1.A__1.G,1.0,1,100.0,8,95.0,95.0,Low density,Pocket,pocket_qcov,70,100.0
5sek__1__1.A__1.G,0.75,1,100.0,10,92.1,92.1,Low density,Pocket,pocket_qcov,70,75.0
5sel__1__1.A__1.G,0.75,1,95.0,22,81.81818181818181,81.81818181818181,Low density,Pocket,pocket_qcov,70,75.0
5sem__1__1.A__1.G,0.75,1,88.0,8,84.375,84.375,Low density,Pocket,pocket_qcov,70,75.0
5sen__1__1.A__1.G,1.0,1,100.0,10,89.9,89.9,Low density,Pocket,pocket_qcov,70,100.0
5seo__1__1.A__1.G,1.0,1,100.0,29,79.10344827586206,79.10344827586206,Low density,Pocket,pocket_qcov,70,100.0
5sex__1__1.A__1.G,1.0,1,92.0,10,85.2,85.2,Low density,Pocket,pocket_qcov,70,100.0
5sez__1__1.A__1.G,0.75,1,96.0,61,74.67213114754098,74.67213114754098,Low density,Pocket,pocket_qcov,70,75.0
5sf0__1__1.A__1.G,1.0,1,100.0,20,82.45,82.45,Low density,Pocket,pocket_qcov,70,100.0
5sf1__1__1.A__1.E,0.75,1,96.0,11,87.81818181818181,87.81818181818181,Low density,Pocket,pocket_qcov,70,75.0
5sf4__1__1.A__1.G,0.5,1,80.0,12,76.0,76.0,Low density,Pocket,pocket_qcov,70,50.0
5sf7__1__1.A__1.G,1.0,1,86.0,29,77.37931034482759,77.37931034482759,Low density,Pocket,pocket_qcov,70,100.0
5sfc__1__1.A__1.G,0.25,1,100.0,10,89.9,89.9,Low density,Pocket,pocket_qcov,70,25.0
5sfd__1__1.A__1.G,0.5,1,100.0,10,93.3,93.3,Low density,Pocket,pocket_qcov,70,50.0
5sfg__1__1.A__1.G,0.25,1,82.0,12,77.25,77.25,Low density,Pocket,pocket_qcov,70,25.0
5sfh__1__1.A__1.G,0.5,1,100.0,10,93.8,93.8,Low density,Pocket,pocket_qcov,70,50.0
5sfl__1__1.A__1.G,0.5,1,80.0,10,74.0,74.0,Low density,Pocket,pocket_qcov,70,50.0
5sfn__1__1.A__1.G,1.0,1,100.0,20,82.6,82.6,Low density,Pocket,pocket_qcov,70,100.0
5sfo__1__1.A__1.G,1.0,1,100.0,10,90.1,90.1,Low density,Pocket,pocket_qcov,70,100.0
5sfp__1__1.A__1.G,0.75,1,96.0,26,79.07692307692308,79.07692307692308,Low density,Pocket,pocket_qcov,70,75.0
5sfr__1__1.A__1.G,0.25,1,93.0,8,90.5,90.5,Low density,Pocket,pocket_qcov,70,25.0
5sfx__1__1.A__1.G,0.5,1,100.0,25,81.68,81.68,Low density,Pocket,pocket_qcov,70,50.0
5sfy__1__1.A__1.G,0.5,1,100.0,10,93.4,93.4,Low density,Pocket,pocket_qcov,70,50.0
5sg0__1__1.A__1.G,1.0,1,93.0,25,77.36,77.36,Low density,Pocket,pocket_qcov,70,100.0
5sg5__1__1.A__1.G,0.25,1,83.0,10,80.1,80.1,Low density,Pocket,pocket_qcov,70,25.0
5sg6__1__1.A__1.G,0.5,1,100.0,10,93.8,93.8,Low density,Pocket,pocket_qcov,70,50.0
5sg9__1__1.A__1.G,0.0,1,100.0,10,93.0,93.0,Low density,Pocket,pocket_qcov,70,0.0
5sgh__1__1.A__1.G,1.0,1,96.0,12,85.16666666666667,85.16666666666667,Low density,Pocket,pocket_qcov,70,100.0
5sgk__1__1.A__1.G,1.0,1,100.0,15,84.33333333333333,84.33333333333333,Low density,Pocket,pocket_qcov,70,100.0
5sgl__1__1.A__1.G,0.0,1,76.0,16,73.75,73.75,Low density,Pocket,pocket_qcov,70,0.0
5sgm__1__1.A__1.D,1.0,1,100.0,14,86.14285714285714,86.14285714285714,Low density,Pocket,pocket_qcov,70,100.0
5sgp__1__1.A__1.H,1.0,1,92.0,11,84.63636363636364,84.63636363636364,Low density,Pocket,pocket_qcov,70,100.0
5sgr__1__1.A__1.G,0.75,1,100.0,25,80.64,80.64,Low density,Pocket,pocket_qcov,70,75.0
5sgs__1__1.A__1.G,1.0,1,100.0,10,92.5,92.5,Low density,Pocket,pocket_qcov,70,100.0
5sgt__1__1.A__1.G,0.25,1,92.0,11,84.0,84.0,Low density,Pocket,pocket_qcov,70,25.0
5sgw__1__1.A__1.G,1.0,1,89.0,35,82.0,82.0,Low density,Pocket,pocket_qcov,70,100.0
5sgx__1__1.A__1.G,0.75,1,100.0,13,88.84615384615384,88.84615384615384,Low density,Pocket,pocket_qcov,70,75.0
5sgz__1__1.A__1.G,1.0,1,90.0,35,81.71428571428571,81.71428571428571,Low density,Pocket,pocket_qcov,70,100.0
5sh0__1__1.A__1.G,0.0,1,74.0,9,71.77777777777777,71.77777777777777,Low density,Pocket,pocket_qcov,70,0.0
5sh1__1__1.A__1.G,0.0,1,100.0,61,74.98360655737704,74.98360655737704,Low density,Pocket,pocket_qcov,70,0.0
5sh2__1__1.A__1.G,1.0,1,100.0,10,90.6,90.6,Low density,Pocket,pocket_qcov,70,100.0
5sh6__1__1.A__1.G,0.5,1,100.0,56,75.42857142857143,75.42857142857143,Low density,Pocket,pocket_qcov,70,50.0
5sh8__1__1.A__1.E,0.25,1,78.0,26,72.92307692307692,72.92307692307692,Low density,Pocket,pocket_qcov,70,25.0
5shc__1__1.A__1.G,1.0,1,85.0,10,80.8,80.8,Low density,Pocket,pocket_qcov,70,100.0
5shf__1__1.A__1.G,1.0,1,100.0,10,93.3,93.3,Low density,Pocket,pocket_qcov,70,100.0
5shg__1__1.A__1.G,1.0,1,89.0,34,82.82352941176471,82.82352941176471,Low density,Pocket,pocket_qcov,70,100.0
5shh__1__1.A__1.G,0.75,1,100.0,8,95.5,95.5,Low density,Pocket,pocket_qcov,70,75.0
5shi__1__1.A__1.E,0.5,1,100.0,10,92.1,92.1,Low density,Pocket,pocket_qcov,70,50.0
5shp__1__1.A__1.G,0.75,1,96.0,11,87.45454545454545,87.45454545454545,Low density,Pocket,pocket_qcov,70,75.0
5shu__1__1.A__1.G,1.0,1,96.0,12,87.33333333333333,87.33333333333333,Low density,Pocket,pocket_qcov,70,100.0
5shx__1__1.A__1.G,0.5,1,100.0,35,90.65714285714286,90.65714285714286,Low density,Pocket,pocket_qcov,70,50.0
5si3__1__1.A__1.E,0.5,1,100.0,10,94.8,94.8,Low density,Pocket,pocket_qcov,70,50.0
5si6__1__1.A__1.G,1.0,1,92.0,10,85.5,85.5,Low density,Pocket,pocket_qcov,70,100.0
5si7__1__1.A__1.G,0.75,1,88.0,26,74.42307692307692,74.42307692307692,Low density,Pocket,pocket_qcov,70,75.0
5si8__1__1.A__1.G,0.75,1,81.0,10,79.8,79.8,Low density,Pocket,pocket_qcov,70,75.0
5si9__1__1.A__1.G,0.75,1,82.0,10,81.1,81.1,Low density,Pocket,pocket_qcov,70,75.0
5sie__1__1.A__1.G,0.75,1,100.0,35,90.65714285714286,90.65714285714286,Low density,Pocket,pocket_qcov,70,75.0
5sif__1__1.A__1.I,0.5,1,95.0,17,80.23529411764706,80.23529411764706,Low density,Pocket,pocket_qcov,70,50.0
5sig__1__1.A__1.G,0.0,1,83.0,10,80.1,80.1,Low density,Pocket,pocket_qcov,70,0.0
5sih__1__1.A__1.H,0.0,1,96.0,8,91.625,91.625,Low density,Pocket,pocket_qcov,70,0.0
5sio__1__1.A__1.H,1.0,1,100.0,10,90.8,90.8,Low density,Pocket,pocket_qcov,70,100.0
5sip__1__1.A__1.G,0.5,1,100.0,14,85.85714285714286,85.85714285714286,Low density,Pocket,pocket_qcov,70,50.0
5siq__1__1.A__1.H,0.25,1,78.0,5,74.0,74.0,Low density,Pocket,pocket_qcov,70,25.0
5sir__1__1.A__1.G,1.0,1,96.0,10,91.0,91.0,Low density,Pocket,pocket_qcov,70,100.0
5siy__1__1.A__1.G,0.75,1,87.0,11,80.81818181818181,80.81818181818181,Low density,Pocket,pocket_qcov,70,75.0
5siz__1__1.A__1.G,0.0,1,100.0,28,82.32142857142857,82.32142857142857,Low density,Pocket,pocket_qcov,70,0.0
5sj1__1__1.A__1.G,0.5,1,96.0,10,87.4,87.4,Low density,Pocket,pocket_qcov,70,50.0
5sj7__1__1.A__1.G,0.5,1,96.0,11,87.9090909090909,87.9090909090909,Low density,Pocket,pocket_qcov,70,50.0
5sj8__1__1.A__1.G,1.0,1,90.0,35,80.85714285714286,80.85714285714286,Low density,Pocket,pocket_qcov,70,100.0
5sjb__1__1.A__1.G,0.5,1,97.0,10,89.5,89.5,Low density,Pocket,pocket_qcov,70,50.0
5sjc__1__1.A__1.F,0.75,1,100.0,27,79.44444444444444,79.44444444444444,Low density,Pocket,pocket_qcov,70,75.0
5sjf__1__1.A__1.H,0.0,1,91.0,19,78.10526315789474,78.10526315789474,Low density,Pocket,pocket_qcov,70,0.0
5sjg__1__1.A__1.G,0.75,1,64.0,0,,64.0,No neighbours,Pocket,pocket_qcov,70,75.0
5sjl__1__1.A__1.G,0.25,1,80.0,14,74.0,74.0,Low density,Pocket,pocket_qcov,70,25.0
5sjo__1__1.A__1.H,0.75,1,87.0,24,75.08333333333333,75.08333333333333,Low density,Pocket,pocket_qcov,70,75.0
5sjt__1__1.A__1.H,1.0,1,100.0,8,95.5,95.5,Low density,Pocket,pocket_qcov,70,100.0
5sju__1__1.A__1.G,0.5,1,77.0,8,73.5,73.5,Low density,Pocket,pocket_qcov,70,50.0
5sjv__1__1.A__1.G,1.0,1,100.0,10,93.8,93.8,Low density,Pocket,pocket_qcov,70,100.0
5sjw__1__1.A__1.I,0.75,1,96.0,28,78.0,78.0,Low density,Pocket,pocket_qcov,70,75.0
5sk0__1__1.A__1.G,0.25,1,93.0,15,82.53333333333333,82.53333333333333,Low density,Pocket,pocket_qcov,70,25.0
5sk4__1__1.A__1.G,1.0,1,91.0,12,82.08333333333333,82.08333333333333,Low density,Pocket,pocket_qcov,70,100.0
5sk5__1__1.A__1.H,1.0,1,92.0,11,86.0909090909091,86.0909090909091,Low density,Pocket,pocket_qcov,70,100.0
5sk6__1__1.A__1.G,1.0,1,96.0,12,85.58333333333333,85.58333333333333,Low density,Pocket,pocket_qcov,70,100.0
5sk9__1__1.A__1.G,1.0,1,100.0,850,90.10352941176471,90.10352941176471,High density,Pocket,pocket_qcov,70,100.0
5skd__1__1.A__1.G,0.5,1,95.0,30,76.86666666666666,76.86666666666666,Low density,Pocket,pocket_qcov,70,50.0
5skf__1__1.A__1.I,0.25,1,87.0,22,75.81818181818181,75.81818181818181,Low density,Pocket,pocket_qcov,70,25.0
5skg__1__1.A__1.G,0.75,1,92.0,29,77.34482758620689,77.34482758620689,Low density,Pocket,pocket_qcov,70,75.0
5skh__1__1.A__1.H,1.0,1,91.0,13,81.53846153846153,81.53846153846153,Low density,Pocket,pocket_qcov,70,100.0
5ski__1__1.A__1.G,0.75,1,100.0,10,93.4,93.4,Low density,Pocket,pocket_qcov,70,75.0
5skl__1__1.A__1.G,1.0,1,89.0,12,80.33333333333333,80.33333333333333,Low density,Pocket,pocket_qcov,70,100.0
5skm__1__1.A__1.G,0.75,1,100.0,25,78.76,78.76,Low density,Pocket,pocket_qcov,70,75.0
5sko__1__1.A__1.G,0.5,1,85.0,10,79.0,79.0,Low density,Pocket,pocket_qcov,70,50.0
5skr__1__1.A__1.G,0.75,1,88.0,12,81.33333333333333,81.33333333333333,Low density,Pocket,pocket_qcov,70,75.0
5skt__1__1.A__1.G,0.0,1,100.0,32,88.71875,88.71875,Low density,Pocket,pocket_qcov,70,0.0
5sku__1__1.A__1.G,0.0,1,95.0,25,76.96,76.96,Low density,Pocket,pocket_qcov,70,0.0
5slg__1__1.A__1.G,0.0,1,95.0,2,92.0,92.0,Low density,Pocket,pocket_qcov,70,0.0
5umb__1__1.A__1.E_1.F_1.G,1.0,1,100.0,170,92.57058823529412,92.57058823529412,High density,Pocket,pocket_qcov,70,100.0
6x4j__1__1.A_2.A__2.B_2.C_2.D_2.E,1.0,2,95.0,8,80.5,80.5,Low density,Pocket,pocket_qcov,70,100.0
6x4k__1__1.A_2.A__1.B_1.C_1.D_1.E,1.0,2,97.0,8,80.75,80.75,Low density,Pocket,pocket_qcov,70,100.0
6x4l__1__1.A_2.A__2.B_2.C_2.D_2.E,1.0,2,97.0,8,84.0,84.0,Low density,Pocket,pocket_qcov,70,100.0
6xqr__1__1.B__1.E,0.0,1,100.0,209,82.622009569378,82.622009569378,High density,Pocket,pocket_qcov,70,0.0
6z48__1__1.B__1.J,1.0,1,100.0,1257,82.33094669848846,82.33094669848846,High density,Pocket,pocket_qcov,70,100.0
6zfz__1__1.A__1.B,0.75,1,85.0,9,78.33333333333333,78.33333333333333,Low density,Pocket,pocket_qcov,70,75.0
6zg4__1__1.A__1.B,0.25,1,75.0,7,72.71428571428571,72.71428571428571,Low density,Pocket,pocket_qcov,70,25.0
6zg9__1__1.A__1.B,1.0,1,86.0,12,81.41666666666667,81.41666666666667,Low density,Pocket,pocket_qcov,70,100.0
6zk2__1__1.A_1.B__1.E_1.F,0.5,1,85.0,4,84.0,84.0,Low density,Pocket,pocket_qcov,70,50.0
6zk5__1__1.A_1.B__1.F_1.G,1.0,1,81.0,11,78.0909090909091,78.0909090909091,Low density,Pocket,pocket_qcov,70,100.0
6zx1__1__1.A_2.A__1.B,1.0,1,100.0,11,90.18181818181819,90.18181818181819,Low density,Pocket,pocket_qcov,70,100.0
7a4q__1__1.A__1.B,1.0,1,100.0,2241,83.86791610887997,83.86791610887997,High density,Pocket,pocket_qcov,70,100.0
7ab9__1__1.A__1.G_1.P,0.5,1,100.0,761,80.46254927726676,80.46254927726676,High density,Pocket,pocket_qcov,70,50.0
7abe__1__1.A__1.G_1.W,1.0,1,100.0,741,80.34817813765183,80.34817813765183,High density,Pocket,pocket_qcov,70,100.0
7abj__1__1.A__1.T,1.0,1,100.0,873,86.54066437571592,86.54066437571592,High density,Pocket,pocket_qcov,70,100.0
7afz__1__2.A__2.B_2.C_2.D,0.75,1,77.0,8,73.5,73.5,Low density,Pocket,pocket_qcov,70,75.0
7ait__1__1.A__1.C,0.25,1,91.0,121,78.81818181818181,78.81818181818181,High density,Pocket,pocket_qcov,70,25.0
7aiu__1__1.A__1.H,0.0,1,92.0,102,77.02941176470588,77.02941176470588,Low density,Pocket,pocket_qcov,70,0.0
7an8__1__1.B__1.E,0.75,1,56.0,0,,56.0,No neighbours,Pocket,pocket_qcov,70,75.0
7ana__1__1.A__1.C,0.25,1,63.0,0,,63.0,No neighbours,Pocket,pocket_qcov,70,25.0
7au4__1__1.A_2.A__2.D,1.0,1,100.0,208,96.44711538461539,96.44711538461539,High density,Pocket,pocket_qcov,70,100.0
7ay9__1__1.A__1.I,0.75,1,100.0,1876,80.63965884861408,80.63965884861408,High density,Pocket,pocket_qcov,70,75.0
7aya__1__1.A__1.H_1.N_1.U,1.0,1,96.0,1239,77.98547215496367,77.98547215496367,High density,Pocket,pocket_qcov,70,100.0
7ayz__1__1.A__1.D,0.25,1,96.0,17,89.58823529411765,89.58823529411765,Low density,Pocket,pocket_qcov,70,25.0
7b2u__1__1.A_1.B__1.C,0.5,1,100.0,280,92.97142857142858,92.97142857142858,High density,Pocket,pocket_qcov,70,50.0
7b3g__1__1.A__1.I,0.5,1,100.0,27,88.0,88.0,Low density,Pocket,pocket_qcov,70,50.0
7b3h__1__1.A__1.H,1.0,1,100.0,26,84.15384615384616,84.15384615384616,Low density,Pocket,pocket_qcov,70,100.0
7b3i__1__1.A__1.I,1.0,1,100.0,27,86.96296296296296,86.96296296296296,Low density,Pocket,pocket_qcov,70,100.0
7b3p__1__1.A__1.G,1.0,1,95.0,28,86.32142857142857,86.32142857142857,Low density,Pocket,pocket_qcov,70,100.0
7b3x__1__1.A__1.F,1.0,1,100.0,27,88.0,88.0,Low density,Pocket,pocket_qcov,70,100.0
7b4x__1__1.A__1.M,1.0,1,100.0,29,89.65517241379311,89.65517241379311,Low density,Pocket,pocket_qcov,70,100.0
7b6v__1__1.C_1.D__1.Y,0.25,1,100.0,56,89.71428571428571,89.71428571428571,Low density,Pocket,pocket_qcov,70,25.0
7b77__1__1.A_2.A__1.F,1.0,1,100.0,410,91.22926829268293,91.22926829268293,High density,Pocket,pocket_qcov,70,100.0
7b87__1__1.A__1.N,0.0,1,95.0,31,78.54838709677419,78.54838709677419,Low density,Pocket,pocket_qcov,70,0.0
7b89__1__1.A__1.D,0.75,1,100.0,32,89.53125,89.53125,Low density,Pocket,pocket_qcov,70,75.0
7b8a__1__1.A__1.F,0.0,1,100.0,32,89.5625,89.5625,Low density,Pocket,pocket_qcov,70,0.0
7bbn__1__1.B__1.E_1.F,1.0,1,100.0,243,89.83127572016461,89.83127572016461,High density,Pocket,pocket_qcov,70,100.0
7bc1__1__2.A_3.A__3.B_3.C,0.5,2,76.0,12,72.66666666666667,72.66666666666667,Low density,Pocket,pocket_qcov,70,50.0
7bc9__1__1.A__1.J,0.0,1,100.0,32,87.0,87.0,Low density,Pocket,pocket_qcov,70,0.0
7bcf__1__1.A__1.H,1.0,1,96.0,28,83.96428571428571,83.96428571428571,Low density,Pocket,pocket_qcov,70,100.0
7bdd__1__1.A__1.G,0.0,1,100.0,30,90.66666666666667,90.66666666666667,Low density,Pocket,pocket_qcov,70,0.0
7bi6__1__1.A__1.B_1.G,0.0,1,100.0,223,80.63677130044843,80.63677130044843,High density,Pocket,pocket_qcov,70,0.0
7bia__1__1.A_1.B__1.D_1.E,0.5,2,100.0,548,82.81021897810218,82.81021897810218,High density,Pocket,pocket_qcov,70,50.0
7bis__1__1.A_2.A__2.F,0.5,1,95.0,28,88.75,88.75,Low density,Pocket,pocket_qcov,70,50.0
7bk9__1__1.A_2.A__2.F,0.0,1,91.0,26,86.73076923076923,86.73076923076923,Low density,Pocket,pocket_qcov,70,0.0
7blw__1__1.A__1.F,0.5,1,92.0,22,81.5909090909091,81.5909090909091,Low density,Pocket,pocket_qcov,70,50.0
7bm3__1__1.A__1.M_1.P,0.0,1,88.0,23,79.47826086956522,79.47826086956522,Low density,Pocket,pocket_qcov,70,0.0
7bm7__1__1.A__1.F,0.0,1,100.0,27,88.29629629629629,88.29629629629629,Low density,Pocket,pocket_qcov,70,0.0
7bmd__1__1.A__1.G_1.R,0.0,1,89.0,16,79.0,79.0,Low density,Pocket,pocket_qcov,70,0.0
7bn5__1__1.A__1.G,1.0,1,100.0,28,89.96428571428571,89.96428571428571,Low density,Pocket,pocket_qcov,70,100.0
7bn6__1__1.A__1.C_1.D,0.875,2,100.0,456,83.57456140350877,83.57456140350877,High density,Pocket,pocket_qcov,70,87.5
7bn7__1__1.A__1.E_1.F,1.0,1,100.0,245,86.31020408163265,86.31020408163265,High density,Pocket,pocket_qcov,70,100.0
7bn8__1__1.A__1.G,0.75,1,100.0,31,88.7741935483871,88.7741935483871,Low density,Pocket,pocket_qcov,70,75.0
7bnc__1__1.A__1.K,0.5,1,100.0,30,86.3,86.3,Low density,Pocket,pocket_qcov,70,50.0
7bo0__1__1.A__1.C_1.D,0.75,2,100.0,462,81.6103896103896,81.6103896103896,High density,Pocket,pocket_qcov,70,75.0
7bo3__1__1.A__1.M_1.N,0.75,1,100.0,158,82.60126582278481,82.60126582278481,High density,Pocket,pocket_qcov,70,75.0
7bo7__1__1.A__1.C,1.0,1,92.0,98,80.25510204081633,80.25510204081633,Low density,Pocket,pocket_qcov,70,100.0
7cqs__1__1.A__1.B_1.C,1.0,1,100.0,36,88.5,88.5,Low density,Pocket,pocket_qcov,70,100.0
7dcb__1__1.A_1.B__1.C_1.D,0.5,1,96.0,7,80.57142857142857,80.57142857142857,Low density,Pocket,pocket_qcov,70,50.0
7dcw__1__1.A_1.B__1.D,0.0,1,92.0,7,79.57142857142857,79.57142857142857,Low density,Pocket,pocket_qcov,70,0.0
7dg4__1__1.A__1.B,0.75,1,100.0,1933,83.18210036213141,83.18210036213141,High density,Pocket,pocket_qcov,70,75.0
7dgc__1__1.A_1.B__1.C_1.D,0.25,1,96.0,4,82.5,82.5,Low density,Pocket,pocket_qcov,70,25.0
7dh3__1__1.A__1.B,0.75,1,100.0,1958,86.14862104187947,86.14862104187947,High density,Pocket,pocket_qcov,70,75.0
7dh9__1__1.A__1.B,1.0,1,100.0,1617,80.56400742115028,80.56400742115028,High density,Pocket,pocket_qcov,70,100.0
7dhn__1__1.A__1.B,0.25,1,100.0,1887,81.88977212506624,81.88977212506624,High density,Pocket,pocket_qcov,70,25.0
7dji__1__1.D_1.E__1.L,0.25,1,76.0,39,71.53846153846153,71.53846153846153,Low density,Pocket,pocket_qcov,70,25.0
7dlc__1__1.A_1.B__1.C_1.D,0.5,1,89.0,4,78.25,78.25,Low density,Pocket,pocket_qcov,70,50.0
7dm6__1__1.A_1.B__1.C_1.D,0.0,1,96.0,8,78.25,78.25,Low density,Pocket,pocket_qcov,70,0.0
7dmc__1__1.A__1.B_1.E_1.F,0.5,1,100.0,557,76.8886894075404,76.8886894075404,High density,Pocket,pocket_qcov,70,50.0
7dn8__1__1.B__1.I_1.J,1.0,1,100.0,571,88.04203152364273,88.04203152364273,High density,Pocket,pocket_qcov,70,100.0
7dow__1__1.A_1.B__1.C,0.5,1,100.0,6,81.33333333333333,81.33333333333333,Low density,Pocket,pocket_qcov,70,50.0
7dox__1__1.A_1.B__1.E_1.F,0.25,1,90.0,2,86.5,86.5,Low density,Pocket,pocket_qcov,70,25.0
7doy__1__1.A_1.B__1.E,0.25,1,84.0,2,84.0,84.0,Low density,Pocket,pocket_qcov,70,25.0
7dpk__1__1.A_1.B__1.C_1.D,0.5,1,100.0,9,81.88888888888889,81.88888888888889,Low density,Pocket,pocket_qcov,70,50.0
7du9__1__1.A_1.B__1.D,0.75,1,90.0,626,76.28753993610223,76.28753993610223,High density,Pocket,pocket_qcov,70,75.0
7dua__1__1.B__1.D,1.0,1,100.0,2442,77.83333333333333,77.83333333333333,High density,Pocket,pocket_qcov,70,100.0
7dut__1__2.A__2.B_2.C,1.0,1,100.0,15,95.26666666666667,95.26666666666667,Low density,Pocket,pocket_qcov,70,100.0
7duy__1__1.A__1.B_1.C_1.D,0.5,1,100.0,317,86.53312302839117,86.53312302839117,High density,Pocket,pocket_qcov,70,50.0
7dva__1__1.A__1.C_1.E,1.0,1,87.0,56,76.0,76.0,Low density,Pocket,pocket_qcov,70,100.0
7dvb__1__1.A__1.E,1.0,1,91.0,47,77.72340425531915,77.72340425531915,Low density,Pocket,pocket_qcov,70,100.0
7dxl__1__1.A__1.C,0.75,1,100.0,3066,86.49543378995433,86.49543378995433,High density,Pocket,pocket_qcov,70,75.0
7dyq__1__1.A__1.B_1.C,0.0,1,79.0,3,75.66666666666667,75.66666666666667,Low density,Pocket,pocket_qcov,70,0.0
7dyw__1__1.A__1.B_1.C,0.75,1,88.0,17,78.82352941176471,78.82352941176471,Low density,Pocket,pocket_qcov,70,75.0
7e1n__1__1.A_1.B__1.D,0.0,1,60.0,0,,60.0,No neighbours,Pocket,pocket_qcov,70,0.0
7e3n__1__1.A_2.A__1.B_1.C_1.D,1.0,1,100.0,110,85.34545454545454,85.34545454545454,Low density,Pocket,pocket_qcov,70,100.0
7e48__1__1.C__1.J_1.K,0.375,2,100.0,3204,86.21098626716605,86.21098626716605,High density,Pocket,pocket_qcov,70,37.5
7e5f__1__1.A_2.A__2.B,0.5,1,69.0,0,,69.0,No neighbours,Pocket,pocket_qcov,70,50.0
7e5g__1__1.A_2.A__2.B,0.0,1,68.0,0,,68.0,No neighbours,Pocket,pocket_qcov,70,0.0
7e60__1__1.A__1.B_1.C,0.0,1,95.0,1,95.0,95.0,Low density,Pocket,pocket_qcov,70,0.0
7eba__1__1.A__1.C,0.0,1,83.0,8,76.5,76.5,Low density,Pocket,pocket_qcov,70,0.0
7ec3__1__1.A__1.E_1.F,0.75,2,95.0,10,92.6,92.6,Low density,Pocket,pocket_qcov,70,75.0
7ed1__1__1.A_1.B__1.C_1.D_1.E_1.F,0.25,1,98.0,3,90.0,90.0,Low density,Pocket,pocket_qcov,70,25.0
7ed2__1__1.A_1.B__1.F_1.G_1.H,0.5,1,97.0,9,92.44444444444444,92.44444444444444,Low density,Pocket,pocket_qcov,70,50.0
7edz__1__1.A_2.A__1.E_1.G_1.I,0.625,2,76.0,2,76.0,76.0,Low density,Pocket,pocket_qcov,70,62.5
7ee5__1__1.A__1.H,0.5,1,100.0,12,84.58333333333333,84.58333333333333,Low density,Pocket,pocket_qcov,70,50.0
7eer__1__2.A__2.E_2.F,0.625,2,96.0,42,84.04761904761905,84.04761904761905,Low density,Pocket,pocket_qcov,70,62.5
7ef7__1__1.A__1.B_1.C,0.75,1,77.0,1,77.0,77.0,Low density,Pocket,pocket_qcov,70,75.0
7ejh__1__1.C__1.L_1.M,0.375,2,100.0,4564,85.88957055214723,85.88957055214723,High density,Pocket,pocket_qcov,70,37.5
7eji__1__1.D__1.V_1.W,0.375,2,100.0,4784,83.38754180602007,83.38754180602007,High density,Pocket,pocket_qcov,70,37.5
7ejv__1__1.B__1.D,0.75,1,96.0,1921,83.26444560124935,83.26444560124935,High density,Pocket,pocket_qcov,70,75.0
7ejw__1__1.A_1.B__1.I_1.J,1.0,1,97.0,40,82.05,82.05,Low density,Pocket,pocket_qcov,70,100.0
7ekr__1__1.A__1.C,0.75,1,100.0,29,93.37931034482759,93.37931034482759,Low density,Pocket,pocket_qcov,70,75.0
7elt__1__2.A__2.B,0.75,1,98.0,27,85.22222222222223,85.22222222222223,Low density,Pocket,pocket_qcov,70,75.0
7en5__1__1.A_3.A_4.A__3.B,0.0,1,67.0,0,,67.0,No neighbours,Pocket,pocket_qcov,70,0.0
7en7__1__1.A_2.A_4.A__2.B,0.0,1,68.0,0,,68.0,No neighbours,Pocket,pocket_qcov,70,0.0
7en9__1__1.A_2.A__2.B,1.0,1,100.0,199,84.65829145728644,84.65829145728644,High density,Pocket,pocket_qcov,70,100.0
7end__1__1.A_2.A__2.B,0.75,1,100.0,209,93.66985645933015,93.66985645933015,High density,Pocket,pocket_qcov,70,75.0
7ene__1__1.A_1.B__1.E,0.25,1,100.0,300,90.74,90.74,High density,Pocket,pocket_qcov,70,25.0
7ens__1__2.A__2.B_2.C_2.D,1.0,2,100.0,50,82.84,82.84,Low density,Pocket,pocket_qcov,70,100.0
7eqk__1__1.B__1.F_1.G,0.25,1,96.0,1,96.0,96.0,Low density,Pocket,pocket_qcov,70,25.0
7er2__1__1.A__1.B,1.0,1,100.0,2954,82.1144211238998,82.1144211238998,High density,Pocket,pocket_qcov,70,100.0
7erb__1__1.A__1.E_1.F,0.625,2,96.0,22,83.9090909090909,83.9090909090909,Low density,Pocket,pocket_qcov,70,62.5
7ere__1__1.A_1.B__1.G_1.I,0.5,2,77.0,16,75.5,75.5,Low density,Pocket,pocket_qcov,70,50.0
7es1__1__1.A__1.C,0.0,1,83.0,8,77.125,77.125,Low density,Pocket,pocket_qcov,70,0.0
7esb__1__1.A__1.B_1.C_1.D_1.E,0.0,1,91.0,9,82.66666666666667,82.66666666666667,Low density,Pocket,pocket_qcov,70,0.0
7esc__1__1.A__1.B_1.C,1.0,1,89.0,11,79.45454545454545,79.45454545454545,Low density,Pocket,pocket_qcov,70,100.0
7eue__1__1.B__1.F,0.0,1,93.0,1,93.0,93.0,Low density,Pocket,pocket_qcov,70,0.0
7euz__1__1.B__1.E_1.F,0.75,1,100.0,1,100.0,100.0,Low density,Pocket,pocket_qcov,70,75.0
7ev2__1__2.A__2.B_2.C_2.D,1.0,2,98.0,50,81.2,81.2,Low density,Pocket,pocket_qcov,70,100.0
7ev3__1__2.A__2.B_2.C_2.D,1.0,2,100.0,50,83.72,83.72,Low density,Pocket,pocket_qcov,70,100.0
7eve__1__1.A__1.B_1.C_1.D,1.0,1,100.0,1777,91.92459200900394,91.92459200900394,High density,Pocket,pocket_qcov,70,100.0
7evu__1__1.B__1.E_1.F,0.875,2,87.0,134,79.05970149253731,79.05970149253731,High density,Pocket,pocket_qcov,70,87.5
7evv__1__1.A__1.B_1.C,0.75,2,97.0,172,84.0813953488372,84.0813953488372,High density,Pocket,pocket_qcov,70,75.0
7ex2__1__1.A__1.C_1.D_1.E,0.0,1,69.0,0,,69.0,No neighbours,Pocket,pocket_qcov,70,0.0
7ex3__1__1.A__1.B_1.C_1.D,0.0,1,71.0,8,71.0,71.0,Low density,Pocket,pocket_qcov,70,0.0
7eyt__1__1.A_1.C__1.E_1.F_1.G,0.0,1,81.0,11,74.54545454545455,74.54545454545455,Low density,Pocket,pocket_qcov,70,0.0
7eyu__1__1.A_1.B__1.C_1.D_1.E,0.0,1,83.0,10,76.8,76.8,Low density,Pocket,pocket_qcov,70,0.0
7ezq__1__2.A__2.B_2.C,1.0,1,93.0,34,84.8529411764706,84.8529411764706,Low density,Pocket,pocket_qcov,70,100.0
7f06__1__1.A__1.C,1.0,1,74.0,10,70.8,70.8,Low density,Pocket,pocket_qcov,70,100.0
7f10__1__1.B__1.C,0.0,1,86.0,15,83.4,83.4,Low density,Pocket,pocket_qcov,70,0.0
7f2k__1__1.A__1.C_1.D_1.E,0.5,1,93.0,247,74.70040485829959,74.70040485829959,High density,Pocket,pocket_qcov,70,50.0
7f2l__1__1.A__1.C_1.D_1.E,0.0,1,82.0,53,73.62264150943396,73.62264150943396,Low density,Pocket,pocket_qcov,70,0.0
7f2m__1__1.A__1.C_1.D_1.E,0.0,1,85.0,61,73.59016393442623,73.59016393442623,Low density,Pocket,pocket_qcov,70,0.0
7f2u__1__1.A__1.C_1.D_1.E,1.0,1,90.0,11,81.63636363636364,81.63636363636364,Low density,Pocket,pocket_qcov,70,100.0
7f35__1__1.A_1.B__1.G,0.0,1,88.0,15,78.73333333333333,78.73333333333333,Low density,Pocket,pocket_qcov,70,0.0
7f42__1__1.B__1.C,0.25,1,89.0,79,78.17721518987342,78.17721518987342,Low density,Pocket,pocket_qcov,70,25.0
7f4c__1__1.A__1.C_1.D,1.0,1,95.0,17,79.6470588235294,79.6470588235294,Low density,Pocket,pocket_qcov,70,100.0
7f50__1__1.A__1.B_1.C_1.E,1.0,1,100.0,167,89.53293413173652,89.53293413173652,High density,Pocket,pocket_qcov,70,100.0
7f51__1__1.A__1.C,0.0,1,100.0,190,91.98947368421052,91.98947368421052,High density,Pocket,pocket_qcov,70,0.0
7f6j__1__1.A__1.D_1.E,1.0,1,100.0,1683,91.75579322638146,91.75579322638146,High density,Pocket,pocket_qcov,70,100.0
7f6w__1__2.A__2.B,1.0,1,100.0,144,89.80555555555556,89.80555555555556,High density,Pocket,pocket_qcov,70,100.0
7f7d__1__2.A__2.B,0.0,1,67.0,0,,67.0,No neighbours,Pocket,pocket_qcov,70,0.0
7f7m__1__1.A__1.C_1.D,0.5,2,98.0,958,83.8329853862213,83.8329853862213,High density,Pocket,pocket_qcov,70,50.0
7f8t__1__1.A__1.L_1.M,0.75,1,100.0,59,88.59322033898304,88.59322033898304,Low density,Pocket,pocket_qcov,70,75.0
7f8u__1__1.A__1.B,0.0,1,96.0,11,86.27272727272727,86.27272727272727,Low density,Pocket,pocket_qcov,70,0.0
7f99__1__1.B__1.L_1.O,0.75,2,95.0,172,79.72093023255815,79.72093023255815,High density,Pocket,pocket_qcov,70,75.0
7f9a__1__1.A__1.C_1.O,0.875,2,100.0,172,83.0,83.0,High density,Pocket,pocket_qcov,70,87.5
7f9b__1__1.A__1.C_1.I,0.875,2,98.0,172,83.46511627906976,83.46511627906976,High density,Pocket,pocket_qcov,70,87.5
7fai__1__1.A__1.E,0.0,1,100.0,33,81.45454545454545,81.45454545454545,Low density,Pocket,pocket_qcov,70,0.0
7faj__1__1.A__1.E,0.0,1,100.0,45,81.73333333333333,81.73333333333333,Low density,Pocket,pocket_qcov,70,0.0
7fak__1__1.A__1.B,0.5,1,90.0,41,73.48780487804878,73.48780487804878,Low density,Pocket,pocket_qcov,70,50.0
7fan__1__1.A__1.B_1.C,0.625,2,95.0,172,79.34883720930233,79.34883720930233,High density,Pocket,pocket_qcov,70,62.5
7faq__1__1.A__1.B_1.C_1.D_1.E,0.75,1,95.0,561,77.3065953654189,77.3065953654189,High density,Pocket,pocket_qcov,70,75.0
7far__1__1.A__1.B_1.C_1.D,0.5,1,93.0,237,73.85654008438819,73.85654008438819,High density,Pocket,pocket_qcov,70,50.0
7fcz__1__2.B__2.D,0.75,1,97.0,125,76.704,76.704,High density,Pocket,pocket_qcov,70,75.0
7fd0__1__1.A__1.C,0.5,1,83.0,167,74.47305389221557,74.47305389221557,High density,Pocket,pocket_qcov,70,50.0
7fd6__1__1.A__1.B,0.5,1,100.0,108,81.0,81.0,Low density,Pocket,pocket_qcov,70,50.0
7fe2__1__1.A__1.E_1.I,0.75,1,91.0,30,84.3,84.3,Low density,Pocket,pocket_qcov,70,75.0
7fee__1__1.A__1.D,0.5,1,96.0,10,87.7,87.7,Low density,Pocket,pocket_qcov,70,50.0
7fee__1__1.A__1.E,0.0,1,42.0,0,,42.0,No neighbours,Pocket,pocket_qcov,70,0.0
7fgm__1__1.A__1.C_1.D_1.E,1.0,1,100.0,178,93.11235955056179,93.11235955056179,High density,Pocket,pocket_qcov,70,100.0
7fgp__1__1.A__1.C_1.G,1.0,1,81.0,18,74.11111111111111,74.11111111111111,Low density,Pocket,pocket_qcov,70,100.0
7fha__1__1.A__1.C,1.0,1,100.0,48,90.14583333333333,90.14583333333333,Low density,Pocket,pocket_qcov,70,100.0
7fhb__1__1.A__1.B,0.5,1,97.0,7,87.71428571428571,87.71428571428571,Low density,Pocket,pocket_qcov,70,50.0
7fhs__1__1.A__1.E_1.G,1.0,1,100.0,2127,79.29807240244476,79.29807240244476,High density,Pocket,pocket_qcov,70,100.0
7fja__1__1.A__1.C_1.D,0.75,1,100.0,38,87.15789473684211,87.15789473684211,Low density,Pocket,pocket_qcov,70,75.0
7fmg__1__1.A__1.C,0.0,1,90.0,11,78.18181818181819,78.18181818181819,Low density,Pocket,pocket_qcov,70,0.0
7fnt__1__1.B__1.C,0.0,1,100.0,7,90.0,90.0,Low density,Pocket,pocket_qcov,70,0.0
7fti__1__1.A__1.C,0.75,1,100.0,43,87.86046511627907,87.86046511627907,Low density,Pocket,pocket_qcov,70,75.0
7ftr__1__1.A__1.C_1.D_1.E_1.G,0.375,2,95.0,10,80.0,80.0,Low density,Pocket,pocket_qcov,70,37.5
7ftu__1__1.A__1.C_1.D_1.E_1.G,0.25,2,85.0,6,76.33333333333333,76.33333333333333,Low density,Pocket,pocket_qcov,70,25.0
7ftv__1__1.A__1.C,0.0,1,87.0,28,73.39285714285714,73.39285714285714,Low density,Pocket,pocket_qcov,70,0.0
7ftw__1__1.A__1.C,0.0,1,85.0,27,72.5925925925926,72.5925925925926,Low density,Pocket,pocket_qcov,70,0.0
7ftz__1__1.A__1.D,0.0,1,86.0,18,75.88888888888889,75.88888888888889,Low density,Pocket,pocket_qcov,70,0.0
7fu2__1__1.A__1.C,0.0,1,65.0,0,,65.0,No neighbours,Pocket,pocket_qcov,70,0.0
7fu6__1__1.A__1.C,0.0,1,73.0,1,73.0,73.0,Low density,Pocket,pocket_qcov,70,0.0
7fu7__1__1.A__1.C,0.0,1,69.0,0,,69.0,No neighbours,Pocket,pocket_qcov,70,0.0
7fu8__1__1.A__1.C,0.0,1,83.0,5,74.2,74.2,Low density,Pocket,pocket_qcov,70,0.0
7fuc__1__1.A__1.C,0.0,1,76.0,1,76.0,76.0,Low density,Pocket,pocket_qcov,70,0.0
7fuf__1__1.A__1.C,0.0,1,75.0,2,75.0,75.0,Low density,Pocket,pocket_qcov,70,0.0
7fum__1__1.A__1.C,0.0,1,63.0,0,,63.0,No neighbours,Pocket,pocket_qcov,70,0.0
7fur__1__1.A__1.C_1.D_1.E_1.F,0.375,2,92.0,12,80.0,80.0,Low density,Pocket,pocket_qcov,70,37.5
7fw3__1__1.A__1.B,0.0,1,100.0,112,86.51785714285714,86.51785714285714,Low density,Pocket,pocket_qcov,70,0.0
7fwb__1__1.A__1.B,0.0,1,100.0,127,82.79527559055119,82.79527559055119,High density,Pocket,pocket_qcov,70,0.0
7fwe__1__1.A__1.B,0.75,1,93.0,113,81.36283185840708,81.36283185840708,Low density,Pocket,pocket_qcov,70,75.0
7fwh__1__1.A__1.B,1.0,1,100.0,152,88.28289473684211,88.28289473684211,High density,Pocket,pocket_qcov,70,100.0
7fwi__1__1.A__1.D,0.0,1,100.0,127,84.34645669291339,84.34645669291339,High density,Pocket,pocket_qcov,70,0.0
7fwl__1__1.A__1.B,0.5,1,100.0,150,85.98,85.98,High density,Pocket,pocket_qcov,70,50.0
7fwm__1__1.A__1.B,0.0,1,100.0,162,86.80864197530865,86.80864197530865,High density,Pocket,pocket_qcov,70,0.0
7fwn__1__1.A__1.D,0.5,1,97.0,103,80.93203883495146,80.93203883495146,Low density,Pocket,pocket_qcov,70,50.0
7fwr__1__1.A__1.B,0.25,1,100.0,123,86.3821138211382,86.3821138211382,High density,Pocket,pocket_qcov,70,25.0
7fx1__1__1.A__1.B,1.0,1,100.0,170,85.04705882352941,85.04705882352941,High density,Pocket,pocket_qcov,70,100.0
7fxi__1__1.A__1.D,0.75,1,100.0,152,84.28289473684211,84.28289473684211,High density,Pocket,pocket_qcov,70,75.0
7fy8__1__1.A__1.I_1.J,0.0,1,100.0,33,77.45454545454545,77.45454545454545,Low density,Pocket,pocket_qcov,70,0.0
7fyr__1__1.A__1.B,0.0,1,97.0,124,84.18548387096774,84.18548387096774,High density,Pocket,pocket_qcov,70,0.0
7fys__1__1.A__1.B,0.75,1,97.0,110,83.60909090909091,83.60909090909091,Low density,Pocket,pocket_qcov,70,75.0
7fyx__1__1.A__1.C,0.75,1,100.0,130,84.53846153846153,84.53846153846153,High density,Pocket,pocket_qcov,70,75.0
7fz0__1__1.A__1.E,1.0,1,88.0,63,77.52380952380952,77.52380952380952,Low density,Pocket,pocket_qcov,70,100.0
7fz3__1__1.A__1.B,1.0,1,97.0,115,82.43478260869566,82.43478260869566,High density,Pocket,pocket_qcov,70,100.0
7fzc__1__1.A__1.B,1.0,1,100.0,135,87.98518518518519,87.98518518518519,High density,Pocket,pocket_qcov,70,100.0
7fzl__1__1.A__1.B,0.25,1,97.0,111,82.01801801801801,82.01801801801801,Low density,Pocket,pocket_qcov,70,25.0
7fzs__1__1.A__1.B,1.0,1,100.0,148,82.85810810810811,82.85810810810811,High density,Pocket,pocket_qcov,70,100.0
7g00__1__1.A__1.Q,0.0,1,97.0,45,78.13333333333334,78.13333333333334,Low density,Pocket,pocket_qcov,70,0.0
7g07__1__1.A__1.B,0.5,1,100.0,142,86.93661971830986,86.93661971830986,High density,Pocket,pocket_qcov,70,50.0
7g0g__1__1.A__1.B,0.5,1,100.0,152,86.80263157894737,86.80263157894737,High density,Pocket,pocket_qcov,70,50.0
7g0j__1__1.A__1.D,1.0,1,100.0,129,84.73643410852713,84.73643410852713,High density,Pocket,pocket_qcov,70,100.0
7g0t__1__1.A__1.B,0.0,1,100.0,132,87.60606060606061,87.60606060606061,High density,Pocket,pocket_qcov,70,0.0
7g10__1__1.A__1.D,0.25,1,100.0,122,82.36065573770492,82.36065573770492,High density,Pocket,pocket_qcov,70,25.0
7g1b__1__1.A__1.B,0.75,1,100.0,156,83.4551282051282,83.4551282051282,High density,Pocket,pocket_qcov,70,75.0
7g1e__1__1.A__1.C,1.0,1,100.0,133,86.18045112781955,86.18045112781955,High density,Pocket,pocket_qcov,70,100.0
7g1j__1__1.A__1.B,0.25,1,95.0,99,78.64646464646465,78.64646464646465,Low density,Pocket,pocket_qcov,70,25.0
7g1m__1__1.A__1.B,0.75,1,100.0,134,85.11194029850746,85.11194029850746,High density,Pocket,pocket_qcov,70,75.0
7g20__1__1.A__1.B,0.5,1,85.0,57,76.43859649122807,76.43859649122807,Low density,Pocket,pocket_qcov,70,50.0
7gaw__1__1.A_1.B__1.K,0.0,1,100.0,369,87.08943089430895,87.08943089430895,High density,Pocket,pocket_qcov,70,0.0
7gb6__1__1.A_2.A__1.F,1.0,1,100.0,370,81.7,81.7,High density,Pocket,pocket_qcov,70,100.0
7gb7__1__1.A_2.A__1.B,0.75,1,100.0,373,81.79088471849866,81.79088471849866,High density,Pocket,pocket_qcov,70,75.0
7gb8__1__1.A_2.A__1.F,1.0,1,100.0,404,88.65841584158416,88.65841584158416,High density,Pocket,pocket_qcov,70,100.0
7gbc__1__1.A_2.A__2.E,0.25,1,100.0,208,93.51923076923077,93.51923076923077,High density,Pocket,pocket_qcov,70,25.0
7gbd__1__1.A_2.A__2.E,1.0,1,100.0,208,92.13461538461539,92.13461538461539,High density,Pocket,pocket_qcov,70,100.0
7gbe__1__1.A_2.A__1.B,0.75,1,100.0,411,90.6301703163017,90.6301703163017,High density,Pocket,pocket_qcov,70,75.0
7gbg__1__1.A_2.A__2.E,1.0,1,100.0,208,93.47596153846153,93.47596153846153,High density,Pocket,pocket_qcov,70,100.0
7gbi__1__1.A_2.A__2.D,0.5,1,100.0,209,93.87081339712918,93.87081339712918,High density,Pocket,pocket_qcov,70,50.0
7gbo__1__1.A_2.A__1.E,1.0,1,100.0,414,90.03864734299516,90.03864734299516,High density,Pocket,pocket_qcov,70,100.0
7gbp__1__1.A_2.A__2.F,1.0,1,100.0,208,93.53846153846153,93.53846153846153,High density,Pocket,pocket_qcov,70,100.0
7gbq__1__1.A_2.A__1.E,1.0,1,100.0,411,90.62773722627738,90.62773722627738,High density,Pocket,pocket_qcov,70,100.0
7gbr__1__1.A_2.A__2.F,0.75,1,100.0,209,93.2488038277512,93.2488038277512,High density,Pocket,pocket_qcov,70,75.0
7gbs__1__1.A_2.A__1.E_1.F,1.0,1,100.0,411,90.65206812652067,90.65206812652067,High density,Pocket,pocket_qcov,70,100.0
7gbw__1__1.A_2.A__1.F,1.0,1,100.0,410,87.2390243902439,87.2390243902439,High density,Pocket,pocket_qcov,70,100.0
7gby__1__1.A_2.A__1.E,1.0,1,100.0,411,92.15815085158151,92.15815085158151,High density,Pocket,pocket_qcov,70,100.0
7gbz__1__1.A_2.A__2.F,1.0,1,100.0,209,94.29665071770334,94.29665071770334,High density,Pocket,pocket_qcov,70,100.0
7gc0__1__1.A_2.A__1.E,0.75,1,100.0,412,89.31553398058253,89.31553398058253,High density,Pocket,pocket_qcov,70,75.0
7gc1__1__1.A_2.A__2.E,0.5,1,100.0,209,91.91866028708134,91.91866028708134,High density,Pocket,pocket_qcov,70,50.0
7gc2__1__1.A_2.A__2.E,0.5,1,100.0,209,93.22009569377991,93.22009569377991,High density,Pocket,pocket_qcov,70,50.0
7gc3__1__1.A_2.A__2.F,0.25,1,100.0,208,91.65865384615384,91.65865384615384,High density,Pocket,pocket_qcov,70,25.0
7gc4__1__1.A_2.A__1.F_1.G,1.0,1,100.0,406,87.1847290640394,87.1847290640394,High density,Pocket,pocket_qcov,70,100.0
7gc8__1__1.A_2.A__2.E,1.0,1,100.0,209,93.84210526315789,93.84210526315789,High density,Pocket,pocket_qcov,70,100.0
7gcd__1__1.A_2.A__1.F_1.G,1.0,1,100.0,412,92.21601941747574,92.21601941747574,High density,Pocket,pocket_qcov,70,100.0
7gce__1__1.A_2.A__2.E,0.75,1,100.0,205,86.73170731707317,86.73170731707317,High density,Pocket,pocket_qcov,70,75.0
7gcf__1__1.A_2.A__2.E,1.0,1,100.0,209,93.84210526315789,93.84210526315789,High density,Pocket,pocket_qcov,70,100.0
7gcj__1__1.A_2.A__1.E,1.0,1,100.0,408,91.17647058823529,91.17647058823529,High density,Pocket,pocket_qcov,70,100.0
7gck__1__1.A_2.A__1.E,1.0,1,100.0,414,90.03864734299516,90.03864734299516,High density,Pocket,pocket_qcov,70,100.0
7gcn__1__1.A_2.A__2.F,1.0,1,100.0,207,90.19806763285024,90.19806763285024,High density,Pocket,pocket_qcov,70,100.0
7gco__1__1.A_2.A__2.E,0.75,1,100.0,209,95.93301435406698,95.93301435406698,High density,Pocket,pocket_qcov,70,75.0
7gcq__1__1.A_2.A__1.F,1.0,1,100.0,416,90.06971153846153,90.06971153846153,High density,Pocket,pocket_qcov,70,100.0
7gcs__1__1.A_2.A__1.E,0.75,1,100.0,418,86.85645933014354,86.85645933014354,High density,Pocket,pocket_qcov,70,75.0
7gcu__1__1.A_2.A__1.E,1.0,1,100.0,409,87.25672371638142,87.25672371638142,High density,Pocket,pocket_qcov,70,100.0
7gd0__1__1.A_2.A__1.F,1.0,1,100.0,416,90.04567307692308,90.04567307692308,High density,Pocket,pocket_qcov,70,100.0
7gd1__1__1.A_2.A__1.E,0.25,1,100.0,429,90.62937062937063,90.62937062937063,High density,Pocket,pocket_qcov,70,25.0
7gda__1__1.A_2.A__1.D,1.0,1,100.0,416,90.07932692307692,90.07932692307692,High density,Pocket,pocket_qcov,70,100.0
7gdc__1__1.A_2.A__2.D,0.5,1,100.0,209,93.55023923444976,93.55023923444976,High density,Pocket,pocket_qcov,70,50.0
7gde__1__1.A_2.A__1.E,1.0,1,100.0,411,90.58150851581509,90.58150851581509,High density,Pocket,pocket_qcov,70,100.0
7gdg__1__1.A_2.A__2.F,1.0,1,100.0,208,93.86057692307692,93.86057692307692,High density,Pocket,pocket_qcov,70,100.0
7gdj__1__1.A_2.A__2.E,1.0,1,100.0,208,93.86538461538461,93.86538461538461,High density,Pocket,pocket_qcov,70,100.0
7gdk__1__1.A_2.A__2.E,1.0,1,100.0,209,93.84210526315789,93.84210526315789,High density,Pocket,pocket_qcov,70,100.0
7gdl__1__1.A_2.A__1.E,1.0,1,100.0,415,90.06506024096386,90.06506024096386,High density,Pocket,pocket_qcov,70,100.0
7gdm__1__1.A_2.A__2.E,1.0,1,100.0,210,95.26190476190476,95.26190476190476,High density,Pocket,pocket_qcov,70,100.0
7gdz__1__1.A_2.A__1.E,1.0,1,100.0,412,87.53155339805825,87.53155339805825,High density,Pocket,pocket_qcov,70,100.0
7ge2__1__1.A_2.A__2.E,0.75,1,100.0,209,96.10526315789474,96.10526315789474,High density,Pocket,pocket_qcov,70,75.0
7ge3__1__1.A_2.A__1.D,1.0,1,100.0,410,90.61951219512196,90.61951219512196,High density,Pocket,pocket_qcov,70,100.0
7ge4__1__1.A_2.A__1.E_1.F,1.0,1,100.0,412,90.67718446601941,90.67718446601941,High density,Pocket,pocket_qcov,70,100.0
7ge8__1__1.A_2.A__2.E,0.75,1,100.0,211,94.2132701421801,94.2132701421801,High density,Pocket,pocket_qcov,70,75.0
7ge9__1__1.A_2.A__1.E,1.0,1,100.0,411,90.6301703163017,90.6301703163017,High density,Pocket,pocket_qcov,70,100.0
7gec__1__1.A_2.A__2.E,1.0,1,100.0,208,93.85576923076923,93.85576923076923,High density,Pocket,pocket_qcov,70,100.0
7ged__1__1.A_2.A__1.E,1.0,1,100.0,410,90.61951219512196,90.61951219512196,High density,Pocket,pocket_qcov,70,100.0
7gee__1__1.A_2.A__2.E,0.5,1,100.0,206,85.92233009708738,85.92233009708738,High density,Pocket,pocket_qcov,70,50.0
7gef__1__1.A_2.A__1.D,1.0,1,100.0,413,92.1452784503632,92.1452784503632,High density,Pocket,pocket_qcov,70,100.0
7geg__1__1.A_2.A__2.E,1.0,1,100.0,207,93.5072463768116,93.5072463768116,High density,Pocket,pocket_qcov,70,100.0
7geh__1__1.A_2.A__2.E,0.0,1,100.0,205,86.79024390243903,86.79024390243903,High density,Pocket,pocket_qcov,70,0.0
7gek__1__1.A_2.A__1.E,1.0,1,100.0,411,90.6301703163017,90.6301703163017,High density,Pocket,pocket_qcov,70,100.0
7gem__1__1.A_2.A__1.E_1.F,0.75,1,100.0,411,90.63990267639903,90.63990267639903,High density,Pocket,pocket_qcov,70,75.0
7gen__1__1.A_2.A__2.E,1.0,1,100.0,210,90.4952380952381,90.4952380952381,High density,Pocket,pocket_qcov,70,100.0
7ges__1__1.A_2.A__2.E,1.0,1,100.0,208,93.52403846153847,93.52403846153847,High density,Pocket,pocket_qcov,70,100.0
7geu__1__1.A_2.A__2.E,1.0,1,100.0,208,94.26923076923077,94.26923076923077,High density,Pocket,pocket_qcov,70,100.0
7gew__1__1.A_2.A__1.E,1.0,1,100.0,412,90.66504854368932,90.66504854368932,High density,Pocket,pocket_qcov,70,100.0
7gey__1__1.A_2.A__2.E,1.0,1,100.0,209,93.51196172248804,93.51196172248804,High density,Pocket,pocket_qcov,70,100.0
7gf0__1__1.A_2.A__1.E,0.75,1,100.0,415,90.06506024096386,90.06506024096386,High density,Pocket,pocket_qcov,70,75.0
7gf2__1__1.A_2.A__2.E,1.0,1,100.0,208,93.85576923076923,93.85576923076923,High density,Pocket,pocket_qcov,70,100.0
7gf3__1__1.A_2.A__1.E,1.0,1,100.0,411,90.65206812652067,90.65206812652067,High density,Pocket,pocket_qcov,70,100.0
7gf5__1__1.A_2.A__1.E,0.75,1,100.0,405,87.88641975308641,87.88641975308641,High density,Pocket,pocket_qcov,70,75.0
7gf6__1__1.A_2.A__2.E,1.0,1,100.0,208,93.65865384615384,93.65865384615384,High density,Pocket,pocket_qcov,70,100.0
7gfb__1__1.A_2.A__2.E,1.0,1,100.0,209,93.56937799043062,93.56937799043062,High density,Pocket,pocket_qcov,70,100.0
7gfh__1__1.A_2.A__1.E,1.0,1,100.0,411,90.6301703163017,90.6301703163017,High density,Pocket,pocket_qcov,70,100.0
7gfl__1__1.A_2.A__2.E,1.0,1,100.0,208,93.53846153846153,93.53846153846153,High density,Pocket,pocket_qcov,70,100.0
7gfr__1__1.A_2.A__2.E,1.0,1,100.0,209,93.84210526315789,93.84210526315789,High density,Pocket,pocket_qcov,70,100.0
7gfs__1__1.A_2.A__2.E,0.5,1,100.0,208,88.22115384615384,88.22115384615384,High density,Pocket,pocket_qcov,70,50.0
7gft__1__1.A_2.A__1.E,0.25,1,100.0,414,92.59903381642512,92.59903381642512,High density,Pocket,pocket_qcov,70,25.0
7gfx__1__1.A_2.A__2.E,1.0,1,100.0,207,93.8792270531401,93.8792270531401,High density,Pocket,pocket_qcov,70,100.0
7gfz__1__1.A_2.A__2.E_2.F,0.0,2,100.0,414,87.2415458937198,87.2415458937198,High density,Pocket,pocket_qcov,70,0.0
7gg2__1__1.A_2.A__2.E,1.0,1,100.0,210,93.51428571428572,93.51428571428572,High density,Pocket,pocket_qcov,70,100.0
7gga__1__1.A_2.A__1.E_1.F,1.0,1,100.0,411,87.2992700729927,87.2992700729927,High density,Pocket,pocket_qcov,70,100.0
7ggd__1__1.A__1.E,0.0,1,100.0,201,78.42786069651741,78.42786069651741,High density,Pocket,pocket_qcov,70,0.0
7gge__1__1.A_2.A__2.E_2.F,1.0,1,100.0,196,82.6734693877551,82.6734693877551,High density,Pocket,pocket_qcov,70,100.0
7ggh__1__1.A_2.A__2.E_2.F,1.0,1,100.0,209,93.48803827751196,93.48803827751196,High density,Pocket,pocket_qcov,70,100.0
7ggo__1__1.A_2.A__2.E_2.G,0.5,1,100.0,210,93.5,93.5,High density,Pocket,pocket_qcov,70,50.0
7ggq__1__1.A_2.A__2.E_2.F,1.0,1,100.0,207,93.46376811594203,93.46376811594203,High density,Pocket,pocket_qcov,70,100.0
7ggv__1__1.A_2.A__2.E_2.G,1.0,1,100.0,208,90.75,90.75,High density,Pocket,pocket_qcov,70,100.0
7ggw__1__1.A_2.A__1.E_1.F,1.0,1,100.0,411,87.30170316301704,87.30170316301704,High density,Pocket,pocket_qcov,70,100.0
7gh0__1__1.A_2.A__2.E_2.F,0.75,1,96.0,209,86.92822966507177,86.92822966507177,High density,Pocket,pocket_qcov,70,75.0
7gh1__1__1.A_2.A__2.E_2.F,0.0,1,100.0,213,90.55399061032864,90.55399061032864,High density,Pocket,pocket_qcov,70,0.0
7gh3__1__1.A_2.A__2.E,1.0,1,100.0,208,94.33653846153847,94.33653846153847,High density,Pocket,pocket_qcov,70,100.0
7gh5__1__1.A_2.A__1.B,1.0,1,100.0,412,90.65533980582525,90.65533980582525,High density,Pocket,pocket_qcov,70,100.0
7gh6__1__1.A_2.A__2.B,0.75,1,100.0,206,93.21844660194175,93.21844660194175,High density,Pocket,pocket_qcov,70,75.0
7gh7__1__1.A_2.A__1.B_1.F,1.0,1,100.0,412,90.6504854368932,90.6504854368932,High density,Pocket,pocket_qcov,70,100.0
7ghn__1__1.A_1.B__1.N,1.0,1,100.0,252,88.90873015873017,88.90873015873017,High density,Pocket,pocket_qcov,70,100.0
7gho__1__1.A_1.B__1.E_1.F,1.0,1,100.0,388,90.40463917525773,90.40463917525773,High density,Pocket,pocket_qcov,70,100.0
7ghp__1__1.A_1.B__1.M_1.O,1.0,1,100.0,249,91.65060240963855,91.65060240963855,High density,Pocket,pocket_qcov,70,100.0
7ghq__1__1.A_1.B__1.D_1.E,1.0,1,100.0,250,83.612,83.612,High density,Pocket,pocket_qcov,70,100.0
7ghr__1__1.A_1.B__1.M,1.0,1,100.0,235,94.8468085106383,94.8468085106383,High density,Pocket,pocket_qcov,70,100.0
7ghs__1__1.A_1.B__1.E_1.F,0.75,1,100.0,372,91.07795698924731,91.07795698924731,High density,Pocket,pocket_qcov,70,75.0
7ghx__1__1.A_1.B__1.O_1.Q,0.75,1,100.0,247,91.73684210526316,91.73684210526316,High density,Pocket,pocket_qcov,70,75.0
7ghy__1__1.A_1.B__1.O_1.P_1.Q,0.75,1,100.0,252,91.45238095238095,91.45238095238095,High density,Pocket,pocket_qcov,70,75.0
7gi4__1__1.A_1.B__1.J,1.0,1,100.0,228,88.14473684210526,88.14473684210526,High density,Pocket,pocket_qcov,70,100.0
7gi6__1__1.A_1.B__1.D,0.75,1,100.0,229,89.58078602620087,89.58078602620087,High density,Pocket,pocket_qcov,70,75.0
7gi7__1__1.A_1.B__1.L,1.0,1,100.0,340,82.38823529411765,82.38823529411765,High density,Pocket,pocket_qcov,70,100.0
7gi8__1__1.A_1.B__1.R_1.U_1.V,0.5,1,100.0,267,90.99250936329588,90.99250936329588,High density,Pocket,pocket_qcov,70,50.0
7gi9__1__1.A_1.B__1.F,1.0,1,100.0,242,92.3801652892562,92.3801652892562,High density,Pocket,pocket_qcov,70,100.0
7gia__1__1.A_1.B__1.F,1.0,1,100.0,383,93.44647519582246,93.44647519582246,High density,Pocket,pocket_qcov,70,100.0
7gib__1__1.A_1.B__1.E_1.F,1.0,1,100.0,246,92.3130081300813,92.3130081300813,High density,Pocket,pocket_qcov,70,100.0
7gid__1__1.A_1.B__1.E_1.F,1.0,1,100.0,244,95.07377049180327,95.07377049180327,High density,Pocket,pocket_qcov,70,100.0
7gih__1__1.A_1.B__1.L_1.P,1.0,1,100.0,378,90.6137566137566,90.6137566137566,High density,Pocket,pocket_qcov,70,100.0
7gij__1__1.A_1.B__1.E_1.F,0.75,1,100.0,231,87.63636363636364,87.63636363636364,High density,Pocket,pocket_qcov,70,75.0
7gim__1__1.A_1.B__1.E_1.F,0.75,1,100.0,389,90.94087403598972,90.94087403598972,High density,Pocket,pocket_qcov,70,75.0
7gin__1__1.A_1.B__1.F_1.G,1.0,1,100.0,367,91.07901907356948,91.07901907356948,High density,Pocket,pocket_qcov,70,100.0
7gio__1__1.A_1.B__1.L_1.O,1.0,1,100.0,254,91.49606299212599,91.49606299212599,High density,Pocket,pocket_qcov,70,100.0
7gip__1__1.A_1.B__1.N_1.O,0.0,1,100.0,219,81.93607305936074,81.93607305936074,High density,Pocket,pocket_qcov,70,0.0
7giq__1__1.A_1.B__1.F_1.G,1.0,1,100.0,367,91.37602179836512,91.37602179836512,High density,Pocket,pocket_qcov,70,100.0
7gir__1__1.A_1.B__1.F_1.I,1.0,1,100.0,360,91.3,91.3,High density,Pocket,pocket_qcov,70,100.0
7gis__1__1.A_1.B__1.E_1.F,0.75,1,100.0,388,90.54123711340206,90.54123711340206,High density,Pocket,pocket_qcov,70,75.0
7git__1__1.A_1.B__1.E_1.F,0.5,1,100.0,393,90.30279898218829,90.30279898218829,High density,Pocket,pocket_qcov,70,50.0
7giu__1__1.A_1.B__1.K_1.L,1.0,1,100.0,250,91.54,91.54,High density,Pocket,pocket_qcov,70,100.0
7gix__1__1.A_1.B__1.E_1.F,0.75,1,100.0,359,91.26183844011142,91.26183844011142,High density,Pocket,pocket_qcov,70,75.0
7giy__1__1.A_1.B__1.E_1.F,0.75,1,100.0,373,90.89544235924933,90.89544235924933,High density,Pocket,pocket_qcov,70,75.0
7gj0__1__1.A_1.B__1.M_1.N,0.75,1,100.0,259,84.01930501930502,84.01930501930502,High density,Pocket,pocket_qcov,70,75.0
7gj2__1__1.A_1.B__1.E_1.F,0.25,1,100.0,323,80.92879256965944,80.92879256965944,High density,Pocket,pocket_qcov,70,25.0
7gj4__1__1.A_1.B__1.E_1.F,0.75,1,100.0,382,90.6413612565445,90.6413612565445,High density,Pocket,pocket_qcov,70,75.0
7gj6__1__1.A_1.B__1.E_1.F,1.0,1,100.0,374,90.86096256684492,90.86096256684492,High density,Pocket,pocket_qcov,70,100.0
7gj8__1__1.A_1.B__1.E_1.F,0.75,1,100.0,372,90.85483870967742,90.85483870967742,High density,Pocket,pocket_qcov,70,75.0
7gjc__1__1.A_1.B__1.E,1.0,1,100.0,358,91.03631284916202,91.03631284916202,High density,Pocket,pocket_qcov,70,100.0
7gjd__1__1.A_1.B__1.E_1.F,1.0,1,100.0,224,92.92857142857143,92.92857142857143,High density,Pocket,pocket_qcov,70,100.0
7gjf__1__1.A_1.B__1.E_1.F,0.5,1,100.0,221,83.90950226244344,83.90950226244344,High density,Pocket,pocket_qcov,70,50.0
7gjg__1__1.A_1.B__1.E_1.F,0.75,1,97.0,308,78.43506493506493,78.43506493506493,High density,Pocket,pocket_qcov,70,75.0
7gji__1__1.A_1.B__1.L,1.0,1,100.0,379,90.63588390501319,90.63588390501319,High density,Pocket,pocket_qcov,70,100.0
7gjk__1__1.A_1.B__1.E_1.F,1.0,1,100.0,333,82.25825825825825,82.25825825825825,High density,Pocket,pocket_qcov,70,100.0
7gjl__1__1.A_1.B__1.D_1.E,1.0,1,100.0,395,90.2,90.2,High density,Pocket,pocket_qcov,70,100.0
7gjp__1__1.A_1.B__1.E_1.F,1.0,1,100.0,366,90.61748633879782,90.61748633879782,High density,Pocket,pocket_qcov,70,100.0
7gjq__1__1.A_1.B__1.E_1.F,0.75,1,100.0,388,90.67525773195877,90.67525773195877,High density,Pocket,pocket_qcov,70,75.0
7gjv__1__1.A_1.B__1.J_1.K,0.75,1,100.0,246,92.4390243902439,92.4390243902439,High density,Pocket,pocket_qcov,70,75.0
7gjx__1__1.A_1.B__1.E_1.J,0.5,1,100.0,366,91.02732240437159,91.02732240437159,High density,Pocket,pocket_qcov,70,50.0
7gjy__1__1.A_1.B__1.H_1.I,0.0,1,100.0,376,90.53457446808511,90.53457446808511,High density,Pocket,pocket_qcov,70,0.0
7gjz__1__1.A_1.B__1.I_1.K,1.0,1,100.0,337,87.21661721068249,87.21661721068249,High density,Pocket,pocket_qcov,70,100.0
7gk0__1__1.A_1.B__1.E_1.J,1.0,1,100.0,354,91.38700564971751,91.38700564971751,High density,Pocket,pocket_qcov,70,100.0
7gk1__1__1.A_1.B__1.D_1.I,1.0,1,100.0,363,90.9366391184573,90.9366391184573,High density,Pocket,pocket_qcov,70,100.0
7gk2__1__1.A_1.B__1.E_1.J,0.5,1,100.0,319,80.68652037617555,80.68652037617555,High density,Pocket,pocket_qcov,70,50.0
7gk3__1__1.A_1.B__1.E_1.J,1.0,1,100.0,369,90.70460704607046,90.70460704607046,High density,Pocket,pocket_qcov,70,100.0
7gk6__1__1.A_1.B__1.E_1.J,1.0,1,100.0,356,91.19662921348315,91.19662921348315,High density,Pocket,pocket_qcov,70,100.0
7gk7__1__1.A_1.B__1.H,0.5,1,100.0,325,81.10461538461539,81.10461538461539,High density,Pocket,pocket_qcov,70,50.0
7gk8__1__1.A_1.B__1.H,1.0,1,100.0,378,90.70899470899471,90.70899470899471,High density,Pocket,pocket_qcov,70,100.0
7gk9__1__1.A_1.B__1.M_1.O,1.0,1,100.0,253,91.5098814229249,91.5098814229249,High density,Pocket,pocket_qcov,70,100.0
7gka__1__1.A_1.B__1.E_1.J,1.0,1,100.0,362,91.3232044198895,91.3232044198895,High density,Pocket,pocket_qcov,70,100.0
7gkc__1__1.A_1.B__1.E_1.J,0.5,1,100.0,340,86.86764705882354,86.86764705882354,High density,Pocket,pocket_qcov,70,50.0
7gke__1__1.A_1.B__1.E_1.J,1.0,1,100.0,360,91.14444444444445,91.14444444444445,High density,Pocket,pocket_qcov,70,100.0
7gkf__1__1.A_1.B__1.E_1.J,0.75,1,100.0,352,91.23579545454545,91.23579545454545,High density,Pocket,pocket_qcov,70,75.0
7gkg__1__1.A_1.B__1.E_1.J,1.0,1,100.0,365,90.79452054794521,90.79452054794521,High density,Pocket,pocket_qcov,70,100.0
7gkh__1__1.A_1.B__1.J,0.75,1,100.0,368,90.5625,90.5625,High density,Pocket,pocket_qcov,70,75.0
7gki__1__1.A__1.I,1.0,1,100.0,429,91.8041958041958,91.8041958041958,High density,Pocket,pocket_qcov,70,100.0
7gkk__1__1.A_1.B__1.O,1.0,1,100.0,248,92.29838709677419,92.29838709677419,High density,Pocket,pocket_qcov,70,100.0
7gkm__1__1.A_1.B__1.I_1.J,1.0,1,100.0,380,90.47894736842105,90.47894736842105,High density,Pocket,pocket_qcov,70,100.0
7gkn__1__1.A_1.B__1.Q_1.S_1.T,1.0,1,100.0,233,92.6824034334764,92.6824034334764,High density,Pocket,pocket_qcov,70,100.0
7gko__1__1.A_1.B__1.I_1.J,0.5,1,100.0,385,88.0,88.0,High density,Pocket,pocket_qcov,70,50.0
7gkq__1__1.A_1.B__1.E_1.J,0.25,1,100.0,372,91.04838709677419,91.04838709677419,High density,Pocket,pocket_qcov,70,25.0
7gks__1__1.A_1.B__1.H,0.0,1,100.0,349,88.10028653295129,88.10028653295129,High density,Pocket,pocket_qcov,70,0.0
7gkt__1__1.A_1.B__1.E_1.J,1.0,1,100.0,345,82.06666666666666,82.06666666666666,High density,Pocket,pocket_qcov,70,100.0
7gkw__1__1.A_1.B__1.E_1.J,0.75,1,100.0,347,84.47262247838617,84.47262247838617,High density,Pocket,pocket_qcov,70,75.0
7gkx__1__1.A_1.B__1.I,0.5,1,100.0,345,91.67246376811595,91.67246376811595,High density,Pocket,pocket_qcov,70,50.0
7gkz__1__1.A_1.B__1.E_1.J,0.75,1,100.0,374,90.50534759358288,90.50534759358288,High density,Pocket,pocket_qcov,70,75.0
7gl1__1__1.A_1.B__1.D_1.I,1.0,1,100.0,328,91.85060975609755,91.85060975609755,High density,Pocket,pocket_qcov,70,100.0
7gl2__1__1.A_1.B__1.H_1.I,0.5,1,100.0,230,88.87391304347825,88.87391304347825,High density,Pocket,pocket_qcov,70,50.0
7gl3__1__1.A_1.B__1.H,0.5,1,100.0,327,91.84097859327217,91.84097859327217,High density,Pocket,pocket_qcov,70,50.0
7gl6__1__1.A_1.B__1.E_1.J,1.0,1,100.0,234,92.2948717948718,92.2948717948718,High density,Pocket,pocket_qcov,70,100.0
7gl7__1__1.A_1.B__1.E_1.J,1.0,1,100.0,384,90.34114583333333,90.34114583333333,High density,Pocket,pocket_qcov,70,100.0
7gla__1__1.A_1.B__1.I,1.0,1,100.0,302,91.94370860927152,91.94370860927152,High density,Pocket,pocket_qcov,70,100.0
7glb__1__1.A_1.B__1.N,0.25,1,100.0,382,89.93717277486911,89.93717277486911,High density,Pocket,pocket_qcov,70,25.0
7gld__1__1.A_1.B__1.H,0.25,1,100.0,235,91.72765957446809,91.72765957446809,High density,Pocket,pocket_qcov,70,25.0
7glg__1__1.A_1.B__1.H,0.0,1,100.0,233,89.37768240343348,89.37768240343348,High density,Pocket,pocket_qcov,70,0.0
7gli__1__1.A_1.B__1.L,0.0,1,100.0,392,90.51275510204081,90.51275510204081,High density,Pocket,pocket_qcov,70,0.0
7gln__1__1.A_1.B__1.I,0.5,1,100.0,235,92.42553191489361,92.42553191489361,High density,Pocket,pocket_qcov,70,50.0
7glo__1__1.A_1.B__1.E_1.J,1.0,1,100.0,234,92.3931623931624,92.3931623931624,High density,Pocket,pocket_qcov,70,100.0
7glq__1__1.A_1.B__1.E_1.J,1.0,1,100.0,232,92.46982758620689,92.46982758620689,High density,Pocket,pocket_qcov,70,100.0
7glw__1__1.A_1.B__1.E_1.J_1.K,1.0,1,100.0,233,89.45922746781116,89.45922746781116,High density,Pocket,pocket_qcov,70,100.0
7gly__1__1.A_1.B__1.I,0.5,1,100.0,240,89.27916666666667,89.27916666666667,High density,Pocket,pocket_qcov,70,50.0
7gm0__1__1.A_1.B__1.N,0.25,1,100.0,375,87.13066666666667,87.13066666666667,High density,Pocket,pocket_qcov,70,25.0
7gm1__1__1.A_1.B__1.I,0.25,1,100.0,237,92.50210970464136,92.50210970464136,High density,Pocket,pocket_qcov,70,25.0
7gm3__1__1.A_1.B__1.D_1.I,1.0,1,100.0,240,92.83333333333333,92.83333333333333,High density,Pocket,pocket_qcov,70,100.0
7gm4__1__1.A_1.B__1.I,0.5,1,100.0,237,92.35443037974683,92.35443037974683,High density,Pocket,pocket_qcov,70,50.0
7gm5__1__1.A_1.B__1.I,0.25,1,100.0,233,91.72961373390558,91.72961373390558,High density,Pocket,pocket_qcov,70,25.0
7gm6__1__1.A_1.B__1.N,0.75,1,95.0,365,87.18356164383562,87.18356164383562,High density,Pocket,pocket_qcov,70,75.0
7gm8__1__1.A_1.B__1.I,0.5,1,100.0,383,90.66318537859007,90.66318537859007,High density,Pocket,pocket_qcov,70,50.0
7gm9__1__1.A_1.B__1.I,1.0,1,100.0,233,92.57510729613733,92.57510729613733,High density,Pocket,pocket_qcov,70,100.0
7gma__1__1.A_1.B__1.J,0.0,1,100.0,197,80.00507614213198,80.00507614213198,High density,Pocket,pocket_qcov,70,0.0
7gmb__1__1.A_1.B__1.D_1.I,1.0,1,100.0,382,90.54712041884817,90.54712041884817,High density,Pocket,pocket_qcov,70,100.0
7gmh__1__1.A_1.B__1.O,1.0,1,100.0,379,91.07651715039577,91.07651715039577,High density,Pocket,pocket_qcov,70,100.0
7gmi__1__1.A_1.B__1.D_1.I,1.0,1,100.0,235,93.0,93.0,High density,Pocket,pocket_qcov,70,100.0
7gmj__1__1.A_1.B__1.E_1.J_1.K,1.0,1,100.0,234,92.23931623931624,92.23931623931624,High density,Pocket,pocket_qcov,70,100.0
7gmk__1__1.A_1.B__1.E_1.J,1.0,1,100.0,234,92.47435897435898,92.47435897435898,High density,Pocket,pocket_qcov,70,100.0
7gml__1__1.A_1.B__1.E_1.J,1.0,1,100.0,234,92.45299145299145,92.45299145299145,High density,Pocket,pocket_qcov,70,100.0
7gmm__1__1.A_1.B__1.E_1.J,1.0,1,100.0,233,92.45922746781116,92.45922746781116,High density,Pocket,pocket_qcov,70,100.0
7gmo__1__1.A_1.B__1.E_1.J,0.5,1,100.0,252,89.18650793650794,89.18650793650794,High density,Pocket,pocket_qcov,70,50.0
7gmp__1__1.A_1.B__1.D_1.I,1.0,1,100.0,240,92.77083333333333,92.77083333333333,High density,Pocket,pocket_qcov,70,100.0
7gmq__1__1.A_1.B__1.D_1.I,1.0,1,100.0,369,90.82113821138212,90.82113821138212,High density,Pocket,pocket_qcov,70,100.0
7gms__1__1.A_1.B__1.I,0.25,1,100.0,229,88.71615720524018,88.71615720524018,High density,Pocket,pocket_qcov,70,25.0
7gmu__1__1.A_1.B__1.I,1.0,1,100.0,234,92.37179487179488,92.37179487179488,High density,Pocket,pocket_qcov,70,100.0
7gmw__1__1.A_1.B__1.E_1.J,0.5,1,100.0,234,92.21794871794872,92.21794871794872,High density,Pocket,pocket_qcov,70,50.0
7gmy__1__1.A_1.B__1.I,0.25,1,100.0,272,91.57720588235294,91.57720588235294,High density,Pocket,pocket_qcov,70,25.0
7gn0__1__1.A_1.B__1.I,0.75,1,100.0,235,89.05106382978724,89.05106382978724,High density,Pocket,pocket_qcov,70,75.0
7gn4__1__1.A_1.B__1.E_1.J,0.75,1,100.0,239,91.6234309623431,91.6234309623431,High density,Pocket,pocket_qcov,70,75.0
7gn5__1__1.A_1.B__1.I,0.25,1,100.0,240,91.54166666666667,91.54166666666667,High density,Pocket,pocket_qcov,70,25.0
7gn8__1__1.A_1.B__1.I_1.J,1.0,1,100.0,248,92.23790322580645,92.23790322580645,High density,Pocket,pocket_qcov,70,100.0
7gn9__1__1.A_1.B__1.O,0.5,1,100.0,383,90.59530026109661,90.59530026109661,High density,Pocket,pocket_qcov,70,50.0
7gnb__1__1.A_1.B__1.M_1.O,0.5,1,96.0,377,87.20954907161804,87.20954907161804,High density,Pocket,pocket_qcov,70,50.0
7gnc__1__1.A_1.B__1.E_1.J,1.0,1,100.0,242,92.34297520661157,92.34297520661157,High density,Pocket,pocket_qcov,70,100.0
7gnd__1__1.A_1.B__1.E_1.J,1.0,1,100.0,238,89.28151260504201,89.28151260504201,High density,Pocket,pocket_qcov,70,100.0
7gnf__1__1.A_1.B__1.P_1.R,1.0,1,100.0,388,90.56701030927834,90.56701030927834,High density,Pocket,pocket_qcov,70,100.0
7gng__1__1.A_1.B__1.Q,1.0,1,100.0,377,90.64190981432361,90.64190981432361,High density,Pocket,pocket_qcov,70,100.0
7gnh__1__1.A_1.B__1.M,0.25,1,100.0,241,91.34439834024896,91.34439834024896,High density,Pocket,pocket_qcov,70,25.0
7gnk__1__1.A_1.B__1.T,1.0,1,100.0,360,87.08888888888889,87.08888888888889,High density,Pocket,pocket_qcov,70,100.0
7gnl__1__1.A_1.B__1.N,0.0,1,96.0,270,79.83333333333333,79.83333333333333,High density,Pocket,pocket_qcov,70,0.0
7gnm__1__1.A_1.B__1.S,0.0,1,96.0,367,86.84468664850137,86.84468664850137,High density,Pocket,pocket_qcov,70,0.0
7gnn__1__1.A_1.B__1.I,0.5,1,100.0,238,92.38655462184875,92.38655462184875,High density,Pocket,pocket_qcov,70,50.0
7gno__1__1.A_1.B__1.P_1.S,0.0,1,93.0,349,81.40114613180516,81.40114613180516,High density,Pocket,pocket_qcov,70,0.0
7gnp__1__1.A_1.B__1.H_1.J,0.75,1,100.0,228,92.11842105263158,92.11842105263158,High density,Pocket,pocket_qcov,70,75.0
7gnq__1__1.A_1.B__1.G_1.I_1.L,0.5,1,100.0,228,86.22368421052632,86.22368421052632,High density,Pocket,pocket_qcov,70,50.0
7gnr__1__1.A_1.B__1.E_1.J,1.0,1,100.0,230,92.54347826086956,92.54347826086956,High density,Pocket,pocket_qcov,70,100.0
7gns__1__1.A_1.B__1.H_1.J,1.0,1,100.0,224,88.91071428571429,88.91071428571429,High density,Pocket,pocket_qcov,70,100.0
7gnt__1__1.A_1.B__1.N_1.O,1.0,1,100.0,374,87.17647058823529,87.17647058823529,High density,Pocket,pocket_qcov,70,100.0
7gnu__1__1.A_1.B__1.O_1.Q,0.75,1,100.0,373,87.17426273458445,87.17426273458445,High density,Pocket,pocket_qcov,70,75.0
7grr__1__1.A__1.D,0.0,1,100.0,365,78.54794520547945,78.54794520547945,High density,Pocket,pocket_qcov,70,0.0
7grs__1__1.B__1.Q,0.0,1,94.0,166,76.71084337349397,76.71084337349397,High density,Pocket,pocket_qcov,70,0.0
7grt__1__1.A__1.C_1.E_1.I,0.0,1,100.0,423,85.05673758865248,85.05673758865248,High density,Pocket,pocket_qcov,70,0.0
7grw__1__1.B__1.M_1.N,0.0,1,100.0,369,86.69647696476964,86.69647696476964,High density,Pocket,pocket_qcov,70,0.0
7gs0__1__1.A_1.B__1.D,0.0,1,90.0,1,90.0,90.0,Low density,Pocket,pocket_qcov,70,0.0
7h1j__1__1.B__1.E,0.0,1,100.0,65,79.21538461538462,79.21538461538462,Low density,Pocket,pocket_qcov,70,0.0
7jhq__1__2.D__2.Q,0.25,1,100.0,230,84.69130434782609,84.69130434782609,High density,Pocket,pocket_qcov,70,25.0
7jni__1__1.A__1.C,0.0,1,49.0,0,,49.0,No neighbours,Pocket,pocket_qcov,70,0.0
7jyd__1__1.A__1.C,0.25,1,95.0,49,75.16326530612245,75.16326530612245,Low density,Pocket,pocket_qcov,70,25.0
7k4g__1__1.B__1.J_1.K_1.L,1.0,1,100.0,458,93.5349344978166,93.5349344978166,High density,Pocket,pocket_qcov,70,100.0
7k4i__1__1.B__1.J_1.K_1.L,1.0,1,100.0,443,89.63882618510158,89.63882618510158,High density,Pocket,pocket_qcov,70,100.0
7k4j__1__1.E__1.S_1.T_1.U,1.0,1,100.0,443,91.97516930022573,91.97516930022573,High density,Pocket,pocket_qcov,70,100.0
7k5v__1__1.A__1.C,0.0,1,100.0,218,87.44036697247707,87.44036697247707,High density,Pocket,pocket_qcov,70,0.0
7kbj__1__1.B_1.C__1.L_1.M_1.O,0.0,1,79.0,42,73.28571428571429,73.28571428571429,Low density,Pocket,pocket_qcov,70,0.0
7kbr__1__1.B_1.C__1.EA_1.IA_1.N,0.25,1,79.0,42,73.19047619047619,73.19047619047619,Low density,Pocket,pocket_qcov,70,25.0
7kh4__1__1.A_1.F__1.G_1.W,1.0,1,100.0,38,92.1842105263158,92.1842105263158,Low density,Pocket,pocket_qcov,70,100.0
7kkh__1__1.A_1.B__1.D,0.75,1,68.0,0,,68.0,No neighbours,Pocket,pocket_qcov,70,75.0
7knr__1__1.A__1.B_1.C_1.D,0.25,1,100.0,217,91.23963133640552,91.23963133640552,High density,Pocket,pocket_qcov,70,25.0
7ko6__1__1.A__1.D,0.75,1,100.0,3,94.66666666666667,94.66666666666667,Low density,Pocket,pocket_qcov,70,75.0
7kop__1__1.A__1.B_1.C_1.D,0.25,1,100.0,217,91.23963133640552,91.23963133640552,High density,Pocket,pocket_qcov,70,25.0
7kxz__1__1.A__1.C,0.75,1,97.0,2087,75.43076185912794,75.43076185912794,High density,Pocket,pocket_qcov,70,75.0
7l00__1__1.B__1.J_1.K_1.L,1.0,1,93.0,34,73.94117647058823,73.94117647058823,Low density,Pocket,pocket_qcov,70,100.0
7l1j__1__1.A_1.B__1.E_1.G,1.0,1,100.0,46,88.69565217391305,88.69565217391305,Low density,Pocket,pocket_qcov,70,100.0
7l1p__1__1.A_1.B__1.C,0.5,1,83.0,2,80.5,80.5,Low density,Pocket,pocket_qcov,70,50.0
7l2y__1__1.A_2.A__1.J,1.0,1,95.0,32,88.75,88.75,Low density,Pocket,pocket_qcov,70,100.0
7l8o__1__1.A__1.G_1.H,0.5,1,100.0,232,85.36206896551724,85.36206896551724,High density,Pocket,pocket_qcov,70,50.0
7l91__1__3.A__3.B_3.C_3.D,0.75,1,95.0,58,86.10344827586206,86.10344827586206,Low density,Pocket,pocket_qcov,70,75.0
7l9g__1__1.A__1.B_1.D,0.75,1,96.0,575,76.84521739130435,76.84521739130435,High density,Pocket,pocket_qcov,70,75.0
7lbv__1__1.A__1.B,1.0,1,96.0,40,78.9,78.9,Low density,Pocket,pocket_qcov,70,100.0
7ldy__1__1.A_1.B__1.H,1.0,1,100.0,789,82.47782002534855,82.47782002534855,High density,Pocket,pocket_qcov,70,100.0
7le3__1__1.A_1.B__1.C,1.0,1,100.0,797,82.46675031367629,82.46675031367629,High density,Pocket,pocket_qcov,70,100.0
7le5__1__1.A_1.B__1.H,1.0,1,100.0,800,82.37625,82.37625,High density,Pocket,pocket_qcov,70,100.0
7le6__1__1.A_1.B__1.C,1.0,1,100.0,797,82.4215809284818,82.4215809284818,High density,Pocket,pocket_qcov,70,100.0
7lff__1__1.A__1.C_1.D,1.0,1,100.0,364,89.51098901098901,89.51098901098901,High density,Pocket,pocket_qcov,70,100.0
7lk0__1__1.A_2.A__1.D,1.0,1,100.0,301,80.79734219269103,80.79734219269103,High density,Pocket,pocket_qcov,70,100.0
7lm4__1__1.A__1.B_1.C_1.D,1.0,1,100.0,217,88.89400921658986,88.89400921658986,High density,Pocket,pocket_qcov,70,100.0
7lov__1__1.A__1.C_1.D_1.H,0.75,2,100.0,44,91.36363636363636,91.36363636363636,Low density,Pocket,pocket_qcov,70,75.0
7lp0__1__1.A__1.C,0.75,1,100.0,1400,86.57214285714285,86.57214285714285,High density,Pocket,pocket_qcov,70,75.0
7lpk__1__1.A__1.C,1.0,1,100.0,1159,86.2855910267472,86.2855910267472,High density,Pocket,pocket_qcov,70,100.0
7lpw__1__1.A_1.B__1.G,0.0,1,73.0,1,73.0,73.0,Low density,Pocket,pocket_qcov,70,0.0
7lr9__1__1.A__1.C,0.5,1,100.0,337,80.53412462908013,80.53412462908013,High density,Pocket,pocket_qcov,70,50.0
7lrk__1__1.A__1.C,1.0,1,100.0,1163,86.29148753224419,86.29148753224419,High density,Pocket,pocket_qcov,70,100.0
7lro__1__1.A__1.D,1.0,1,100.0,1159,86.2855910267472,86.2855910267472,High density,Pocket,pocket_qcov,70,100.0
7ltx__1__1.A__1.E_1.F_1.G,0.625,2,96.0,204,79.43137254901961,79.43137254901961,High density,Pocket,pocket_qcov,70,62.5
7ltz__1__1.A__1.B_1.C,1.0,1,100.0,1032,77.41182170542636,77.41182170542636,High density,Pocket,pocket_qcov,70,100.0
7lxr__1__1.A__1.E_1.F,0.25,1,86.0,100,74.77,74.77,Low density,Pocket,pocket_qcov,70,25.0
7ly6__1__1.A_2.A__1.B_1.C_1.D,0.5,2,5.0,0,,5.0,No neighbours,Pocket,pocket_qcov,70,50.0
7lzr__1__1.A_1.B__1.H,1.0,1,88.0,7,79.85714285714286,79.85714285714286,Low density,Pocket,pocket_qcov,70,100.0
7m0n__1__1.B__1.J_1.M_1.N,0.0,1,95.0,83,76.08433734939759,76.08433734939759,Low density,Pocket,pocket_qcov,70,0.0
7m9g__1__1.A_1.B__1.E,1.0,1,100.0,773,81.36222509702458,81.36222509702458,High density,Pocket,pocket_qcov,70,100.0
7m9h__1__1.A_1.B__1.E,1.0,1,100.0,776,81.32731958762886,81.32731958762886,High density,Pocket,pocket_qcov,70,100.0
7m9r__1__1.A_1.B__1.C,1.0,1,100.0,774,81.31524547803618,81.31524547803618,High density,Pocket,pocket_qcov,70,100.0
7m9t__1__1.A_1.B__1.D,1.0,1,98.0,760,80.24078947368422,80.24078947368422,High density,Pocket,pocket_qcov,70,100.0
7m9v__1__1.A_1.B__1.C,1.0,1,98.0,761,80.27463863337714,80.27463863337714,High density,Pocket,pocket_qcov,70,100.0
7m9x__1__1.A_1.B__1.C,1.0,1,98.0,761,80.28777923784494,80.28777923784494,High density,Pocket,pocket_qcov,70,100.0
7ma0__1__1.A_1.B__1.I,1.0,1,100.0,796,82.1356783919598,82.1356783919598,High density,Pocket,pocket_qcov,70,100.0
7ma1__1__1.A_1.B__1.M,1.0,1,100.0,782,81.40153452685422,81.40153452685422,High density,Pocket,pocket_qcov,70,100.0
7ma2__1__1.A_1.B__1.E,1.0,1,100.0,780,82.85641025641026,82.85641025641026,High density,Pocket,pocket_qcov,70,100.0
7ma3__1__1.A_1.B__1.E,1.0,1,100.0,800,82.44375,82.44375,High density,Pocket,pocket_qcov,70,100.0
7ma4__1__1.A_1.B__1.D,1.0,1,100.0,786,82.20483460559797,82.20483460559797,High density,Pocket,pocket_qcov,70,100.0
7ma5__1__1.A_1.B__1.G,1.0,1,100.0,797,82.48055207026349,82.48055207026349,High density,Pocket,pocket_qcov,70,100.0
7ma7__1__1.A_1.B__1.E,1.0,1,100.0,790,82.55189873417721,82.55189873417721,High density,Pocket,pocket_qcov,70,100.0
7ma8__1__1.A_1.B__1.E,1.0,1,100.0,793,82.18537200504413,82.18537200504413,High density,Pocket,pocket_qcov,70,100.0
7maq__1__1.A_1.B__1.C,1.0,1,100.0,805,86.1751552795031,86.1751552795031,High density,Pocket,pocket_qcov,70,100.0
7mcj__1__1.A__1.C_1.D,0.0,1,81.0,8,77.25,77.25,Low density,Pocket,pocket_qcov,70,0.0
7mdp__1__1.A__1.D,0.0,1,100.0,64,90.3125,90.3125,Low density,Pocket,pocket_qcov,70,0.0
7mgj__1__1.A__1.E,1.0,1,100.0,950,82.42315789473685,82.42315789473685,High density,Pocket,pocket_qcov,70,100.0
7mgk__1__1.A__1.E,1.0,1,100.0,883,82.42129105322763,82.42129105322763,High density,Pocket,pocket_qcov,70,100.0
7mgt__1__1.A__1.B_1.C_1.D,1.0,1,97.0,10,83.7,83.7,Low density,Pocket,pocket_qcov,70,100.0
7mjd__1__1.B__1.S,0.0,1,95.0,125,80.744,80.744,High density,Pocket,pocket_qcov,70,0.0
7mkx__1__1.A__1.E,0.75,1,93.0,1852,74.39956803455723,74.39956803455723,High density,Pocket,pocket_qcov,70,75.0
7mlo__1__1.A__1.C,0.75,1,100.0,6,91.83333333333333,91.83333333333333,Low density,Pocket,pocket_qcov,70,75.0
7mlp__1__1.A__1.B,0.75,1,100.0,6,91.83333333333333,91.83333333333333,Low density,Pocket,pocket_qcov,70,75.0
7mlt__1__1.A__1.W,0.5,1,100.0,6,91.83333333333333,91.83333333333333,Low density,Pocket,pocket_qcov,70,50.0
7mmr__1__1.A_1.E__1.BA_1.CA_1.K,1.0,1,97.0,15,83.13333333333334,83.13333333333334,Low density,Pocket,pocket_qcov,70,100.0
7mnw__1__1.A__1.I_1.J,1.0,1,97.0,1565,88.40319488817892,88.40319488817892,High density,Pocket,pocket_qcov,70,100.0
7msk__1__1.A__1.C_1.D,0.75,1,47.0,0,,47.0,No neighbours,Pocket,pocket_qcov,70,75.0
7mwn__1__1.A_1.B__1.C,0.25,1,100.0,97,82.90721649484536,82.90721649484536,Low density,Pocket,pocket_qcov,70,25.0
7mwt__1__1.A__1.B_1.C,0.875,2,96.0,244,87.15573770491804,87.15573770491804,High density,Pocket,pocket_qcov,70,87.5
7mwu__1__1.A__1.B_1.C,0.875,2,100.0,244,89.97540983606558,89.97540983606558,High density,Pocket,pocket_qcov,70,87.5
7mwv__1__1.A__1.B_1.C,1.0,2,98.0,246,88.88617886178862,88.88617886178862,High density,Pocket,pocket_qcov,70,100.0
7mxh__1__1.A__1.D,0.0,1,95.0,2,93.5,93.5,Low density,Pocket,pocket_qcov,70,0.0
7mxk__1__1.A__1.B_1.C,0.0,1,97.0,534,77.29588014981273,77.29588014981273,High density,Pocket,pocket_qcov,70,0.0
7mxn__1__1.A__1.C,0.75,1,100.0,73,90.26027397260275,90.26027397260275,Low density,Pocket,pocket_qcov,70,75.0
7my0__1__1.A__1.C_1.F_1.G,0.5,1,100.0,74,92.17567567567568,92.17567567567568,Low density,Pocket,pocket_qcov,70,50.0
7myd__1__1.A__1.C_1.G,1.0,1,91.0,293,82.33447098976109,82.33447098976109,High density,Pocket,pocket_qcov,70,100.0
7n1r__1__1.A__1.P_1.Q_1.R,1.0,1,100.0,199,90.1356783919598,90.1356783919598,High density,Pocket,pocket_qcov,70,100.0
7n4w__1__1.A__1.D,0.25,1,88.0,17,81.17647058823529,81.17647058823529,Low density,Pocket,pocket_qcov,70,25.0
7n4z__1__1.A__1.F,0.0,1,79.0,6,76.33333333333333,76.33333333333333,Low density,Pocket,pocket_qcov,70,0.0
7n53__1__1.A__1.D,0.0,1,74.0,4,72.5,72.5,Low density,Pocket,pocket_qcov,70,0.0
7n54__1__1.B__1.H,0.75,1,88.0,20,78.2,78.2,Low density,Pocket,pocket_qcov,70,75.0
7n8w__1__1.A_1.B__1.C_1.E,0.0,1,67.0,0,,67.0,No neighbours,Pocket,pocket_qcov,70,0.0
7n9d__1__1.A__1.D,0.5,1,79.0,20,74.2,74.2,Low density,Pocket,pocket_qcov,70,50.0
7n9g__1__1.A__1.E_1.F,1.0,1,100.0,1690,78.21952662721894,78.21952662721894,High density,Pocket,pocket_qcov,70,100.0
7nag__1__1.A__1.C,0.0,1,85.0,2,85.0,85.0,Low density,Pocket,pocket_qcov,70,0.0
7nah__1__1.A__1.C,0.0,1,85.0,2,85.0,85.0,Low density,Pocket,pocket_qcov,70,0.0
7nai__1__1.A__1.C,0.0,1,82.0,2,79.5,79.5,Low density,Pocket,pocket_qcov,70,0.0
7nb3__1__1.A__1.C,0.0,1,91.0,13,81.84615384615384,81.84615384615384,Low density,Pocket,pocket_qcov,70,0.0
7nb7__1__1.A__1.E,0.75,1,100.0,174,85.77011494252874,85.77011494252874,High density,Pocket,pocket_qcov,70,75.0
7nbt__1__1.A_2.A__1.C,1.0,1,100.0,413,92.44067796610169,92.44067796610169,High density,Pocket,pocket_qcov,70,100.0
7nbw__1__1.A_2.A__1.B,0.75,1,91.0,11,83.45454545454545,83.45454545454545,Low density,Pocket,pocket_qcov,70,75.0
7ng1__1__2.A__2.C_2.D,0.0,1,100.0,560,81.09285714285714,81.09285714285714,High density,Pocket,pocket_qcov,70,0.0
7ngd__1__1.A__1.B,0.75,1,96.0,135,86.08148148148148,86.08148148148148,High density,Pocket,pocket_qcov,70,75.0
7ngg__1__2.A__2.B,1.0,1,100.0,137,89.07299270072993,89.07299270072993,High density,Pocket,pocket_qcov,70,100.0
7ngi__1__2.A__2.C,0.0,1,96.0,137,83.65693430656934,83.65693430656934,High density,Pocket,pocket_qcov,70,0.0
7ngj__1__1.A__1.B,0.5,1,100.0,137,91.89781021897811,91.89781021897811,High density,Pocket,pocket_qcov,70,50.0
7ngk__1__2.A__2.C,0.0,1,100.0,137,90.37956204379562,90.37956204379562,High density,Pocket,pocket_qcov,70,0.0
7ngm__1__2.A__2.B,0.75,1,96.0,137,87.34306569343066,87.34306569343066,High density,Pocket,pocket_qcov,70,75.0
7ngs__1__1.A__1.B,0.75,1,100.0,137,91.89781021897811,91.89781021897811,High density,Pocket,pocket_qcov,70,75.0
7ngw__1__2.A__2.B,1.0,1,100.0,137,89.07299270072993,89.07299270072993,High density,Pocket,pocket_qcov,70,100.0
7ngx__1__1.A__1.B,0.25,1,97.0,39,81.05128205128206,81.05128205128206,Low density,Pocket,pocket_qcov,70,25.0
7ngy__1__2.A__2.B,0.5,1,100.0,137,87.57664233576642,87.57664233576642,High density,Pocket,pocket_qcov,70,50.0
7nlk__1__1.A__1.C_1.E,0.5,1,100.0,149,86.09395973154362,86.09395973154362,High density,Pocket,pocket_qcov,70,50.0
7nlm__1__1.A__1.B_1.C,0.0,1,100.0,145,84.23448275862069,84.23448275862069,High density,Pocket,pocket_qcov,70,0.0
7nlv__1__1.A_1.C__1.G,1.0,1,100.0,476,89.0672268907563,89.0672268907563,High density,Pocket,pocket_qcov,70,100.0
7nqw__1__1.A__1.D_1.E_1.F,0.5,1,100.0,122,73.5,73.5,High density,Pocket,pocket_qcov,70,50.0
7nr5__1__1.A__1.F,0.75,1,97.0,77,76.18181818181819,76.18181818181819,Low density,Pocket,pocket_qcov,70,75.0
7nr6__1__1.B__1.H,1.0,1,92.0,48,81.5,81.5,Low density,Pocket,pocket_qcov,70,100.0
7nr8__1__1.A__1.F_1.I,0.5,1,95.0,86,74.23255813953489,74.23255813953489,Low density,Pocket,pocket_qcov,70,50.0
7ntb__1__1.A__1.B_1.C,0.75,1,100.0,906,85.02869757174393,85.02869757174393,High density,Pocket,pocket_qcov,70,75.0
7ntz__1__1.A__1.B,1.0,1,95.0,43,86.4186046511628,86.4186046511628,Low density,Pocket,pocket_qcov,70,100.0
7nu0__1__1.A__1.C_1.D_1.E,0.875,2,88.0,76,81.36842105263158,81.36842105263158,Low density,Pocket,pocket_qcov,70,87.5
7nud__1__1.B__1.D,0.0,1,93.0,193,79.73056994818653,79.73056994818653,High density,Pocket,pocket_qcov,70,0.0
7nue__1__1.A__1.C,0.0,1,94.0,267,82.53558052434457,82.53558052434457,High density,Pocket,pocket_qcov,70,0.0
7nwa__1__1.A_1.B__1.E,0.75,1,91.0,9,82.33333333333333,82.33333333333333,Low density,Pocket,pocket_qcov,70,75.0
7nwc__1__1.A_1.B__1.G,0.0,1,91.0,43,76.81395348837209,76.81395348837209,Low density,Pocket,pocket_qcov,70,0.0
7nxu__1__1.A__1.B_1.C_1.D,0.0,1,94.0,38,89.71052631578948,89.71052631578948,Low density,Pocket,pocket_qcov,70,0.0
7nya__1__1.A_1.B__1.F,0.0,1,84.0,29,75.3103448275862,75.3103448275862,Low density,Pocket,pocket_qcov,70,0.0
7nzn__1__1.A_2.A__1.B,0.0,1,87.0,167,73.35928143712574,73.35928143712574,High density,Pocket,pocket_qcov,70,0.0
7nzy__1__1.A__1.E,0.75,1,100.0,1507,81.74452554744525,81.74452554744525,High density,Pocket,pocket_qcov,70,75.0
7o1b__1__1.A__1.E,0.0,1,86.0,3,84.33333333333333,84.33333333333333,Low density,Pocket,pocket_qcov,70,0.0
7o2t__1__1.A_2.A__1.B,0.0,1,85.0,10,77.8,77.8,Low density,Pocket,pocket_qcov,70,0.0
7o46__1__1.A_2.A__1.B,1.0,1,100.0,407,88.54054054054055,88.54054054054055,High density,Pocket,pocket_qcov,70,100.0
7o6x__1__1.A__1.E,1.0,1,100.0,111,86.94594594594595,86.94594594594595,Low density,Pocket,pocket_qcov,70,100.0
7o7j__1__1.A__1.B,0.0,1,100.0,1604,83.70199501246883,83.70199501246883,High density,Pocket,pocket_qcov,70,0.0
7o7k__1__1.A__1.E,0.5,1,100.0,1730,79.75202312138728,79.75202312138728,High density,Pocket,pocket_qcov,70,50.0
7o9i__1__1.A__1.B,0.0,1,94.0,80,82.225,82.225,Low density,Pocket,pocket_qcov,70,0.0
7oa1__1__1.A__1.D_1.H,1.0,1,100.0,935,83.79572192513369,83.79572192513369,High density,Pocket,pocket_qcov,70,100.0
7oa4__1__1.A__1.E_1.F_1.H_1.I,0.0,1,60.0,0,,60.0,No neighbours,Pocket,pocket_qcov,70,0.0
7oat__1__1.B__1.F_1.G,1.0,1,89.0,369,76.17073170731707,76.17073170731707,High density,Pocket,pocket_qcov,70,100.0
7oed__1__1.A__1.C,0.5,1,100.0,27,86.29629629629629,86.29629629629629,Low density,Pocket,pocket_qcov,70,50.0
7of8__1__1.A__1.B,0.0,1,100.0,89,88.21348314606742,88.21348314606742,Low density,Pocket,pocket_qcov,70,0.0
7ofa__1__1.A__1.B_1.C,0.5,1,100.0,81,83.58024691358025,83.58024691358025,Low density,Pocket,pocket_qcov,70,50.0
7ohg__1__1.A__1.B_1.D_1.E_1.F,0.0,1,92.0,2,82.5,82.5,Low density,Pocket,pocket_qcov,70,0.0
7oj6__1__1.A_1.C__1.Y,0.0,1,100.0,33,89.57575757575758,89.57575757575758,Low density,Pocket,pocket_qcov,70,0.0
7ojo__1__1.A_1.B__1.E_1.F,0.75,2,100.0,266,81.95488721804512,81.95488721804512,High density,Pocket,pocket_qcov,70,75.0
7ojw__1__1.A_1.C__1.F,0.0,1,96.0,32,87.0,87.0,Low density,Pocket,pocket_qcov,70,0.0
7ojy__1__1.A_1.B__1.D,0.0,1,100.0,31,92.61290322580645,92.61290322580645,Low density,Pocket,pocket_qcov,70,0.0
7ok1__1__1.A_1.B__1.D,0.25,1,100.0,27,91.14814814814815,91.14814814814815,Low density,Pocket,pocket_qcov,70,25.0
7ok8__1__1.A__1.B_1.C_1.D,1.0,1,100.0,1032,90.1937984496124,90.1937984496124,High density,Pocket,pocket_qcov,70,100.0
7okc__1__1.A_2.A__2.B,0.0,1,93.0,37,84.27027027027027,84.27027027027027,Low density,Pocket,pocket_qcov,70,0.0
7oli__1__1.A__1.C,1.0,1,92.0,1,92.0,92.0,Low density,Pocket,pocket_qcov,70,100.0
7olj__1__1.A_1.B__1.E,1.0,1,95.0,260,79.79615384615384,79.79615384615384,High density,Pocket,pocket_qcov,70,100.0
7oll__1__1.A_2.A__2.B_2.C_2.D,1.0,1,100.0,19,90.21052631578948,90.21052631578948,Low density,Pocket,pocket_qcov,70,100.0
7olr__1__1.A_2.A__2.B_2.C_2.D,1.0,2,97.0,32,86.1875,86.1875,Low density,Pocket,pocket_qcov,70,100.0
7om1__1__1.A_1.B__1.E,1.0,1,100.0,361,82.4376731301939,82.4376731301939,High density,Pocket,pocket_qcov,70,100.0
7omd__1__1.A__1.C_1.D,0.0,1,80.0,23,74.78260869565217,74.78260869565217,Low density,Pocket,pocket_qcov,70,0.0
7ome__1__1.A__1.B,0.0,1,69.0,0,,69.0,No neighbours,Pocket,pocket_qcov,70,0.0
7omo__1__1.A__1.C,0.0,1,77.0,2,77.0,77.0,Low density,Pocket,pocket_qcov,70,0.0
7omr__1__1.A__1.B,0.0,1,87.0,2,87.0,87.0,Low density,Pocket,pocket_qcov,70,0.0
7on9__1__1.A__1.E_1.F,1.0,1,96.0,100,91.03,91.03,Low density,Pocket,pocket_qcov,70,100.0
7opm__1__1.A__1.D,0.75,1,100.0,2038,82.62365063788027,82.62365063788027,High density,Pocket,pocket_qcov,70,75.0
7orq__1__1.A__1.B_1.C_1.D,1.0,1,100.0,1032,90.1937984496124,90.1937984496124,High density,Pocket,pocket_qcov,70,100.0
7osq__1__1.A__1.B_1.C,0.5,2,98.0,42,88.04761904761905,88.04761904761905,Low density,Pocket,pocket_qcov,70,50.0
7osx__1__1.A__1.C,0.75,1,100.0,189,82.74603174603175,82.74603174603175,High density,Pocket,pocket_qcov,70,75.0
7oud__1__1.A__1.B_1.C,0.0,2,82.0,48,75.875,75.875,Low density,Pocket,pocket_qcov,70,0.0
7ouj__1__1.A__1.B_1.D,0.5,2,82.0,120,73.45,73.45,High density,Pocket,pocket_qcov,70,50.0
7ovd__1__1.A__1.B,0.75,1,96.0,3,88.66666666666667,88.66666666666667,Low density,Pocket,pocket_qcov,70,75.0
7oy5__1__1.A__1.C,0.75,1,100.0,2907,85.08634330925352,85.08634330925352,High density,Pocket,pocket_qcov,70,75.0
7oyf__1__1.A_1.B__1.C_1.D_1.E_1.F_1.S,1.0,1,94.0,3,90.66666666666667,90.66666666666667,Low density,Pocket,pocket_qcov,70,100.0
7oze__1__1.A__1.E_1.F,0.75,1,88.0,1,88.0,88.0,Low density,Pocket,pocket_qcov,70,75.0
7p1a__1__1.A__1.B_1.D,0.5,1,100.0,847,83.29161747343565,83.29161747343565,High density,Pocket,pocket_qcov,70,50.0
7p1e__1__1.A__1.C_1.G,0.0,1,7.0,0,,7.0,No neighbours,Pocket,pocket_qcov,70,0.0
7p1f__1__1.A__1.C,1.0,1,61.0,0,,61.0,No neighbours,Pocket,pocket_qcov,70,100.0
7p1o__1__1.A__1.D,1.0,1,56.0,0,,56.0,No neighbours,Pocket,pocket_qcov,70,100.0
7p1s__1__1.A__1.E,1.0,1,95.0,29,80.6896551724138,80.6896551724138,Low density,Pocket,pocket_qcov,70,100.0
7p1u__1__1.A__1.C_1.D,0.75,1,95.0,29,80.6896551724138,80.6896551724138,Low density,Pocket,pocket_qcov,70,75.0
7p3b__1__1.A__1.C_1.D_1.E,1.0,1,100.0,5,92.2,92.2,Low density,Pocket,pocket_qcov,70,100.0
7p3v__1__1.B__1.D,0.75,1,89.0,325,76.0923076923077,76.0923076923077,High density,Pocket,pocket_qcov,70,75.0
7p4c__1__1.A__1.E_1.F,0.75,1,83.0,25,74.36,74.36,Low density,Pocket,pocket_qcov,70,75.0
7p4o__1__1.A__1.C_1.F,0.375,2,72.0,2,72.0,72.0,Low density,Pocket,pocket_qcov,70,37.5
7p4v__1__1.A_3.A__1.B,0.25,1,100.0,113,92.32743362831859,92.32743362831859,Low density,Pocket,pocket_qcov,70,25.0
7p50__1__1.A_1.B__1.D_1.E_1.F,0.75,2,100.0,198,83.81818181818181,83.81818181818181,High density,Pocket,pocket_qcov,70,75.0
7p5e__1__1.A__1.B_1.D,1.0,1,100.0,80,82.925,82.925,Low density,Pocket,pocket_qcov,70,100.0
7p5f__1__1.A__1.C,0.75,1,100.0,75,81.57333333333334,81.57333333333334,Low density,Pocket,pocket_qcov,70,75.0
7p5i__1__1.A__1.D,1.0,1,97.0,72,79.88888888888889,79.88888888888889,Low density,Pocket,pocket_qcov,70,100.0
7p5k__1__1.A__1.C,0.5,1,100.0,73,80.24657534246575,80.24657534246575,Low density,Pocket,pocket_qcov,70,50.0
7p5n__1__1.A__1.C,0.5,1,100.0,72,81.09722222222223,81.09722222222223,Low density,Pocket,pocket_qcov,70,50.0
7p5p__1__1.A__1.D,1.0,1,97.0,66,79.87878787878788,79.87878787878788,Low density,Pocket,pocket_qcov,70,100.0
7p84__1__1.A_1.B__1.E_1.F_1.G_1.H,0.5,1,87.0,2,86.0,86.0,Low density,Pocket,pocket_qcov,70,50.0
7p8m__1__1.A_1.B__1.E_1.F_1.G_1.H,0.5,1,93.0,2,93.0,93.0,Low density,Pocket,pocket_qcov,70,50.0
7p97__1__1.A__1.C_1.D_1.E,0.75,1,49.0,0,,49.0,No neighbours,Pocket,pocket_qcov,70,75.0
7p9p__1__1.B_2.A__2.D_2.I,0.0,2,71.0,4,71.0,71.0,Low density,Pocket,pocket_qcov,70,0.0
7pa1__1__1.A__1.D,1.0,1,95.0,10,87.5,87.5,Low density,Pocket,pocket_qcov,70,100.0
7paw__1__1.B__1.C,0.0,1,87.0,11,83.0909090909091,83.0909090909091,Low density,Pocket,pocket_qcov,70,0.0
7pax__1__2.A_2.B__2.C_2.D_2.E,1.0,1,72.0,6,71.33333333333333,71.33333333333333,Low density,Pocket,pocket_qcov,70,100.0
7pcc__1__1.A_1.B__1.C_1.I,1.0,1,100.0,63,90.74603174603175,90.74603174603175,Low density,Pocket,pocket_qcov,70,100.0
7pcg__1__1.A_1.B__1.F_1.H_1.J_1.K_1.L,0.75,2,98.0,134,86.64179104477611,86.64179104477611,High density,Pocket,pocket_qcov,70,75.0
7pci__1__1.A_2.A__2.B_2.C_2.D_2.E_2.F,0.75,2,98.0,124,87.83870967741936,87.83870967741936,High density,Pocket,pocket_qcov,70,75.0
7pcl__1__1.A_1.B__1.G_1.H_1.I_1.J,0.875,2,96.0,124,86.83870967741936,86.83870967741936,High density,Pocket,pocket_qcov,70,87.5
7pcm__1__1.A_1.B__1.F_1.I_1.J_1.K,1.0,2,92.0,92,84.97826086956522,84.97826086956522,Low density,Pocket,pocket_qcov,70,100.0
7pco__1__1.A_1.B__1.F_1.H_1.I_1.J,0.875,2,94.0,122,82.8360655737705,82.8360655737705,High density,Pocket,pocket_qcov,70,87.5
7pcs__1__1.B__1.G_1.H,1.0,1,98.0,1871,80.6932121859968,80.6932121859968,High density,Pocket,pocket_qcov,70,100.0
7pct__1__1.A_1.B__1.F_1.G_1.I_1.J_1.K,0.625,2,98.0,124,88.20967741935483,88.20967741935483,High density,Pocket,pocket_qcov,70,62.5
7pd6__1__1.A_1.B__1.K,0.0,1,100.0,329,80.39817629179332,80.39817629179332,High density,Pocket,pocket_qcov,70,0.0
7pdb__1__1.C_1.D__1.H,0.25,1,100.0,386,80.44041450777202,80.44041450777202,High density,Pocket,pocket_qcov,70,25.0
7pdr__1__1.A_1.E__1.I,0.0,1,95.0,326,78.93865030674847,78.93865030674847,High density,Pocket,pocket_qcov,70,0.0
7pdt__1__1.A__1.E,1.0,1,100.0,695,78.14244604316546,78.14244604316546,High density,Pocket,pocket_qcov,70,100.0
7pe4__1__1.A__1.B_1.C,1.0,1,100.0,36,91.52777777777777,91.52777777777777,Low density,Pocket,pocket_qcov,70,100.0
7pe5__1__1.D_1.E__1.I,0.0,1,96.0,269,75.06691449814126,75.06691449814126,High density,Pocket,pocket_qcov,70,0.0
7pe6__1__1.A_1.B__1.F,0.0,1,95.0,366,83.47267759562841,83.47267759562841,High density,Pocket,pocket_qcov,70,0.0
7pfm__1__1.A_1.B__1.C,1.0,1,100.0,283,86.41342756183745,86.41342756183745,High density,Pocket,pocket_qcov,70,100.0
7phe__1__1.A__1.C,0.0,1,96.0,8,86.625,86.625,Low density,Pocket,pocket_qcov,70,0.0
7phj__1__1.A__1.B_1.C,0.25,1,100.0,114,87.35964912280701,87.35964912280701,High density,Pocket,pocket_qcov,70,25.0
7phn__1__1.A__1.B_1.C,1.0,1,97.0,109,84.45871559633028,84.45871559633028,Low density,Pocket,pocket_qcov,70,100.0
7pi1__1__1.A__1.F,0.75,1,70.0,3,70.0,70.0,Low density,Pocket,pocket_qcov,70,75.0
7pj9__1__1.A__1.C,1.0,1,94.0,98,84.76530612244898,84.76530612244898,Low density,Pocket,pocket_qcov,70,100.0
7pjk__1__1.A__1.E,1.0,1,100.0,113,95.47787610619469,95.47787610619469,Low density,Pocket,pocket_qcov,70,100.0
7pjm__1__1.A_1.B__1.D_1.G_1.H,0.75,2,86.0,44,77.68181818181819,77.68181818181819,Low density,Pocket,pocket_qcov,70,75.0
7plf__1__1.A__1.C_1.D,0.0,1,100.0,985,84.85888324873096,84.85888324873096,High density,Pocket,pocket_qcov,70,0.0
7pom__1__1.C__1.I_1.J,1.0,1,100.0,537,78.3314711359404,78.3314711359404,High density,Pocket,pocket_qcov,70,100.0
7pox__1__1.A__1.C,0.0,1,100.0,126,87.96825396825396,87.96825396825396,High density,Pocket,pocket_qcov,70,0.0
7ppg__1__1.A_1.B__1.E_1.G_1.H,1.0,1,97.0,45,83.5111111111111,83.5111111111111,Low density,Pocket,pocket_qcov,70,100.0
7pph__1__1.A_1.B__1.H_1.J,0.75,1,91.0,43,79.90697674418605,79.90697674418605,Low density,Pocket,pocket_qcov,70,75.0
7pqs__1__1.A__1.C,0.5,1,89.0,906,75.58609271523179,75.58609271523179,High density,Pocket,pocket_qcov,70,50.0
7pqv__1__1.A__1.B,1.0,1,100.0,2377,78.4598233066891,78.4598233066891,High density,Pocket,pocket_qcov,70,100.0
7pri__1__1.A__1.C_1.F,0.0,1,100.0,707,78.68741159830269,78.68741159830269,High density,Pocket,pocket_qcov,70,0.0
7psc__1__1.A_1.B__1.C_1.D,1.0,1,100.0,253,91.31225296442688,91.31225296442688,High density,Pocket,pocket_qcov,70,100.0
7pu9__1__1.A__1.B_1.C,0.0,2,84.0,4,77.0,77.0,Low density,Pocket,pocket_qcov,70,0.0
7puw__1__1.B__1.G_1.H,1.0,1,100.0,507,78.20907297830375,78.20907297830375,High density,Pocket,pocket_qcov,70,100.0
7pvn__1__1.A__1.C_1.H_1.J,1.0,1,22.0,0,,22.0,No neighbours,Pocket,pocket_qcov,70,100.0
7pwu__1__1.A__1.C,1.0,1,100.0,243,76.81481481481481,76.81481481481481,High density,Pocket,pocket_qcov,70,100.0
7pwy__1__1.A_1.B__1.I_1.J,0.0,1,71.0,2,71.0,71.0,Low density,Pocket,pocket_qcov,70,0.0
7pz1__1__1.A__1.D,0.75,1,97.0,11,90.27272727272727,90.27272727272727,Low density,Pocket,pocket_qcov,70,75.0
7pzu__1__1.A__1.B_1.C,0.0,1,97.0,109,82.44954128440367,82.44954128440367,Low density,Pocket,pocket_qcov,70,0.0
7pzv__1__1.A__1.B_1.C,0.25,1,97.0,110,83.64545454545454,83.64545454545454,Low density,Pocket,pocket_qcov,70,25.0
7q1n__1__1.A__1.F_1.K,0.0,2,97.0,448,79.71428571428571,79.71428571428571,High density,Pocket,pocket_qcov,70,0.0
7q1o__1__1.A__1.I_1.L,0.125,2,97.0,402,78.0,78.0,High density,Pocket,pocket_qcov,70,12.5
7q29__1__1.A__1.G_1.I_1.J_1.O,1.0,1,88.0,21,74.95238095238095,74.95238095238095,Low density,Pocket,pocket_qcov,70,100.0
7q2o__1__1.A_1.B__1.D,0.0,1,52.0,0,,52.0,No neighbours,Pocket,pocket_qcov,70,0.0
7q6f__1__1.A__1.C_1.D,1.0,1,85.0,15,80.13333333333334,80.13333333333334,Low density,Pocket,pocket_qcov,70,100.0
7q6g__1__1.A__1.B_1.C,1.0,1,94.0,13,87.3076923076923,87.3076923076923,Low density,Pocket,pocket_qcov,70,100.0
7q6v__1__1.A__1.E,0.25,1,100.0,694,81.29827089337176,81.29827089337176,High density,Pocket,pocket_qcov,70,25.0
7q6w__1__1.A__1.E,0.25,1,95.0,703,76.62873399715505,76.62873399715505,High density,Pocket,pocket_qcov,70,25.0
7q7c__1__1.A__1.B_1.C,1.0,1,97.0,1250,78.2888,78.2888,High density,Pocket,pocket_qcov,70,100.0
7q7i__1__1.A__1.B,1.0,1,100.0,2773,78.05950234403173,78.05950234403173,High density,Pocket,pocket_qcov,70,100.0
7q7k__1__1.A__1.B,0.75,1,100.0,2906,80.81624225739849,80.81624225739849,High density,Pocket,pocket_qcov,70,75.0
7q7t__1__1.A_2.A__2.C,1.0,1,100.0,24,87.0,87.0,Low density,Pocket,pocket_qcov,70,100.0
7q7v__1__1.A_2.A__2.B,1.0,1,100.0,22,84.22727272727273,84.22727272727273,Low density,Pocket,pocket_qcov,70,100.0
7q8k__1__1.A__1.C_1.F_1.H,1.0,1,100.0,378,85.83068783068784,85.83068783068784,High density,Pocket,pocket_qcov,70,100.0
7q8q__1__1.A__1.C_1.E_1.J,0.0,1,88.0,36,75.47222222222223,75.47222222222223,Low density,Pocket,pocket_qcov,70,0.0
7q8z__1__1.A__1.E,0.5,1,100.0,991,81.56912209889,81.56912209889,High density,Pocket,pocket_qcov,70,50.0
7q90__1__1.A__1.D,0.5,1,95.0,943,81.30010604453871,81.30010604453871,High density,Pocket,pocket_qcov,70,50.0
7qa3__1__1.A__1.C,0.75,1,85.0,10,78.2,78.2,Low density,Pocket,pocket_qcov,70,75.0
7qaa__1__1.B__1.D,0.25,1,95.0,172,74.29651162790698,74.29651162790698,High density,Pocket,pocket_qcov,70,25.0
7qdt__1__1.A__1.B,1.0,1,97.0,364,75.43406593406593,75.43406593406593,High density,Pocket,pocket_qcov,70,100.0
7qea__1__1.A__1.C,0.25,1,54.0,0,,54.0,No neighbours,Pocket,pocket_qcov,70,25.0
7qei__1__1.A__1.B,1.0,1,85.0,4,77.0,77.0,Low density,Pocket,pocket_qcov,70,100.0
7qfe__1__1.A__1.D,0.0,1,96.0,10,84.3,84.3,Low density,Pocket,pocket_qcov,70,0.0
7qfo__1__1.A_2.A__1.C_1.D,1.0,1,83.0,11,76.18181818181819,76.18181818181819,Low density,Pocket,pocket_qcov,70,100.0
7qg1__1__1.A__1.C,1.0,1,96.0,2306,76.45793581960105,76.45793581960105,High density,Pocket,pocket_qcov,70,100.0
7qg3__1__1.A__1.C,1.0,1,97.0,1402,73.71255349500713,73.71255349500713,High density,Pocket,pocket_qcov,70,100.0
7qg5__1__1.A__1.C,1.0,1,97.0,860,74.19418604651163,74.19418604651163,High density,Pocket,pocket_qcov,70,100.0
7qgm__1__2.A__2.B_2.C_2.E,0.25,1,88.0,32,77.78125,77.78125,Low density,Pocket,pocket_qcov,70,25.0
7qgz__1__1.A__1.B_1.C,0.25,1,100.0,1036,91.01351351351352,91.01351351351352,High density,Pocket,pocket_qcov,70,25.0
7qh1__1__1.A__1.E_1.F,0.5,1,100.0,114,80.6140350877193,80.6140350877193,High density,Pocket,pocket_qcov,70,50.0
7qhd__1__1.A__1.J_1.P,0.0,1,87.0,86,75.54651162790698,75.54651162790698,Low density,Pocket,pocket_qcov,70,0.0
7qhe__1__1.A__1.I,0.0,1,87.0,80,75.2375,75.2375,Low density,Pocket,pocket_qcov,70,0.0
7qhl__1__1.A__1.E,1.0,1,100.0,2287,78.35242675994753,78.35242675994753,High density,Pocket,pocket_qcov,70,100.0
7qhz__1__1.A__1.B,1.0,1,100.0,1092,79.23626373626374,79.23626373626374,High density,Pocket,pocket_qcov,70,100.0
7qi0__1__1.A__1.C,0.75,1,100.0,1293,78.88167053364269,78.88167053364269,High density,Pocket,pocket_qcov,70,75.0
7qk0__1__1.A_2.A__1.B_2.E,1.0,1,92.0,17,83.29411764705883,83.29411764705883,Low density,Pocket,pocket_qcov,70,100.0
7qls__1__1.A__1.C_1.D_1.E,0.25,1,78.0,18,74.66666666666667,74.66666666666667,Low density,Pocket,pocket_qcov,70,25.0
7qnh__1__1.B__1.E_1.F,1.0,1,96.0,38,82.21052631578948,82.21052631578948,Low density,Pocket,pocket_qcov,70,100.0
7qnn__1__1.A__1.C,0.0,1,93.0,12,75.33333333333333,75.33333333333333,Low density,Pocket,pocket_qcov,70,0.0
7qqa__1__1.A_1.B__1.H_1.I,1.0,1,100.0,34,90.61764705882354,90.61764705882354,Low density,Pocket,pocket_qcov,70,100.0
7qrb__1__1.A__1.G,0.0,1,100.0,564,76.67553191489361,76.67553191489361,High density,Pocket,pocket_qcov,70,0.0
7qrc__1__1.A__1.D,0.75,1,100.0,18,100.0,100.0,Low density,Pocket,pocket_qcov,70,75.0
7qrk__1__1.A__1.B_1.C_1.D,0.25,1,100.0,995,86.97688442211056,86.97688442211056,High density,Pocket,pocket_qcov,70,25.0
7qt2__1__1.A_1.B__1.E,0.75,1,76.0,2,74.0,74.0,Low density,Pocket,pocket_qcov,70,75.0
7qt6__1__1.A__1.B,0.25,1,96.0,295,77.56610169491526,77.56610169491526,High density,Pocket,pocket_qcov,70,25.0
7qty__1__1.A__1.C,0.0,1,94.0,13,84.76923076923077,84.76923076923077,Low density,Pocket,pocket_qcov,70,0.0
7qv8__1__1.A__1.C_1.D,0.0,1,96.0,161,80.03105590062111,80.03105590062111,High density,Pocket,pocket_qcov,70,0.0
7qy9__1__1.A__1.C,1.0,1,100.0,21,77.61904761904762,77.61904761904762,Low density,Pocket,pocket_qcov,70,100.0
7qyn__1__1.B__1.O,0.0,1,91.0,143,74.87412587412588,74.87412587412588,High density,Pocket,pocket_qcov,70,0.0
7qzl__1__1.B__1.F_1.H,0.625,2,81.0,14,75.0,75.0,Low density,Pocket,pocket_qcov,70,62.5
7r02__1__1.B__1.L,0.0,1,90.0,129,77.04651162790698,77.04651162790698,High density,Pocket,pocket_qcov,70,0.0
7r0a__1__1.A__1.C,0.0,1,93.0,53,78.24528301886792,78.24528301886792,Low density,Pocket,pocket_qcov,70,0.0
7r0d__1__1.A_1.B__1.E_1.F,0.0,1,92.0,29,75.58620689655173,75.58620689655173,Low density,Pocket,pocket_qcov,70,0.0
7r26__1__1.A__1.B,1.0,1,100.0,242,86.92561983471074,86.92561983471074,High density,Pocket,pocket_qcov,70,100.0
7r2v__1__1.A__1.C_1.D,1.0,1,100.0,4,99.0,99.0,Low density,Pocket,pocket_qcov,70,100.0
7r2y__1__1.A_1.C__1.G_1.H,0.75,1,83.0,13,76.76923076923077,76.76923076923077,Low density,Pocket,pocket_qcov,70,75.0
7r3a__1__1.A_1.E__1.V_1.W,0.625,2,100.0,246,93.03252032520325,93.03252032520325,High density,Pocket,pocket_qcov,70,62.5
7r4a__1__1.A__1.C,1.0,1,100.0,413,82.88377723970945,82.88377723970945,High density,Pocket,pocket_qcov,70,100.0
7r5d__1__1.A__1.C,1.0,1,100.0,278,82.36690647482014,82.36690647482014,High density,Pocket,pocket_qcov,70,100.0
7r6g__1__1.A__1.C,0.0,1,100.0,797,81.39899623588457,81.39899623588457,High density,Pocket,pocket_qcov,70,0.0
7r6z__1__1.A__1.C_1.E_1.F,0.0,1,100.0,238,87.19747899159664,87.19747899159664,High density,Pocket,pocket_qcov,70,0.0
7r7e__1__1.A__1.C_1.D_1.F,1.0,1,100.0,93,88.31182795698925,88.31182795698925,Low density,Pocket,pocket_qcov,70,100.0
7r7l__1__1.A__1.C,1.0,1,100.0,35,90.85714285714286,90.85714285714286,Low density,Pocket,pocket_qcov,70,100.0
7r7r__1__1.A__1.B,1.0,1,100.0,2428,76.51112026359144,76.51112026359144,High density,Pocket,pocket_qcov,70,100.0
7r9n__1__1.B__1.E,0.75,1,100.0,2914,84.41798215511325,84.41798215511325,High density,Pocket,pocket_qcov,70,75.0
7r9p__1__1.A__1.C,0.75,1,100.0,2612,81.4521439509954,81.4521439509954,High density,Pocket,pocket_qcov,70,75.0
7r9t__1__1.A__1.C,0.0,1,100.0,2699,80.30381622823268,80.30381622823268,High density,Pocket,pocket_qcov,70,0.0
7rae__1__1.A__1.C,1.0,1,100.0,971,82.5859938208033,82.5859938208033,High density,Pocket,pocket_qcov,70,100.0
7raf__1__1.A__1.C,1.0,1,97.0,245,78.31428571428572,78.31428571428572,High density,Pocket,pocket_qcov,70,100.0
7rbw__1__1.A__1.C,0.5,1,43.0,0,,43.0,No neighbours,Pocket,pocket_qcov,70,50.0
7rck__1__1.A__1.C_1.D,1.0,1,100.0,11,93.0,93.0,Low density,Pocket,pocket_qcov,70,100.0
7rdp__1__1.A__1.B,1.0,1,100.0,415,90.92289156626506,90.92289156626506,High density,Pocket,pocket_qcov,70,100.0
7rf9__1__1.A_1.B__1.G,1.0,1,100.0,11,92.27272727272727,92.27272727272727,Low density,Pocket,pocket_qcov,70,100.0
7rh1__1__1.A__1.D,0.25,1,94.0,68,77.8529411764706,77.8529411764706,Low density,Pocket,pocket_qcov,70,25.0
7rh3__1__1.A__1.C,0.25,1,100.0,68,80.51470588235294,80.51470588235294,Low density,Pocket,pocket_qcov,70,25.0
7rh4__1__1.A__1.C,0.5,1,100.0,68,80.51470588235294,80.51470588235294,Low density,Pocket,pocket_qcov,70,50.0
7rke__1__1.A__1.E,0.75,1,96.0,1246,79.723113964687,79.723113964687,High density,Pocket,pocket_qcov,70,75.0
7rl2__1__1.A__1.C,0.0,1,100.0,81,76.34567901234568,76.34567901234568,Low density,Pocket,pocket_qcov,70,0.0
7rls__1__1.A_2.A__2.B,0.5,1,100.0,206,88.1504854368932,88.1504854368932,High density,Pocket,pocket_qcov,70,50.0
7rmb__1__1.A_2.A__2.B,0.25,1,100.0,209,90.73205741626795,90.73205741626795,High density,Pocket,pocket_qcov,70,25.0
7rmw__1__1.A__1.G,0.0,1,88.0,15,76.26666666666667,76.26666666666667,Low density,Pocket,pocket_qcov,70,0.0
7rn4__1__1.A_2.A__2.B,0.25,1,100.0,208,93.63942307692308,93.63942307692308,High density,Pocket,pocket_qcov,70,25.0
7rnk__1__1.A_2.A__2.B,0.5,1,100.0,201,85.77114427860697,85.77114427860697,High density,Pocket,pocket_qcov,70,50.0
7rnm__1__1.B__1.F,0.75,1,96.0,1326,81.23755656108597,81.23755656108597,High density,Pocket,pocket_qcov,70,75.0
7ror__1__1.A__1.C_1.D,1.0,1,100.0,8,85.5,85.5,Low density,Pocket,pocket_qcov,70,100.0
7ros__1__1.A__1.C,1.0,1,97.0,8,90.0,90.0,Low density,Pocket,pocket_qcov,70,100.0
7rq0__1__1.A_1.B__1.L,0.5,1,77.0,3,74.33333333333333,74.33333333333333,Low density,Pocket,pocket_qcov,70,50.0
7rre__1__1.A__1.B_1.C_1.D,0.0,1,96.0,649,76.5808936825886,76.5808936825886,High density,Pocket,pocket_qcov,70,0.0
7rsp__1__1.A__1.C_1.D,0.5,1,100.0,248,86.95564516129032,86.95564516129032,High density,Pocket,pocket_qcov,70,50.0
7rsv__1__1.A__1.C_1.D,0.75,1,100.0,266,89.7406015037594,89.7406015037594,High density,Pocket,pocket_qcov,70,75.0
7rwe__1__1.A__1.B,0.0,1,100.0,2174,79.3311867525299,79.3311867525299,High density,Pocket,pocket_qcov,70,0.0
7rwf__1__1.A__1.C,0.0,1,70.0,1,70.0,70.0,Low density,Pocket,pocket_qcov,70,0.0
7rxo__1__1.A__1.C,0.0,1,80.0,18,75.33333333333333,75.33333333333333,Low density,Pocket,pocket_qcov,70,0.0
7s04__1__2.A__2.B_2.C_2.D,1.0,2,96.0,76,90.76315789473684,90.76315789473684,Low density,Pocket,pocket_qcov,70,100.0
7s0u__1__1.A__1.F_1.G,0.5,2,95.0,126,83.38095238095238,83.38095238095238,High density,Pocket,pocket_qcov,70,50.0
7s14__1__1.A_1.B__1.E_1.K,1.0,1,71.0,2,71.0,71.0,Low density,Pocket,pocket_qcov,70,100.0
7s1c__1__1.A__1.C,0.5,1,100.0,40,90.125,90.125,Low density,Pocket,pocket_qcov,70,50.0
7s1d__1__1.A__1.C,0.0,1,90.0,16,80.1875,80.1875,Low density,Pocket,pocket_qcov,70,0.0
7s1q__1__1.A__1.C_1.D,0.5,2,95.0,78,88.0,88.0,Low density,Pocket,pocket_qcov,70,50.0
7s1r__1__1.A__1.C_1.D,0.5,2,94.0,72,87.66666666666667,87.66666666666667,Low density,Pocket,pocket_qcov,70,50.0
7s1s__1__1.A__1.C_1.D,0.5,2,90.0,66,86.12121212121212,86.12121212121212,Low density,Pocket,pocket_qcov,70,50.0
7s2k__1__2.B__2.H_2.I,0.5,2,94.0,110,76.76363636363637,76.76363636363637,Low density,Pocket,pocket_qcov,70,50.0
7s5f__1__1.A__1.E_1.F,0.5,2,94.0,1064,80.41353383458646,80.41353383458646,High density,Pocket,pocket_qcov,70,50.0
7s6u__1__1.A__1.B,0.75,1,100.0,2708,83.03286558345643,83.03286558345643,High density,Pocket,pocket_qcov,70,75.0
7s6v__1__1.A__1.B,0.5,1,100.0,2701,81.54313217326916,81.54313217326916,High density,Pocket,pocket_qcov,70,50.0
7s7t__1__1.A__1.B,0.0,1,56.0,0,,56.0,No neighbours,Pocket,pocket_qcov,70,0.0
7s7x__1__1.A__1.D,0.0,1,82.0,8,76.25,76.25,Low density,Pocket,pocket_qcov,70,0.0
7s84__1__1.A__1.B,0.0,1,77.0,13,72.46153846153847,72.46153846153847,Low density,Pocket,pocket_qcov,70,0.0
7sa0__1__1.A__1.F,0.0,1,93.0,835,74.6311377245509,74.6311377245509,High density,Pocket,pocket_qcov,70,0.0
7scr__1__1.E__1.K,0.25,1,100.0,270,83.14074074074074,83.14074074074074,High density,Pocket,pocket_qcov,70,25.0
7scw__1__1.A_1.B__1.C_1.D,1.0,1,100.0,1557,88.51509312780989,88.51509312780989,High density,Pocket,pocket_qcov,70,100.0
7sdd__1__2.A__2.B,0.25,1,66.0,0,,66.0,No neighbours,Pocket,pocket_qcov,70,25.0
7sdr__1__1.A__1.D,0.5,1,100.0,39,94.56410256410257,94.56410256410257,Low density,Pocket,pocket_qcov,70,50.0
7se9__1__1.A__1.C_1.D,0.0,1,88.0,61,76.72131147540983,76.72131147540983,Low density,Pocket,pocket_qcov,70,0.0
7sec__1__1.A__1.D_1.G,0.0,1,92.0,184,80.66847826086956,80.66847826086956,High density,Pocket,pocket_qcov,70,0.0
7ser__1__1.A__1.C_1.D,0.5,2,92.0,68,86.91176470588235,86.91176470588235,Low density,Pocket,pocket_qcov,70,50.0
7ses__1__1.A__1.C_1.D,0.5,2,93.0,76,87.55263157894737,87.55263157894737,Low density,Pocket,pocket_qcov,70,50.0
7sfo__1__1.A__1.E,1.0,1,100.0,1323,82.12320483749055,82.12320483749055,High density,Pocket,pocket_qcov,70,100.0
7sgg__1__1.A__1.B_1.D,0.5,1,96.0,304,78.14802631578948,78.14802631578948,High density,Pocket,pocket_qcov,70,50.0
7sgi__1__1.A__1.B_1.C,0.25,1,100.0,305,81.19016393442622,81.19016393442622,High density,Pocket,pocket_qcov,70,25.0
7sgk__1__1.A__1.B_1.C,0.25,1,92.0,161,74.93167701863354,74.93167701863354,High density,Pocket,pocket_qcov,70,25.0
7sh0__1__1.A__1.C_1.D_1.H,0.0,1,87.0,47,81.72340425531915,81.72340425531915,Low density,Pocket,pocket_qcov,70,0.0
7shh__1__1.A__1.E,1.0,1,100.0,113,95.47787610619469,95.47787610619469,Low density,Pocket,pocket_qcov,70,100.0
7si4__1__1.A__1.B,1.0,1,96.0,32,82.5,82.5,Low density,Pocket,pocket_qcov,70,100.0
7si5__1__1.A__1.D,1.0,1,96.0,32,82.5,82.5,Low density,Pocket,pocket_qcov,70,100.0
7sia__1__1.A_1.B__1.C,0.5,1,82.0,3,75.66666666666667,75.66666666666667,Low density,Pocket,pocket_qcov,70,50.0
7siu__1__1.A__1.C,0.0,1,96.0,819,77.43345543345544,77.43345543345544,High density,Pocket,pocket_qcov,70,0.0
7skk__1__1.A__1.E_1.F,0.625,2,74.0,12,74.0,74.0,Low density,Pocket,pocket_qcov,70,62.5
7slr__1__1.A_1.B__1.C,0.75,1,94.0,160,79.43125,79.43125,High density,Pocket,pocket_qcov,70,75.0
7sls__1__1.A_1.B__1.C,1.0,1,94.0,182,78.86263736263736,78.86263736263736,High density,Pocket,pocket_qcov,70,100.0
7slz__1__1.A__1.B,0.0,1,95.0,8,86.625,86.625,Low density,Pocket,pocket_qcov,70,0.0
7snz__1__1.A_1.B__1.C,0.25,1,100.0,261,85.93486590038314,85.93486590038314,High density,Pocket,pocket_qcov,70,25.0
7so1__1__1.A_1.B__1.C,0.0,1,84.0,183,74.98907103825137,74.98907103825137,High density,Pocket,pocket_qcov,70,0.0
7sok__1__1.A__1.E,1.0,1,100.0,78,86.55128205128206,86.55128205128206,Low density,Pocket,pocket_qcov,70,100.0
7spy__1__1.A_2.A__2.B_2.C,0.75,1,100.0,24,87.375,87.375,Low density,Pocket,pocket_qcov,70,75.0
7sqe__1__1.A__1.D,0.5,1,100.0,39,94.64102564102564,94.64102564102564,Low density,Pocket,pocket_qcov,70,50.0
7sqm__1__1.A__1.B,1.0,1,76.0,24,72.625,72.625,Low density,Pocket,pocket_qcov,70,100.0
7sqn__1__1.A__1.B_1.E,0.875,2,98.0,244,88.9672131147541,88.9672131147541,High density,Pocket,pocket_qcov,70,87.5
7ssj__1__1.A__1.G_1.H,1.0,1,96.0,18,86.66666666666667,86.66666666666667,Low density,Pocket,pocket_qcov,70,100.0
7stq__1__1.A_2.A__1.B_1.D_1.E,0.875,2,84.0,46,76.56521739130434,76.56521739130434,Low density,Pocket,pocket_qcov,70,87.5
7suf__1__1.A__1.B_1.D,1.0,1,100.0,2717,80.28965771071034,80.28965771071034,High density,Pocket,pocket_qcov,70,100.0
7sv1__1__1.A__1.C_1.D,0.0,1,100.0,566,76.58657243816255,76.58657243816255,High density,Pocket,pocket_qcov,70,0.0
7sv5__1__1.A__1.C_1.D,0.0,1,89.0,2,86.0,86.0,Low density,Pocket,pocket_qcov,70,0.0
7sxg__1__1.A__1.C,0.25,1,100.0,1659,77.49306811332127,77.49306811332127,High density,Pocket,pocket_qcov,70,25.0
7sxj__1__1.A__1.C,1.0,1,100.0,1779,77.83473861720067,77.83473861720067,High density,Pocket,pocket_qcov,70,100.0
7szb__1__1.A__1.E,0.0,1,90.0,96,75.52083333333333,75.52083333333333,Low density,Pocket,pocket_qcov,70,0.0
7szc__1__1.A__1.F,0.0,1,88.0,165,75.61212121212121,75.61212121212121,High density,Pocket,pocket_qcov,70,0.0
7szp__1__1.A_1.B__1.E_1.J,1.0,1,100.0,46,90.47826086956522,90.47826086956522,Low density,Pocket,pocket_qcov,70,100.0
7szr__1__1.A__1.G,0.0,1,90.0,81,75.85185185185185,75.85185185185185,Low density,Pocket,pocket_qcov,70,0.0
7t0a__1__1.A_1.B__1.BA_1.CA_1.GA_1.HA,0.75,1,96.0,143,88.58041958041959,88.58041958041959,High density,Pocket,pocket_qcov,70,75.0
7t0c__1__1.A_1.B__1.VA,0.25,1,100.0,6,98.0,98.0,Low density,Pocket,pocket_qcov,70,25.0
7t0e__1__1.A_1.B__1.C_1.CA_1.HB_1.IB,1.0,2,100.0,212,88.90566037735849,88.90566037735849,High density,Pocket,pocket_qcov,70,100.0
7t0f__1__1.A_1.B__1.C,0.5,1,94.0,25,77.48,77.48,Low density,Pocket,pocket_qcov,70,50.0
7t1d__1__1.A_1.B__1.G_1.I,0.0,1,89.0,26,79.3076923076923,79.3076923076923,Low density,Pocket,pocket_qcov,70,0.0
7t2z__1__1.A_1.B__1.F_1.H,0.5,2,92.0,94,80.59574468085107,80.59574468085107,Low density,Pocket,pocket_qcov,70,50.0
7t33__1__1.A_1.B__1.E_1.H,0.625,2,97.0,96,86.6875,86.6875,Low density,Pocket,pocket_qcov,70,62.5
7t39__1__1.A__1.B,0.0,1,97.0,150,74.71333333333334,74.71333333333334,High density,Pocket,pocket_qcov,70,0.0
7t4t__1__1.A__1.C_1.E,0.5,1,92.0,178,75.95505617977528,75.95505617977528,High density,Pocket,pocket_qcov,70,50.0
7t5k__1__1.A__1.D,0.75,1,91.0,127,83.41732283464567,83.41732283464567,High density,Pocket,pocket_qcov,70,75.0
7t5r__1__1.A_1.C__1.I_1.J,0.0,2,91.0,44,82.95454545454545,82.95454545454545,Low density,Pocket,pocket_qcov,70,0.0
7t5x__1__1.A_1.C__1.I,0.25,1,100.0,34,89.67647058823529,89.67647058823529,Low density,Pocket,pocket_qcov,70,25.0
7t5y__1__1.B__1.G,1.0,1,92.0,109,82.3211009174312,82.3211009174312,Low density,Pocket,pocket_qcov,70,100.0
7t5z__1__1.A_1.C__1.I,0.0,1,96.0,32,88.5,88.5,Low density,Pocket,pocket_qcov,70,0.0
7t60__1__1.B_1.C__1.M,0.25,1,100.0,31,89.54838709677419,89.54838709677419,Low density,Pocket,pocket_qcov,70,25.0
7t61__1__1.B_1.C__1.L,0.0,1,100.0,34,86.05882352941177,86.05882352941177,Low density,Pocket,pocket_qcov,70,0.0
7t6c__1__1.A__1.E,0.25,1,92.0,97,78.41237113402062,78.41237113402062,Low density,Pocket,pocket_qcov,70,25.0
7t6h__1__1.A__1.C_1.D,1.0,2,100.0,680,89.08529411764705,89.08529411764705,High density,Pocket,pocket_qcov,70,100.0
7t7m__1__1.A__1.I,1.0,1,93.0,66,83.01515151515152,83.01515151515152,Low density,Pocket,pocket_qcov,70,100.0
7tab__1__1.A__1.B,1.0,1,100.0,365,82.21369863013699,82.21369863013699,High density,Pocket,pocket_qcov,70,100.0
7tba__1__1.A__1.U_1.V_1.W,0.5,1,59.0,0,,59.0,No neighbours,Pocket,pocket_qcov,70,50.0
7tbc__1__1.A__1.B_1.J_1.L_1.S,0.0,1,87.0,672,74.7485119047619,74.7485119047619,High density,Pocket,pocket_qcov,70,0.0
7tbd__1__1.A__1.E,0.0,1,90.0,708,76.07062146892656,76.07062146892656,High density,Pocket,pocket_qcov,70,0.0
7tbu__1__1.A__1.D,0.0,1,94.0,38,84.78947368421052,84.78947368421052,Low density,Pocket,pocket_qcov,70,0.0
7te8__1__1.A_1.B__1.E,0.0,1,55.0,0,,55.0,No neighbours,Pocket,pocket_qcov,70,0.0
7tev__1__1.A_2.A__2.D,1.0,1,100.0,282,79.39716312056737,79.39716312056737,High density,Pocket,pocket_qcov,70,100.0
7tjo__1__1.A__1.E,0.25,1,100.0,82,89.46341463414635,89.46341463414635,Low density,Pocket,pocket_qcov,70,25.0
7tm5__1__1.A__1.C_1.D_1.E,1.0,1,100.0,42,92.28571428571429,92.28571428571429,Low density,Pocket,pocket_qcov,70,100.0
7tm6__1__1.A__1.C_1.D,1.0,2,100.0,76,84.73684210526316,84.73684210526316,Low density,Pocket,pocket_qcov,70,100.0
7tmf__1__1.A_1.B__1.J_1.P,1.0,1,96.0,16,85.3125,85.3125,Low density,Pocket,pocket_qcov,70,100.0
7toc__1__1.A_1.B__1.C_1.D_1.G_1.L,0.75,1,85.0,53,76.62264150943396,76.62264150943396,Low density,Pocket,pocket_qcov,70,75.0
7tuo__1__1.A__1.B,0.0,1,47.0,0,,47.0,No neighbours,Pocket,pocket_qcov,70,0.0
7twu__1__1.B__1.N,1.0,1,95.0,86,83.15116279069767,83.15116279069767,Low density,Pocket,pocket_qcov,70,100.0
7txk__1__1.A__1.C,0.5,1,56.0,0,,56.0,No neighbours,Pocket,pocket_qcov,70,50.0
7txp__1__1.A_2.A__2.B,1.0,1,81.0,6,75.5,75.5,Low density,Pocket,pocket_qcov,70,100.0
7tzb__1__1.A__1.C,1.0,1,97.0,64,87.734375,87.734375,Low density,Pocket,pocket_qcov,70,100.0
7u0r__1__1.B__1.I_1.J_1.K_1.L,0.75,2,98.0,144,85.43055555555556,85.43055555555556,High density,Pocket,pocket_qcov,70,75.0
7u0t__1__1.A_1.B__1.H,0.5,1,71.0,2,71.0,71.0,Low density,Pocket,pocket_qcov,70,50.0
7u1m__1__1.A__1.D,0.0,1,96.0,20,80.8,80.8,Low density,Pocket,pocket_qcov,70,0.0
7u1u__1__1.A_2.A__1.B_1.D,1.0,1,100.0,232,75.47413793103448,75.47413793103448,High density,Pocket,pocket_qcov,70,100.0
7u2p__1__1.A_1.B__1.C_1.D,0.75,1,100.0,22,88.45454545454545,88.45454545454545,Low density,Pocket,pocket_qcov,70,75.0
7u2z__1__1.A__1.C,0.0,1,100.0,2953,87.9739248222147,87.9739248222147,High density,Pocket,pocket_qcov,70,0.0
7u30__1__1.A__1.I,1.0,1,97.0,103,84.53398058252426,84.53398058252426,Low density,Pocket,pocket_qcov,70,100.0
7u31__1__1.A__1.D,0.75,1,100.0,2933,85.71837708830549,85.71837708830549,High density,Pocket,pocket_qcov,70,75.0
7u3m__1__1.A__1.B_1.C,0.5,1,100.0,304,81.42763157894737,81.42763157894737,High density,Pocket,pocket_qcov,70,50.0
7u4o__1__1.A__1.G,0.75,1,100.0,6,100.0,100.0,Low density,Pocket,pocket_qcov,70,75.0
7u59__1__1.A__1.E_1.F,0.5,1,100.0,378,84.04761904761905,84.04761904761905,High density,Pocket,pocket_qcov,70,50.0
7u5z__1__1.A_1.B__1.C,0.75,1,93.0,246,79.63414634146342,79.63414634146342,High density,Pocket,pocket_qcov,70,75.0
7u64__1__1.A_1.B__1.S,0.75,1,86.0,11,75.0909090909091,75.0909090909091,Low density,Pocket,pocket_qcov,70,75.0
7u6a__1__1.A__1.B_1.F,0.0,1,100.0,277,77.92779783393502,77.92779783393502,High density,Pocket,pocket_qcov,70,0.0
7u6b__1__1.A__1.B_1.E,1.0,1,100.0,282,80.51418439716312,80.51418439716312,High density,Pocket,pocket_qcov,70,100.0
7u70__1__1.A__1.C,1.0,1,100.0,400,86.1625,86.1625,High density,Pocket,pocket_qcov,70,100.0
7u8v__1__1.A__1.C,0.0,1,93.0,468,74.20299145299145,74.20299145299145,High density,Pocket,pocket_qcov,70,0.0
7u8w__1__1.A__1.C,0.0,1,87.0,208,74.21153846153847,74.21153846153847,High density,Pocket,pocket_qcov,70,0.0
7u8x__1__1.A__1.B,0.0,1,90.0,255,74.13333333333334,74.13333333333334,High density,Pocket,pocket_qcov,70,0.0
7u8y__1__1.B__1.G_1.H_1.I_1.J,0.0,2,86.0,38,80.63157894736842,80.63157894736842,Low density,Pocket,pocket_qcov,70,0.0
7u8z__1__1.A__1.F_1.G,0.0,1,96.0,216,77.46296296296296,77.46296296296296,High density,Pocket,pocket_qcov,70,0.0
7u98__1__1.A__1.E,0.5,1,100.0,2324,80.00688468158347,80.00688468158347,High density,Pocket,pocket_qcov,70,50.0
7u99__1__1.A__1.B,1.0,1,100.0,2215,79.10067720090294,79.10067720090294,High density,Pocket,pocket_qcov,70,100.0
7u9a__1__1.A__1.B,1.0,1,100.0,2493,80.29201764941837,80.29201764941837,High density,Pocket,pocket_qcov,70,100.0
7u9u__1__2.A__2.C_2.D,1.0,1,85.0,204,81.72549019607843,81.72549019607843,High density,Pocket,pocket_qcov,70,100.0
7uad__1__1.A__1.B,1.0,1,96.0,154,80.64935064935065,80.64935064935065,High density,Pocket,pocket_qcov,70,100.0
7uas__1__1.A__1.C,1.0,1,97.0,94,84.31914893617021,84.31914893617021,Low density,Pocket,pocket_qcov,70,100.0
7ubo__1__1.A__1.E,0.5,1,100.0,870,79.27586206896552,79.27586206896552,High density,Pocket,pocket_qcov,70,50.0
7udq__1__1.A__1.C,0.5,1,56.0,0,,56.0,No neighbours,Pocket,pocket_qcov,70,50.0
7ue4__1__1.A_2.A__2.F,1.0,1,100.0,7,80.0,80.0,Low density,Pocket,pocket_qcov,70,100.0
7ue6__1__1.A_2.A__2.C_2.F_2.G_2.H,1.0,2,97.0,8,82.5,82.5,Low density,Pocket,pocket_qcov,70,100.0
7ue8__1__1.A_2.A__2.D,1.0,1,100.0,10,79.1,79.1,Low density,Pocket,pocket_qcov,70,100.0
7ueo__1__1.A_2.A__2.B_2.C_2.E,1.0,1,92.0,6,89.0,89.0,Low density,Pocket,pocket_qcov,70,100.0
7ueo__1__1.A_2.A__2.D,1.0,1,97.0,2,97.0,97.0,Low density,Pocket,pocket_qcov,70,100.0
7uep__1__1.A_2.A__2.B_2.C_2.D_2.E,1.0,2,97.0,6,84.0,84.0,Low density,Pocket,pocket_qcov,70,100.0
7ueq__1__1.A_2.A__2.B_2.C_2.D,1.0,2,98.0,10,85.8,85.8,Low density,Pocket,pocket_qcov,70,100.0
7ueu__1__1.A_2.A__2.B,1.0,1,92.0,2,85.5,85.5,Low density,Pocket,pocket_qcov,70,100.0
7ueu__1__1.A_2.A__2.C_2.D_2.E,1.0,1,97.0,7,94.85714285714286,94.85714285714286,Low density,Pocket,pocket_qcov,70,100.0
7uf0__1__1.A_2.A__1.B,1.0,1,81.0,7,73.71428571428571,73.71428571428571,Low density,Pocket,pocket_qcov,70,100.0
7ug5__1__1.A__1.E,0.75,1,100.0,1014,86.2948717948718,86.2948717948718,High density,Pocket,pocket_qcov,70,75.0
7ugb__1__1.A__1.C,0.5,1,100.0,1416,77.96186440677967,77.96186440677967,High density,Pocket,pocket_qcov,70,50.0
7ugl__1__1.A__1.C,0.0,1,88.0,2,81.5,81.5,Low density,Pocket,pocket_qcov,70,0.0
7ugl__1__1.A__1.D,1.0,1,100.0,627,76.08612440191388,76.08612440191388,High density,Pocket,pocket_qcov,70,100.0
7uj4__1__1.A__1.C_1.D,1.0,1,100.0,23,82.3913043478261,82.3913043478261,Low density,Pocket,pocket_qcov,70,100.0
7uj7__1__1.A__1.E,1.0,1,100.0,1154,83.89948006932408,83.89948006932408,High density,Pocket,pocket_qcov,70,100.0
7uj8__1__1.A__1.C,1.0,1,100.0,1127,83.83673469387755,83.83673469387755,High density,Pocket,pocket_qcov,70,100.0
7ujc__1__1.B__1.D,1.0,1,100.0,1007,79.5253227408143,79.5253227408143,High density,Pocket,pocket_qcov,70,100.0
7ujf__1__1.A__1.E,1.0,1,100.0,851,78.26556991774383,78.26556991774383,High density,Pocket,pocket_qcov,70,100.0
7ujo__1__1.D__1.H,1.0,1,94.0,504,75.35714285714286,75.35714285714286,High density,Pocket,pocket_qcov,70,100.0
7ujy__1__1.B__1.F,1.0,1,100.0,1081,84.01850138760408,84.01850138760408,High density,Pocket,pocket_qcov,70,100.0
7uk7__1__1.A__1.B_1.C_1.D_1.F,1.0,1,97.0,10,94.8,94.8,Low density,Pocket,pocket_qcov,70,100.0
7ukr__1__1.A__1.C,0.75,1,100.0,37,87.86486486486487,87.86486486486487,Low density,Pocket,pocket_qcov,70,75.0
7ule__1__1.A_2.A__2.B_2.C_2.D_2.E_2.F,0.75,2,46.0,0,,46.0,No neighbours,Pocket,pocket_qcov,70,75.0
7ulf__1__1.A_2.A__2.B_2.C_2.D_2.E,0.5,2,69.0,0,,69.0,No neighbours,Pocket,pocket_qcov,70,50.0
7um4__1__1.A__1.I,1.0,1,87.0,86,74.70930232558139,74.70930232558139,Low density,Pocket,pocket_qcov,70,100.0
7umo__1__1.A__1.G_1.I,0.0,1,100.0,25,86.92,86.92,Low density,Pocket,pocket_qcov,70,0.0
7un0__1__1.A__1.G,0.75,1,100.0,6,100.0,100.0,Low density,Pocket,pocket_qcov,70,75.0
7uoh__1__1.A__1.C_1.D,0.5,2,93.0,74,87.67567567567568,87.67567567567568,Low density,Pocket,pocket_qcov,70,50.0
7uoy__1__1.A__1.C_1.D_1.F,1.0,1,100.0,277,84.62815884476534,84.62815884476534,High density,Pocket,pocket_qcov,70,100.0
7ur3__1__1.A__1.B,0.0,1,76.0,12,72.83333333333333,72.83333333333333,Low density,Pocket,pocket_qcov,70,0.0
7ur9__1__1.A_1.B__1.D,0.25,1,100.0,346,85.6878612716763,85.6878612716763,High density,Pocket,pocket_qcov,70,25.0
7usg__1__1.A__1.B,1.0,1,100.0,1396,86.70988538681948,86.70988538681948,High density,Pocket,pocket_qcov,70,100.0
7ush__1__1.A__1.B,1.0,1,100.0,1251,86.72661870503597,86.72661870503597,High density,Pocket,pocket_qcov,70,100.0
7usi__1__1.A__1.G,0.5,1,94.0,1216,82.22121710526316,82.22121710526316,High density,Pocket,pocket_qcov,70,50.0
7utw__1__1.A_1.B__1.C_1.E_1.F,1.0,2,100.0,386,86.03108808290155,86.03108808290155,High density,Pocket,pocket_qcov,70,100.0
7uum__1__1.A_2.A__1.B_1.C,0.5,2,61.0,0,,61.0,No neighbours,Pocket,pocket_qcov,70,50.0
7uw2__1__1.A__1.C,1.0,1,97.0,797,76.19573400250941,76.19573400250941,High density,Pocket,pocket_qcov,70,100.0
7uw4__1__1.A__1.C,1.0,1,100.0,708,78.15395480225989,78.15395480225989,High density,Pocket,pocket_qcov,70,100.0
7uy0__1__1.A__1.E,1.0,1,100.0,1990,79.10251256281407,79.10251256281407,High density,Pocket,pocket_qcov,70,100.0
7uy1__1__1.A__1.C_1.D,0.5,2,100.0,282,83.34751773049645,83.34751773049645,High density,Pocket,pocket_qcov,70,50.0
7uy4__1__1.A__1.C_1.D_1.E_1.F,0.375,2,98.0,8,96.5,96.5,Low density,Pocket,pocket_qcov,70,37.5
7uyf__1__1.A__1.C_1.D,0.5,2,100.0,128,91.890625,91.890625,High density,Pocket,pocket_qcov,70,50.0
7v04__1__1.A__1.B_1.C_1.D,1.0,1,88.0,209,76.10047846889952,76.10047846889952,High density,Pocket,pocket_qcov,70,100.0
7v0h__1__1.B__1.N_1.P,0.5,2,92.0,4582,78.08031427324312,78.08031427324312,High density,Pocket,pocket_qcov,70,50.0
7v13__1__1.A__1.C,1.0,1,100.0,874,79.75629290617849,79.75629290617849,High density,Pocket,pocket_qcov,70,100.0
7v16__1__1.A__1.C,1.0,1,100.0,888,79.42454954954955,79.42454954954955,High density,Pocket,pocket_qcov,70,100.0
7v17__1__1.A__1.C,1.0,1,100.0,889,79.45219347581552,79.45219347581552,High density,Pocket,pocket_qcov,70,100.0
7v18__1__1.A__1.C,0.75,1,100.0,1055,78.62748815165877,78.62748815165877,High density,Pocket,pocket_qcov,70,75.0
7v1o__1__1.A__1.D,0.5,1,100.0,95,97.22105263157894,97.22105263157894,Low density,Pocket,pocket_qcov,70,50.0
7v34__1__1.A__1.C_1.D_1.G,0.5,2,71.0,2,71.0,71.0,Low density,Pocket,pocket_qcov,70,50.0
7v3d__1__1.A_1.B__1.F,1.0,1,90.0,54,82.33333333333333,82.33333333333333,Low density,Pocket,pocket_qcov,70,100.0
7v3s__1__1.A__1.B,1.0,1,100.0,521,77.02687140115164,77.02687140115164,High density,Pocket,pocket_qcov,70,100.0
7v6x__1__1.A__1.B_1.C,0.0,1,89.0,34,83.88235294117646,83.88235294117646,Low density,Pocket,pocket_qcov,70,0.0
7v9d__1__2.A__2.B_2.C_2.G,1.0,1,95.0,172,79.90697674418605,79.90697674418605,High density,Pocket,pocket_qcov,70,100.0
7va2__1__1.A__1.D_1.E,0.0,1,100.0,22,99.18181818181819,99.18181818181819,Low density,Pocket,pocket_qcov,70,0.0
7vb3__1__1.A_1.B__1.R_1.T_1.U,1.0,1,84.0,128,76.390625,76.390625,High density,Pocket,pocket_qcov,70,100.0
7vb6__1__1.A_1.B__1.E_1.G_1.I,0.5,2,78.0,212,73.32075471698113,73.32075471698113,High density,Pocket,pocket_qcov,70,50.0
7vbt__1__1.B__1.D,0.0,1,90.0,119,77.10084033613445,77.10084033613445,High density,Pocket,pocket_qcov,70,0.0
7vbv__1__1.B__1.N,0.25,1,91.0,89,78.68539325842697,78.68539325842697,Low density,Pocket,pocket_qcov,70,25.0
7vdp__1__1.A__1.E_1.F,1.0,1,100.0,2530,84.97667984189724,84.97667984189724,High density,Pocket,pocket_qcov,70,100.0
7vdq__1__1.A__1.E,1.0,1,96.0,1570,78.51847133757961,78.51847133757961,High density,Pocket,pocket_qcov,70,100.0
7vdr__1__1.A__1.E_1.F_1.N,1.0,1,100.0,2540,80.14448818897638,80.14448818897638,High density,Pocket,pocket_qcov,70,100.0
7vds__1__1.A__1.E,0.75,1,100.0,1861,77.20150456743686,77.20150456743686,High density,Pocket,pocket_qcov,70,75.0
7vej__1__1.A__1.C_1.F_1.G,0.5,2,83.0,50,77.0,77.0,Low density,Pocket,pocket_qcov,70,50.0
7vem__1__1.A_1.B__1.C_1.D,0.75,1,93.0,170,81.23529411764706,81.23529411764706,High density,Pocket,pocket_qcov,70,75.0
7vez__1__1.A_1.D__1.E,0.25,1,100.0,6,92.16666666666667,92.16666666666667,Low density,Pocket,pocket_qcov,70,25.0
7vf6__1__1.B__1.H_1.J,0.75,1,94.0,27,84.44444444444444,84.44444444444444,Low density,Pocket,pocket_qcov,70,75.0
7vhy__1__1.A__1.F,1.0,1,100.0,23,81.56521739130434,81.56521739130434,Low density,Pocket,pocket_qcov,70,100.0
7vhz__1__1.A__1.F,1.0,1,100.0,12,87.33333333333333,87.33333333333333,Low density,Pocket,pocket_qcov,70,100.0
7vi0__1__1.A__1.F,0.75,1,96.0,23,78.91304347826087,78.91304347826087,Low density,Pocket,pocket_qcov,70,75.0
7vi7__1__1.A__1.C,0.0,1,100.0,42,84.52380952380952,84.52380952380952,Low density,Pocket,pocket_qcov,70,0.0
7vjt__1__1.A__1.C,1.0,1,92.0,9,86.22222222222223,86.22222222222223,Low density,Pocket,pocket_qcov,70,100.0
7vkf__1__1.A__1.B_1.C,0.625,2,98.0,240,84.41666666666667,84.41666666666667,High density,Pocket,pocket_qcov,70,62.5
7vkg__1__1.A__1.B,0.75,1,100.0,75,86.26666666666667,86.26666666666667,Low density,Pocket,pocket_qcov,70,75.0
7vkh__1__1.A__1.C,0.75,1,100.0,75,96.24,96.24,Low density,Pocket,pocket_qcov,70,75.0
7vm0__1__1.A__1.C_1.D,0.75,1,91.0,6,80.83333333333333,80.83333333333333,Low density,Pocket,pocket_qcov,70,75.0
7vm7__1__1.A__1.B,0.75,1,100.0,714,77.14285714285714,77.14285714285714,High density,Pocket,pocket_qcov,70,75.0
7vmy__1__1.A__1.C_1.D_1.E,0.0,1,48.0,0,,48.0,No neighbours,Pocket,pocket_qcov,70,0.0
7vnh__1__1.A__1.C,0.25,1,90.0,23,79.73913043478261,79.73913043478261,Low density,Pocket,pocket_qcov,70,25.0
7vns__1__1.A_2.A__2.C,0.0,1,95.0,4,90.5,90.5,Low density,Pocket,pocket_qcov,70,0.0
7vo5__1__1.A__1.B,0.0,1,50.0,0,,50.0,No neighbours,Pocket,pocket_qcov,70,0.0
7voc__1__1.A__1.B_1.D_1.E,0.75,2,66.0,0,,66.0,No neighbours,Pocket,pocket_qcov,70,75.0
7vpe__1__1.A__1.B,0.0,1,43.0,0,,43.0,No neighbours,Pocket,pocket_qcov,70,0.0
7vq9__1__1.A_1.B__1.I_1.J_1.K,0.375,2,89.0,46,76.04347826086956,76.04347826086956,Low density,Pocket,pocket_qcov,70,37.5
7vqb__1__1.A_1.B__1.H_1.I_1.J,0.875,2,89.0,34,76.29411764705883,76.29411764705883,Low density,Pocket,pocket_qcov,70,87.5
7vqp__1__1.A__1.C,1.0,1,91.0,87,73.02298850574712,73.02298850574712,Low density,Pocket,pocket_qcov,70,100.0
7vqt__1__1.A__1.G_1.H,0.5,2,98.0,394,89.248730964467,89.248730964467,High density,Pocket,pocket_qcov,70,50.0
7vqu__1__1.A__1.G_1.H,0.5,2,97.0,392,87.16326530612245,87.16326530612245,High density,Pocket,pocket_qcov,70,50.0
7vre__1__1.A__1.B,1.0,1,93.0,2294,76.90061028770707,76.90061028770707,High density,Pocket,pocket_qcov,70,100.0
7vrh__1__1.A__1.D,0.0,1,100.0,894,80.6420581655481,80.6420581655481,High density,Pocket,pocket_qcov,70,0.0
7vsl__1__1.A__1.D,0.75,1,89.0,155,76.50322580645161,76.50322580645161,High density,Pocket,pocket_qcov,70,75.0
7vte__1__1.A__1.F,1.0,1,92.0,5,76.8,76.8,Low density,Pocket,pocket_qcov,70,100.0
7vtf__1__1.A_1.B__1.F,0.75,1,92.0,4,77.0,77.0,Low density,Pocket,pocket_qcov,70,75.0
7vtg__1__1.A__1.E,1.0,1,91.0,11,73.0,73.0,Low density,Pocket,pocket_qcov,70,100.0
7vve__1__1.A__1.D_1.H,0.0,1,88.0,2,81.5,81.5,Low density,Pocket,pocket_qcov,70,0.0
7vvt__1__1.A__1.C,0.0,1,96.0,359,81.68523676880223,81.68523676880223,High density,Pocket,pocket_qcov,70,0.0
7vwe__1__1.A__1.D,1.0,1,100.0,321,80.30841121495327,80.30841121495327,High density,Pocket,pocket_qcov,70,100.0
7vwf__1__1.A_1.B__1.C_1.E,0.5,2,100.0,10,96.4,96.4,Low density,Pocket,pocket_qcov,70,50.0
7vwg__1__1.A__1.D,1.0,1,100.0,325,81.26769230769231,81.26769230769231,High density,Pocket,pocket_qcov,70,100.0
7vwh__1__1.B__1.F,1.0,1,100.0,297,79.94949494949495,79.94949494949495,High density,Pocket,pocket_qcov,70,100.0
7w0g__1__1.B__1.D,1.0,1,100.0,307,84.21824104234528,84.21824104234528,High density,Pocket,pocket_qcov,70,100.0
7w15__1__1.A__1.C_1.D_1.E_1.F,0.375,2,55.0,0,,55.0,No neighbours,Pocket,pocket_qcov,70,37.5
7w1i__1__1.A__1.B,0.0,1,70.0,3,70.0,70.0,Low density,Pocket,pocket_qcov,70,0.0
7w2d__1__1.B__1.R,0.0,1,90.0,13,85.23076923076923,85.23076923076923,Low density,Pocket,pocket_qcov,70,0.0
7w2f__1__1.A__1.M,0.25,1,100.0,15,92.53333333333333,92.53333333333333,Low density,Pocket,pocket_qcov,70,25.0
7w3l__1__1.A__1.B_1.C_1.J,0.5,2,100.0,396,93.43434343434343,93.43434343434343,High density,Pocket,pocket_qcov,70,50.0
7w3p__1__1.A__1.C,0.25,1,100.0,671,79.15946348733235,79.15946348733235,High density,Pocket,pocket_qcov,70,25.0
7w41__1__1.A__1.B,0.0,1,68.0,0,,68.0,No neighbours,Pocket,pocket_qcov,70,0.0
7w4x__1__1.A__1.C_1.D_1.E,0.5,1,100.0,797,82.40025094102886,82.40025094102886,High density,Pocket,pocket_qcov,70,50.0
7w4y__1__1.A__1.E,0.75,1,100.0,793,84.203026481715,84.203026481715,High density,Pocket,pocket_qcov,70,75.0
7w6f__1__1.A_1.B__1.C,0.75,1,55.0,0,,55.0,No neighbours,Pocket,pocket_qcov,70,75.0
7w8v__1__1.A__1.B_1.D,0.75,2,94.0,20,79.6,79.6,Low density,Pocket,pocket_qcov,70,75.0
7w9z__1__1.B__1.F_1.G,1.0,1,90.0,38,79.36842105263158,79.36842105263158,Low density,Pocket,pocket_qcov,70,100.0
7wbs__1__1.A_1.B__1.D,0.75,1,100.0,816,91.94362745098039,91.94362745098039,High density,Pocket,pocket_qcov,70,75.0
7wc6__1__1.A__1.F,1.0,1,96.0,165,80.73333333333333,80.73333333333333,High density,Pocket,pocket_qcov,70,100.0
7wc7__1__1.A__1.M,0.75,1,96.0,167,77.65868263473054,77.65868263473054,High density,Pocket,pocket_qcov,70,75.0
7wc8__1__1.A__1.H,0.25,1,86.0,40,75.325,75.325,Low density,Pocket,pocket_qcov,70,25.0
7wcf__1__1.A__1.B_1.C_1.D,0.75,1,57.0,0,,57.0,No neighbours,Pocket,pocket_qcov,70,75.0
7wcl__1__1.A__1.C,1.0,1,100.0,844,76.60308056872037,76.60308056872037,High density,Pocket,pocket_qcov,70,100.0
7wcv__1__1.A__1.B_1.C_1.D,1.0,2,97.0,16,84.0,84.0,Low density,Pocket,pocket_qcov,70,100.0
7wdp__1__1.A__1.B_1.C,0.25,2,88.0,280,75.91428571428571,75.91428571428571,High density,Pocket,pocket_qcov,70,25.0
7wdt__1__1.A__1.B,0.75,1,86.0,24,80.58333333333333,80.58333333333333,Low density,Pocket,pocket_qcov,70,75.0
7wdt__1__1.A__1.C,0.0,1,61.0,0,,61.0,No neighbours,Pocket,pocket_qcov,70,0.0
7wdu__1__1.A__1.C,0.0,1,61.0,0,,61.0,No neighbours,Pocket,pocket_qcov,70,0.0
7wdv__1__1.A__1.B_1.C,0.5,2,90.0,298,77.75838926174497,77.75838926174497,High density,Pocket,pocket_qcov,70,50.0
7wew__1__1.A__1.K,0.75,1,92.0,62,75.20967741935483,75.20967741935483,Low density,Pocket,pocket_qcov,70,75.0
7wf5__1__1.A__1.C,1.0,1,100.0,698,82.42550143266476,82.42550143266476,High density,Pocket,pocket_qcov,70,100.0
7wgl__1__1.A__1.D,1.0,1,100.0,438,81.84931506849315,81.84931506849315,High density,Pocket,pocket_qcov,70,100.0
7wgn__1__1.A__1.B,0.25,1,89.0,98,76.91836734693878,76.91836734693878,Low density,Pocket,pocket_qcov,70,25.0
7wgo__1__1.A__1.C,0.0,1,94.0,480,74.53125,74.53125,High density,Pocket,pocket_qcov,70,0.0
7wgq__1__1.A__1.C,0.75,1,91.0,173,75.33526011560694,75.33526011560694,High density,Pocket,pocket_qcov,70,75.0
7wjs__1__1.A__1.D_1.G,1.0,1,100.0,1077,80.79387186629526,80.79387186629526,High density,Pocket,pocket_qcov,70,100.0
7wl4__1__1.A__1.E_1.F,0.25,2,100.0,936,74.5405982905983,74.5405982905983,High density,Pocket,pocket_qcov,70,25.0
7wlx__1__1.A__1.C,0.0,1,86.0,191,75.62303664921465,75.62303664921465,High density,Pocket,pocket_qcov,70,0.0
7wmf__1__1.A__1.C_1.E,0.5,1,85.0,36,80.25,80.25,Low density,Pocket,pocket_qcov,70,50.0
7wmh__1__1.A__1.C,0.25,1,89.0,132,76.09848484848484,76.09848484848484,High density,Pocket,pocket_qcov,70,25.0
7wmi__1__1.B__1.F_1.G,0.25,1,79.0,32,73.75,73.75,Low density,Pocket,pocket_qcov,70,25.0
7wmj__1__1.A__1.C,0.0,1,84.0,165,74.58181818181818,74.58181818181818,High density,Pocket,pocket_qcov,70,0.0
7wmk__1__1.A__1.B_1.G,1.0,1,86.0,18,76.66666666666667,76.66666666666667,Low density,Pocket,pocket_qcov,70,100.0
7wmo__1__1.A__1.C,0.0,1,78.0,33,72.36363636363636,72.36363636363636,Low density,Pocket,pocket_qcov,70,0.0
7wpx__1__1.A__1.B_1.C,0.25,2,88.0,14,79.28571428571429,79.28571428571429,Low density,Pocket,pocket_qcov,70,25.0
7wqm__1__1.A__1.C_1.D,0.5,2,98.0,684,83.82456140350877,83.82456140350877,High density,Pocket,pocket_qcov,70,50.0
7wqs__1__1.A__1.C_1.D,0.5,2,98.0,598,83.63210702341136,83.63210702341136,High density,Pocket,pocket_qcov,70,50.0
7wrg__1__1.A__1.C_1.D,1.0,1,84.0,207,74.85990338164251,74.85990338164251,High density,Pocket,pocket_qcov,70,100.0
7wua__1__1.A__1.E_1.F_1.G,0.5,1,84.0,24,76.20833333333333,76.20833333333333,Low density,Pocket,pocket_qcov,70,50.0
7wuy__1__1.A_1.B__1.D_1.EA,0.5,2,82.0,8,75.0,75.0,Low density,Pocket,pocket_qcov,70,50.0
7wzv__1__1.A__1.C_1.E_1.F_1.K_1.O,0.75,2,55.0,0,,55.0,No neighbours,Pocket,pocket_qcov,70,75.0
7wzx__1__1.A__1.B_1.D_1.E_1.I,0.875,2,55.0,0,,55.0,No neighbours,Pocket,pocket_qcov,70,87.5
7x0b__1__1.A__1.C_1.E_1.N,1.0,1,66.0,0,,66.0,No neighbours,Pocket,pocket_qcov,70,100.0
7x1o__1__1.A__1.C_1.D,0.875,2,89.0,150,77.84,77.84,High density,Pocket,pocket_qcov,70,87.5
7x2y__1__1.B__1.R_1.S,0.0,2,80.0,36,72.61111111111111,72.61111111111111,Low density,Pocket,pocket_qcov,70,0.0
7x3l__1__1.A__1.C_1.D,0.875,2,100.0,722,85.33795013850416,85.33795013850416,High density,Pocket,pocket_qcov,70,87.5
7x3m__1__1.A__1.C_1.D,0.875,2,98.0,720,85.38055555555556,85.38055555555556,High density,Pocket,pocket_qcov,70,87.5
7x3o__1__1.A__1.C_1.D,0.75,2,100.0,724,84.69060773480663,84.69060773480663,High density,Pocket,pocket_qcov,70,75.0
7x4g__1__1.A__1.B_1.C_1.D,0.0,2,92.0,4,86.5,86.5,Low density,Pocket,pocket_qcov,70,0.0
7x4u__1__1.A__1.B,1.0,1,100.0,2311,79.85460839463435,79.85460839463435,High density,Pocket,pocket_qcov,70,100.0
7x5w__1__2.A__2.B_2.C,0.5,1,93.0,31,82.54838709677419,82.54838709677419,Low density,Pocket,pocket_qcov,70,50.0
7x69__1__1.A__1.B_1.C,0.5,1,97.0,23,77.43478260869566,77.43478260869566,Low density,Pocket,pocket_qcov,70,50.0
7x7j__1__1.A__1.C_1.D,0.5,2,83.0,12,75.5,75.5,Low density,Pocket,pocket_qcov,70,50.0
7x7k__1__1.A__1.C_1.D,0.5,2,82.0,12,74.16666666666667,74.16666666666667,Low density,Pocket,pocket_qcov,70,50.0
7x7x__1__1.A__1.C,0.0,1,100.0,3,98.0,98.0,Low density,Pocket,pocket_qcov,70,0.0
7x81__1__1.A_1.B__1.D,0.0,1,51.0,0,,51.0,No neighbours,Pocket,pocket_qcov,70,0.0
7x86__1__1.A_1.C__1.G,0.0,1,69.0,0,,69.0,No neighbours,Pocket,pocket_qcov,70,0.0
7x9d__1__1.A__1.E,0.0,1,100.0,55,95.74545454545455,95.74545454545455,Low density,Pocket,pocket_qcov,70,0.0
7x9l__1__1.A__1.C_1.E_1.F,1.0,1,100.0,21,77.19047619047619,77.19047619047619,Low density,Pocket,pocket_qcov,70,100.0
7xaa__1__1.A__1.C_1.D_1.E,0.25,1,89.0,330,75.60606060606061,75.60606060606061,High density,Pocket,pocket_qcov,70,25.0
7xbb__1__1.A__1.C_1.D_1.E,0.75,1,100.0,736,80.37907608695652,80.37907608695652,High density,Pocket,pocket_qcov,70,75.0
7xbt__1__1.A__1.B_1.C,1.0,1,96.0,134,81.57462686567165,81.57462686567165,High density,Pocket,pocket_qcov,70,100.0
7xbv__1__1.A__1.B,0.5,1,96.0,132,80.40151515151516,80.40151515151516,High density,Pocket,pocket_qcov,70,50.0
7xdv__1__1.A__1.C_1.D,0.75,1,96.0,1349,78.87101556708673,78.87101556708673,High density,Pocket,pocket_qcov,70,75.0
7xdy__1__1.A__1.C_1.D,0.75,1,100.0,1804,79.20288248337029,79.20288248337029,High density,Pocket,pocket_qcov,70,75.0
7xef__1__1.A__1.E,0.0,1,83.0,14,78.42857142857143,78.42857142857143,Low density,Pocket,pocket_qcov,70,0.0
7xej__1__1.A_2.A__1.B,1.0,1,97.0,56,78.98214285714286,78.98214285714286,Low density,Pocket,pocket_qcov,70,100.0
7xek__1__1.A_2.A__1.B,1.0,1,100.0,68,78.86764705882354,78.86764705882354,Low density,Pocket,pocket_qcov,70,100.0
7xen__1__1.A_2.A__2.B,0.75,1,88.0,54,76.05555555555556,76.05555555555556,Low density,Pocket,pocket_qcov,70,75.0
7xep__1__1.A_2.A__1.E,1.0,1,97.0,61,78.04918032786885,78.04918032786885,Low density,Pocket,pocket_qcov,70,100.0
7xeq__1__1.A_2.A__2.D,1.0,1,100.0,61,78.62295081967213,78.62295081967213,Low density,Pocket,pocket_qcov,70,100.0
7xes__1__1.A_2.A__2.D,0.5,1,100.0,76,79.77631578947368,79.77631578947368,Low density,Pocket,pocket_qcov,70,50.0
7xet__1__1.A_2.A__1.B,1.0,1,94.0,42,79.11904761904762,79.11904761904762,Low density,Pocket,pocket_qcov,70,100.0
7xf7__1__1.A__1.B,0.0,1,85.0,24,77.5,77.5,Low density,Pocket,pocket_qcov,70,0.0
7xgi__1__1.A__1.B_1.C_1.D,0.625,2,100.0,198,83.9090909090909,83.9090909090909,High density,Pocket,pocket_qcov,70,62.5
7xh6__1__1.A__1.E,1.0,1,100.0,1004,80.199203187251,80.199203187251,High density,Pocket,pocket_qcov,70,100.0
7xhh__1__1.B__1.D,0.25,1,90.0,23,77.30434782608695,77.30434782608695,Low density,Pocket,pocket_qcov,70,25.0
7xhq__1__1.A__1.C,0.75,1,100.0,35,92.34285714285714,92.34285714285714,Low density,Pocket,pocket_qcov,70,75.0
7xhy__1__1.A__1.B_1.G,1.0,1,94.0,722,78.49168975069252,78.49168975069252,High density,Pocket,pocket_qcov,70,100.0
7xi7__1__1.A__1.B,1.0,1,100.0,900,86.68,86.68,High density,Pocket,pocket_qcov,70,100.0
7xis__1__1.A__1.B_1.C_1.D,0.0,1,62.0,0,,62.0,No neighbours,Pocket,pocket_qcov,70,0.0
7xjb__1__1.A__1.E_1.F_1.G,0.625,2,100.0,200,83.78,83.78,High density,Pocket,pocket_qcov,70,62.5
7xk9__1__1.A__1.C,1.0,1,96.0,195,81.0923076923077,81.0923076923077,High density,Pocket,pocket_qcov,70,100.0
7xka__1__1.A__1.C,1.0,1,100.0,281,84.82918149466192,84.82918149466192,High density,Pocket,pocket_qcov,70,100.0
7xlp__1__1.A__1.B,1.0,1,95.0,473,76.55813953488372,76.55813953488372,High density,Pocket,pocket_qcov,70,100.0
7xmk__1__1.A__1.D,1.0,1,84.0,162,72.22839506172839,72.22839506172839,High density,Pocket,pocket_qcov,70,100.0
7xnc__1__1.A__1.B,0.75,1,100.0,2173,77.46387482742752,77.46387482742752,High density,Pocket,pocket_qcov,70,75.0
7xoz__1__1.B__1.F,0.0,1,74.0,2,72.0,72.0,Low density,Pocket,pocket_qcov,70,0.0
7xpo__1__1.B__1.H,0.75,1,100.0,153,84.69281045751634,84.69281045751634,High density,Pocket,pocket_qcov,70,75.0
7xqv__1__1.A__1.D_1.E,1.0,1,100.0,1659,91.7588908981314,91.7588908981314,High density,Pocket,pocket_qcov,70,100.0
7xqz__1__1.A__1.B_1.C_1.D,0.0,1,55.0,0,,55.0,No neighbours,Pocket,pocket_qcov,70,0.0
7xr7__1__1.A__1.B_1.C_1.D,0.25,1,52.0,0,,52.0,No neighbours,Pocket,pocket_qcov,70,25.0
7xrr__1__1.A__1.B,0.25,1,100.0,73,85.01369863013699,85.01369863013699,Low density,Pocket,pocket_qcov,70,25.0
7xsv__1__1.A__1.B,1.0,1,100.0,2287,79.77044162658504,79.77044162658504,High density,Pocket,pocket_qcov,70,100.0
7xua__1__1.B__1.N,0.25,1,100.0,86,82.24418604651163,82.24418604651163,Low density,Pocket,pocket_qcov,70,25.0
7xuc__1__1.A__1.H,0.0,1,100.0,70,84.12857142857143,84.12857142857143,Low density,Pocket,pocket_qcov,70,0.0
7xvh__1__2.A__2.B_2.C,1.0,1,100.0,36,90.63888888888889,90.63888888888889,Low density,Pocket,pocket_qcov,70,100.0
7xw8__1__1.A__1.E_1.F,0.5,2,100.0,398,88.45226130653266,88.45226130653266,High density,Pocket,pocket_qcov,70,50.0
7xyj__1__1.A_1.B__1.E_1.F,1.0,1,100.0,272,95.81617647058823,95.81617647058823,High density,Pocket,pocket_qcov,70,100.0
7xzr__1__1.A_1.C__1.E_1.F,0.0,1,94.0,1322,77.28517397881997,77.28517397881997,High density,Pocket,pocket_qcov,70,0.0
7y02__1__1.A__1.B_1.C,0.0,2,97.0,38,76.47368421052632,76.47368421052632,Low density,Pocket,pocket_qcov,70,0.0
7y03__1__1.A__1.B_1.C,0.125,2,91.0,24,74.91666666666667,74.91666666666667,Low density,Pocket,pocket_qcov,70,12.5
7y06__1__1.A__1.B_1.C,0.125,2,94.0,22,77.45454545454545,77.45454545454545,Low density,Pocket,pocket_qcov,70,12.5
7y0f__1__1.B__1.G,0.25,1,96.0,1506,80.92363877822045,80.92363877822045,High density,Pocket,pocket_qcov,70,25.0
7y1h__1__1.B__1.H_1.I_1.K_1.L,0.75,1,91.0,152,80.0,80.0,High density,Pocket,pocket_qcov,70,75.0
7y3s__1__1.B__1.G_1.H_1.J_1.K,1.0,1,92.0,116,82.1896551724138,82.1896551724138,High density,Pocket,pocket_qcov,70,100.0
7y4a__1__1.A__1.I_1.J_1.K,1.0,1,100.0,1798,92.99888765294772,92.99888765294772,High density,Pocket,pocket_qcov,70,100.0
7y4u__1__1.A__1.B,0.0,1,100.0,1998,76.46796796796797,76.46796796796797,High density,Pocket,pocket_qcov,70,0.0
7y88__1__1.A__1.B_1.C_1.D,0.5,1,79.0,6,74.5,74.5,Low density,Pocket,pocket_qcov,70,50.0
7ya4__1__1.A__1.E_1.F,1.0,1,98.0,129,79.62015503875969,79.62015503875969,High density,Pocket,pocket_qcov,70,100.0
7ycc__1__1.A__1.D_1.E_1.F,0.875,2,98.0,111,89.31531531531532,89.31531531531532,Low density,Pocket,pocket_qcov,70,87.5
7yce__1__1.A__1.B_1.C_1.D_1.E,0.75,2,98.0,107,87.42990654205607,87.42990654205607,Low density,Pocket,pocket_qcov,70,75.0
7yd2__1__1.A_1.B__1.K,0.0,1,65.0,0,,65.0,No neighbours,Pocket,pocket_qcov,70,0.0
7ydx__1__2.B__2.H,1.0,1,85.0,314,73.73885350318471,73.73885350318471,High density,Pocket,pocket_qcov,70,100.0
7yh9__1__1.A__1.G_1.H_1.I,0.0,1,95.0,204,77.73039215686275,77.73039215686275,High density,Pocket,pocket_qcov,70,0.0
7yha__1__1.A__1.E_1.F_1.G_1.H,0.0,2,85.0,78,76.28205128205128,76.28205128205128,Low density,Pocket,pocket_qcov,70,0.0
7yhb__1__1.A__1.C_1.D_1.E,0.0,1,100.0,288,81.54861111111111,81.54861111111111,High density,Pocket,pocket_qcov,70,0.0
7yhc__1__1.A__1.I_1.J_1.K,0.0,1,100.0,256,77.63671875,77.63671875,High density,Pocket,pocket_qcov,70,0.0
7yj9__1__1.A_2.A__2.B,0.25,1,91.0,6,82.5,82.5,Low density,Pocket,pocket_qcov,70,25.0
7yja__1__1.A_1.B__1.E,0.0,1,97.0,7,84.85714285714286,84.85714285714286,Low density,Pocket,pocket_qcov,70,0.0
7yjb__1__1.A_2.A__2.B,0.0,1,97.0,6,87.0,87.0,Low density,Pocket,pocket_qcov,70,0.0
7yop__1__1.A_1.B__1.E,0.0,1,73.0,3,72.0,72.0,Low density,Pocket,pocket_qcov,70,0.0
7yp5__1__1.B__1.J_1.K,0.0,1,94.0,21,83.71428571428571,83.71428571428571,Low density,Pocket,pocket_qcov,70,0.0
7yp6__1__1.A__1.D_1.E_1.L,0.0,1,93.0,18,89.0,89.0,Low density,Pocket,pocket_qcov,70,0.0
7yqf__1__1.B__1.J_1.K,0.75,1,96.0,690,76.9768115942029,76.9768115942029,High density,Pocket,pocket_qcov,70,75.0
7ys8__1__1.B__1.E_1.F,1.0,1,96.0,546,81.53846153846153,81.53846153846153,High density,Pocket,pocket_qcov,70,100.0
7ysx__1__1.B__1.J,1.0,1,95.0,708,79.89971751412429,79.89971751412429,High density,Pocket,pocket_qcov,70,100.0
7yxd__1__1.A__1.I,1.0,1,100.0,693,77.52380952380952,77.52380952380952,High density,Pocket,pocket_qcov,70,100.0
7yxe__1__1.A__1.C,1.0,1,100.0,93,86.02150537634408,86.02150537634408,Low density,Pocket,pocket_qcov,70,100.0
7yzs__1__1.A__1.B,0.5,1,91.0,10,79.2,79.2,Low density,Pocket,pocket_qcov,70,50.0
7yzu__1__1.A__1.B,1.0,1,84.0,4,83.0,83.0,Low density,Pocket,pocket_qcov,70,100.0
7z0w__1__1.A_1.B__1.J_1.K,0.5,2,92.0,26,76.76923076923077,76.76923076923077,Low density,Pocket,pocket_qcov,70,50.0
7z1g__1__1.A__1.B_1.D,1.0,1,100.0,2419,78.12897891690781,78.12897891690781,High density,Pocket,pocket_qcov,70,100.0
7z1r__1__1.A_2.A__1.B,0.25,1,85.0,69,72.65217391304348,72.65217391304348,Low density,Pocket,pocket_qcov,70,25.0
7z1v__1__1.A__1.C,1.0,1,100.0,326,77.91411042944786,77.91411042944786,High density,Pocket,pocket_qcov,70,100.0
7z1w__1__1.A__1.C,1.0,1,100.0,250,77.304,77.304,High density,Pocket,pocket_qcov,70,100.0
7z2q__1__1.A__1.C,1.0,1,100.0,122,80.09836065573771,80.09836065573771,High density,Pocket,pocket_qcov,70,100.0
7z39__1__1.A__1.C,0.0,1,100.0,2292,87.82460732984293,87.82460732984293,High density,Pocket,pocket_qcov,70,0.0
7z3k__1__1.A__1.D_1.DA_1.E_1.F_1.P,0.5,1,72.0,4,71.0,71.0,Low density,Pocket,pocket_qcov,70,50.0
7z3y__1__1.A__1.D,0.5,1,96.0,17,84.58823529411765,84.58823529411765,Low density,Pocket,pocket_qcov,70,50.0
7z41__1__1.A__1.C,0.75,1,100.0,96,80.84375,80.84375,Low density,Pocket,pocket_qcov,70,75.0
7z57__1__1.A__1.B_1.C_1.J,0.0,2,72.0,2,72.0,72.0,Low density,Pocket,pocket_qcov,70,0.0
7z5b__1__1.A__1.D,0.75,1,96.0,12,87.91666666666667,87.91666666666667,Low density,Pocket,pocket_qcov,70,75.0
7z5n__1__1.A__1.I_1.L_1.M,1.0,1,100.0,1758,78.2599544937429,78.2599544937429,High density,Pocket,pocket_qcov,70,100.0
7z5u__1__1.A__1.B_1.C,0.5,1,56.0,0,,56.0,No neighbours,Pocket,pocket_qcov,70,50.0
7z5x__1__1.A__1.C,1.0,1,96.0,2148,77.28072625698324,77.28072625698324,High density,Pocket,pocket_qcov,70,100.0
7z62__1__2.A_2.B__2.C_2.D,0.0,1,96.0,4,96.0,96.0,Low density,Pocket,pocket_qcov,70,0.0
7z63__1__1.A__1.E_1.F,0.5,1,100.0,173,92.01156069364161,92.01156069364161,High density,Pocket,pocket_qcov,70,50.0
7z6c__1__1.A__1.B_1.C_1.D,0.5833333333333334,3,100.0,210,92.01428571428572,92.01428571428572,High density,Pocket,pocket_qcov,70,58.333333333333336
7z6z__1__1.A__1.H_1.I_1.J_1.O_1.Y,0.75,1,88.0,22,75.9090909090909,75.9090909090909,Low density,Pocket,pocket_qcov,70,75.0
7z70__1__1.A__1.C_1.E_1.L,1.0,1,87.0,5,78.8,78.8,Low density,Pocket,pocket_qcov,70,100.0
7z74__1__1.A__1.B_1.C,0.5,1,96.0,239,78.8326359832636,78.8326359832636,High density,Pocket,pocket_qcov,70,50.0
7z78__1__1.A__1.D,1.0,1,96.0,222,77.57657657657657,77.57657657657657,High density,Pocket,pocket_qcov,70,100.0
7z9t__1__1.A__1.C,0.5,1,100.0,1371,78.09263311451495,78.09263311451495,High density,Pocket,pocket_qcov,70,50.0
7za0__1__1.A__1.B,0.25,1,100.0,34,86.38235294117646,86.38235294117646,Low density,Pocket,pocket_qcov,70,25.0
7zaa__1__1.A__1.C,1.0,1,100.0,1540,90.65,90.65,High density,Pocket,pocket_qcov,70,100.0
7zbv__1__1.A__1.B_1.E,0.0,1,62.0,0,,62.0,No neighbours,Pocket,pocket_qcov,70,0.0
7zeg__1__1.A__1.C,0.5,1,79.0,3,77.66666666666667,77.66666666666667,Low density,Pocket,pocket_qcov,70,50.0
7zej__1__1.A_2.B__1.C_1.D,0.625,2,81.0,46,73.52173913043478,73.52173913043478,Low density,Pocket,pocket_qcov,70,62.5
7zer__1__1.A__1.B_1.C,1.0,1,90.0,69,76.68115942028986,76.68115942028986,Low density,Pocket,pocket_qcov,70,100.0
7zf0__1__1.A__1.B_1.C_1.I_1.J_1.K,1.0,1,82.0,28,75.71428571428571,75.71428571428571,Low density,Pocket,pocket_qcov,70,100.0
7zfv__1__1.A__1.C,0.0,1,100.0,1535,90.36612377850163,90.36612377850163,High density,Pocket,pocket_qcov,70,0.0
7zg9__1__1.A__1.C,0.0,1,64.0,0,,64.0,No neighbours,Pocket,pocket_qcov,70,0.0
7zgb__1__1.A__1.B,0.5,1,81.0,1,81.0,81.0,Low density,Pocket,pocket_qcov,70,50.0
7zgc__1__1.A__1.B,0.25,1,83.0,1,83.0,83.0,Low density,Pocket,pocket_qcov,70,25.0
7zgd__1__1.A__1.B,0.25,1,83.0,1,83.0,83.0,Low density,Pocket,pocket_qcov,70,25.0
7zhf__1__1.A_2.A__1.B_1.C,0.75,1,79.0,3,75.33333333333333,75.33333333333333,Low density,Pocket,pocket_qcov,70,75.0
7zi0__1__1.A__1.C,0.25,1,96.0,13,83.15384615384616,83.15384615384616,Low density,Pocket,pocket_qcov,70,25.0
7zif__1__1.A__1.B_1.C,0.0,1,87.0,3,77.66666666666667,77.66666666666667,Low density,Pocket,pocket_qcov,70,0.0
7zig__1__1.A__1.B_1.C,0.25,1,87.0,3,77.66666666666667,77.66666666666667,Low density,Pocket,pocket_qcov,70,25.0
7zih__1__1.A__1.B_1.C,0.25,1,90.0,5,75.6,75.6,Low density,Pocket,pocket_qcov,70,25.0
7zii__1__1.A__1.B_1.C,0.25,1,88.0,1,88.0,88.0,Low density,Pocket,pocket_qcov,70,25.0
7zij__1__1.A__1.B_1.C,0.25,1,89.0,12,73.16666666666667,73.16666666666667,Low density,Pocket,pocket_qcov,70,25.0
7zik__1__1.A__1.D,0.5,1,94.0,9,85.88888888888889,85.88888888888889,Low density,Pocket,pocket_qcov,70,50.0
7ziy__1__1.A__1.C,0.75,1,86.0,22,80.0,80.0,Low density,Pocket,pocket_qcov,70,75.0
7zj0__1__1.A__1.C,0.5,1,88.0,23,82.1304347826087,82.1304347826087,Low density,Pocket,pocket_qcov,70,50.0
7zjp__1__1.A__1.C,1.0,1,93.0,18,85.94444444444444,85.94444444444444,Low density,Pocket,pocket_qcov,70,100.0
7zjq__1__1.A__1.E,0.75,1,74.0,2,74.0,74.0,Low density,Pocket,pocket_qcov,70,75.0
7zks__1__1.A__1.B,0.25,1,93.0,1237,76.61358124494745,76.61358124494745,High density,Pocket,pocket_qcov,70,25.0
7zkx__1__1.A__1.B_1.L,0.0,1,90.0,900,76.38444444444444,76.38444444444444,High density,Pocket,pocket_qcov,70,0.0
7zl5__1__1.A__1.C_1.D_1.E,0.75,1,100.0,881,83.03745743473326,83.03745743473326,High density,Pocket,pocket_qcov,70,75.0
7zo2__1__2.A__2.B_2.C_2.F,0.0,1,74.0,8,72.5,72.5,Low density,Pocket,pocket_qcov,70,0.0
7zo3__1__2.A__2.B_2.C_2.G,0.0,1,85.0,46,74.8695652173913,74.8695652173913,Low density,Pocket,pocket_qcov,70,0.0
7zo4__1__1.A__1.B_1.C_1.G,0.5,1,79.0,34,74.11764705882354,74.11764705882354,Low density,Pocket,pocket_qcov,70,50.0
7zsm__1__1.A_2.A__1.B,1.0,1,94.0,108,79.66666666666667,79.66666666666667,Low density,Pocket,pocket_qcov,70,100.0
7zso__1__1.A_1.C__1.S,0.25,1,92.0,61,74.1639344262295,74.1639344262295,Low density,Pocket,pocket_qcov,70,25.0
7zsq__1__1.B_1.C__1.G_1.I,0.75,1,79.0,40,73.925,73.925,Low density,Pocket,pocket_qcov,70,75.0
7zst__1__1.B_1.C__1.H,0.0,1,79.0,9,74.44444444444444,74.44444444444444,Low density,Pocket,pocket_qcov,70,0.0
7zwb__1__1.A__1.D,0.0,1,100.0,98,99.60204081632654,99.60204081632654,Low density,Pocket,pocket_qcov,70,0.0
7zxw__1__1.A__1.C_1.D_1.G,0.5,1,96.0,1,96.0,96.0,Low density,Pocket,pocket_qcov,70,50.0
7zxz__1__2.A_2.B__2.E,0.0,1,97.0,267,78.46441947565543,78.46441947565543,High density,Pocket,pocket_qcov,70,0.0
7zym__1__1.A__1.B,0.75,1,96.0,2592,80.26234567901234,80.26234567901234,High density,Pocket,pocket_qcov,70,75.0
7zyn__1__1.A__1.B,0.75,1,96.0,2541,77.51475796930342,77.51475796930342,High density,Pocket,pocket_qcov,70,75.0
7zzs__1__1.A__1.D_1.J_1.L,0.625,2,73.0,20,70.9,70.9,Low density,Pocket,pocket_qcov,70,62.5
7zzt__1__1.A__1.D_1.J,0.75,1,91.0,20,83.55,83.55,Low density,Pocket,pocket_qcov,70,75.0
7zzu__1__1.A__1.M_1.P,0.5,1,96.0,110,77.65454545454546,77.65454545454546,Low density,Pocket,pocket_qcov,70,50.0
7zzw__1__1.A__1.I_1.L,0.75,1,100.0,139,78.23741007194245,78.23741007194245,High density,Pocket,pocket_qcov,70,75.0
8a0b__1__1.A__1.D_1.H,0.75,1,89.0,23,80.26086956521739,80.26086956521739,Low density,Pocket,pocket_qcov,70,75.0
8a0t__1__1.A__1.C,0.0,1,100.0,133,86.25563909774436,86.25563909774436,High density,Pocket,pocket_qcov,70,0.0
8a0z__1__1.A__1.C_1.D_1.F,1.0,2,100.0,1524,93.14698162729658,93.14698162729658,High density,Pocket,pocket_qcov,70,100.0
8a12__1__1.A__1.D_1.G,0.75,1,100.0,65,75.83076923076923,75.83076923076923,Low density,Pocket,pocket_qcov,70,75.0
8a2p__1__1.A__1.B,0.75,1,96.0,41,78.51219512195122,78.51219512195122,Low density,Pocket,pocket_qcov,70,75.0
8a34__1__1.A__1.C_1.D,0.0,1,100.0,140,86.85714285714286,86.85714285714286,High density,Pocket,pocket_qcov,70,0.0
8a3a__1__1.A__1.B,1.0,1,100.0,120,91.56666666666666,91.56666666666666,High density,Pocket,pocket_qcov,70,100.0
8a4a__1__1.B__1.C_1.D,1.0,1,100.0,1666,89.82112845138055,89.82112845138055,High density,Pocket,pocket_qcov,70,100.0
8a4q__1__1.A_2.A__1.B,0.0,1,100.0,390,78.26153846153846,78.26153846153846,High density,Pocket,pocket_qcov,70,0.0
8a56__1__1.A_1.B__1.I,0.75,1,66.0,0,,66.0,No neighbours,Pocket,pocket_qcov,70,75.0
8a66__1__1.A__1.C,1.0,1,86.0,931,72.88506981740065,72.88506981740065,High density,Pocket,pocket_qcov,70,100.0
8a6v__1__1.A__1.C_1.D_1.E_1.F_1.G,0.875,2,100.0,150,88.24,88.24,High density,Pocket,pocket_qcov,70,87.5
8a70__1__1.A_1.B__1.D_1.E_1.F_1.G,0.5,1,92.0,44,82.61363636363636,82.61363636363636,Low density,Pocket,pocket_qcov,70,50.0
8a7a__1__1.A_1.B__1.C_1.E_1.F_1.G,0.5,1,92.0,59,81.55932203389831,81.55932203389831,Low density,Pocket,pocket_qcov,70,50.0
8a7i__1__1.A__1.C,0.0,1,95.0,126,75.93650793650794,75.93650793650794,High density,Pocket,pocket_qcov,70,0.0
8a9i__1__1.A__1.B,0.5,1,92.0,222,78.11261261261261,78.11261261261261,High density,Pocket,pocket_qcov,70,50.0
8acm__1__1.A__1.E,0.5,1,86.0,168,74.5,74.5,High density,Pocket,pocket_qcov,70,50.0
8ad7__1__1.A__1.J,1.0,1,100.0,25,92.08,92.08,Low density,Pocket,pocket_qcov,70,100.0
8adf__1__1.B__1.D,0.25,1,100.0,406,86.44334975369458,86.44334975369458,High density,Pocket,pocket_qcov,70,25.0
8adj__1__1.A__1.D,0.75,1,96.0,2,85.0,85.0,Low density,Pocket,pocket_qcov,70,75.0
8ai3__1__1.A__1.C_1.E,1.0,1,74.0,1,74.0,74.0,Low density,Pocket,pocket_qcov,70,100.0
8ai7__1__1.A__1.Q,0.0,1,84.0,33,77.78787878787878,77.78787878787878,Low density,Pocket,pocket_qcov,70,0.0
8aij__1__1.C_1.D__1.O_1.P_1.Q,0.25,1,100.0,133,95.93984962406014,95.93984962406014,High density,Pocket,pocket_qcov,70,25.0
8ajk__1__1.A_1.B__1.D_1.E,1.0,1,100.0,278,92.53597122302158,92.53597122302158,High density,Pocket,pocket_qcov,70,100.0
8ak3__1__1.A__1.B_1.C,1.0,1,91.0,714,76.46358543417367,76.46358543417367,High density,Pocket,pocket_qcov,70,100.0
8ak5__1__1.A__1.C_1.E_1.F_1.G,0.5,2,98.0,290,78.68275862068965,78.68275862068965,High density,Pocket,pocket_qcov,70,50.0
8ak6__1__1.A__1.E_1.F_1.H,0.5,1,100.0,62,84.64516129032258,84.64516129032258,Low density,Pocket,pocket_qcov,70,50.0
8ak7__1__1.A__1.C_1.E_1.G,0.5,2,100.0,324,77.90123456790124,77.90123456790124,High density,Pocket,pocket_qcov,70,50.0
8ak8__1__1.A__1.C_1.F_1.L,0.5,2,98.0,298,78.04026845637584,78.04026845637584,High density,Pocket,pocket_qcov,70,50.0
8akd__1__1.A__1.C_1.E,0.5,2,98.0,320,81.515625,81.515625,High density,Pocket,pocket_qcov,70,50.0
8akg__1__1.A__1.F_1.O,0.5,1,95.0,78,77.24358974358974,77.24358974358974,Low density,Pocket,pocket_qcov,70,50.0
8am2__1__1.A__1.D,0.0,1,85.0,108,75.94444444444444,75.94444444444444,Low density,Pocket,pocket_qcov,70,0.0
8aop__1__1.A__1.E,0.5,1,100.0,113,96.50442477876106,96.50442477876106,Low density,Pocket,pocket_qcov,70,50.0
8apt__1__1.A_2.A__1.B,1.0,1,89.0,63,77.66666666666667,77.66666666666667,Low density,Pocket,pocket_qcov,70,100.0
8apu__1__1.A_2.A__1.B,1.0,1,89.0,64,77.140625,77.140625,Low density,Pocket,pocket_qcov,70,100.0
8apw__1__1.A_2.A__2.C,1.0,1,97.0,70,80.67142857142858,80.67142857142858,Low density,Pocket,pocket_qcov,70,100.0
8aqf__1__1.A__1.B,0.0,1,82.0,10,75.2,75.2,Low density,Pocket,pocket_qcov,70,0.0
8aqj__1__1.A_3.A__3.B,0.5,1,100.0,286,78.68181818181819,78.68181818181819,High density,Pocket,pocket_qcov,70,50.0
8arj__1__1.A__1.B,1.0,1,94.0,1288,74.45962732919254,74.45962732919254,High density,Pocket,pocket_qcov,70,100.0
8ase__1__1.B__1.F_1.G,0.5,1,100.0,1484,83.41711590296497,83.41711590296497,High density,Pocket,pocket_qcov,70,50.0
8asf__1__1.B__1.E,0.0,1,100.0,1126,81.2886323268206,81.2886323268206,High density,Pocket,pocket_qcov,70,0.0
8atb__1__1.A__1.C,1.0,1,79.0,25,72.76,72.76,Low density,Pocket,pocket_qcov,70,100.0
8atl__1__1.A__1.C,1.0,1,77.0,78,71.16666666666667,71.16666666666667,Low density,Pocket,pocket_qcov,70,100.0
8aty__1__1.A__1.B_1.C,0.0,2,92.0,400,77.775,77.775,High density,Pocket,pocket_qcov,70,0.0
8au8__1__1.A_1.B__1.C_1.D_1.H,0.5,2,97.0,178,81.20224719101124,81.20224719101124,High density,Pocket,pocket_qcov,70,50.0
8aue__1__1.A__1.C_1.D,0.5,2,92.0,440,80.47727272727273,80.47727272727273,High density,Pocket,pocket_qcov,70,50.0
8aui__1__1.A_1.B__1.C_1.D_1.G,0.3333333333333333,3,92.0,201,77.56716417910448,77.56716417910448,High density,Pocket,pocket_qcov,70,33.33333333333333
8auj__1__1.A__1.C_1.D,0.5,2,88.0,428,77.69626168224299,77.69626168224299,High density,Pocket,pocket_qcov,70,50.0
8av1__1__1.B__1.J_1.M,1.0,1,100.0,2809,82.50088999644001,82.50088999644001,High density,Pocket,pocket_qcov,70,100.0
8aw1__1__1.A__1.C,1.0,1,96.0,1571,76.08911521323998,76.08911521323998,High density,Pocket,pocket_qcov,70,100.0
8aw7__1__1.A__1.B_1.C,0.25,1,77.0,2,74.0,74.0,Low density,Pocket,pocket_qcov,70,25.0
8axp__1__1.A__1.C,0.0,1,86.0,6,84.83333333333333,84.83333333333333,Low density,Pocket,pocket_qcov,70,0.0
8ay6__1__1.A_1.B__1.C,0.5,1,93.0,104,81.5,81.5,Low density,Pocket,pocket_qcov,70,50.0
8ay8__1__1.A_1.B__1.D,1.0,1,91.0,83,77.51807228915662,77.51807228915662,Low density,Pocket,pocket_qcov,70,100.0
8aya__1__1.A_1.B__1.C,1.0,1,88.0,82,77.7560975609756,77.7560975609756,Low density,Pocket,pocket_qcov,70,100.0
8azd__1__1.A__1.C,1.0,1,100.0,130,87.14615384615385,87.14615384615385,High density,Pocket,pocket_qcov,70,100.0
8azi__1__1.A__1.C,1.0,1,100.0,129,87.92248062015504,87.92248062015504,High density,Pocket,pocket_qcov,70,100.0
8azl__1__1.A__1.C,1.0,1,100.0,126,88.25396825396825,88.25396825396825,High density,Pocket,pocket_qcov,70,100.0
8azm__1__1.A__1.C,1.0,1,100.0,130,87.95384615384616,87.95384615384616,High density,Pocket,pocket_qcov,70,100.0
8azo__1__1.A__1.C,1.0,1,100.0,144,89.45138888888889,89.45138888888889,High density,Pocket,pocket_qcov,70,100.0
8azp__1__1.A__1.C,1.0,1,100.0,145,89.46206896551725,89.46206896551725,High density,Pocket,pocket_qcov,70,100.0
8b08__1__1.B__1.E,1.0,1,100.0,230,88.23913043478261,88.23913043478261,High density,Pocket,pocket_qcov,70,100.0
8b1n__1__1.A_1.B__1.C_1.Q,1.0,1,94.0,53,77.90566037735849,77.90566037735849,Low density,Pocket,pocket_qcov,70,100.0
8b1v__1__1.A_1.B__1.E,0.0,1,74.0,2,72.0,72.0,Low density,Pocket,pocket_qcov,70,0.0
8b25__1__1.A_1.B__1.J,0.0,1,67.0,0,,67.0,No neighbours,Pocket,pocket_qcov,70,0.0
8b35__1__1.A_1.B__1.E,0.0,1,81.0,5,77.2,77.2,Low density,Pocket,pocket_qcov,70,0.0
8b43__1__1.A__1.H_1.I_1.J_1.K_1.L,0.0,3,72.0,3,72.0,72.0,Low density,Pocket,pocket_qcov,70,0.0
8b5s__1__1.B__1.D,0.0,1,100.0,2,87.0,87.0,Low density,Pocket,pocket_qcov,70,0.0
8b62__1__1.A__1.C,0.5,1,97.0,1,97.0,97.0,Low density,Pocket,pocket_qcov,70,50.0
8b6m__1__1.A_1.B__1.E,1.0,1,97.0,119,77.5546218487395,77.5546218487395,High density,Pocket,pocket_qcov,70,100.0
8b72__1__1.A_1.B__1.F_1.G,0.0,1,90.0,9,85.88888888888889,85.88888888888889,Low density,Pocket,pocket_qcov,70,0.0
8b75__1__1.A__1.B,0.75,1,81.0,1,81.0,81.0,Low density,Pocket,pocket_qcov,70,75.0
8b80__1__1.A__1.F_1.G,0.75,1,100.0,378,82.69047619047619,82.69047619047619,High density,Pocket,pocket_qcov,70,75.0
8b8h__1__1.A_1.B__1.H_1.K,1.0,1,91.0,6,77.33333333333333,77.33333333333333,Low density,Pocket,pocket_qcov,70,100.0
8b8x__1__1.A_1.C__1.E,0.25,1,86.0,187,75.49197860962566,75.49197860962566,High density,Pocket,pocket_qcov,70,25.0
8b8z__1__1.A__1.E,0.25,1,94.0,208,77.85576923076923,77.85576923076923,High density,Pocket,pocket_qcov,70,25.0
8b91__1__1.A__1.E,0.0,1,94.0,209,76.02870813397129,76.02870813397129,High density,Pocket,pocket_qcov,70,0.0
8b9h__1__1.A__1.B,0.75,1,100.0,1579,78.82900569981001,78.82900569981001,High density,Pocket,pocket_qcov,70,75.0
8b9u__1__1.A_1.B__1.C_1.H,0.0,1,44.0,0,,44.0,No neighbours,Pocket,pocket_qcov,70,0.0
8bab__1__1.A__1.H_1.I,0.75,1,100.0,1703,79.78214914856136,79.78214914856136,High density,Pocket,pocket_qcov,70,75.0
8baj__1__1.A__1.B,1.0,1,100.0,175,78.70285714285714,78.70285714285714,High density,Pocket,pocket_qcov,70,100.0
8bam__1__1.A__1.C_1.D,0.875,2,95.0,256,86.375,86.375,High density,Pocket,pocket_qcov,70,87.5
8bcy__1__1.A__1.C,0.75,1,100.0,202,76.26237623762377,76.26237623762377,High density,Pocket,pocket_qcov,70,75.0
8bdm__1__1.C__1.M,1.0,1,100.0,102,94.77450980392157,94.77450980392157,Low density,Pocket,pocket_qcov,70,100.0
8bgc__1__1.A__1.F,1.0,1,100.0,1733,79.66301211771494,79.66301211771494,High density,Pocket,pocket_qcov,70,100.0
8bgt__1__1.A_2.A__2.D,0.0,1,87.0,5,75.0,75.0,Low density,Pocket,pocket_qcov,70,0.0
8bgx__1__1.A_1.D__1.E_1.F_1.I,0.625,2,89.0,32,81.3125,81.3125,Low density,Pocket,pocket_qcov,70,62.5
8bgy__1__1.A_1.B__1.E_1.F,0.5,2,89.0,30,81.46666666666667,81.46666666666667,Low density,Pocket,pocket_qcov,70,50.0
8bgz__1__1.A_1.B__1.F,0.0,1,86.0,5,76.4,76.4,Low density,Pocket,pocket_qcov,70,0.0
8bh0__1__1.A_1.D__1.J,0.0,1,83.0,4,75.0,75.0,Low density,Pocket,pocket_qcov,70,0.0
8bi6__1__1.A__1.D,0.0,1,100.0,31,85.25806451612904,85.25806451612904,Low density,Pocket,pocket_qcov,70,0.0
8bid__1__1.C_2.A__2.F_2.G,0.0,1,83.0,12,74.33333333333333,74.33333333333333,Low density,Pocket,pocket_qcov,70,0.0
8bih__1__1.A_1.L__1.N,0.0,1,73.0,2,73.0,73.0,Low density,Pocket,pocket_qcov,70,0.0
8bir__1__1.A_1.B__1.D,0.0,1,86.0,9,74.88888888888889,74.88888888888889,Low density,Pocket,pocket_qcov,70,0.0
8bj3__1__1.A_1.B__1.C,1.0,1,95.0,32,78.9375,78.9375,Low density,Pocket,pocket_qcov,70,100.0
8bjd__1__1.A__1.B,1.0,1,100.0,190,90.34210526315789,90.34210526315789,High density,Pocket,pocket_qcov,70,100.0
8bji__1__1.A_1.B__1.C_1.D,1.0,1,97.0,590,84.49830508474577,84.49830508474577,High density,Pocket,pocket_qcov,70,100.0
8bjt__1__1.A__1.C,1.0,1,97.0,2024,77.36067193675889,77.36067193675889,High density,Pocket,pocket_qcov,70,100.0
8bju__1__1.A__1.B,1.0,1,100.0,1291,75.12470952749807,75.12470952749807,High density,Pocket,pocket_qcov,70,100.0
8bk0__1__1.A__1.H,1.0,1,100.0,2391,81.70054370556252,81.70054370556252,High density,Pocket,pocket_qcov,70,100.0
8bl0__1__1.A__1.C_1.E,0.75,2,92.0,208,78.04807692307692,78.04807692307692,High density,Pocket,pocket_qcov,70,75.0
8bl1__1__1.A__1.C_1.E,0.75,2,93.0,197,76.91370558375634,76.91370558375634,High density,Pocket,pocket_qcov,70,75.0
8blz__1__1.A__1.B_1.D,1.0,1,98.0,56,87.69642857142857,87.69642857142857,Low density,Pocket,pocket_qcov,70,100.0
8bnx__1__1.A__1.C,0.0,1,83.0,34,79.6470588235294,79.6470588235294,Low density,Pocket,pocket_qcov,70,0.0
8bo3__1__1.A__1.B,1.0,1,97.0,754,78.4708222811671,78.4708222811671,High density,Pocket,pocket_qcov,70,100.0
8bo4__1__1.A__1.C,1.0,1,100.0,686,78.432944606414,78.432944606414,High density,Pocket,pocket_qcov,70,100.0
8boc__1__1.A__1.B,1.0,1,86.0,173,73.75722543352602,73.75722543352602,High density,Pocket,pocket_qcov,70,100.0
8bok__1__1.A__1.B,1.0,1,84.0,255,73.10980392156863,73.10980392156863,High density,Pocket,pocket_qcov,70,100.0
8bq4__1__1.B__1.D,0.25,1,95.0,21,81.57142857142857,81.57142857142857,Low density,Pocket,pocket_qcov,70,25.0
8br0__1__1.A_1.B__1.E_1.F_1.G,1.0,2,92.0,136,82.61764705882354,82.61764705882354,High density,Pocket,pocket_qcov,70,100.0
8br5__1__1.A__1.E,1.0,1,96.0,1311,75.73226544622426,75.73226544622426,High density,Pocket,pocket_qcov,70,100.0
8br6__1__1.A__1.C,1.0,1,93.0,1486,73.79475100942126,73.79475100942126,High density,Pocket,pocket_qcov,70,100.0
8bsg__1__1.A__1.B,0.25,1,95.0,52,81.46153846153847,81.46153846153847,Low density,Pocket,pocket_qcov,70,25.0
8bst__1__1.A__1.R,0.75,1,100.0,1061,83.70688030160227,83.70688030160227,High density,Pocket,pocket_qcov,70,75.0
8bsu__1__1.A_1.D__1.I_1.OA_1.SA,0.5,2,100.0,232,94.17241379310344,94.17241379310344,High density,Pocket,pocket_qcov,70,50.0
8bt0__1__1.A__1.M,1.0,1,100.0,32,92.34375,92.34375,Low density,Pocket,pocket_qcov,70,100.0
8bt2__1__1.A__1.M,1.0,1,96.0,25,79.36,79.36,Low density,Pocket,pocket_qcov,70,100.0
8bvx__1__1.A__1.D_1.F,0.25,1,92.0,17,82.88235294117646,82.88235294117646,Low density,Pocket,pocket_qcov,70,25.0
8bxx__1__1.A__1.E_1.F,1.0,1,100.0,214,88.69626168224299,88.69626168224299,High density,Pocket,pocket_qcov,70,100.0
8bzx__1__1.A_1.B__1.E_1.F,0.75,1,90.0,4,78.25,78.25,Low density,Pocket,pocket_qcov,70,75.0
8c08__1__1.A__1.C_1.D,1.0,1,94.0,676,75.1923076923077,75.1923076923077,High density,Pocket,pocket_qcov,70,100.0
8c0q__1__1.A__1.B_1.C,0.25,1,100.0,1017,90.01474926253687,90.01474926253687,High density,Pocket,pocket_qcov,70,25.0
8c0r__1__1.A__1.B_1.C,0.25,1,100.0,1025,89.00390243902439,89.00390243902439,High density,Pocket,pocket_qcov,70,25.0
8c1f__1__1.A__1.B_1.C_1.D_1.J,0.5,2,94.0,1308,76.53899082568807,76.53899082568807,High density,Pocket,pocket_qcov,70,50.0
8c1m__1__1.A__1.C,0.0,1,88.0,29,79.93103448275862,79.93103448275862,Low density,Pocket,pocket_qcov,70,0.0
8c3i__1__1.B__1.D,1.0,1,100.0,188,88.1436170212766,88.1436170212766,High density,Pocket,pocket_qcov,70,100.0
8c3n__1__1.A__1.C_1.D,1.0,1,95.0,140,82.72142857142858,82.72142857142858,High density,Pocket,pocket_qcov,70,100.0
8c3r__1__1.A__1.C,0.0,1,100.0,1953,79.46031746031746,79.46031746031746,High density,Pocket,pocket_qcov,70,0.0
8c47__1__1.B__1.E_1.F,1.0,1,100.0,601,84.73044925124792,84.73044925124792,High density,Pocket,pocket_qcov,70,100.0
8c4w__1__1.A__1.J_1.K_1.P,0.25,2,76.0,4,74.5,74.5,Low density,Pocket,pocket_qcov,70,25.0
8c6f__1__1.A__1.B_1.C,1.0,1,100.0,93,88.11827956989248,88.11827956989248,Low density,Pocket,pocket_qcov,70,100.0
8c6l__1__1.A__1.C,0.75,1,100.0,1871,79.17423837520043,79.17423837520043,High density,Pocket,pocket_qcov,70,75.0
8c6n__1__1.A__1.B,0.75,1,100.0,1897,81.37585661570901,81.37585661570901,High density,Pocket,pocket_qcov,70,75.0
8c6o__1__1.A__1.C,1.0,1,82.0,67,76.5223880597015,76.5223880597015,Low density,Pocket,pocket_qcov,70,100.0
8c6p__1__1.A__1.B,0.0,1,100.0,1200,81.81416666666667,81.81416666666667,High density,Pocket,pocket_qcov,70,0.0
8c6q__1__1.A__1.C,0.0,1,94.0,589,75.4125636672326,75.4125636672326,High density,Pocket,pocket_qcov,70,0.0
8c6s__1__1.A__1.C,0.0,1,100.0,1247,79.05773857257418,79.05773857257418,High density,Pocket,pocket_qcov,70,0.0
8c6z__1__1.A__1.C_1.E,0.0,1,91.0,107,74.99065420560747,74.99065420560747,Low density,Pocket,pocket_qcov,70,0.0
8c70__1__1.A__1.B,0.0,1,100.0,975,82.87076923076923,82.87076923076923,High density,Pocket,pocket_qcov,70,0.0
8c71__1__1.A__1.C,0.0,1,100.0,831,78.52587244283995,78.52587244283995,High density,Pocket,pocket_qcov,70,0.0
8c74__1__1.A__1.C,0.0,1,100.0,1089,82.14508723599633,82.14508723599633,High density,Pocket,pocket_qcov,70,0.0
8c7r__1__1.A__1.C_1.D,0.625,2,83.0,6,78.33333333333333,78.33333333333333,Low density,Pocket,pocket_qcov,70,62.5
8c9d__1__1.A__1.D,0.5,1,97.0,11,88.18181818181819,88.18181818181819,Low density,Pocket,pocket_qcov,70,50.0
8c9e__1__1.A__1.C,1.0,1,100.0,11,94.0909090909091,94.0909090909091,Low density,Pocket,pocket_qcov,70,100.0
8c9s__1__1.B__1.F_1.G,1.0,1,95.0,100,76.33,76.33,Low density,Pocket,pocket_qcov,70,100.0
8caa__1__1.B__1.F,1.0,1,93.0,19,82.94736842105263,82.94736842105263,Low density,Pocket,pocket_qcov,70,100.0
8cbh__1__1.A__1.C,0.25,1,100.0,35,91.71428571428571,91.71428571428571,Low density,Pocket,pocket_qcov,70,25.0
8cbr__1__1.A_1.B_1.D__1.E,0.0,1,79.0,53,72.88679245283019,72.88679245283019,Low density,Pocket,pocket_qcov,70,0.0
8cbs__1__1.B_1.C_1.D__1.L,0.0,1,82.0,79,73.86075949367088,73.86075949367088,Low density,Pocket,pocket_qcov,70,0.0
8cbu__1__1.A_1.B_1.D__1.M,0.0,1,81.0,80,73.8125,73.8125,Low density,Pocket,pocket_qcov,70,0.0
8ccj__1__1.A_2.A__1.B_1.J,1.0,1,100.0,90,84.2,84.2,Low density,Pocket,pocket_qcov,70,100.0
8cdw__1__1.B__1.D,1.0,1,100.0,2889,85.85289027345102,85.85289027345102,High density,Pocket,pocket_qcov,70,100.0
8cdx__1__1.A__1.C_1.D,0.25,1,100.0,996,86.58935742971887,86.58935742971887,High density,Pocket,pocket_qcov,70,25.0
8cdz__1__1.A__1.C_1.D_1.E,0.25,1,100.0,937,85.5538954108858,85.5538954108858,High density,Pocket,pocket_qcov,70,25.0
8ceq__1__1.A__1.C,1.0,1,93.0,28,90.42857142857143,90.42857142857143,Low density,Pocket,pocket_qcov,70,100.0
8ces__1__1.A__1.C,0.25,1,100.0,28,98.85714285714286,98.85714285714286,Low density,Pocket,pocket_qcov,70,25.0
8cev__1__1.A__1.C,1.0,1,100.0,28,96.57142857142857,96.57142857142857,Low density,Pocket,pocket_qcov,70,100.0
8cex__1__1.A__1.D,0.75,1,100.0,17,88.58823529411765,88.58823529411765,Low density,Pocket,pocket_qcov,70,75.0
8cey__1__1.A__1.D,0.0,1,88.0,17,82.11764705882354,82.11764705882354,Low density,Pocket,pocket_qcov,70,0.0
8chc__1__1.A__1.B,0.75,1,88.0,4,83.5,83.5,Low density,Pocket,pocket_qcov,70,75.0
8chk__1__1.A__1.D,1.0,1,96.0,184,77.7336956521739,77.7336956521739,High density,Pocket,pocket_qcov,70,100.0
8chl__1__1.A__1.C_1.E,1.0,1,100.0,191,84.12041884816755,84.12041884816755,High density,Pocket,pocket_qcov,70,100.0
8cij__1__1.A__1.B,0.0,1,93.0,1203,76.89692435577723,76.89692435577723,High density,Pocket,pocket_qcov,70,0.0
8cji__1__1.A__1.B_1.C,0.25,1,90.0,2,80.5,80.5,Low density,Pocket,pocket_qcov,70,25.0
8cjj__1__1.A__1.B_1.C,0.25,1,90.0,2,80.5,80.5,Low density,Pocket,pocket_qcov,70,25.0
8cjk__1__1.A__1.B_1.C,0.25,1,76.0,1,76.0,76.0,Low density,Pocket,pocket_qcov,70,25.0
8cjo__1__1.A__1.B_1.C,0.0,1,93.0,9,83.11111111111111,83.11111111111111,Low density,Pocket,pocket_qcov,70,0.0
8cju__1__1.A__1.B,0.0,1,68.0,0,,68.0,No neighbours,Pocket,pocket_qcov,70,0.0
8ck5__1__1.A__1.D,1.0,1,100.0,410,85.03658536585365,85.03658536585365,High density,Pocket,pocket_qcov,70,100.0
8ckc__1__2.A__2.D,1.0,1,100.0,466,84.87339055793991,84.87339055793991,High density,Pocket,pocket_qcov,70,100.0
8ckh__1__1.A_1.B__1.D,0.0,1,73.0,2,72.0,72.0,Low density,Pocket,pocket_qcov,70,0.0
8cnh__1__1.A__1.B_1.L,0.5,1,80.0,1,80.0,80.0,Low density,Pocket,pocket_qcov,70,50.0
8cnm__1__1.A_1.B__1.F_1.N_1.S,0.375,2,92.0,211,75.65876777251185,75.65876777251185,High density,Pocket,pocket_qcov,70,37.5
8cno__1__1.A_1.B__1.C_1.E_1.F,0.25,2,94.0,60,76.66666666666667,76.66666666666667,Low density,Pocket,pocket_qcov,70,25.0
8cnt__1__1.A__1.B_1.C,0.0,1,94.0,41,79.34146341463415,79.34146341463415,Low density,Pocket,pocket_qcov,70,0.0
8con__1__1.A_2.A__2.D_2.J,1.0,1,100.0,199,89.22613065326634,89.22613065326634,High density,Pocket,pocket_qcov,70,100.0
8coq__1__1.A__1.C_1.D,0.625,2,100.0,1434,91.52161785216178,91.52161785216178,High density,Pocket,pocket_qcov,70,62.5
8cou__1__1.A__1.V,0.5,1,96.0,66,87.96969696969697,87.96969696969697,Low density,Pocket,pocket_qcov,70,50.0
8cov__1__1.A__1.D,0.25,1,83.0,38,75.94736842105263,75.94736842105263,Low density,Pocket,pocket_qcov,70,25.0
8cow__1__1.B__1.I_1.J,1.0,2,100.0,1420,88.69859154929577,88.69859154929577,High density,Pocket,pocket_qcov,70,100.0
8cp4__1__2.A__2.H_2.I,0.0,1,75.0,3,72.33333333333333,72.33333333333333,Low density,Pocket,pocket_qcov,70,0.0
8cp7__1__1.A__1.B,0.75,1,100.0,48,84.89583333333333,84.89583333333333,Low density,Pocket,pocket_qcov,70,75.0
8cp9__1__1.A__1.C_1.D,0.5,1,89.0,15,83.33333333333333,83.33333333333333,Low density,Pocket,pocket_qcov,70,50.0
8cpb__1__1.B__1.H,0.0,1,93.0,5,82.2,82.2,Low density,Pocket,pocket_qcov,70,0.0
8cq8__1__1.A__1.C_1.D_1.E,1.0,2,100.0,1424,90.13342696629213,90.13342696629213,High density,Pocket,pocket_qcov,70,100.0
8cq9__1__1.B__1.I_1.J_1.K,1.0,2,100.0,1436,90.3259052924791,90.3259052924791,High density,Pocket,pocket_qcov,70,100.0
8cqv__1__1.A_1.B__1.K_1.P,1.0,1,100.0,10,90.3,90.3,Low density,Pocket,pocket_qcov,70,100.0
8crj__1__1.A__1.B,0.0,1,98.0,15,86.8,86.8,Low density,Pocket,pocket_qcov,70,0.0
8crl__1__1.A__1.C,1.0,1,100.0,25,85.36,85.36,Low density,Pocket,pocket_qcov,70,100.0
8crp__1__1.A_1.C__1.E_1.I,0.5,2,95.0,68,89.70588235294117,89.70588235294117,Low density,Pocket,pocket_qcov,70,50.0
8csg__1__1.A__1.C_1.D,0.625,2,100.0,128,91.890625,91.890625,High density,Pocket,pocket_qcov,70,62.5
8cta__1__1.A_1.B_1.D__1.Q,1.0,1,82.0,54,74.4074074074074,74.4074074074074,Low density,Pocket,pocket_qcov,70,100.0
8ctb__1__1.A__1.C_1.D,0.5,2,100.0,128,89.5625,89.5625,High density,Pocket,pocket_qcov,70,50.0
8cu7__1__1.A__1.C,0.75,1,93.0,39,79.7948717948718,79.7948717948718,Low density,Pocket,pocket_qcov,70,75.0
8cvc__1__1.A__1.C_1.J_1.O_1.P,0.5,1,85.0,2,85.0,85.0,Low density,Pocket,pocket_qcov,70,50.0
8cvd__1__1.A__1.B_1.K_1.L,0.5,1,88.0,2,88.0,88.0,Low density,Pocket,pocket_qcov,70,50.0
8cve__1__1.A__1.B_1.K_1.L,0.75,2,74.0,2,74.0,74.0,Low density,Pocket,pocket_qcov,70,75.0
8cvf__1__1.A__1.D_1.E_1.F_1.G,0.5,1,88.0,3,82.66666666666667,82.66666666666667,Low density,Pocket,pocket_qcov,70,50.0
8cvg__1__1.A__1.B_1.F_1.J,0.5,2,71.0,2,71.0,71.0,Low density,Pocket,pocket_qcov,70,50.0
8cyu__1__1.A_1.B__1.F,1.0,1,100.0,245,80.89387755102041,80.89387755102041,High density,Pocket,pocket_qcov,70,100.0
8cyz__1__1.A_1.C__1.E,1.0,1,100.0,261,82.73563218390805,82.73563218390805,High density,Pocket,pocket_qcov,70,100.0
8cz7__1__1.A_1.C__1.E,1.0,1,100.0,371,81.77897574123989,81.77897574123989,High density,Pocket,pocket_qcov,70,100.0
8czl__1__1.A__1.C_1.D,0.5,1,89.0,2,89.0,89.0,Low density,Pocket,pocket_qcov,70,50.0
8d19__1__1.A__1.C_1.D,1.0,1,100.0,2,100.0,100.0,Low density,Pocket,pocket_qcov,70,100.0
8d3e__1__1.A__1.C_1.D,1.0,1,92.0,238,76.6218487394958,76.6218487394958,High density,Pocket,pocket_qcov,70,100.0
8d3h__1__1.A__1.C_1.D,0.625,2,91.0,228,74.85087719298245,74.85087719298245,High density,Pocket,pocket_qcov,70,62.5
8d3j__1__1.A__1.D_1.E_1.F,0.625,2,90.0,234,76.15384615384616,76.15384615384616,High density,Pocket,pocket_qcov,70,62.5
8d5b__1__1.A__1.B_1.G_1.H,1.0,1,96.0,8,95.0,95.0,Low density,Pocket,pocket_qcov,70,100.0
8d6c__1__1.A__1.F,1.0,1,100.0,1016,76.73622047244095,76.73622047244095,High density,Pocket,pocket_qcov,70,100.0
8d6e__1__1.A__1.D,1.0,1,100.0,1307,78.61285386381026,78.61285386381026,High density,Pocket,pocket_qcov,70,100.0
8d6f__1__1.A__1.D,1.0,1,100.0,1385,77.38989169675091,77.38989169675091,High density,Pocket,pocket_qcov,70,100.0
8d6m__1__1.A__1.C,0.25,1,100.0,9,87.55555555555556,87.55555555555556,Low density,Pocket,pocket_qcov,70,25.0
8d6t__1__1.A__1.C,0.25,1,94.0,9,85.66666666666667,85.66666666666667,Low density,Pocket,pocket_qcov,70,25.0
8d9b__1__1.A__1.C_1.D,1.0,1,95.0,412,80.81796116504854,80.81796116504854,High density,Pocket,pocket_qcov,70,100.0
8d9c__1__1.A__1.C_1.D,1.0,1,100.0,434,80.47465437788019,80.47465437788019,High density,Pocket,pocket_qcov,70,100.0
8db0__1__1.A__1.E,0.75,1,83.0,33,79.12121212121212,79.12121212121212,Low density,Pocket,pocket_qcov,70,75.0
8dcd__1__1.A__1.E_1.Q_1.R,0.25,1,100.0,5,92.0,92.0,Low density,Pocket,pocket_qcov,70,25.0
8ddb__1__1.A__1.B_1.C_1.E,1.0,1,93.0,236,79.87711864406779,79.87711864406779,High density,Pocket,pocket_qcov,70,100.0
8dil__1__1.A_1.B__1.K_1.L_1.M,1.0,1,96.0,11,82.54545454545455,82.54545454545455,Low density,Pocket,pocket_qcov,70,100.0
8dj6__1__1.C__1.F_1.O,0.0,1,83.0,64,78.875,78.875,Low density,Pocket,pocket_qcov,70,0.0
8djv__1__1.A__1.B_1.C_1.D,1.0,1,90.0,114,73.49122807017544,73.49122807017544,High density,Pocket,pocket_qcov,70,100.0
8dk4__1__1.A__1.C,1.0,1,100.0,801,79.18227215980025,79.18227215980025,High density,Pocket,pocket_qcov,70,100.0
8dkp__1__1.A__1.C_1.D,0.875,2,100.0,254,92.66141732283465,92.66141732283465,High density,Pocket,pocket_qcov,70,87.5
8dkq__1__1.A__1.C_1.D,0.875,2,98.0,250,90.032,90.032,High density,Pocket,pocket_qcov,70,87.5
8dkt__1__1.A_1.B__1.D_1.E,0.5,1,100.0,26,80.61538461538461,80.61538461538461,Low density,Pocket,pocket_qcov,70,50.0
8dml__1__1.B__1.J,0.25,1,87.0,3,80.33333333333333,80.33333333333333,Low density,Pocket,pocket_qcov,70,25.0
8doc__1__2.A__2.B_2.D_2.E,1.0,1,100.0,10,94.7,94.7,Low density,Pocket,pocket_qcov,70,100.0
8dos__1__1.A_1.B__1.C_1.G,0.0,1,82.0,24,76.0,76.0,Low density,Pocket,pocket_qcov,70,0.0
8dpb__1__1.A_1.B__1.I_1.J,1.0,1,69.0,0,,69.0,No neighbours,Pocket,pocket_qcov,70,100.0
8dq8__1__1.B__1.F_1.G,1.0,2,94.0,358,83.07821229050279,83.07821229050279,High density,Pocket,pocket_qcov,70,100.0
8dqd__1__1.A__1.B,0.75,1,74.0,2,73.0,73.0,Low density,Pocket,pocket_qcov,70,75.0
8dqh__1__1.B__1.J_1.K_1.L,1.0,1,100.0,91,89.0989010989011,89.0989010989011,Low density,Pocket,pocket_qcov,70,100.0
8dqs__1__1.A__1.B_1.C_1.D,0.5,1,100.0,210,80.91904761904762,80.91904761904762,High density,Pocket,pocket_qcov,70,50.0
8dsc__1__1.B__1.L,0.0,1,85.0,14,76.14285714285714,76.14285714285714,Low density,Pocket,pocket_qcov,70,0.0
8dse__1__1.A_1.B__1.C_1.G,0.375,2,92.0,60,76.43333333333334,76.43333333333334,Low density,Pocket,pocket_qcov,70,37.5
8dsh__1__1.A_1.B__1.C,0.0,1,100.0,8,86.125,86.125,Low density,Pocket,pocket_qcov,70,0.0
8dsh__1__1.A_1.B__1.E_1.F,0.0,2,73.0,2,73.0,73.0,Low density,Pocket,pocket_qcov,70,0.0
8dsm__1__1.A_1.B__1.J,0.5,1,89.0,29,78.44827586206897,78.44827586206897,Low density,Pocket,pocket_qcov,70,50.0
8dsr__1__1.A__1.C,0.0,1,96.0,642,76.97819314641744,76.97819314641744,High density,Pocket,pocket_qcov,70,0.0
8dt1__1__1.B__1.J_1.K,1.0,1,100.0,2550,91.9835294117647,91.9835294117647,High density,Pocket,pocket_qcov,70,100.0
8dt5__1__1.B__1.I_1.M_1.O,0.0,1,100.0,230,88.43913043478261,88.43913043478261,High density,Pocket,pocket_qcov,70,0.0
8du3__1__1.A__1.B,1.0,1,100.0,115,78.92173913043479,78.92173913043479,High density,Pocket,pocket_qcov,70,100.0
8du9__1__1.B__1.D,0.0,1,100.0,759,78.73122529644269,78.73122529644269,High density,Pocket,pocket_qcov,70,0.0
8dub__1__1.A__1.C,0.0,1,100.0,576,76.984375,76.984375,High density,Pocket,pocket_qcov,70,0.0
8duh__1__1.A__1.C,0.25,1,100.0,776,76.38015463917526,76.38015463917526,High density,Pocket,pocket_qcov,70,25.0
8dui__1__1.A__1.C,0.25,1,100.0,793,76.3984867591425,76.3984867591425,High density,Pocket,pocket_qcov,70,25.0
8duk__1__1.A__1.E,0.25,1,100.0,960,77.01354166666667,77.01354166666667,High density,Pocket,pocket_qcov,70,25.0
8dv7__1__1.B__1.D,0.0,1,100.0,771,77.52269779507134,77.52269779507134,High density,Pocket,pocket_qcov,70,0.0
8dv8__1__1.A__1.C,0.0,1,100.0,590,78.16949152542372,78.16949152542372,High density,Pocket,pocket_qcov,70,0.0
8dvh__1__1.A__1.C_1.D,0.5,1,96.0,44,84.06818181818181,84.06818181818181,Low density,Pocket,pocket_qcov,70,50.0
8dvo__1__1.A__1.B_1.C_1.D,0.0,1,95.0,208,85.57692307692308,85.57692307692308,High density,Pocket,pocket_qcov,70,0.0
8dxk__1__1.A_1.B__1.C,1.0,1,100.0,261,85.93486590038314,85.93486590038314,High density,Pocket,pocket_qcov,70,100.0
8e0h__1__1.A__1.C,0.75,1,100.0,290,89.87241379310345,89.87241379310345,High density,Pocket,pocket_qcov,70,75.0
8e1h__1__1.A__1.C_1.E_1.F,1.0,1,100.0,18,100.0,100.0,Low density,Pocket,pocket_qcov,70,100.0
8e1i__1__1.A__1.C_1.D_1.E_1.F,1.0,1,100.0,14,95.42857142857143,95.42857142857143,Low density,Pocket,pocket_qcov,70,100.0
8e1o__1__1.A__1.D,1.0,1,97.0,19,81.84210526315789,81.84210526315789,Low density,Pocket,pocket_qcov,70,100.0
8e1t__1__1.A__1.C_1.E,1.0,1,100.0,18,97.55555555555556,97.55555555555556,Low density,Pocket,pocket_qcov,70,100.0
8e1x__1__1.A__1.C,0.25,1,88.0,705,73.98581560283688,73.98581560283688,High density,Pocket,pocket_qcov,70,25.0
8e4s__1__1.A__1.B_1.C_1.D,0.0,1,100.0,212,92.00471698113208,92.00471698113208,High density,Pocket,pocket_qcov,70,0.0
8e5i__1__1.A__1.B_1.E,1.0,1,100.0,272,90.46691176470588,90.46691176470588,High density,Pocket,pocket_qcov,70,100.0
8e5m__1__1.A_1.E__1.U,0.0,1,83.0,174,73.183908045977,73.183908045977,High density,Pocket,pocket_qcov,70,0.0
8e62__1__1.A_1.C__1.G_1.H,0.75,2,94.0,28,83.21428571428571,83.21428571428571,Low density,Pocket,pocket_qcov,70,75.0
8e81__1__1.A__1.B,0.5,1,100.0,2914,82.44886753603295,82.44886753603295,High density,Pocket,pocket_qcov,70,50.0
8e9e__1__1.A_1.B__1.I_1.J_1.K,1.0,2,100.0,216,87.47222222222223,87.47222222222223,High density,Pocket,pocket_qcov,70,100.0
8e9r__1__1.A_1.B__1.E_1.F,1.0,1,85.0,69,77.28985507246377,77.28985507246377,Low density,Pocket,pocket_qcov,70,100.0
8ea6__1__1.A_1.B__1.C,0.0,1,27.0,0,,27.0,No neighbours,Pocket,pocket_qcov,70,0.0
8eef__1__1.A__1.C_1.D,0.625,2,90.0,206,81.24271844660194,81.24271844660194,High density,Pocket,pocket_qcov,70,62.5
8efj__1__1.A__1.D,0.0,1,91.0,377,77.0106100795756,77.0106100795756,High density,Pocket,pocket_qcov,70,0.0
8egf__1__1.A__1.B_1.C,1.0,1,97.0,63,90.26984126984127,90.26984126984127,Low density,Pocket,pocket_qcov,70,100.0
8egz__1__1.B__1.I,1.0,1,100.0,275,89.00727272727272,89.00727272727272,High density,Pocket,pocket_qcov,70,100.0
8eh0__1__1.A__1.C_1.E,0.5,2,98.0,314,82.96815286624204,82.96815286624204,High density,Pocket,pocket_qcov,70,50.0
8emu__1__1.A__1.E,0.0,1,100.0,97,87.64948453608247,87.64948453608247,Low density,Pocket,pocket_qcov,70,0.0
8eni__1__2.A__2.B,0.25,1,93.0,79,87.29113924050633,87.29113924050633,Low density,Pocket,pocket_qcov,70,25.0
8eq9__1__1.A__1.B,0.25,1,97.0,544,74.84558823529412,74.84558823529412,High density,Pocket,pocket_qcov,70,25.0
8eqz__1__1.A__1.C,0.0,1,97.0,61,85.06557377049181,85.06557377049181,Low density,Pocket,pocket_qcov,70,0.0
8er0__1__1.A__1.C_1.D,0.875,2,83.0,96,75.83333333333333,75.83333333333333,Low density,Pocket,pocket_qcov,70,87.5
8erb__1__1.A_1.C__1.Q,1.0,1,92.0,81,82.75308641975309,82.75308641975309,Low density,Pocket,pocket_qcov,70,100.0
8erd__1__1.A__1.B,1.0,1,100.0,2387,79.9451193967323,79.9451193967323,High density,Pocket,pocket_qcov,70,100.0
8erj__1__1.A_2.C__1.I,1.0,1,91.0,102,81.52941176470588,81.52941176470588,Low density,Pocket,pocket_qcov,70,100.0
8etd__1__1.B__1.E_1.F,1.0,1,100.0,1773,93.90298928369994,93.90298928369994,High density,Pocket,pocket_qcov,70,100.0
8evx__1__1.A__1.C_1.D_1.E_1.F_1.G,1.0,1,98.0,66,92.39393939393939,92.39393939393939,Low density,Pocket,pocket_qcov,70,100.0
8evz__1__1.A__1.D_1.E_1.F_1.G,1.0,1,97.0,62,95.12903225806451,95.12903225806451,Low density,Pocket,pocket_qcov,70,100.0
8ewz__1__1.A__1.B_1.C_1.H,0.25,1,100.0,31,79.7741935483871,79.7741935483871,Low density,Pocket,pocket_qcov,70,25.0
8ex1__1__1.A__1.B,1.0,1,97.0,1243,77.43845534995978,77.43845534995978,High density,Pocket,pocket_qcov,70,100.0
8ex2__1__1.A__1.B,1.0,1,100.0,1968,83.19918699186992,83.19918699186992,High density,Pocket,pocket_qcov,70,100.0
8ex3__1__1.A__1.B_1.C,0.5,1,97.0,27,81.55555555555556,81.55555555555556,Low density,Pocket,pocket_qcov,70,50.0
8exl__1__1.A__1.B,1.0,1,96.0,238,81.46638655462185,81.46638655462185,High density,Pocket,pocket_qcov,70,100.0
8exu__1__1.A__1.B,1.0,1,100.0,242,86.24793388429752,86.24793388429752,High density,Pocket,pocket_qcov,70,100.0
8eym__1__1.A_1.B__1.C_1.E,0.5,1,10.0,0,,10.0,No neighbours,Pocket,pocket_qcov,70,50.0
8ez1__1__1.A_1.B__1.D,0.25,1,100.0,301,82.38538205980066,82.38538205980066,High density,Pocket,pocket_qcov,70,25.0
8f1g__1__1.A__1.C,0.0,1,100.0,32,98.90625,98.90625,Low density,Pocket,pocket_qcov,70,0.0
8f1z__1__1.A__1.B,1.0,1,94.0,911,76.3523600439078,76.3523600439078,High density,Pocket,pocket_qcov,70,100.0
8f4q__1__1.A__1.F,0.0,1,50.0,0,,50.0,No neighbours,Pocket,pocket_qcov,70,0.0
8f71__1__1.B__1.E_1.F,1.0,1,74.0,3,72.0,72.0,Low density,Pocket,pocket_qcov,70,100.0
8f8k__1__1.A__1.F_1.G_1.I_1.J_1.K,0.0,1,100.0,136,87.75,87.75,High density,Pocket,pocket_qcov,70,0.0
8f8l__1__1.A__1.B_1.D_1.E,0.0,1,100.0,150,90.26,90.26,High density,Pocket,pocket_qcov,70,0.0
8f8m__1__1.A__1.C,0.0,1,97.0,344,75.84593023255815,75.84593023255815,High density,Pocket,pocket_qcov,70,0.0
8fb1__1__1.A__1.C,0.75,1,97.0,325,75.92923076923077,75.92923076923077,High density,Pocket,pocket_qcov,70,75.0
8fb1__1__1.A__1.D,0.75,1,97.0,25,91.0,91.0,Low density,Pocket,pocket_qcov,70,75.0
8fcd__1__1.A_1.B__1.C,1.0,1,96.0,251,83.11553784860558,83.11553784860558,High density,Pocket,pocket_qcov,70,100.0
8fdb__1__1.A_1.B__1.D_1.F_1.H,0.125,2,13.0,0,,13.0,No neighbours,Pocket,pocket_qcov,70,12.5
8fdx__1__1.A__1.B_1.C,1.0,2,98.0,70,87.91428571428571,87.91428571428571,Low density,Pocket,pocket_qcov,70,100.0
8fdz__1__1.A__1.B_1.C,1.0,2,100.0,68,87.8529411764706,87.8529411764706,Low density,Pocket,pocket_qcov,70,100.0
8fe6__1__1.A__1.I,1.0,1,100.0,111,92.95495495495496,92.95495495495496,Low density,Pocket,pocket_qcov,70,100.0
8fe8__1__1.A_1.B__1.C,0.75,1,97.0,225,80.68888888888888,80.68888888888888,High density,Pocket,pocket_qcov,70,75.0
8fe9__1__1.A__1.B,1.0,1,93.0,1956,75.90439672801637,75.90439672801637,High density,Pocket,pocket_qcov,70,100.0
8fen__1__1.A__1.B_1.C,0.625,2,90.0,38,84.63157894736842,84.63157894736842,Low density,Pocket,pocket_qcov,70,62.5
8fev__1__1.A__1.C_1.D,0.5,2,88.0,48,80.45833333333333,80.45833333333333,Low density,Pocket,pocket_qcov,70,50.0
8fgz__1__1.A__1.B,1.0,1,100.0,590,79.86610169491526,79.86610169491526,High density,Pocket,pocket_qcov,70,100.0
8fh4__1__1.A__1.E,0.5,1,100.0,2389,80.1301799916283,80.1301799916283,High density,Pocket,pocket_qcov,70,50.0
8fh5__1__1.A__1.B_1.C,1.0,2,95.0,290,79.65517241379311,79.65517241379311,High density,Pocket,pocket_qcov,70,100.0
8fh9__1__1.A__1.B_1.C,1.0,2,94.0,330,79.58181818181818,79.58181818181818,High density,Pocket,pocket_qcov,70,100.0
8fjt__1__1.A_1.B__1.C_1.E,0.5,2,96.0,40,87.85,87.85,Low density,Pocket,pocket_qcov,70,50.0
8fju__1__1.A_1.B__1.C_1.D,0.5,2,98.0,46,89.56521739130434,89.56521739130434,Low density,Pocket,pocket_qcov,70,50.0
8fjx__1__1.A__1.B_1.C,0.625,2,98.0,68,90.17647058823529,90.17647058823529,Low density,Pocket,pocket_qcov,70,62.5
8fjy__1__1.A__1.B_1.C,0.75,2,98.0,70,87.17142857142858,87.17142857142858,Low density,Pocket,pocket_qcov,70,75.0
8fjz__1__1.C__1.I,1.0,1,100.0,2481,81.0459492140266,81.0459492140266,High density,Pocket,pocket_qcov,70,100.0
8fko__1__1.C__1.I,0.5,1,96.0,2265,79.65518763796909,79.65518763796909,High density,Pocket,pocket_qcov,70,50.0
8fly__1__1.A__1.K,0.5,1,100.0,72,86.76388888888889,86.76388888888889,Low density,Pocket,pocket_qcov,70,50.0
8flz__1__1.A__1.K,0.25,1,88.0,71,80.02816901408451,80.02816901408451,Low density,Pocket,pocket_qcov,70,25.0
8fm0__1__1.A__1.K,0.25,1,90.0,72,82.54166666666667,82.54166666666667,Low density,Pocket,pocket_qcov,70,25.0
8fm2__1__1.A__1.K,0.25,1,90.0,72,82.41666666666667,82.41666666666667,Low density,Pocket,pocket_qcov,70,25.0
8fm3__1__1.A__1.K,0.25,1,90.0,72,82.54166666666667,82.54166666666667,Low density,Pocket,pocket_qcov,70,25.0
8fm4__1__1.A__1.K,0.25,1,90.0,72,84.34722222222223,84.34722222222223,Low density,Pocket,pocket_qcov,70,25.0
8fm5__1__1.A__1.K,0.0,1,90.0,72,82.54166666666667,82.54166666666667,Low density,Pocket,pocket_qcov,70,0.0
8fm7__1__1.A__1.K,0.25,1,91.0,71,80.98591549295774,80.98591549295774,Low density,Pocket,pocket_qcov,70,25.0
8fm8__1__1.A__1.K,0.0,1,93.0,72,85.02777777777777,85.02777777777777,Low density,Pocket,pocket_qcov,70,0.0
8fo5__1__1.A_1.B__1.E,0.0,1,44.0,0,,44.0,No neighbours,Pocket,pocket_qcov,70,0.0
8fp1__1__1.A__1.B,0.75,1,89.0,1557,75.7353885677585,75.7353885677585,High density,Pocket,pocket_qcov,70,75.0
8fp5__1__1.A__1.C_1.D,0.75,1,100.0,1485,79.96363636363637,79.96363636363637,High density,Pocket,pocket_qcov,70,75.0
8fqx__1__1.A__1.B_1.C,0.5,1,100.0,847,79.84887839433294,79.84887839433294,High density,Pocket,pocket_qcov,70,50.0
8fsi__1__1.A__1.B_1.C_1.D_1.F,0.75,1,82.0,3,74.66666666666667,74.66666666666667,Low density,Pocket,pocket_qcov,70,75.0
8ftr__1__2.A__2.B,0.75,1,100.0,91,87.32967032967034,87.32967032967034,Low density,Pocket,pocket_qcov,70,75.0
8fts__1__2.A__2.B_2.C_2.D,0.75,1,85.0,12,80.0,80.0,Low density,Pocket,pocket_qcov,70,75.0
8fwp__1__1.A_1.B__1.D_1.E,0.25,1,94.0,35,83.62857142857143,83.62857142857143,Low density,Pocket,pocket_qcov,70,25.0
8fwz__1__1.B__1.E,1.0,1,100.0,295,83.24745762711865,83.24745762711865,High density,Pocket,pocket_qcov,70,100.0
8fx1__1__1.A__1.C,0.75,1,97.0,166,83.0421686746988,83.0421686746988,High density,Pocket,pocket_qcov,70,75.0
8fx2__1__1.B__1.D,1.0,1,97.0,208,79.41826923076923,79.41826923076923,High density,Pocket,pocket_qcov,70,100.0
8fx3__1__1.B__1.D,0.75,1,88.0,136,76.05882352941177,76.05882352941177,High density,Pocket,pocket_qcov,70,75.0
8fxn__1__1.A__1.B,0.0,1,100.0,967,79.27094105480869,79.27094105480869,High density,Pocket,pocket_qcov,70,0.0
8fy7__1__1.A_1.B__1.C,1.0,1,100.0,234,77.48717948717949,77.48717948717949,High density,Pocket,pocket_qcov,70,100.0
8fz1__1__1.A__1.G_1.I_1.K,0.5,1,100.0,394,77.89340101522842,77.89340101522842,High density,Pocket,pocket_qcov,70,50.0
8g20__1__1.A__1.C_1.D_1.G,0.25,1,100.0,476,81.64915966386555,81.64915966386555,High density,Pocket,pocket_qcov,70,25.0
8g3e__1__1.A__1.C,0.0,1,93.0,32,91.21875,91.21875,Low density,Pocket,pocket_qcov,70,0.0
8g3s__1__1.A__1.E,1.0,1,100.0,183,84.40437158469945,84.40437158469945,High density,Pocket,pocket_qcov,70,100.0
8g63__1__1.A__1.B,1.0,1,94.0,438,76.05707762557077,76.05707762557077,High density,Pocket,pocket_qcov,70,100.0
8g68__1__1.A__1.C,0.0,1,56.0,0,,56.0,No neighbours,Pocket,pocket_qcov,70,0.0
8g69__1__1.A__1.C,0.0,1,53.0,0,,53.0,No neighbours,Pocket,pocket_qcov,70,0.0
8g8x__1__1.A__1.C,1.0,1,100.0,2967,85.34782608695652,85.34782608695652,High density,Pocket,pocket_qcov,70,100.0
8gb4__1__1.A__1.E_1.F_1.G,0.875,2,98.0,210,79.60952380952381,79.60952380952381,High density,Pocket,pocket_qcov,70,87.5
8gcz__1__1.A__1.N,0.25,1,100.0,73,94.13698630136986,94.13698630136986,Low density,Pocket,pocket_qcov,70,25.0
8gdk__1__1.A__1.O,0.75,1,96.0,72,89.47222222222223,89.47222222222223,Low density,Pocket,pocket_qcov,70,75.0
8gds__1__1.A__1.E,0.0,1,96.0,348,76.48563218390805,76.48563218390805,High density,Pocket,pocket_qcov,70,0.0
8gem__1__1.A__1.B,0.5,1,95.0,88,78.85227272727273,78.85227272727273,Low density,Pocket,pocket_qcov,70,50.0
8geu__1__1.A__1.B,0.75,1,100.0,139,78.41726618705036,78.41726618705036,High density,Pocket,pocket_qcov,70,75.0
8gev__1__1.A__1.B,0.75,1,87.0,51,76.33333333333333,76.33333333333333,Low density,Pocket,pocket_qcov,70,75.0
8gez__1__1.A__1.B,0.0,1,94.0,2,91.5,91.5,Low density,Pocket,pocket_qcov,70,0.0
8gf0__1__1.A__1.B,0.25,1,100.0,2,97.5,97.5,Low density,Pocket,pocket_qcov,70,25.0
8gfd__1__1.A__1.B,0.0,1,95.0,2,90.5,90.5,Low density,Pocket,pocket_qcov,70,0.0
8gff__1__1.A__1.B,0.0,1,100.0,2,97.0,97.0,Low density,Pocket,pocket_qcov,70,0.0
8gfg__1__1.A__1.B,0.0,1,94.0,2,94.0,94.0,Low density,Pocket,pocket_qcov,70,0.0
8gfh__1__1.A__1.B_1.C,0.375,2,71.0,2,71.0,71.0,Low density,Pocket,pocket_qcov,70,37.5
8gfq__1__1.A__1.B,0.75,1,100.0,4,89.0,89.0,Low density,Pocket,pocket_qcov,70,75.0
8gfs__1__1.A__1.B,0.0,1,100.0,7,90.28571428571429,90.28571428571429,Low density,Pocket,pocket_qcov,70,0.0
8gja__1__1.A_1.B__1.G_1.H,1.0,1,85.0,15,82.2,82.2,Low density,Pocket,pocket_qcov,70,100.0
8gjb__1__1.B__1.G_1.H,1.0,1,100.0,127,89.2755905511811,89.2755905511811,High density,Pocket,pocket_qcov,70,100.0
8gkf__1__1.A__1.J,0.75,1,96.0,12,87.66666666666667,87.66666666666667,Low density,Pocket,pocket_qcov,70,75.0
8gm5__1__1.A__1.D,0.75,1,95.0,22,92.95454545454545,92.95454545454545,Low density,Pocket,pocket_qcov,70,75.0
8gne__1__1.A__1.B,0.5,1,93.0,31,76.54838709677419,76.54838709677419,Low density,Pocket,pocket_qcov,70,50.0
8gne__1__1.A__1.E,0.0,1,100.0,38,89.42105263157895,89.42105263157895,Low density,Pocket,pocket_qcov,70,0.0
8gpc__1__1.A__1.C_1.D_1.E,1.0,1,100.0,228,79.21929824561404,79.21929824561404,High density,Pocket,pocket_qcov,70,100.0
8gpd__1__1.A__1.C_1.D_1.E,1.0,1,100.0,194,79.04639175257732,79.04639175257732,High density,Pocket,pocket_qcov,70,100.0
8gpe__1__1.A__1.C_1.D_1.E,1.0,1,96.0,172,79.17441860465117,79.17441860465117,High density,Pocket,pocket_qcov,70,100.0
8grw__1__1.A_1.B__1.C_1.D,0.0,1,97.0,45,80.13333333333334,80.13333333333334,Low density,Pocket,pocket_qcov,70,0.0
8gtg__1__1.A__1.C,0.5,1,67.0,0,,67.0,No neighbours,Pocket,pocket_qcov,70,50.0
8gti__1__1.A__1.H,0.0,1,65.0,0,,65.0,No neighbours,Pocket,pocket_qcov,70,0.0
8gtm__1__1.A__1.C,0.25,1,65.0,0,,65.0,No neighbours,Pocket,pocket_qcov,70,25.0
8gtv__1__1.A_2.B__2.D,0.0,1,100.0,272,90.08088235294117,90.08088235294117,High density,Pocket,pocket_qcov,70,0.0
8gu1__1__1.A_1.B__1.D,0.0,1,76.0,12,72.58333333333333,72.58333333333333,Low density,Pocket,pocket_qcov,70,0.0
8gvj__1__1.A__1.B,0.0,1,97.0,1268,75.94006309148266,75.94006309148266,High density,Pocket,pocket_qcov,70,0.0
8gwd__1__2.A__2.B_2.C,0.5,1,90.0,31,80.06451612903226,80.06451612903226,Low density,Pocket,pocket_qcov,70,50.0
8gww__1__1.A__1.C,0.75,1,100.0,35,94.17142857142858,94.17142857142858,Low density,Pocket,pocket_qcov,70,75.0
8gyd__1__1.A_1.B__1.K,0.0,1,60.0,0,,60.0,No neighbours,Pocket,pocket_qcov,70,0.0
8gyj__1__1.A_1.B__1.D_1.I,0.0,1,89.0,52,77.46153846153847,77.46153846153847,Low density,Pocket,pocket_qcov,70,0.0
8gzc__1__1.A__1.F,1.0,1,100.0,24,83.54166666666667,83.54166666666667,Low density,Pocket,pocket_qcov,70,100.0
8h4j__1__1.A_1.D__1.I_1.O,0.5,2,85.0,50,77.76,77.76,Low density,Pocket,pocket_qcov,70,50.0
8h53__1__1.A__1.E_1.F_1.P_1.Q,1.0,1,97.0,20,91.8,91.8,Low density,Pocket,pocket_qcov,70,100.0
8h59__1__1.A__1.B,0.0,1,88.0,88,74.25,74.25,Low density,Pocket,pocket_qcov,70,0.0
8h5y__1__1.A__1.D_1.E,0.0,1,86.0,2,86.0,86.0,Low density,Pocket,pocket_qcov,70,0.0
8h7r__1__1.A__1.B,0.25,1,79.0,9,77.22222222222223,77.22222222222223,Low density,Pocket,pocket_qcov,70,25.0
8h99__1__1.B__1.H_1.J_1.K,1.0,1,96.0,37,86.75675675675676,86.75675675675676,Low density,Pocket,pocket_qcov,70,100.0
8haq__1__1.A__1.C,0.25,1,100.0,2819,76.24902447676482,76.24902447676482,High density,Pocket,pocket_qcov,70,25.0
8hcc__1__1.B__1.I_1.J_1.K,1.0,1,87.0,17,76.05882352941177,76.05882352941177,Low density,Pocket,pocket_qcov,70,100.0
8hch__1__1.C__1.J,0.0,1,96.0,30,79.8,79.8,Low density,Pocket,pocket_qcov,70,0.0
8hd3__1__1.A__1.C,0.0,1,97.0,443,76.96613995485328,76.96613995485328,High density,Pocket,pocket_qcov,70,0.0
8he2__1__1.A__1.B_1.C,0.0,1,74.0,9,74.0,74.0,Low density,Pocket,pocket_qcov,70,0.0
8he8__1__1.A__1.D_1.E,1.0,1,97.0,86,81.03488372093024,81.03488372093024,Low density,Pocket,pocket_qcov,70,100.0
8hf8__1__1.A__1.C,1.0,1,100.0,382,81.13612565445027,81.13612565445027,High density,Pocket,pocket_qcov,70,100.0
8hfh__1__1.A__1.B_1.C,0.75,1,100.0,144,84.59027777777777,84.59027777777777,High density,Pocket,pocket_qcov,70,75.0
8hfn__1__1.A__1.C_1.D,0.0,1,90.0,2,88.5,88.5,Low density,Pocket,pocket_qcov,70,0.0
8hi5__1__1.A__1.B_1.C,0.5,2,88.0,1594,75.29234629861982,75.29234629861982,High density,Pocket,pocket_qcov,70,50.0
8hjg__1__1.A__1.E_1.F,1.0,1,97.0,82,87.7439024390244,87.7439024390244,Low density,Pocket,pocket_qcov,70,100.0
8hko__1__1.A__1.D_1.E_1.G_1.H,1.0,1,96.0,162,78.80864197530865,78.80864197530865,High density,Pocket,pocket_qcov,70,100.0
8hlj__1__1.A__1.C,1.0,1,97.0,80,81.525,81.525,Low density,Pocket,pocket_qcov,70,100.0
8ho6__1__1.A__1.B_1.C,0.0,1,97.0,1245,76.94216867469879,76.94216867469879,High density,Pocket,pocket_qcov,70,0.0
8hp4__1__1.A_1.B__1.C_1.D,1.0,1,100.0,75,93.48,93.48,Low density,Pocket,pocket_qcov,70,100.0
8hpc__1__1.A_1.H__1.P,0.75,1,91.0,16,80.125,80.125,Low density,Pocket,pocket_qcov,70,75.0
8hrv__1__1.A_1.B_1.C__1.E_1.H,0.75,1,97.0,12,83.5,83.5,Low density,Pocket,pocket_qcov,70,75.0
8htg__1__1.A__1.F_1.G,1.0,1,100.0,177,87.45762711864407,87.45762711864407,High density,Pocket,pocket_qcov,70,100.0
8hul__1__1.A__1.C,1.0,1,97.0,465,76.80430107526881,76.80430107526881,High density,Pocket,pocket_qcov,70,100.0
8hum__1__1.A__1.C,1.0,1,100.0,484,78.24793388429752,78.24793388429752,High density,Pocket,pocket_qcov,70,100.0
8huu__1__1.A__1.C,0.0,1,100.0,405,83.80246913580247,83.80246913580247,High density,Pocket,pocket_qcov,70,0.0
8hx2__1__1.A__1.B_1.C,0.25,1,90.0,31,81.35483870967742,81.35483870967742,Low density,Pocket,pocket_qcov,70,25.0
8hxh__1__1.A__1.B_1.C,1.0,1,100.0,37,87.94594594594595,87.94594594594595,Low density,Pocket,pocket_qcov,70,100.0
8hxu__1__1.A__1.C_1.D_1.E,0.25,1,100.0,272,83.21323529411765,83.21323529411765,High density,Pocket,pocket_qcov,70,25.0
8hy6__1__1.A__1.C_1.D_1.E,0.25,1,90.0,219,77.51141552511416,77.51141552511416,High density,Pocket,pocket_qcov,70,25.0
8hyk__1__1.A__1.B_1.C,0.25,1,96.0,2,90.0,90.0,Low density,Pocket,pocket_qcov,70,25.0
8hym__1__2.A__2.B_2.C,1.0,1,100.0,36,85.86111111111111,85.86111111111111,Low density,Pocket,pocket_qcov,70,100.0
8hyp__1__2.A__2.B_2.C,0.5,1,100.0,38,90.52631578947368,90.52631578947368,Low density,Pocket,pocket_qcov,70,50.0
8hz7__1__1.A__1.B_1.C,1.0,1,93.0,36,83.19444444444444,83.19444444444444,Low density,Pocket,pocket_qcov,70,100.0
8i0d__1__1.A__1.B,0.0,1,97.0,78,82.05128205128206,82.05128205128206,Low density,Pocket,pocket_qcov,70,0.0
8i19__1__1.A__1.C_1.D_1.E,1.0,1,100.0,74,79.17567567567568,79.17567567567568,Low density,Pocket,pocket_qcov,70,100.0
8i1o__1__1.A__1.F,1.0,1,100.0,65,93.47692307692307,93.47692307692307,Low density,Pocket,pocket_qcov,70,100.0
8i2n__1__1.A__1.C,0.75,1,89.0,295,73.95254237288135,73.95254237288135,High density,Pocket,pocket_qcov,70,75.0
8i2u__1__1.A__1.B_1.C,1.0,1,93.0,34,83.08823529411765,83.08823529411765,Low density,Pocket,pocket_qcov,70,100.0
8i4i__1__1.A__1.C,1.0,1,100.0,44,93.38636363636364,93.38636363636364,Low density,Pocket,pocket_qcov,70,100.0
8ie5__1__1.A__1.B,0.75,1,100.0,1850,79.3772972972973,79.3772972972973,High density,Pocket,pocket_qcov,70,75.0
8ie6__1__1.A__1.B,0.25,1,100.0,3010,84.29036544850499,84.29036544850499,High density,Pocket,pocket_qcov,70,25.0
8im3__1__2.C__2.K_2.L,0.0,1,92.0,34,85.23529411764706,85.23529411764706,Low density,Pocket,pocket_qcov,70,0.0
8in7__1__1.A__1.B,0.25,1,90.0,58,79.05172413793103,79.05172413793103,Low density,Pocket,pocket_qcov,70,25.0
8ina__1__1.A__1.B_1.C,1.0,1,94.0,81,83.4320987654321,83.4320987654321,Low density,Pocket,pocket_qcov,70,100.0
8ind__1__1.A__1.B_1.C_1.D,0.5,2,88.0,36,74.55555555555556,74.55555555555556,Low density,Pocket,pocket_qcov,70,50.0
8ino__1__1.A__1.B_1.C_1.D,0.5,2,91.0,38,77.0,77.0,Low density,Pocket,pocket_qcov,70,50.0
8inv__1__1.A__1.B_1.C_1.D,0.5,2,84.0,30,75.73333333333333,75.73333333333333,Low density,Pocket,pocket_qcov,70,50.0
8iqn__1__1.A__1.B,0.75,1,100.0,461,85.26030368763557,85.26030368763557,High density,Pocket,pocket_qcov,70,75.0
8iqt__1__1.A__1.B,1.0,1,100.0,399,86.44611528822055,86.44611528822055,High density,Pocket,pocket_qcov,70,100.0
8iqu__1__1.A__1.B,1.0,1,86.0,6,81.33333333333333,81.33333333333333,Low density,Pocket,pocket_qcov,70,100.0
8iui__1__1.A__1.C,0.0,1,97.0,302,80.04304635761589,80.04304635761589,High density,Pocket,pocket_qcov,70,0.0
8ivg__1__1.A__1.B_1.C,0.0,1,100.0,79,86.20253164556962,86.20253164556962,Low density,Pocket,pocket_qcov,70,0.0
8ivn__1__1.A_1.B__1.C,0.0,1,64.0,0,,64.0,No neighbours,Pocket,pocket_qcov,70,0.0
8ivr__1__1.A__1.B,0.25,1,100.0,81,88.76543209876543,88.76543209876543,Low density,Pocket,pocket_qcov,70,25.0
8ivs__1__1.A_1.B__1.C,0.0,1,64.0,0,,64.0,No neighbours,Pocket,pocket_qcov,70,0.0
8ivt__1__1.A_1.B__1.F,0.0,1,62.0,0,,62.0,No neighbours,Pocket,pocket_qcov,70,0.0
8ivu__1__1.A_1.B__1.I,0.75,1,100.0,44,83.11363636363636,83.11363636363636,Low density,Pocket,pocket_qcov,70,75.0
8iw3__1__1.A_1.B__1.C,0.0,1,65.0,0,,65.0,No neighbours,Pocket,pocket_qcov,70,0.0
8iw6__1__1.A_1.B__1.F,0.0,1,67.0,0,,67.0,No neighbours,Pocket,pocket_qcov,70,0.0
8ix9__1__2.A__2.D_2.E_2.F,0.75,1,90.0,22,79.31818181818181,79.31818181818181,Low density,Pocket,pocket_qcov,70,75.0
8izc__1__1.A_1.B__1.I,0.25,1,87.0,36,77.22222222222223,77.22222222222223,Low density,Pocket,pocket_qcov,70,25.0
8j1g__1__1.B__1.H_1.I,0.75,2,80.0,6,74.0,74.0,Low density,Pocket,pocket_qcov,70,75.0
8j30__1__1.A__1.C,0.0,1,70.0,1,70.0,70.0,Low density,Pocket,pocket_qcov,70,0.0
8j3c__1__1.A__1.B_1.C,1.0,1,93.0,36,85.55555555555556,85.55555555555556,Low density,Pocket,pocket_qcov,70,100.0
8j40__1__1.A_2.A__1.D,0.0,1,92.0,38,76.84210526315789,76.84210526315789,Low density,Pocket,pocket_qcov,70,0.0
8j5e__1__1.A__1.B,0.0,1,78.0,2,76.0,76.0,Low density,Pocket,pocket_qcov,70,0.0
8j5f__1__2.A__2.B,0.25,1,73.0,6,73.0,73.0,Low density,Pocket,pocket_qcov,70,25.0
8j5x__1__1.A__1.B,1.0,1,91.0,606,75.1930693069307,75.1930693069307,High density,Pocket,pocket_qcov,70,100.0
8j7j__1__1.A_1.B__1.C,0.0,1,65.0,0,,65.0,No neighbours,Pocket,pocket_qcov,70,0.0
8j8x__1__1.A__1.B_1.C,1.0,1,100.0,36,91.44444444444444,91.44444444444444,Low density,Pocket,pocket_qcov,70,100.0
8jby__1__1.A__1.C,1.0,1,100.0,181,87.04419889502762,87.04419889502762,High density,Pocket,pocket_qcov,70,100.0
8jc5__1__1.A__1.E_1.F,1.0,1,100.0,734,89.34059945504087,89.34059945504087,High density,Pocket,pocket_qcov,70,100.0
8jdb__1__1.A__1.B_1.C,0.75,2,92.0,90,76.86666666666666,76.86666666666666,Low density,Pocket,pocket_qcov,70,75.0
8jdg__1__1.A__1.B_1.C,0.75,2,95.0,62,80.51612903225806,80.51612903225806,Low density,Pocket,pocket_qcov,70,75.0
8jdn__1__1.A__1.B_1.C,1.0,2,95.0,60,78.83333333333333,78.83333333333333,Low density,Pocket,pocket_qcov,70,100.0
8jdo__1__1.A__1.B_1.C,0.75,2,95.0,66,78.63636363636364,78.63636363636364,Low density,Pocket,pocket_qcov,70,75.0
8jdp__1__1.A__1.B_1.C,1.0,2,95.0,60,78.36666666666666,78.36666666666666,Low density,Pocket,pocket_qcov,70,100.0
8jdq__1__1.A__1.B_1.C,0.625,2,94.0,76,78.21052631578948,78.21052631578948,Low density,Pocket,pocket_qcov,70,62.5
8jdr__1__1.A__1.B_1.C,1.0,2,95.0,62,79.2258064516129,79.2258064516129,Low density,Pocket,pocket_qcov,70,100.0
8jds__1__1.A__1.B_1.C_1.D,0.875,2,97.0,68,79.55882352941177,79.55882352941177,Low density,Pocket,pocket_qcov,70,87.5
8jdt__1__1.A__1.B_1.C_1.D,1.0,2,93.0,62,80.03225806451613,80.03225806451613,Low density,Pocket,pocket_qcov,70,100.0
8jdv__1__1.A__1.B_1.C_1.D,1.0,1,96.0,31,86.19354838709677,86.19354838709677,Low density,Pocket,pocket_qcov,70,100.0
8jdx__1__1.A__1.B_1.C_1.D,1.0,2,97.0,62,80.93548387096774,80.93548387096774,Low density,Pocket,pocket_qcov,70,100.0
8jdy__1__1.A__1.B_1.C_1.D,1.0,2,95.0,64,78.84375,78.84375,Low density,Pocket,pocket_qcov,70,100.0
8jdz__1__1.A__1.B_1.C_1.D,1.0,2,97.0,64,80.65625,80.65625,Low density,Pocket,pocket_qcov,70,100.0
8jg8__1__1.A__1.B,1.0,1,100.0,3245,83.59907550077041,83.59907550077041,High density,Pocket,pocket_qcov,70,100.0
8jjk__1__1.A__1.B_1.F_1.G_1.H,0.5,1,38.0,0,,38.0,No neighbours,Pocket,pocket_qcov,70,50.0
8jk8__1__1.A__1.B_1.C_1.D,0.75,1,35.0,0,,35.0,No neighbours,Pocket,pocket_qcov,70,75.0
8jkp__1__2.A__2.B_2.C_2.D_2.E,0.5,1,33.0,0,,33.0,No neighbours,Pocket,pocket_qcov,70,50.0
8jkr__1__1.A__1.B_1.G_1.H_1.I,0.5,1,35.0,0,,35.0,No neighbours,Pocket,pocket_qcov,70,50.0
8jm8__1__1.A__1.C_1.I,1.0,2,93.0,128,78.34375,78.34375,High density,Pocket,pocket_qcov,70,100.0
8jmo__1__1.A__1.D,0.25,1,100.0,4,81.25,81.25,Low density,Pocket,pocket_qcov,70,25.0
8jmp__1__1.A__1.D,0.0,1,68.0,0,,68.0,No neighbours,Pocket,pocket_qcov,70,0.0
8jmz__1__1.A__1.C_1.E_1.J,0.5,1,96.0,1545,78.24077669902913,78.24077669902913,High density,Pocket,pocket_qcov,70,50.0
8jot__1__1.A__1.B,0.0,1,100.0,3109,80.80572531360566,80.80572531360566,High density,Pocket,pocket_qcov,70,0.0
8jqp__1__2.A__2.C_2.D_2.E,1.0,1,90.0,157,83.91082802547771,83.91082802547771,High density,Pocket,pocket_qcov,70,100.0
8jqz__1__1.A_2.B__1.C,0.0,1,68.0,0,,68.0,No neighbours,Pocket,pocket_qcov,70,0.0
8jt3__1__1.A_1.C__1.E,1.0,1,94.0,75,76.96,76.96,Low density,Pocket,pocket_qcov,70,100.0
8ju9__1__1.A_2.A_4.A__1.B,0.25,1,58.0,0,,58.0,No neighbours,Pocket,pocket_qcov,70,25.0
8jwy__1__1.A__1.B,1.0,1,93.0,56,76.94642857142857,76.94642857142857,Low density,Pocket,pocket_qcov,70,100.0
8jya__1__1.B__1.G,0.0,1,100.0,15,92.53333333333333,92.53333333333333,Low density,Pocket,pocket_qcov,70,0.0
8jyc__1__1.A_1.B_1.C__1.T,0.0,1,64.0,0,,64.0,No neighbours,Pocket,pocket_qcov,70,0.0
8jye__1__1.A_1.B_1.D__1.P,0.0,1,65.0,0,,65.0,No neighbours,Pocket,pocket_qcov,70,0.0
8jyf__1__1.B__1.F,0.0,1,100.0,15,92.53333333333333,92.53333333333333,Low density,Pocket,pocket_qcov,70,0.0
8jyg__1__1.A_1.B__1.C_1.Y,0.5,1,92.0,7,86.71428571428571,86.71428571428571,Low density,Pocket,pocket_qcov,70,50.0
8k4c__1__1.B__1.G,0.75,1,96.0,755,78.86092715231788,78.86092715231788,High density,Pocket,pocket_qcov,70,75.0
8k5y__1__1.A__1.H,0.0,1,70.0,2,70.0,70.0,Low density,Pocket,pocket_qcov,70,0.0
8k9y__1__1.A__1.C_1.E,0.25,1,97.0,95,86.21052631578948,86.21052631578948,Low density,Pocket,pocket_qcov,70,25.0
8ke1__1__2.A__2.B_2.C_2.D_2.E,1.0,1,100.0,148,89.8108108108108,89.8108108108108,High density,Pocket,pocket_qcov,70,100.0
8ke2__1__2.A__2.B_2.C_2.D_2.E,0.5,1,100.0,146,89.94520547945206,89.94520547945206,High density,Pocket,pocket_qcov,70,50.0
8ke4__1__2.A__2.B_2.C_2.D_2.E,0.5,2,100.0,146,88.05479452054794,88.05479452054794,High density,Pocket,pocket_qcov,70,50.0
8ogh__1__1.A_1.B__1.M_1.R,0.0,1,94.0,5,83.4,83.4,Low density,Pocket,pocket_qcov,70,0.0
8oku__1__1.A_1.B__1.C,0.0,1,83.0,137,73.69343065693431,73.69343065693431,High density,Pocket,pocket_qcov,70,0.0
8oli__1__1.A__1.B_1.C,0.75,1,100.0,963,84.59709241952233,84.59709241952233,High density,Pocket,pocket_qcov,70,75.0
8omp__1__1.A__1.B_1.C,0.0,1,100.0,929,83.93972012917115,83.93972012917115,High density,Pocket,pocket_qcov,70,0.0
8onn__1__1.A__1.F,0.5,1,97.0,192,83.484375,83.484375,High density,Pocket,pocket_qcov,70,50.0
8oo2__1__1.A_1.B__1.C_1.D,0.0,1,84.0,19,72.78947368421052,72.78947368421052,Low density,Pocket,pocket_qcov,70,0.0
8ooj__1__1.B__1.H,0.5,1,96.0,246,84.52845528455285,84.52845528455285,High density,Pocket,pocket_qcov,70,50.0
8oov__1__1.A_1.B__1.D,1.0,1,91.0,264,76.56818181818181,76.56818181818181,High density,Pocket,pocket_qcov,70,100.0
8oq2__1__1.B__1.H_1.I,1.0,1,98.0,235,82.33617021276596,82.33617021276596,High density,Pocket,pocket_qcov,70,100.0
8otv__1__1.A_1.B__1.F,0.0,1,94.0,2,94.0,94.0,Low density,Pocket,pocket_qcov,70,0.0
8ou2__1__1.A__1.C,1.0,1,100.0,796,79.26758793969849,79.26758793969849,High density,Pocket,pocket_qcov,70,100.0
8ou3__1__1.A_1.C__1.E,1.0,1,88.0,52,84.84615384615384,84.84615384615384,Low density,Pocket,pocket_qcov,70,100.0
8ou5__1__1.A_1.C__1.E,1.0,1,83.0,15,74.53333333333333,74.53333333333333,Low density,Pocket,pocket_qcov,70,100.0
8ouk__1__1.A__1.B_1.C,1.0,1,100.0,1242,88.80595813204509,88.80595813204509,High density,Pocket,pocket_qcov,70,100.0
8oum__1__1.A__1.F_1.G,1.0,1,100.0,867,91.5363321799308,91.5363321799308,High density,Pocket,pocket_qcov,70,100.0
8oun__1__1.A__1.C_1.D,1.0,1,100.0,286,91.6013986013986,91.6013986013986,High density,Pocket,pocket_qcov,70,100.0
8ouu__1__1.A__1.F,0.0,1,74.0,13,71.6923076923077,71.6923076923077,Low density,Pocket,pocket_qcov,70,0.0
8ov7__1__1.A__1.B,0.0,1,77.0,16,72.875,72.875,Low density,Pocket,pocket_qcov,70,0.0
8ovr__1__1.A__1.B,0.0,1,70.0,1,70.0,70.0,Low density,Pocket,pocket_qcov,70,0.0
8ovs__1__1.A__1.C_1.F_1.I_1.Q_1.T,0.5,1,55.0,0,,55.0,No neighbours,Pocket,pocket_qcov,70,50.0
8ozv__1__1.A_2.A__1.B_1.C,0.625,2,98.0,50,83.08,83.08,Low density,Pocket,pocket_qcov,70,62.5
8p0e__1__1.A__1.C,1.0,1,90.0,97,76.37113402061856,76.37113402061856,Low density,Pocket,pocket_qcov,70,100.0
8p0m__1__1.C__1.L,0.0,1,74.0,3,71.33333333333333,71.33333333333333,Low density,Pocket,pocket_qcov,70,0.0
8p0o__1__1.A__1.H_1.P,0.0,1,64.0,0,,64.0,No neighbours,Pocket,pocket_qcov,70,0.0
8p0p__1__1.A__1.C,0.0,1,66.0,0,,66.0,No neighbours,Pocket,pocket_qcov,70,0.0
8p1e__1__1.D_1.E__1.P,0.0,1,100.0,203,78.41871921182266,78.41871921182266,High density,Pocket,pocket_qcov,70,0.0
8p1p__1__1.A__1.E,0.0,1,56.0,0,,56.0,No neighbours,Pocket,pocket_qcov,70,0.0
8p41__1__1.A__1.K_1.L,0.0,2,60.0,0,,60.0,No neighbours,Pocket,pocket_qcov,70,0.0
8p44__1__1.A_1.B__1.E,0.0,1,83.0,11,77.9090909090909,77.9090909090909,Low density,Pocket,pocket_qcov,70,0.0
8p4z__1__1.A__1.C,1.0,1,100.0,2628,79.132800608828,79.132800608828,High density,Pocket,pocket_qcov,70,100.0
8p5c__1__1.A_1.B__1.C,0.0,1,97.0,203,81.66009852216749,81.66009852216749,High density,Pocket,pocket_qcov,70,0.0
8paf__1__1.A_1.B__1.C,1.0,1,100.0,54,79.24074074074075,79.24074074074075,Low density,Pocket,pocket_qcov,70,100.0
8pbo__1__1.A__1.C,1.0,1,95.0,253,78.07114624505928,78.07114624505928,High density,Pocket,pocket_qcov,70,100.0
8pfl__1__1.A__1.C,0.0,1,21.0,0,,21.0,No neighbours,Pocket,pocket_qcov,70,0.0
8ph4__1__1.A_1.B__1.D_1.F,0.0,1,61.0,0,,61.0,No neighbours,Pocket,pocket_qcov,70,0.0
8pj0__1__1.A_1.B__1.V,0.75,1,93.0,12,79.08333333333333,79.08333333333333,Low density,Pocket,pocket_qcov,70,75.0
8pj7__1__1.A__1.B,0.25,1,94.0,42,81.71428571428571,81.71428571428571,Low density,Pocket,pocket_qcov,70,25.0
8pji__1__1.A__1.E,1.0,1,100.0,74,81.06756756756756,81.06756756756756,Low density,Pocket,pocket_qcov,70,100.0
8pom__1__1.A__1.C,1.0,1,94.0,19,77.73684210526316,77.73684210526316,Low density,Pocket,pocket_qcov,70,100.0
8pp0__1__1.A__1.C,0.75,1,100.0,723,78.4923928077455,78.4923928077455,High density,Pocket,pocket_qcov,70,75.0
8pp8__1__1.A__1.D,0.75,1,94.0,5,91.6,91.6,Low density,Pocket,pocket_qcov,70,75.0
8pp9__1__1.A__1.C_1.D_1.H,0.875,2,92.0,8,88.75,88.75,Low density,Pocket,pocket_qcov,70,87.5
8ppf__1__1.A__1.D,0.25,1,100.0,5,97.6,97.6,Low density,Pocket,pocket_qcov,70,25.0
8ppg__1__1.A__1.F_1.G_1.H_1.I,0.375,2,90.0,8,86.75,86.75,Low density,Pocket,pocket_qcov,70,37.5
8pq9__1__1.A__1.C,0.25,1,100.0,1827,78.59441707717569,78.59441707717569,High density,Pocket,pocket_qcov,70,25.0
8pqa__1__1.A__1.C,0.0,1,100.0,3428,87.92794632438739,87.92794632438739,High density,Pocket,pocket_qcov,70,0.0
8pqf__1__1.A__1.C,0.0,1,100.0,1851,78.82982171799027,78.82982171799027,High density,Pocket,pocket_qcov,70,0.0
8pqq__1__1.B_1.D__1.J,0.5,1,80.0,2,78.0,78.0,Low density,Pocket,pocket_qcov,70,50.0
8pqr__1__1.A_1.B_1.C__1.E,0.25,1,83.0,8,79.5,79.5,Low density,Pocket,pocket_qcov,70,25.0
8prx__1__1.D__1.IA_1.JA_1.KA,0.25,1,100.0,357,87.5798319327731,87.5798319327731,High density,Pocket,pocket_qcov,70,25.0
8px2__1__1.A__1.B,1.0,1,100.0,1067,84.57919400187441,84.57919400187441,High density,Pocket,pocket_qcov,70,100.0
8px8__1__1.A__1.D,0.75,1,100.0,990,80.75252525252525,80.75252525252525,High density,Pocket,pocket_qcov,70,75.0
8pyi__1__1.A__1.I,0.25,1,94.0,675,76.1762962962963,76.1762962962963,High density,Pocket,pocket_qcov,70,25.0
8pyn__1__1.A__1.B,0.5,1,97.0,743,80.64333781965007,80.64333781965007,High density,Pocket,pocket_qcov,70,50.0
8q0t__1__1.A__1.C,0.0,1,65.0,0,,65.0,No neighbours,Pocket,pocket_qcov,70,0.0
8q0u__1__1.A__1.D,0.25,1,59.0,0,,59.0,No neighbours,Pocket,pocket_qcov,70,25.0
8q17__1__1.A__1.F,0.0,1,63.0,0,,63.0,No neighbours,Pocket,pocket_qcov,70,0.0
8q1m__1__1.A_1.B__1.G,0.0,1,100.0,441,77.4920634920635,77.4920634920635,High density,Pocket,pocket_qcov,70,0.0
8q2u__1__1.A__1.C,0.75,1,100.0,93,87.29032258064517,87.29032258064517,Low density,Pocket,pocket_qcov,70,75.0
8q2w__1__1.A__1.C,1.0,1,100.0,79,86.0253164556962,86.0253164556962,Low density,Pocket,pocket_qcov,70,100.0
8q2y__1__1.A__1.C,1.0,1,95.0,69,79.6086956521739,79.6086956521739,Low density,Pocket,pocket_qcov,70,100.0
8q31__1__1.A__1.C,1.0,1,100.0,103,86.77669902912622,86.77669902912622,Low density,Pocket,pocket_qcov,70,100.0
8q34__1__1.A__1.F,0.5,1,100.0,583,76.69296740994854,76.69296740994854,High density,Pocket,pocket_qcov,70,50.0
8q5v__1__1.A_1.B__1.P_1.Q,1.0,1,100.0,32,93.34375,93.34375,Low density,Pocket,pocket_qcov,70,100.0
8q5x__1__1.A_1.C__1.E_1.F,0.0,1,88.0,25,80.84,80.84,Low density,Pocket,pocket_qcov,70,0.0
8q9v__1__2.A__2.C_2.D_2.E,0.0,1,93.0,38,81.63157894736842,81.63157894736842,Low density,Pocket,pocket_qcov,70,0.0
8qc4__1__1.A__1.C,0.75,1,96.0,39,80.82051282051282,80.82051282051282,Low density,Pocket,pocket_qcov,70,75.0
8qc5__1__1.B__1.E_1.F,1.0,1,81.0,20,71.55,71.55,Low density,Pocket,pocket_qcov,70,100.0
8qdy__1__1.A_2.A__1.B,0.25,1,96.0,14,92.14285714285714,92.14285714285714,Low density,Pocket,pocket_qcov,70,25.0
8qdz__1__1.A_2.A__2.B,0.5,1,100.0,14,93.85714285714286,93.85714285714286,Low density,Pocket,pocket_qcov,70,50.0
8qe0__1__1.A_2.A__2.B,0.5,1,100.0,14,93.21428571428571,93.21428571428571,Low density,Pocket,pocket_qcov,70,50.0
8qe1__1__1.A_2.A__1.B,0.75,1,97.0,14,83.28571428571429,83.28571428571429,Low density,Pocket,pocket_qcov,70,75.0
8qe3__1__1.A_2.A__1.B,0.75,1,100.0,14,87.92857142857143,87.92857142857143,Low density,Pocket,pocket_qcov,70,75.0
8qel__1__1.B__1.C,1.0,1,100.0,3130,86.57539936102236,86.57539936102236,High density,Pocket,pocket_qcov,70,100.0
8qhq__1__1.A_1.B__1.G,1.0,1,84.0,9,73.77777777777777,73.77777777777777,Low density,Pocket,pocket_qcov,70,100.0
8qic__1__1.B__1.F_1.J,0.0,1,97.0,38,92.92105263157895,92.92105263157895,Low density,Pocket,pocket_qcov,70,0.0
8qk2__1__1.A__1.D,1.0,1,92.0,10,86.3,86.3,Low density,Pocket,pocket_qcov,70,100.0
8qk5__1__1.A__1.D,0.0,1,90.0,9,79.66666666666667,79.66666666666667,Low density,Pocket,pocket_qcov,70,0.0
8qk9__1__1.A__1.D,0.75,1,86.0,9,76.66666666666667,76.66666666666667,Low density,Pocket,pocket_qcov,70,75.0
8qka__1__1.A__1.D,0.0,1,100.0,10,91.2,91.2,Low density,Pocket,pocket_qcov,70,0.0
8qkb__1__1.D__1.CA_1.HA,1.0,1,97.0,315,79.78730158730158,79.78730158730158,High density,Pocket,pocket_qcov,70,100.0
8qlr__1__1.B__1.F,1.0,1,100.0,395,75.37215189873417,75.37215189873417,High density,Pocket,pocket_qcov,70,100.0
8qmx__1__1.A__1.C_1.D_1.F,0.3333333333333333,3,78.0,270,71.8,71.8,High density,Pocket,pocket_qcov,70,33.33333333333333
8qmy__1__1.A__1.D_1.E,1.0,1,87.0,5,84.8,84.8,Low density,Pocket,pocket_qcov,70,100.0
8qpn__1__1.A__1.B_1.I,1.0,1,97.0,29,82.65517241379311,82.65517241379311,Low density,Pocket,pocket_qcov,70,100.0
8qq4__1__1.A__1.B_1.I,1.0,1,96.0,36,83.47222222222223,83.47222222222223,Low density,Pocket,pocket_qcov,70,100.0
8qqg__1__1.A__1.D,1.0,1,97.0,608,80.18092105263158,80.18092105263158,High density,Pocket,pocket_qcov,70,100.0
8qqy__1__1.A__1.B,1.0,1,100.0,2696,80.74814540059347,80.74814540059347,High density,Pocket,pocket_qcov,70,100.0
8qtt__1__1.C__1.D_1.V,0.0,1,97.0,361,79.61495844875347,79.61495844875347,High density,Pocket,pocket_qcov,70,0.0
8qve__1__1.A__1.B_1.D,1.0,1,89.0,193,81.92227979274611,81.92227979274611,High density,Pocket,pocket_qcov,70,100.0
8qyg__1__1.A_1.B__1.C_1.L,1.0,1,97.0,48,86.1875,86.1875,Low density,Pocket,pocket_qcov,70,100.0
8qyq__1__1.A__1.H,0.0,1,71.0,1,71.0,71.0,Low density,Pocket,pocket_qcov,70,0.0
8qyu__1__1.A__1.K_1.L,0.25,1,68.0,0,,68.0,No neighbours,Pocket,pocket_qcov,70,25.0
8qyw__1__1.A_2.A__1.C_1.E,0.5,1,100.0,17,93.94117647058823,93.94117647058823,Low density,Pocket,pocket_qcov,70,50.0
8r0i__1__1.A_2.A__1.D,0.75,1,59.0,0,,59.0,No neighbours,Pocket,pocket_qcov,70,75.0
8r11__1__1.A_1.B__1.C,1.0,1,100.0,235,92.32340425531915,92.32340425531915,High density,Pocket,pocket_qcov,70,100.0
8r12__1__1.A_1.B__1.C,0.0,1,100.0,225,92.47111111111111,92.47111111111111,High density,Pocket,pocket_qcov,70,0.0
8r1n__1__1.A__1.C,0.0,1,100.0,2291,77.88083806198166,77.88083806198166,High density,Pocket,pocket_qcov,70,0.0
8r1p__1__1.A_1.B__1.C,0.25,1,95.0,1957,77.0112416964742,77.0112416964742,High density,Pocket,pocket_qcov,70,25.0
8r3d__1__1.B_1.E__1.J,1.0,1,100.0,10,98.8,98.8,Low density,Pocket,pocket_qcov,70,100.0
8r41__1__1.A__1.E_1.F_1.G,1.0,1,86.0,93,77.72043010752688,77.72043010752688,Low density,Pocket,pocket_qcov,70,100.0
8r42__1__1.B__1.Q,0.25,1,96.0,124,79.25806451612904,79.25806451612904,High density,Pocket,pocket_qcov,70,25.0
8r4o__1__1.A__1.M,0.75,1,94.0,616,75.60227272727273,75.60227272727273,High density,Pocket,pocket_qcov,70,75.0
8r4q__1__1.A__1.M_1.N,0.75,1,100.0,1562,77.13892445582586,77.13892445582586,High density,Pocket,pocket_qcov,70,75.0
8r4u__1__1.A__1.I,0.5,1,90.0,712,74.68820224719101,74.68820224719101,High density,Pocket,pocket_qcov,70,50.0
8r4x__1__1.A__1.J_1.K_1.L_1.P,0.5,1,90.0,64,77.875,77.875,Low density,Pocket,pocket_qcov,70,50.0
8r99__1__1.A__1.B_1.C,0.25,1,100.0,2498,80.0316253002402,80.0316253002402,High density,Pocket,pocket_qcov,70,25.0
8rb6__1__1.A__1.C_1.D,0.5,2,92.0,542,79.11808118081181,79.11808118081181,High density,Pocket,pocket_qcov,70,50.0
8rdk__1__1.A__1.D,0.0,1,100.0,28,94.53571428571429,94.53571428571429,Low density,Pocket,pocket_qcov,70,0.0
8s8x__1__1.A__1.C_1.E_1.F_1.I,0.5833333333333334,3,89.0,63,80.80952380952381,80.80952380952381,Low density,Pocket,pocket_qcov,70,58.333333333333336
8s98__1__1.A__1.D,1.0,1,100.0,2063,89.3034415899176,89.3034415899176,High density,Pocket,pocket_qcov,70,100.0
8sam__1__1.A__1.C_1.D,0.0,1,87.0,135,77.42222222222222,77.42222222222222,High density,Pocket,pocket_qcov,70,0.0
8se5__1__1.A_1.B__1.H,0.25,1,26.0,0,,26.0,No neighbours,Pocket,pocket_qcov,70,25.0
8sf3__1__1.A__1.B_1.C,0.75,1,100.0,113,89.30088495575221,89.30088495575221,Low density,Pocket,pocket_qcov,70,75.0
8sft__1__1.A__1.E_1.F,0.5,2,41.0,0,,41.0,No neighbours,Pocket,pocket_qcov,70,50.0
8sge__1__1.A__1.H,0.75,1,89.0,6,85.0,85.0,Low density,Pocket,pocket_qcov,70,75.0
8sip__1__1.A_1.B__1.C,0.75,1,86.0,10,76.0,76.0,Low density,Pocket,pocket_qcov,70,75.0
8six__1__1.A__1.B,0.75,1,96.0,2453,80.11903791275988,80.11903791275988,High density,Pocket,pocket_qcov,70,75.0
8sk0__1__1.B__1.G_1.H,0.75,1,98.0,357,83.91036414565826,83.91036414565826,High density,Pocket,pocket_qcov,70,75.0
8slg__1__1.A__1.C,1.0,1,94.0,20,82.45,82.45,Low density,Pocket,pocket_qcov,70,100.0
8sqg__1__1.A__1.C_1.D,0.25,1,100.0,233,83.73390557939913,83.73390557939913,High density,Pocket,pocket_qcov,70,25.0
8su1__1__1.A__1.C_1.D_1.E_1.F,1.0,1,100.0,14,86.42857142857143,86.42857142857143,Low density,Pocket,pocket_qcov,70,100.0
8sv9__1__1.A__1.C,1.0,1,90.0,829,75.73462002412545,75.73462002412545,High density,Pocket,pocket_qcov,70,100.0
8svl__1__1.A__1.B_1.C_1.G,1.0,1,100.0,40,81.9,81.9,Low density,Pocket,pocket_qcov,70,100.0
8swe__1__1.A__1.E,1.0,1,92.0,319,76.15047021943573,76.15047021943573,High density,Pocket,pocket_qcov,70,100.0
8swr__1__1.A_1.B__1.I,1.0,1,96.0,138,82.5072463768116,82.5072463768116,High density,Pocket,pocket_qcov,70,100.0
8swt__1__1.A_2.A__1.C_1.D,1.0,1,93.0,124,81.48387096774194,81.48387096774194,High density,Pocket,pocket_qcov,70,100.0
8swu__1__1.A_1.B__1.D_1.E,1.0,1,100.0,161,84.90062111801242,84.90062111801242,High density,Pocket,pocket_qcov,70,100.0
8sx2__1__1.A__1.C,1.0,1,94.0,75,75.32,75.32,Low density,Pocket,pocket_qcov,70,100.0
8sx4__1__1.A__1.C,0.0,1,100.0,27,81.92592592592592,81.92592592592592,Low density,Pocket,pocket_qcov,70,0.0
8sxy__1__1.A__1.C,0.0,1,89.0,6,77.33333333333333,77.33333333333333,Low density,Pocket,pocket_qcov,70,0.0
8sye__1__1.A__1.C,0.0,1,89.0,6,77.33333333333333,77.33333333333333,Low density,Pocket,pocket_qcov,70,0.0
8sz3__1__1.A_2.B__1.G,0.0,1,82.0,2,82.0,82.0,Low density,Pocket,pocket_qcov,70,0.0
8sze__1__1.A__1.C,1.0,1,100.0,762,90.75459317585302,90.75459317585302,High density,Pocket,pocket_qcov,70,100.0
8szq__1__1.A__1.B_1.C,0.25,1,100.0,44,91.0909090909091,91.0909090909091,Low density,Pocket,pocket_qcov,70,25.0
8szs__1__1.A__1.B_1.C,0.25,1,96.0,44,85.6590909090909,85.6590909090909,Low density,Pocket,pocket_qcov,70,25.0
8t1q__1__1.A__1.B_1.F_1.G,0.25,1,93.0,5,81.4,81.4,Low density,Pocket,pocket_qcov,70,25.0
8t1y__1__1.A__1.B,1.0,1,100.0,50,80.68,80.68,Low density,Pocket,pocket_qcov,70,100.0
8t27__1__1.A__1.B,1.0,1,100.0,49,79.36734693877551,79.36734693877551,Low density,Pocket,pocket_qcov,70,100.0
8t2h__1__1.A__1.C_1.D_1.E,0.5,1,93.0,1799,76.07170650361311,76.07170650361311,High density,Pocket,pocket_qcov,70,50.0
8t5k__1__1.A_2.A__1.B_2.B,0.5,2,100.0,126,84.82539682539682,84.82539682539682,High density,Pocket,pocket_qcov,70,50.0
8t5n__1__1.A__1.B_1.M,1.0,1,100.0,22,87.5909090909091,87.5909090909091,Low density,Pocket,pocket_qcov,70,100.0
8t8v__1__1.A__1.B_1.C_1.E_1.F,0.75,1,63.0,0,,63.0,No neighbours,Pocket,pocket_qcov,70,75.0
8t9v__1__1.A__1.B,0.75,1,100.0,6,97.33333333333333,97.33333333333333,Low density,Pocket,pocket_qcov,70,75.0
8tab__1__1.A__1.E_1.G,1.0,1,100.0,6,97.33333333333333,97.33333333333333,Low density,Pocket,pocket_qcov,70,100.0
8tc9__1__1.A__1.E_1.M,1.0,1,93.0,26,85.84615384615384,85.84615384615384,Low density,Pocket,pocket_qcov,70,100.0
8tce__1__1.A__1.C,0.25,1,100.0,22,95.9090909090909,95.9090909090909,Low density,Pocket,pocket_qcov,70,25.0
8tqv__1__1.A__1.C,0.0,1,54.0,0,,54.0,No neighbours,Pocket,pocket_qcov,70,0.0
8tti__1__1.A__1.E,1.0,1,100.0,26,87.0,87.0,Low density,Pocket,pocket_qcov,70,100.0
8twj__1__1.A__1.B_1.C_1.D_1.E,0.75,1,72.0,1,72.0,72.0,Low density,Pocket,pocket_qcov,70,75.0
8typ__1__1.A__1.C,0.75,1,92.0,1065,77.50704225352112,77.50704225352112,High density,Pocket,pocket_qcov,70,75.0
8u0n__1__1.B__1.E_1.F,0.0,2,92.0,4,92.0,92.0,Low density,Pocket,pocket_qcov,70,0.0
8u2e__1__1.A__1.B,0.0,1,100.0,2417,79.48448489863468,79.48448489863468,High density,Pocket,pocket_qcov,70,0.0
8u2r__1__1.A__1.C,1.0,1,100.0,112,91.33928571428571,91.33928571428571,Low density,Pocket,pocket_qcov,70,100.0
8u37__1__1.A__1.B,0.5,1,96.0,2688,79.50111607142857,79.50111607142857,High density,Pocket,pocket_qcov,70,50.0
8u4w__1__1.A__1.E,0.75,1,100.0,127,81.79527559055119,81.79527559055119,High density,Pocket,pocket_qcov,70,75.0
8u7w__1__1.A__1.C,0.75,1,100.0,35,92.11428571428571,92.11428571428571,Low density,Pocket,pocket_qcov,70,75.0
8u7x__1__1.A__1.C,0.75,1,100.0,35,91.97142857142858,91.97142857142858,Low density,Pocket,pocket_qcov,70,75.0
8u8j__1__1.A__1.B,1.0,1,100.0,2118,78.53966005665723,78.53966005665723,High density,Pocket,pocket_qcov,70,100.0
8u8k__1__1.A__1.B,1.0,1,100.0,1901,79.84955286691215,79.84955286691215,High density,Pocket,pocket_qcov,70,100.0
8u97__1__1.A__1.B,1.0,1,83.0,8,75.5,75.5,Low density,Pocket,pocket_qcov,70,100.0
8uak__1__1.A__1.B,0.75,1,96.0,2161,78.99028227672373,78.99028227672373,High density,Pocket,pocket_qcov,70,75.0
8ufp__1__1.A_1.B__1.K,0.0,1,100.0,571,84.3660245183888,84.3660245183888,High density,Pocket,pocket_qcov,70,0.0
8ug3__1__1.A_1.B__1.C,0.25,1,90.0,31,78.48387096774194,78.48387096774194,Low density,Pocket,pocket_qcov,70,25.0
8ui1__1__1.A__1.B_1.C,1.0,1,93.0,59,85.05084745762711,85.05084745762711,Low density,Pocket,pocket_qcov,70,100.0
8ujy__1__1.B__1.D,1.0,1,86.0,5,74.8,74.8,Low density,Pocket,pocket_qcov,70,100.0
8uk6__1__1.A__1.C,0.0,1,29.0,0,,29.0,No neighbours,Pocket,pocket_qcov,70,0.0
8un3__1__1.A__1.E_1.F_1.H,0.5,2,93.0,100,81.18,81.18,Low density,Pocket,pocket_qcov,70,50.0
8uob__1__1.A__1.B,0.25,1,100.0,39,92.23076923076923,92.23076923076923,Low density,Pocket,pocket_qcov,70,25.0
8ur9__1__1.A_1.B__1.C,1.0,1,97.0,341,83.11143695014663,83.11143695014663,High density,Pocket,pocket_qcov,70,100.0
8usm__1__1.A__1.C,1.0,1,96.0,109,79.87155963302752,79.87155963302752,Low density,Pocket,pocket_qcov,70,100.0
8uuf__1__1.A__1.B,1.0,1,100.0,41,90.97560975609755,90.97560975609755,Low density,Pocket,pocket_qcov,70,100.0
8uuu__1__1.A__1.B,0.5,1,100.0,39,92.23076923076923,92.23076923076923,Low density,Pocket,pocket_qcov,70,50.0
8uuv__1__1.A__1.B,0.75,1,100.0,39,92.23076923076923,92.23076923076923,Low density,Pocket,pocket_qcov,70,75.0
8ux7__1__1.B__1.I,0.5,1,100.0,265,99.87924528301886,99.87924528301886,High density,Pocket,pocket_qcov,70,50.0
8v2t__1__1.A_3.A_4.A__3.C_4.B,1.0,1,93.0,6,88.33333333333333,88.33333333333333,Low density,Pocket,pocket_qcov,70,100.0
8v8e__1__1.A__1.D,0.0,1,100.0,391,83.49616368286445,83.49616368286445,High density,Pocket,pocket_qcov,70,0.0
8vh9__1__1.A_1.B__1.C_1.F,1.0,1,95.0,59,84.49152542372882,84.49152542372882,Low density,Pocket,pocket_qcov,70,100.0
8vw1__1__1.A__1.B_1.C,1.0,1,100.0,6,88.33333333333333,88.33333333333333,Low density,Pocket,pocket_qcov,70,100.0
8w4s__1__1.A__1.D,0.25,1,92.0,410,74.72439024390243,74.72439024390243,High density,Pocket,pocket_qcov,70,25.0
8wd4__1__1.A__1.B,1.0,1,100.0,2152,77.875,77.875,High density,Pocket,pocket_qcov,70,100.0
8wdx__1__1.A__1.B,1.0,1,100.0,142,85.54225352112677,85.54225352112677,High density,Pocket,pocket_qcov,70,100.0
8wjy__1__1.A__1.B,1.0,1,100.0,1355,77.47232472324723,77.47232472324723,High density,Pocket,pocket_qcov,70,100.0
8wmy__1__1.A__1.C_1.D_1.E,0.25,1,32.0,0,,32.0,No neighbours,Pocket,pocket_qcov,70,25.0
8wnj__1__1.A__1.F,1.0,1,100.0,11,94.0909090909091,94.0909090909091,Low density,Pocket,pocket_qcov,70,100.0
8wo2__1__1.A__1.D,1.0,1,100.0,11,92.72727272727273,92.72727272727273,Low density,Pocket,pocket_qcov,70,100.0
8wr2__1__1.A__1.E_1.F,0.0,1,96.0,51,90.82352941176471,90.82352941176471,Low density,Pocket,pocket_qcov,70,0.0
8wrj__1__1.A__1.B,0.0,1,65.0,0,,65.0,No neighbours,Pocket,pocket_qcov,70,0.0
8wsm__1__1.A__1.B_1.C,1.0,1,92.0,5,90.4,90.4,Low density,Pocket,pocket_qcov,70,100.0
8wsw__1__1.A__1.E,0.0,1,100.0,2763,80.91892870068766,80.91892870068766,High density,Pocket,pocket_qcov,70,0.0
8wwo__1__1.A_2.D__2.K_2.L,1.0,1,94.0,8,85.125,85.125,Low density,Pocket,pocket_qcov,70,100.0
8wzq__1__1.A__1.C,1.0,1,100.0,368,80.28260869565217,80.28260869565217,High density,Pocket,pocket_qcov,70,100.0
8x1a__1__1.A__1.B,0.75,1,100.0,10,93.9,93.9,Low density,Pocket,pocket_qcov,70,75.0
8x35__1__1.A_1.B__1.C_1.D_1.E,0.75,2,100.0,32,80.0,80.0,Low density,Pocket,pocket_qcov,70,75.0
8x6r__1__1.A__1.G_1.H_1.I,0.625,2,98.0,1523,71.51346027577151,71.51346027577151,High density,Pocket,pocket_qcov,70,62.5
8xhd__1__1.A_1.B__1.C,0.25,1,82.0,16,75.5,75.5,Low density,Pocket,pocket_qcov,70,25.0
8xkf__1__1.A_1.C__1.M_1.S,0.75,1,100.0,60,87.4,87.4,Low density,Pocket,pocket_qcov,70,75.0
8y33__1__1.A__1.B,0.0,1,78.0,4,73.5,73.5,Low density,Pocket,pocket_qcov,70,0.0
8yhw__1__1.A__1.E_1.F,1.0,1,97.0,1399,78.17941386704788,78.17941386704788,High density,Pocket,pocket_qcov,70,100.0
9eun__1__1.A__1.E,1.0,1,92.0,23,86.04347826086956,86.04347826086956,Low density,Pocket,pocket_qcov,70,100.0
9f40__1__1.A__1.Q,0.5,1,87.0,8,80.125,80.125,Low density,Pocket,pocket_qcov,70,50.0
9f41__1__1.A__1.Q,0.5,1,84.0,8,79.125,79.125,Low density,Pocket,pocket_qcov,70,50.0
