query_system,mean_success,n_proper_ligands,best_similarity,density,mean_similarity_above_threshold,visualisation_similarity,density_group,similarity_metric,similarity_column,threshold,mean_success_percent
5s9l__1__1.A__1.H_1.I,0.75,1,97.0,377,84.92838196286472,84.92838196286472,High density,Protein structure,protein_lddt_max,70,75.0
5s9m__1__1.A__1.C_1.I,0.5,1,97.0,360,85.39722222222223,85.39722222222223,High density,Protein structure,protein_lddt_max,70,50.0
5s9z__1__1.A_1.B__1.R,0.0,1,100.0,716,80.94134078212291,80.94134078212291,High density,Protein structure,protein_lddt_max,70,0.0
5sau__1__1.A__1.B,1.0,1,98.0,1637,72.99450213805743,72.99450213805743,High density,Protein structure,protein_lddt_max,70,100.0
5sav__1__1.A__1.B,1.0,1,95.0,1910,72.85340314136126,72.85340314136126,High density,Protein structure,protein_lddt_max,70,100.0
5saw__1__1.A__1.B,1.0,1,94.0,1967,72.57295373665481,72.57295373665481,High density,Protein structure,protein_lddt_max,70,100.0
5sb2__1__1.A__1.G,1.0,1,94.0,2063,72.79350460494426,72.79350460494426,High density,Protein structure,protein_lddt_max,70,100.0
5scm__1__1.A__1.F_1.G_1.H_1.I,0.625,2,96.0,2040,77.12941176470588,77.12941176470588,High density,Protein structure,protein_lddt_max,70,62.5
5scn__1__1.A__1.B_1.C,1.0,2,99.0,1682,76.19024970273485,76.19024970273485,High density,Protein structure,protein_lddt_max,70,100.0
5sdu__1__1.A__1.G,0.75,1,100.0,928,82.44935344827586,82.44935344827586,High density,Protein structure,protein_lddt_max,70,75.0
5sdy__1__1.A__1.D,0.25,1,99.0,940,81.06808510638298,81.06808510638298,High density,Protein structure,protein_lddt_max,70,25.0
5se0__1__1.A__1.G,0.5,1,100.0,931,82.29430719656284,82.29430719656284,High density,Protein structure,protein_lddt_max,70,50.0
5se2__1__1.A__1.G,0.5,1,100.0,933,82.16398713826366,82.16398713826366,High density,Protein structure,protein_lddt_max,70,50.0
5se3__1__1.A__1.G,1.0,1,100.0,935,82.04598930481284,82.04598930481284,High density,Protein structure,protein_lddt_max,70,100.0
5se5__1__1.A__1.G,0.25,1,100.0,933,82.16720257234726,82.16720257234726,High density,Protein structure,protein_lddt_max,70,25.0
5se6__1__1.A__1.G,0.25,1,100.0,935,81.95294117647059,81.95294117647059,High density,Protein structure,protein_lddt_max,70,25.0
5se8__1__1.A__1.G,1.0,1,100.0,935,81.95614973262032,81.95614973262032,High density,Protein structure,protein_lddt_max,70,100.0
5se9__1__1.A__1.G,1.0,1,100.0,930,81.88924731182796,81.88924731182796,High density,Protein structure,protein_lddt_max,70,100.0
5sea__1__1.A__1.G,0.25,1,100.0,929,82.2551130247578,82.2551130247578,High density,Protein structure,protein_lddt_max,70,25.0
5seb__1__1.A__1.G,0.75,1,100.0,932,81.69420600858369,81.69420600858369,High density,Protein structure,protein_lddt_max,70,75.0
5sec__1__1.A__1.G,1.0,1,100.0,929,82.03552206673842,82.03552206673842,High density,Protein structure,protein_lddt_max,70,100.0
5see__1__1.A__1.E,0.5,1,100.0,942,81.61571125265392,81.61571125265392,High density,Protein structure,protein_lddt_max,70,50.0
5seh__1__1.A__1.G,1.0,1,100.0,934,82.27408993576017,82.27408993576017,High density,Protein structure,protein_lddt_max,70,100.0
5sek__1__1.A__1.G,0.75,1,100.0,931,82.30290010741139,82.30290010741139,High density,Protein structure,protein_lddt_max,70,75.0
5sel__1__1.A__1.G,0.75,1,100.0,927,81.95037756202805,81.95037756202805,High density,Protein structure,protein_lddt_max,70,75.0
5sem__1__1.A__1.G,0.75,1,100.0,935,81.82459893048129,81.82459893048129,High density,Protein structure,protein_lddt_max,70,75.0
5sen__1__1.A__1.G,1.0,1,100.0,938,82.04477611940298,82.04477611940298,High density,Protein structure,protein_lddt_max,70,100.0
5seo__1__1.A__1.G,1.0,1,100.0,933,82.33547695605573,82.33547695605573,High density,Protein structure,protein_lddt_max,70,100.0
5sex__1__1.A__1.G,1.0,1,100.0,928,82.41163793103448,82.41163793103448,High density,Protein structure,protein_lddt_max,70,100.0
5sez__1__1.A__1.G,0.75,1,100.0,936,82.0448717948718,82.0448717948718,High density,Protein structure,protein_lddt_max,70,75.0
5sf0__1__1.A__1.G,1.0,1,100.0,931,81.95273899033297,81.95273899033297,High density,Protein structure,protein_lddt_max,70,100.0
5sf1__1__1.A__1.E,0.75,1,100.0,928,82.07866379310344,82.07866379310344,High density,Protein structure,protein_lddt_max,70,75.0
5sf4__1__1.A__1.G,0.5,1,100.0,934,81.98715203426124,81.98715203426124,High density,Protein structure,protein_lddt_max,70,50.0
5sf7__1__1.A__1.G,1.0,1,100.0,932,82.25429184549357,82.25429184549357,High density,Protein structure,protein_lddt_max,70,100.0
5sfc__1__1.A__1.G,0.25,1,100.0,935,82.49411764705883,82.49411764705883,High density,Protein structure,protein_lddt_max,70,25.0
5sfd__1__1.A__1.G,0.5,1,100.0,931,82.11278195488721,82.11278195488721,High density,Protein structure,protein_lddt_max,70,50.0
5sfg__1__1.A__1.G,0.25,1,100.0,927,81.95577130528586,81.95577130528586,High density,Protein structure,protein_lddt_max,70,25.0
5sfh__1__1.A__1.G,0.5,1,100.0,931,82.3609022556391,82.3609022556391,High density,Protein structure,protein_lddt_max,70,50.0
5sfl__1__1.A__1.G,0.5,1,100.0,931,82.71535982814179,82.71535982814179,High density,Protein structure,protein_lddt_max,70,50.0
5sfn__1__1.A__1.G,1.0,1,100.0,934,82.11027837259101,82.11027837259101,High density,Protein structure,protein_lddt_max,70,100.0
5sfo__1__1.A__1.G,1.0,1,100.0,931,81.70032223415681,81.70032223415681,High density,Protein structure,protein_lddt_max,70,100.0
5sfp__1__1.A__1.G,0.75,1,100.0,932,82.09334763948497,82.09334763948497,High density,Protein structure,protein_lddt_max,70,75.0
5sfr__1__1.A__1.G,0.25,1,100.0,940,82.09042553191489,82.09042553191489,High density,Protein structure,protein_lddt_max,70,25.0
5sfx__1__1.A__1.G,0.5,1,100.0,930,81.9494623655914,81.9494623655914,High density,Protein structure,protein_lddt_max,70,50.0
5sfy__1__1.A__1.G,0.5,1,100.0,935,82.28235294117647,82.28235294117647,High density,Protein structure,protein_lddt_max,70,50.0
5sg0__1__1.A__1.G,1.0,1,100.0,933,82.17792068595926,82.17792068595926,High density,Protein structure,protein_lddt_max,70,100.0
5sg5__1__1.A__1.G,0.25,1,100.0,929,82.54144241119484,82.54144241119484,High density,Protein structure,protein_lddt_max,70,25.0
5sg6__1__1.A__1.G,0.5,1,100.0,927,82.11003236245955,82.11003236245955,High density,Protein structure,protein_lddt_max,70,50.0
5sg9__1__1.A__1.G,0.0,1,100.0,929,82.23466092572659,82.23466092572659,High density,Protein structure,protein_lddt_max,70,0.0
5sgh__1__1.A__1.G,1.0,1,100.0,933,82.16077170418006,82.16077170418006,High density,Protein structure,protein_lddt_max,70,100.0
5sgk__1__1.A__1.G,1.0,1,100.0,933,82.19185423365488,82.19185423365488,High density,Protein structure,protein_lddt_max,70,100.0
5sgl__1__1.A__1.G,0.0,1,99.0,934,81.38115631691649,81.38115631691649,High density,Protein structure,protein_lddt_max,70,0.0
5sgm__1__1.A__1.D,1.0,1,99.0,932,81.16309012875537,81.16309012875537,High density,Protein structure,protein_lddt_max,70,100.0
5sgp__1__1.A__1.H,1.0,1,100.0,934,81.90149892933619,81.90149892933619,High density,Protein structure,protein_lddt_max,70,100.0
5sgr__1__1.A__1.G,0.75,1,100.0,930,82.30430107526881,82.30430107526881,High density,Protein structure,protein_lddt_max,70,75.0
5sgs__1__1.A__1.G,1.0,1,100.0,931,82.0515574650913,82.0515574650913,High density,Protein structure,protein_lddt_max,70,100.0
5sgt__1__1.A__1.G,0.25,1,100.0,930,82.3741935483871,82.3741935483871,High density,Protein structure,protein_lddt_max,70,25.0
5sgw__1__1.A__1.G,1.0,1,100.0,934,82.04282655246253,82.04282655246253,High density,Protein structure,protein_lddt_max,70,100.0
5sgx__1__1.A__1.G,0.75,1,100.0,934,82.01820128479658,82.01820128479658,High density,Protein structure,protein_lddt_max,70,75.0
5sgz__1__1.A__1.G,1.0,1,100.0,929,82.2443487621098,82.2443487621098,High density,Protein structure,protein_lddt_max,70,100.0
5sh0__1__1.A__1.G,0.0,1,100.0,933,81.89067524115755,81.89067524115755,High density,Protein structure,protein_lddt_max,70,0.0
5sh1__1__1.A__1.G,0.0,1,100.0,931,82.33190118152524,82.33190118152524,High density,Protein structure,protein_lddt_max,70,0.0
5sh2__1__1.A__1.G,1.0,1,100.0,932,82.3175965665236,82.3175965665236,High density,Protein structure,protein_lddt_max,70,100.0
5sh6__1__1.A__1.G,0.5,1,100.0,937,81.7513340448239,81.7513340448239,High density,Protein structure,protein_lddt_max,70,50.0
5sh8__1__1.A__1.E,0.25,1,100.0,931,82.23630504833513,82.23630504833513,High density,Protein structure,protein_lddt_max,70,25.0
5shc__1__1.A__1.G,1.0,1,100.0,934,82.20021413276231,82.20021413276231,High density,Protein structure,protein_lddt_max,70,100.0
5shf__1__1.A__1.G,1.0,1,100.0,931,82.06015037593986,82.06015037593986,High density,Protein structure,protein_lddt_max,70,100.0
5shg__1__1.A__1.G,1.0,1,100.0,932,82.2381974248927,82.2381974248927,High density,Protein structure,protein_lddt_max,70,100.0
5shh__1__1.A__1.G,0.75,1,100.0,940,82.39787234042554,82.39787234042554,High density,Protein structure,protein_lddt_max,70,75.0
5shi__1__1.A__1.E,0.5,1,100.0,933,82.15005359056806,82.15005359056806,High density,Protein structure,protein_lddt_max,70,50.0
5shp__1__1.A__1.G,0.75,1,100.0,932,82.47961373390558,82.47961373390558,High density,Protein structure,protein_lddt_max,70,75.0
5shu__1__1.A__1.G,1.0,1,100.0,928,82.33405172413794,82.33405172413794,High density,Protein structure,protein_lddt_max,70,100.0
5shx__1__1.A__1.G,0.5,1,100.0,931,82.1063372717508,82.1063372717508,High density,Protein structure,protein_lddt_max,70,50.0
5si3__1__1.A__1.E,0.5,1,100.0,937,81.77908217716116,81.77908217716116,High density,Protein structure,protein_lddt_max,70,50.0
5si6__1__1.A__1.G,1.0,1,100.0,930,82.23010752688172,82.23010752688172,High density,Protein structure,protein_lddt_max,70,100.0
5si7__1__1.A__1.G,0.75,1,100.0,931,82.32223415682063,82.32223415682063,High density,Protein structure,protein_lddt_max,70,75.0
5si8__1__1.A__1.G,0.75,1,100.0,929,82.23573735199139,82.23573735199139,High density,Protein structure,protein_lddt_max,70,75.0
5si9__1__1.A__1.G,0.75,1,100.0,929,82.30355220667384,82.30355220667384,High density,Protein structure,protein_lddt_max,70,75.0
5sie__1__1.A__1.G,0.75,1,100.0,930,82.28494623655914,82.28494623655914,High density,Protein structure,protein_lddt_max,70,75.0
5sif__1__1.A__1.I,0.5,1,100.0,932,82.28862660944206,82.28862660944206,High density,Protein structure,protein_lddt_max,70,50.0
5sig__1__1.A__1.G,0.0,1,100.0,929,82.46286329386437,82.46286329386437,High density,Protein structure,protein_lddt_max,70,0.0
5sih__1__1.A__1.H,0.0,1,100.0,934,81.94218415417559,81.94218415417559,High density,Protein structure,protein_lddt_max,70,0.0
5sio__1__1.A__1.H,1.0,1,100.0,936,82.20192307692308,82.20192307692308,High density,Protein structure,protein_lddt_max,70,100.0
5sip__1__1.A__1.G,0.5,1,100.0,936,82.08333333333333,82.08333333333333,High density,Protein structure,protein_lddt_max,70,50.0
5siq__1__1.A__1.H,0.25,1,100.0,930,81.80430107526881,81.80430107526881,High density,Protein structure,protein_lddt_max,70,25.0
5sir__1__1.A__1.G,1.0,1,100.0,928,81.71443965517241,81.71443965517241,High density,Protein structure,protein_lddt_max,70,100.0
5siy__1__1.A__1.G,0.75,1,100.0,939,82.0021299254526,82.0021299254526,High density,Protein structure,protein_lddt_max,70,75.0
5siz__1__1.A__1.G,0.0,1,100.0,931,81.90977443609023,81.90977443609023,High density,Protein structure,protein_lddt_max,70,0.0
5sj1__1__1.A__1.G,0.5,1,100.0,936,82.2724358974359,82.2724358974359,High density,Protein structure,protein_lddt_max,70,50.0
5sj7__1__1.A__1.G,0.5,1,100.0,932,82.16845493562232,82.16845493562232,High density,Protein structure,protein_lddt_max,70,50.0
5sj8__1__1.A__1.G,1.0,1,100.0,936,81.84722222222223,81.84722222222223,High density,Protein structure,protein_lddt_max,70,100.0
5sjb__1__1.A__1.G,0.5,1,100.0,929,82.77179763186221,82.77179763186221,High density,Protein structure,protein_lddt_max,70,50.0
5sjc__1__1.A__1.F,0.75,1,99.0,934,81.35117773019272,81.35117773019272,High density,Protein structure,protein_lddt_max,70,75.0
5sjf__1__1.A__1.H,0.0,1,100.0,935,81.78395721925133,81.78395721925133,High density,Protein structure,protein_lddt_max,70,0.0
5sjg__1__1.A__1.G,0.75,1,100.0,940,82.06382978723404,82.06382978723404,High density,Protein structure,protein_lddt_max,70,75.0
5sjl__1__1.A__1.G,0.25,1,100.0,939,82.05324813631523,82.05324813631523,High density,Protein structure,protein_lddt_max,70,25.0
5sjo__1__1.A__1.H,0.75,1,100.0,930,82.02043010752688,82.02043010752688,High density,Protein structure,protein_lddt_max,70,75.0
5sjt__1__1.A__1.H,1.0,1,100.0,933,81.85744908896034,81.85744908896034,High density,Protein structure,protein_lddt_max,70,100.0
5sju__1__1.A__1.G,0.5,1,99.0,930,80.90215053763441,80.90215053763441,High density,Protein structure,protein_lddt_max,70,50.0
5sjv__1__1.A__1.G,1.0,1,100.0,934,81.85974304068523,81.85974304068523,High density,Protein structure,protein_lddt_max,70,100.0
5sjw__1__1.A__1.I,0.75,1,100.0,934,82.04282655246253,82.04282655246253,High density,Protein structure,protein_lddt_max,70,75.0
5sk0__1__1.A__1.G,0.25,1,100.0,940,81.92127659574469,81.92127659574469,High density,Protein structure,protein_lddt_max,70,25.0
5sk4__1__1.A__1.G,1.0,1,100.0,930,82.25376344086021,82.25376344086021,High density,Protein structure,protein_lddt_max,70,100.0
5sk5__1__1.A__1.H,1.0,1,100.0,932,82.15665236051503,82.15665236051503,High density,Protein structure,protein_lddt_max,70,100.0
5sk6__1__1.A__1.G,1.0,1,100.0,927,82.06796116504854,82.06796116504854,High density,Protein structure,protein_lddt_max,70,100.0
5sk9__1__1.A__1.G,1.0,1,99.0,936,81.95405982905983,81.95405982905983,High density,Protein structure,protein_lddt_max,70,100.0
5skd__1__1.A__1.G,0.5,1,100.0,938,82.24413646055437,82.24413646055437,High density,Protein structure,protein_lddt_max,70,50.0
5skf__1__1.A__1.I,0.25,1,100.0,939,81.5814696485623,81.5814696485623,High density,Protein structure,protein_lddt_max,70,25.0
5skg__1__1.A__1.G,0.75,1,100.0,929,82.15392895586652,82.15392895586652,High density,Protein structure,protein_lddt_max,70,75.0
5skh__1__1.A__1.H,1.0,1,100.0,929,81.68675995694295,81.68675995694295,High density,Protein structure,protein_lddt_max,70,100.0
5ski__1__1.A__1.G,0.75,1,100.0,932,81.75214592274678,81.75214592274678,High density,Protein structure,protein_lddt_max,70,75.0
5skl__1__1.A__1.G,1.0,1,100.0,932,81.96888412017168,81.96888412017168,High density,Protein structure,protein_lddt_max,70,100.0
5skm__1__1.A__1.G,0.75,1,100.0,928,82.13254310344827,82.13254310344827,High density,Protein structure,protein_lddt_max,70,75.0
5sko__1__1.A__1.G,0.5,1,100.0,938,82.20149253731343,82.20149253731343,High density,Protein structure,protein_lddt_max,70,50.0
5skr__1__1.A__1.G,0.75,1,100.0,936,81.92735042735043,81.92735042735043,High density,Protein structure,protein_lddt_max,70,75.0
5skt__1__1.A__1.G,0.0,1,100.0,933,82.28295819935691,82.28295819935691,High density,Protein structure,protein_lddt_max,70,0.0
5sku__1__1.A__1.G,0.0,1,100.0,932,82.01824034334764,82.01824034334764,High density,Protein structure,protein_lddt_max,70,0.0
5slg__1__1.A__1.G,0.0,1,76.0,8,74.875,74.875,Low density,Protein structure,protein_lddt_max,70,0.0
5umb__1__1.A__1.E_1.F_1.G,1.0,1,94.0,281,89.09964412811388,89.09964412811388,Low density,Protein structure,protein_lddt_max,70,100.0
6x4j__1__1.A_2.A__2.B_2.C_2.D_2.E,1.0,2,100.0,52,92.15384615384616,92.15384615384616,Low density,Protein structure,protein_lddt_max,70,100.0
6x4k__1__1.A_2.A__1.B_1.C_1.D_1.E,1.0,2,100.0,52,91.84615384615384,91.84615384615384,Low density,Protein structure,protein_lddt_max,70,100.0
6x4l__1__1.A_2.A__2.B_2.C_2.D_2.E,1.0,2,100.0,52,91.84615384615384,91.84615384615384,Low density,Protein structure,protein_lddt_max,70,100.0
6xqr__1__1.B__1.E,0.0,1,100.0,406,93.86699507389163,93.86699507389163,High density,Protein structure,protein_lddt_max,70,0.0
6z48__1__1.B__1.J,1.0,1,99.0,2498,82.95556445156124,82.95556445156124,High density,Protein structure,protein_lddt_max,70,100.0
6zfz__1__1.A__1.B,0.75,1,90.0,413,81.10895883777239,81.10895883777239,High density,Protein structure,protein_lddt_max,70,75.0
6zg4__1__1.A__1.B,0.25,1,90.0,412,80.91504854368932,80.91504854368932,High density,Protein structure,protein_lddt_max,70,25.0
6zg9__1__1.A__1.B,1.0,1,90.0,399,80.92481203007519,80.92481203007519,High density,Protein structure,protein_lddt_max,70,100.0
6zk2__1__1.A_1.B__1.E_1.F,0.5,1,79.0,32,76.6875,76.6875,Low density,Protein structure,protein_lddt_max,70,50.0
6zk5__1__1.A_1.B__1.F_1.G,1.0,1,80.0,32,77.4375,77.4375,Low density,Protein structure,protein_lddt_max,70,100.0
6zx1__1__1.A_2.A__1.B,1.0,1,100.0,73,97.52054794520548,97.52054794520548,Low density,Protein structure,protein_lddt_max,70,100.0
7a4q__1__1.A__1.B,1.0,1,99.0,614,88.0928338762215,88.0928338762215,High density,Protein structure,protein_lddt_max,70,100.0
7ab9__1__1.A__1.G_1.P,0.5,1,100.0,954,83.84800838574424,83.84800838574424,High density,Protein structure,protein_lddt_max,70,50.0
7abe__1__1.A__1.G_1.W,1.0,1,100.0,961,83.97086368366286,83.97086368366286,High density,Protein structure,protein_lddt_max,70,100.0
7abj__1__1.A__1.T,1.0,1,100.0,961,84.10197710718002,84.10197710718002,High density,Protein structure,protein_lddt_max,70,100.0
7afz__1__2.A__2.B_2.C_2.D,0.75,1,100.0,123,96.9349593495935,96.9349593495935,Low density,Protein structure,protein_lddt_max,70,75.0
7ait__1__1.A__1.C,0.25,1,100.0,2883,90.19979188345474,90.19979188345474,High density,Protein structure,protein_lddt_max,70,25.0
7aiu__1__1.A__1.H,0.0,1,100.0,2884,90.10922330097087,90.10922330097087,High density,Protein structure,protein_lddt_max,70,0.0
7an8__1__1.B__1.E,0.75,1,67.0,0,,67.0,No neighbours,Protein structure,protein_lddt_max,70,75.0
7ana__1__1.A__1.C,0.25,1,68.0,0,,68.0,No neighbours,Protein structure,protein_lddt_max,70,25.0
7au4__1__1.A_2.A__2.D,1.0,1,100.0,889,96.67716535433071,96.67716535433071,High density,Protein structure,protein_lddt_max,70,100.0
7ay9__1__1.A__1.I,0.75,1,100.0,639,87.95931142410015,87.95931142410015,High density,Protein structure,protein_lddt_max,70,75.0
7aya__1__1.A__1.H_1.N_1.U,1.0,1,100.0,681,86.92657856093979,86.92657856093979,High density,Protein structure,protein_lddt_max,70,100.0
7ayz__1__1.A__1.D,0.25,1,98.0,24,94.16666666666667,94.16666666666667,Low density,Protein structure,protein_lddt_max,70,25.0
7b2u__1__1.A_1.B__1.C,0.5,1,100.0,889,96.1912260967379,96.1912260967379,High density,Protein structure,protein_lddt_max,70,50.0
7b3g__1__1.A__1.I,0.5,1,100.0,85,97.56470588235294,97.56470588235294,Low density,Protein structure,protein_lddt_max,70,50.0
7b3h__1__1.A__1.H,1.0,1,100.0,85,96.94117647058823,96.94117647058823,Low density,Protein structure,protein_lddt_max,70,100.0
7b3i__1__1.A__1.I,1.0,1,100.0,85,97.25882352941177,97.25882352941177,Low density,Protein structure,protein_lddt_max,70,100.0
7b3p__1__1.A__1.G,1.0,1,100.0,85,96.74117647058823,96.74117647058823,Low density,Protein structure,protein_lddt_max,70,100.0
7b3x__1__1.A__1.F,1.0,1,100.0,85,97.29411764705883,97.29411764705883,Low density,Protein structure,protein_lddt_max,70,100.0
7b4x__1__1.A__1.M,1.0,1,100.0,85,96.97647058823529,96.97647058823529,Low density,Protein structure,protein_lddt_max,70,100.0
7b6v__1__1.C_1.D__1.Y,0.25,1,97.0,1637,84.56444715943799,84.56444715943799,High density,Protein structure,protein_lddt_max,70,25.0
7b77__1__1.A_2.A__1.F,1.0,1,100.0,889,96.0562429696288,96.0562429696288,High density,Protein structure,protein_lddt_max,70,100.0
7b87__1__1.A__1.N,0.0,1,100.0,85,97.3529411764706,97.3529411764706,Low density,Protein structure,protein_lddt_max,70,0.0
7b89__1__1.A__1.D,0.75,1,99.0,85,96.12941176470588,96.12941176470588,Low density,Protein structure,protein_lddt_max,70,75.0
7b8a__1__1.A__1.F,0.0,1,100.0,85,96.16470588235295,96.16470588235295,Low density,Protein structure,protein_lddt_max,70,0.0
7bbn__1__1.B__1.E_1.F,1.0,1,96.0,219,85.38812785388127,85.38812785388127,Low density,Protein structure,protein_lddt_max,70,100.0
7bc1__1__2.A_3.A__3.B_3.C,0.5,2,86.0,16,76.0,76.0,Low density,Protein structure,protein_lddt_max,70,50.0
7bc9__1__1.A__1.J,0.0,1,99.0,85,97.04705882352941,97.04705882352941,Low density,Protein structure,protein_lddt_max,70,0.0
7bcf__1__1.A__1.H,1.0,1,100.0,85,97.43529411764706,97.43529411764706,Low density,Protein structure,protein_lddt_max,70,100.0
7bdd__1__1.A__1.G,0.0,1,100.0,85,96.94117647058823,96.94117647058823,Low density,Protein structure,protein_lddt_max,70,0.0
7bi6__1__1.A__1.B_1.G,0.0,1,71.0,53,70.33962264150944,70.33962264150944,Low density,Protein structure,protein_lddt_max,70,0.0
7bia__1__1.A_1.B__1.D_1.E,0.5,2,100.0,1196,80.08361204013377,80.08361204013377,High density,Protein structure,protein_lddt_max,70,50.0
7bis__1__1.A_2.A__2.F,0.5,1,100.0,65,90.8,90.8,Low density,Protein structure,protein_lddt_max,70,50.0
7bk9__1__1.A_2.A__2.F,0.0,1,98.0,76,87.14473684210526,87.14473684210526,Low density,Protein structure,protein_lddt_max,70,0.0
7blw__1__1.A__1.F,0.5,1,99.0,85,96.96470588235294,96.96470588235294,Low density,Protein structure,protein_lddt_max,70,50.0
7bm3__1__1.A__1.M_1.P,0.0,1,99.0,85,97.12941176470588,97.12941176470588,Low density,Protein structure,protein_lddt_max,70,0.0
7bm7__1__1.A__1.F,0.0,1,100.0,85,97.6,97.6,Low density,Protein structure,protein_lddt_max,70,0.0
7bmd__1__1.A__1.G_1.R,0.0,1,100.0,85,97.55294117647058,97.55294117647058,Low density,Protein structure,protein_lddt_max,70,0.0
7bn5__1__1.A__1.G,1.0,1,99.0,85,96.4235294117647,96.4235294117647,Low density,Protein structure,protein_lddt_max,70,100.0
7bn6__1__1.A__1.C_1.D,0.875,2,100.0,440,79.6590909090909,79.6590909090909,High density,Protein structure,protein_lddt_max,70,87.5
7bn7__1__1.A__1.E_1.F,1.0,1,100.0,216,80.64351851851852,80.64351851851852,Low density,Protein structure,protein_lddt_max,70,100.0
7bn8__1__1.A__1.G,0.75,1,100.0,85,97.16470588235295,97.16470588235295,Low density,Protein structure,protein_lddt_max,70,75.0
7bnc__1__1.A__1.K,0.5,1,99.0,85,96.21176470588236,96.21176470588236,Low density,Protein structure,protein_lddt_max,70,50.0
7bo0__1__1.A__1.C_1.D,0.75,2,100.0,440,79.26818181818182,79.26818181818182,High density,Protein structure,protein_lddt_max,70,75.0
7bo3__1__1.A__1.M_1.N,0.75,1,100.0,2880,92.70590277777778,92.70590277777778,High density,Protein structure,protein_lddt_max,70,75.0
7bo7__1__1.A__1.C,1.0,1,98.0,88,95.3409090909091,95.3409090909091,Low density,Protein structure,protein_lddt_max,70,100.0
7cqs__1__1.A__1.B_1.C,1.0,1,99.0,34,93.3529411764706,93.3529411764706,Low density,Protein structure,protein_lddt_max,70,100.0
7dcb__1__1.A_1.B__1.C_1.D,0.5,1,99.0,19,78.57894736842105,78.57894736842105,Low density,Protein structure,protein_lddt_max,70,50.0
7dcw__1__1.A_1.B__1.D,0.0,1,100.0,19,78.89473684210526,78.89473684210526,Low density,Protein structure,protein_lddt_max,70,0.0
7dg4__1__1.A__1.B,0.75,1,100.0,519,76.1271676300578,76.1271676300578,High density,Protein structure,protein_lddt_max,70,75.0
7dgc__1__1.A_1.B__1.C_1.D,0.25,1,100.0,19,78.89473684210526,78.89473684210526,Low density,Protein structure,protein_lddt_max,70,25.0
7dh3__1__1.A__1.B,0.75,1,100.0,500,76.604,76.604,High density,Protein structure,protein_lddt_max,70,75.0
7dh9__1__1.A__1.B,1.0,1,100.0,536,76.07089552238806,76.07089552238806,High density,Protein structure,protein_lddt_max,70,100.0
7dhn__1__1.A__1.B,0.25,1,99.0,529,76.07939508506617,76.07939508506617,High density,Protein structure,protein_lddt_max,70,25.0
7dji__1__1.D_1.E__1.L,0.25,1,98.0,1473,85.35709436524101,85.35709436524101,High density,Protein structure,protein_lddt_max,70,25.0
7dlc__1__1.A_1.B__1.C_1.D,0.5,1,100.0,19,78.94736842105263,78.94736842105263,Low density,Protein structure,protein_lddt_max,70,50.0
7dm6__1__1.A_1.B__1.C_1.D,0.0,1,100.0,19,78.73684210526316,78.73684210526316,Low density,Protein structure,protein_lddt_max,70,0.0
7dmc__1__1.A__1.B_1.E_1.F,0.5,1,100.0,754,90.20689655172414,90.20689655172414,High density,Protein structure,protein_lddt_max,70,50.0
7dn8__1__1.B__1.I_1.J,1.0,1,92.0,236,79.77118644067797,79.77118644067797,Low density,Protein structure,protein_lddt_max,70,100.0
7dow__1__1.A_1.B__1.C,0.5,1,100.0,19,78.47368421052632,78.47368421052632,Low density,Protein structure,protein_lddt_max,70,50.0
7dox__1__1.A_1.B__1.E_1.F,0.25,1,100.0,19,78.73684210526316,78.73684210526316,Low density,Protein structure,protein_lddt_max,70,25.0
7doy__1__1.A_1.B__1.E,0.25,1,100.0,19,78.84210526315789,78.84210526315789,Low density,Protein structure,protein_lddt_max,70,25.0
7dpk__1__1.A_1.B__1.C_1.D,0.5,1,100.0,19,79.3157894736842,79.3157894736842,Low density,Protein structure,protein_lddt_max,70,50.0
7du9__1__1.A_1.B__1.D,0.75,1,100.0,2732,79.18301610541728,79.18301610541728,High density,Protein structure,protein_lddt_max,70,75.0
7dua__1__1.B__1.D,1.0,1,98.0,2488,78.9903536977492,78.9903536977492,High density,Protein structure,protein_lddt_max,70,100.0
7dut__1__2.A__2.B_2.C,1.0,1,66.0,0,,66.0,No neighbours,Protein structure,protein_lddt_max,70,100.0
7duy__1__1.A__1.B_1.C_1.D,0.5,1,99.0,366,82.94808743169399,82.94808743169399,High density,Protein structure,protein_lddt_max,70,50.0
7dva__1__1.A__1.C_1.E,1.0,1,78.0,39,73.87179487179488,73.87179487179488,Low density,Protein structure,protein_lddt_max,70,100.0
7dvb__1__1.A__1.E,1.0,1,78.0,39,73.56410256410257,73.56410256410257,Low density,Protein structure,protein_lddt_max,70,100.0
7dxl__1__1.A__1.C,0.75,1,95.0,2762,78.06625633598841,78.06625633598841,High density,Protein structure,protein_lddt_max,70,75.0
7dyq__1__1.A__1.B_1.C,0.0,1,100.0,284,88.57042253521126,88.57042253521126,Low density,Protein structure,protein_lddt_max,70,0.0
7dyw__1__1.A__1.B_1.C,0.75,1,98.0,20,88.9,88.9,Low density,Protein structure,protein_lddt_max,70,75.0
7e1n__1__1.A_1.B__1.D,0.0,1,62.0,0,,62.0,No neighbours,Protein structure,protein_lddt_max,70,0.0
7e3n__1__1.A_2.A__1.B_1.C_1.D,1.0,1,96.0,227,90.6079295154185,90.6079295154185,Low density,Protein structure,protein_lddt_max,70,100.0
7e48__1__1.C__1.J_1.K,0.375,2,100.0,2284,84.92031523642731,84.92031523642731,High density,Protein structure,protein_lddt_max,70,37.5
7e5f__1__1.A_2.A__2.B,0.5,1,99.0,690,86.75942028985507,86.75942028985507,High density,Protein structure,protein_lddt_max,70,50.0
7e5g__1__1.A_2.A__2.B,0.0,1,99.0,705,86.36312056737589,86.36312056737589,High density,Protein structure,protein_lddt_max,70,0.0
7e60__1__1.A__1.B_1.C,0.0,1,99.0,1,99.0,99.0,Low density,Protein structure,protein_lddt_max,70,0.0
7eba__1__1.A__1.C,0.0,1,98.0,238,95.09243697478992,95.09243697478992,Low density,Protein structure,protein_lddt_max,70,0.0
7ec3__1__1.A__1.E_1.F,0.75,2,71.0,30,70.26666666666667,70.26666666666667,Low density,Protein structure,protein_lddt_max,70,75.0
7ed1__1__1.A_1.B__1.C_1.D_1.E_1.F,0.25,1,94.0,15,91.8,91.8,Low density,Protein structure,protein_lddt_max,70,25.0
7ed2__1__1.A_1.B__1.F_1.G_1.H,0.5,1,95.0,15,92.66666666666667,92.66666666666667,Low density,Protein structure,protein_lddt_max,70,50.0
7edz__1__1.A_2.A__1.E_1.G_1.I,0.625,2,84.0,16,82.5,82.5,Low density,Protein structure,protein_lddt_max,70,62.5
7ee5__1__1.A__1.H,0.5,1,98.0,63,80.98412698412699,80.98412698412699,Low density,Protein structure,protein_lddt_max,70,50.0
7eer__1__2.A__2.E_2.F,0.625,2,100.0,196,84.84693877551021,84.84693877551021,Low density,Protein structure,protein_lddt_max,70,62.5
7ef7__1__1.A__1.B_1.C,0.75,1,76.0,1,76.0,76.0,Low density,Protein structure,protein_lddt_max,70,75.0
7ejh__1__1.C__1.L_1.M,0.375,2,99.0,3902,75.32803690415172,75.32803690415172,High density,Protein structure,protein_lddt_max,70,37.5
7eji__1__1.D__1.V_1.W,0.375,2,99.0,4004,74.90309690309691,74.90309690309691,High density,Protein structure,protein_lddt_max,70,37.5
7ejv__1__1.B__1.D,0.75,1,98.0,325,76.28615384615385,76.28615384615385,Low density,Protein structure,protein_lddt_max,70,75.0
7ejw__1__1.A_1.B__1.I_1.J,1.0,1,94.0,5,82.8,82.8,Low density,Protein structure,protein_lddt_max,70,100.0
7ekr__1__1.A__1.C,0.75,1,97.0,45,91.44444444444444,91.44444444444444,Low density,Protein structure,protein_lddt_max,70,75.0
7elt__1__2.A__2.B,0.75,1,90.0,96,79.54166666666667,79.54166666666667,Low density,Protein structure,protein_lddt_max,70,75.0
7en5__1__1.A_3.A_4.A__3.B,0.0,1,79.0,2,79.0,79.0,Low density,Protein structure,protein_lddt_max,70,0.0
7en7__1__1.A_2.A_4.A__2.B,0.0,1,80.0,2,80.0,80.0,Low density,Protein structure,protein_lddt_max,70,0.0
7en9__1__1.A_2.A__2.B,1.0,1,99.0,889,96.19910011248594,96.19910011248594,High density,Protein structure,protein_lddt_max,70,100.0
7end__1__1.A_2.A__2.B,0.75,1,100.0,889,94.92913385826772,94.92913385826772,High density,Protein structure,protein_lddt_max,70,75.0
7ene__1__1.A_1.B__1.E,0.25,1,98.0,889,88.16422947131609,88.16422947131609,High density,Protein structure,protein_lddt_max,70,25.0
7ens__1__2.A__2.B_2.C_2.D,1.0,2,89.0,192,79.78125,79.78125,Low density,Protein structure,protein_lddt_max,70,100.0
7eqk__1__1.B__1.F_1.G,0.25,1,96.0,1,96.0,96.0,Low density,Protein structure,protein_lddt_max,70,25.0
7er2__1__1.A__1.B,1.0,1,97.0,2303,77.37646547980894,77.37646547980894,High density,Protein structure,protein_lddt_max,70,100.0
7erb__1__1.A__1.E_1.F,0.625,2,95.0,16,94.125,94.125,Low density,Protein structure,protein_lddt_max,70,62.5
7ere__1__1.A_1.B__1.G_1.I,0.5,2,95.0,16,94.875,94.875,Low density,Protein structure,protein_lddt_max,70,50.0
7es1__1__1.A__1.C,0.0,1,69.0,0,,69.0,No neighbours,Protein structure,protein_lddt_max,70,0.0
7esb__1__1.A__1.B_1.C_1.D_1.E,0.0,1,78.0,9,75.44444444444444,75.44444444444444,Low density,Protein structure,protein_lddt_max,70,0.0
7esc__1__1.A__1.B_1.C,1.0,1,76.0,7,75.57142857142857,75.57142857142857,Low density,Protein structure,protein_lddt_max,70,100.0
7eue__1__1.B__1.F,0.0,1,94.0,1,94.0,94.0,Low density,Protein structure,protein_lddt_max,70,0.0
7euz__1__1.B__1.E_1.F,0.75,1,94.0,1,94.0,94.0,Low density,Protein structure,protein_lddt_max,70,75.0
7ev2__1__2.A__2.B_2.C_2.D,1.0,2,90.0,196,79.84693877551021,79.84693877551021,Low density,Protein structure,protein_lddt_max,70,100.0
7ev3__1__2.A__2.B_2.C_2.D,1.0,2,90.0,196,79.6734693877551,79.6734693877551,Low density,Protein structure,protein_lddt_max,70,100.0
7eve__1__1.A__1.B_1.C_1.D,1.0,1,79.0,3389,74.88433166125701,74.88433166125701,High density,Protein structure,protein_lddt_max,70,100.0
7evu__1__1.B__1.E_1.F,0.875,2,98.0,240,91.40833333333333,91.40833333333333,Low density,Protein structure,protein_lddt_max,70,87.5
7evv__1__1.A__1.B_1.C,0.75,2,97.0,240,90.5,90.5,Low density,Protein structure,protein_lddt_max,70,75.0
7ex2__1__1.A__1.C_1.D_1.E,0.0,1,89.0,14,87.57142857142857,87.57142857142857,Low density,Protein structure,protein_lddt_max,70,0.0
7ex3__1__1.A__1.B_1.C_1.D,0.0,1,90.0,14,87.71428571428571,87.71428571428571,Low density,Protein structure,protein_lddt_max,70,0.0
7eyt__1__1.A_1.C__1.E_1.F_1.G,0.0,1,84.0,59,79.08474576271186,79.08474576271186,Low density,Protein structure,protein_lddt_max,70,0.0
7eyu__1__1.A_1.B__1.C_1.D_1.E,0.0,1,84.0,59,78.40677966101696,78.40677966101696,Low density,Protein structure,protein_lddt_max,70,0.0
7ezq__1__2.A__2.B_2.C,1.0,1,99.0,34,93.47058823529412,93.47058823529412,Low density,Protein structure,protein_lddt_max,70,100.0
7f06__1__1.A__1.C,1.0,1,68.0,0,,68.0,No neighbours,Protein structure,protein_lddt_max,70,100.0
7f10__1__1.B__1.C,0.0,1,75.0,15,74.4,74.4,Low density,Protein structure,protein_lddt_max,70,0.0
7f2k__1__1.A__1.C_1.D_1.E,0.5,1,100.0,962,84.71309771309771,84.71309771309771,High density,Protein structure,protein_lddt_max,70,50.0
7f2l__1__1.A__1.C_1.D_1.E,0.0,1,100.0,960,84.45,84.45,High density,Protein structure,protein_lddt_max,70,0.0
7f2m__1__1.A__1.C_1.D_1.E,0.0,1,100.0,957,84.42528735632185,84.42528735632185,High density,Protein structure,protein_lddt_max,70,0.0
7f2u__1__1.A__1.C_1.D_1.E,1.0,1,76.0,7,75.14285714285714,75.14285714285714,Low density,Protein structure,protein_lddt_max,70,100.0
7f35__1__1.A_1.B__1.G,0.0,1,94.0,2678,81.18259895444362,81.18259895444362,High density,Protein structure,protein_lddt_max,70,0.0
7f42__1__1.B__1.C,0.25,1,97.0,97,86.85567010309278,86.85567010309278,Low density,Protein structure,protein_lddt_max,70,25.0
7f4c__1__1.A__1.C_1.D,1.0,1,96.0,24,73.83333333333333,73.83333333333333,Low density,Protein structure,protein_lddt_max,70,100.0
7f50__1__1.A__1.B_1.C_1.E,1.0,1,100.0,281,92.70106761565836,92.70106761565836,Low density,Protein structure,protein_lddt_max,70,100.0
7f51__1__1.A__1.C,0.0,1,91.0,152,76.09868421052632,76.09868421052632,Low density,Protein structure,protein_lddt_max,70,0.0
7f6j__1__1.A__1.D_1.E,1.0,1,95.0,1958,79.0582226762002,79.0582226762002,High density,Protein structure,protein_lddt_max,70,100.0
7f6w__1__2.A__2.B,1.0,1,92.0,199,84.74371859296483,84.74371859296483,Low density,Protein structure,protein_lddt_max,70,100.0
7f7d__1__2.A__2.B,0.0,1,66.0,0,,66.0,No neighbours,Protein structure,protein_lddt_max,70,0.0
7f7m__1__1.A__1.C_1.D,0.5,2,94.0,1030,81.04077669902912,81.04077669902912,High density,Protein structure,protein_lddt_max,70,50.0
7f8t__1__1.A__1.L_1.M,0.75,1,100.0,16,94.875,94.875,Low density,Protein structure,protein_lddt_max,70,75.0
7f8u__1__1.A__1.B,0.0,1,94.0,405,83.39506172839506,83.39506172839506,High density,Protein structure,protein_lddt_max,70,0.0
7f99__1__1.B__1.L_1.O,0.75,2,98.0,240,88.75833333333334,88.75833333333334,Low density,Protein structure,protein_lddt_max,70,75.0
7f9a__1__1.A__1.C_1.O,0.875,2,98.0,240,87.84166666666667,87.84166666666667,Low density,Protein structure,protein_lddt_max,70,87.5
7f9b__1__1.A__1.C_1.I,0.875,2,99.0,240,89.675,89.675,Low density,Protein structure,protein_lddt_max,70,87.5
7fai__1__1.A__1.E,0.0,1,100.0,418,91.63157894736842,91.63157894736842,High density,Protein structure,protein_lddt_max,70,0.0
7faj__1__1.A__1.E,0.0,1,100.0,419,91.89021479713604,91.89021479713604,High density,Protein structure,protein_lddt_max,70,0.0
7fak__1__1.A__1.B,0.5,1,97.0,120,90.56666666666666,90.56666666666666,Low density,Protein structure,protein_lddt_max,70,50.0
7fan__1__1.A__1.B_1.C,0.625,2,97.0,240,90.56666666666666,90.56666666666666,Low density,Protein structure,protein_lddt_max,70,62.5
7faq__1__1.A__1.B_1.C_1.D_1.E,0.75,1,100.0,918,77.63725490196079,77.63725490196079,High density,Protein structure,protein_lddt_max,70,75.0
7far__1__1.A__1.B_1.C_1.D,0.5,1,99.0,917,77.09160305343511,77.09160305343511,High density,Protein structure,protein_lddt_max,70,50.0
7fcz__1__2.B__2.D,0.75,1,92.0,653,71.87442572741195,71.87442572741195,High density,Protein structure,protein_lddt_max,70,75.0
7fd0__1__1.A__1.C,0.5,1,96.0,560,72.09285714285714,72.09285714285714,High density,Protein structure,protein_lddt_max,70,50.0
7fd6__1__1.A__1.B,0.5,1,100.0,107,82.90654205607477,82.90654205607477,Low density,Protein structure,protein_lddt_max,70,50.0
7fe2__1__1.A__1.E_1.I,0.75,1,85.0,47,81.02127659574468,81.02127659574468,Low density,Protein structure,protein_lddt_max,70,75.0
7fee__1__1.A__1.D,0.5,1,85.0,45,76.13333333333334,76.13333333333334,Low density,Protein structure,protein_lddt_max,70,50.0
7fee__1__1.A__1.E,0.0,1,85.0,45,76.13333333333334,76.13333333333334,Low density,Protein structure,protein_lddt_max,70,0.0
7fgm__1__1.A__1.C_1.D_1.E,1.0,1,98.0,281,92.05338078291815,92.05338078291815,Low density,Protein structure,protein_lddt_max,70,100.0
7fgp__1__1.A__1.C_1.G,1.0,1,67.0,0,,67.0,No neighbours,Protein structure,protein_lddt_max,70,100.0
7fha__1__1.A__1.C,1.0,1,97.0,56,78.64285714285714,78.64285714285714,Low density,Protein structure,protein_lddt_max,70,100.0
7fhb__1__1.A__1.B,0.5,1,97.0,6,88.0,88.0,Low density,Protein structure,protein_lddt_max,70,50.0
7fhs__1__1.A__1.E_1.G,1.0,1,99.0,337,85.94658753709199,85.94658753709199,High density,Protein structure,protein_lddt_max,70,100.0
7fja__1__1.A__1.C_1.D,0.75,1,88.0,40,84.45,84.45,Low density,Protein structure,protein_lddt_max,70,75.0
7fmg__1__1.A__1.C,0.0,1,100.0,65,91.0923076923077,91.0923076923077,Low density,Protein structure,protein_lddt_max,70,0.0
7fnt__1__1.B__1.C,0.0,1,100.0,19,99.52631578947368,99.52631578947368,Low density,Protein structure,protein_lddt_max,70,0.0
7fti__1__1.A__1.C,0.75,1,92.0,69,86.82608695652173,86.82608695652173,Low density,Protein structure,protein_lddt_max,70,75.0
7ftr__1__1.A__1.C_1.D_1.E_1.G,0.375,2,93.0,138,88.23188405797102,88.23188405797102,Low density,Protein structure,protein_lddt_max,70,37.5
7ftu__1__1.A__1.C_1.D_1.E_1.G,0.25,2,93.0,138,88.23188405797102,88.23188405797102,Low density,Protein structure,protein_lddt_max,70,25.0
7ftv__1__1.A__1.C,0.0,1,92.0,69,86.8840579710145,86.8840579710145,Low density,Protein structure,protein_lddt_max,70,0.0
7ftw__1__1.A__1.C,0.0,1,92.0,69,86.14492753623189,86.14492753623189,Low density,Protein structure,protein_lddt_max,70,0.0
7ftz__1__1.A__1.D,0.0,1,93.0,69,87.53623188405797,87.53623188405797,Low density,Protein structure,protein_lddt_max,70,0.0
7fu2__1__1.A__1.C,0.0,1,91.0,69,87.20289855072464,87.20289855072464,Low density,Protein structure,protein_lddt_max,70,0.0
7fu6__1__1.A__1.C,0.0,1,92.0,69,86.84057971014492,86.84057971014492,Low density,Protein structure,protein_lddt_max,70,0.0
7fu7__1__1.A__1.C,0.0,1,93.0,69,87.01449275362319,87.01449275362319,Low density,Protein structure,protein_lddt_max,70,0.0
7fu8__1__1.A__1.C,0.0,1,91.0,69,86.6376811594203,86.6376811594203,Low density,Protein structure,protein_lddt_max,70,0.0
7fuc__1__1.A__1.C,0.0,1,92.0,69,87.26086956521739,87.26086956521739,Low density,Protein structure,protein_lddt_max,70,0.0
7fuf__1__1.A__1.C,0.0,1,94.0,69,88.14492753623189,88.14492753623189,Low density,Protein structure,protein_lddt_max,70,0.0
7fum__1__1.A__1.C,0.0,1,92.0,69,86.66666666666667,86.66666666666667,Low density,Protein structure,protein_lddt_max,70,0.0
7fur__1__1.A__1.C_1.D_1.E_1.F,0.375,2,92.0,138,87.66666666666667,87.66666666666667,Low density,Protein structure,protein_lddt_max,70,37.5
7fw3__1__1.A__1.B,0.0,1,100.0,324,81.60185185185185,81.60185185185185,Low density,Protein structure,protein_lddt_max,70,0.0
7fwb__1__1.A__1.B,0.0,1,99.0,325,80.84307692307692,80.84307692307692,Low density,Protein structure,protein_lddt_max,70,0.0
7fwe__1__1.A__1.B,0.75,1,100.0,324,81.50308641975309,81.50308641975309,Low density,Protein structure,protein_lddt_max,70,75.0
7fwh__1__1.A__1.B,1.0,1,100.0,323,81.08978328173374,81.08978328173374,Low density,Protein structure,protein_lddt_max,70,100.0
7fwi__1__1.A__1.D,0.0,1,96.0,318,81.67295597484276,81.67295597484276,Low density,Protein structure,protein_lddt_max,70,0.0
7fwl__1__1.A__1.B,0.5,1,97.0,322,80.36024844720497,80.36024844720497,Low density,Protein structure,protein_lddt_max,70,50.0
7fwm__1__1.A__1.B,0.0,1,98.0,324,81.22839506172839,81.22839506172839,Low density,Protein structure,protein_lddt_max,70,0.0
7fwn__1__1.A__1.D,0.5,1,99.0,319,81.03761755485894,81.03761755485894,Low density,Protein structure,protein_lddt_max,70,50.0
7fwr__1__1.A__1.B,0.25,1,99.0,318,81.18867924528301,81.18867924528301,Low density,Protein structure,protein_lddt_max,70,25.0
7fx1__1__1.A__1.B,1.0,1,100.0,326,82.1963190184049,82.1963190184049,Low density,Protein structure,protein_lddt_max,70,100.0
7fxi__1__1.A__1.D,0.75,1,99.0,324,81.0679012345679,81.0679012345679,Low density,Protein structure,protein_lddt_max,70,75.0
7fy8__1__1.A__1.I_1.J,0.0,1,97.0,269,74.00371747211896,74.00371747211896,Low density,Protein structure,protein_lddt_max,70,0.0
7fyr__1__1.A__1.B,0.0,1,99.0,321,81.32398753894081,81.32398753894081,Low density,Protein structure,protein_lddt_max,70,0.0
7fys__1__1.A__1.B,0.75,1,100.0,323,81.80185758513932,81.80185758513932,Low density,Protein structure,protein_lddt_max,70,75.0
7fyx__1__1.A__1.C,0.75,1,98.0,323,81.15789473684211,81.15789473684211,Low density,Protein structure,protein_lddt_max,70,75.0
7fz0__1__1.A__1.E,1.0,1,96.0,319,81.07836990595611,81.07836990595611,Low density,Protein structure,protein_lddt_max,70,100.0
7fz3__1__1.A__1.B,1.0,1,99.0,326,81.42638036809817,81.42638036809817,Low density,Protein structure,protein_lddt_max,70,100.0
7fzc__1__1.A__1.B,1.0,1,100.0,324,81.44444444444444,81.44444444444444,Low density,Protein structure,protein_lddt_max,70,100.0
7fzl__1__1.A__1.B,0.25,1,100.0,323,81.44582043343654,81.44582043343654,Low density,Protein structure,protein_lddt_max,70,25.0
7fzs__1__1.A__1.B,1.0,1,100.0,322,80.85093167701864,80.85093167701864,Low density,Protein structure,protein_lddt_max,70,100.0
7g00__1__1.A__1.Q,0.0,1,97.0,316,74.20886075949367,74.20886075949367,Low density,Protein structure,protein_lddt_max,70,0.0
7g07__1__1.A__1.B,0.5,1,98.0,326,81.88036809815951,81.88036809815951,Low density,Protein structure,protein_lddt_max,70,50.0
7g0g__1__1.A__1.B,0.5,1,100.0,324,81.15123456790124,81.15123456790124,Low density,Protein structure,protein_lddt_max,70,50.0
7g0j__1__1.A__1.D,1.0,1,100.0,324,81.29320987654322,81.29320987654322,Low density,Protein structure,protein_lddt_max,70,100.0
7g0t__1__1.A__1.B,0.0,1,98.0,325,81.46461538461539,81.46461538461539,Low density,Protein structure,protein_lddt_max,70,0.0
7g10__1__1.A__1.D,0.25,1,100.0,323,81.69969040247678,81.69969040247678,Low density,Protein structure,protein_lddt_max,70,25.0
7g1b__1__1.A__1.B,0.75,1,100.0,326,81.10736196319019,81.10736196319019,Low density,Protein structure,protein_lddt_max,70,75.0
7g1e__1__1.A__1.C,1.0,1,100.0,325,81.47076923076924,81.47076923076924,Low density,Protein structure,protein_lddt_max,70,100.0
7g1j__1__1.A__1.B,0.25,1,99.0,327,81.72477064220183,81.72477064220183,Low density,Protein structure,protein_lddt_max,70,25.0
7g1m__1__1.A__1.B,0.75,1,98.0,327,82.43119266055047,82.43119266055047,Low density,Protein structure,protein_lddt_max,70,75.0
7g20__1__1.A__1.B,0.5,1,100.0,323,81.6439628482972,81.6439628482972,Low density,Protein structure,protein_lddt_max,70,50.0
7gaw__1__1.A_1.B__1.K,0.0,1,100.0,889,96.27784026996625,96.27784026996625,High density,Protein structure,protein_lddt_max,70,0.0
7gb6__1__1.A_2.A__1.F,1.0,1,100.0,889,96.14060742407199,96.14060742407199,High density,Protein structure,protein_lddt_max,70,100.0
7gb7__1__1.A_2.A__1.B,0.75,1,100.0,889,96.64116985376828,96.64116985376828,High density,Protein structure,protein_lddt_max,70,75.0
7gb8__1__1.A_2.A__1.F,1.0,1,100.0,889,96.67829021372329,96.67829021372329,High density,Protein structure,protein_lddt_max,70,100.0
7gbc__1__1.A_2.A__2.E,0.25,1,100.0,889,96.355455568054,96.355455568054,High density,Protein structure,protein_lddt_max,70,25.0
7gbd__1__1.A_2.A__2.E,1.0,1,100.0,889,96.65354330708661,96.65354330708661,High density,Protein structure,protein_lddt_max,70,100.0
7gbe__1__1.A_2.A__1.B,0.75,1,100.0,889,96.08886389201349,96.08886389201349,High density,Protein structure,protein_lddt_max,70,75.0
7gbg__1__1.A_2.A__2.E,1.0,1,100.0,889,96.36220472440945,96.36220472440945,High density,Protein structure,protein_lddt_max,70,100.0
7gbi__1__1.A_2.A__2.D,0.5,1,100.0,889,96.1259842519685,96.1259842519685,High density,Protein structure,protein_lddt_max,70,50.0
7gbo__1__1.A_2.A__1.E,1.0,1,100.0,889,96.45894263217097,96.45894263217097,High density,Protein structure,protein_lddt_max,70,100.0
7gbp__1__1.A_2.A__2.F,1.0,1,100.0,889,96.56130483689539,96.56130483689539,High density,Protein structure,protein_lddt_max,70,100.0
7gbq__1__1.A_2.A__1.E,1.0,1,100.0,889,96.24071991001125,96.24071991001125,High density,Protein structure,protein_lddt_max,70,100.0
7gbr__1__1.A_2.A__2.F,0.75,1,100.0,889,96.5421822272216,96.5421822272216,High density,Protein structure,protein_lddt_max,70,75.0
7gbs__1__1.A_2.A__1.E_1.F,1.0,1,100.0,889,96.24971878515186,96.24971878515186,High density,Protein structure,protein_lddt_max,70,100.0
7gbw__1__1.A_2.A__1.F,1.0,1,100.0,889,96.41957255343083,96.41957255343083,High density,Protein structure,protein_lddt_max,70,100.0
7gby__1__1.A_2.A__1.E,1.0,1,100.0,889,96.04161979752531,96.04161979752531,High density,Protein structure,protein_lddt_max,70,100.0
7gbz__1__1.A_2.A__2.F,1.0,1,100.0,889,96.01124859392576,96.01124859392576,High density,Protein structure,protein_lddt_max,70,100.0
7gc0__1__1.A_2.A__1.E,0.75,1,100.0,889,95.9482564679415,95.9482564679415,High density,Protein structure,protein_lddt_max,70,75.0
7gc1__1__1.A_2.A__2.E,0.5,1,100.0,889,95.86839145106862,95.86839145106862,High density,Protein structure,protein_lddt_max,70,50.0
7gc2__1__1.A_2.A__2.E,0.5,1,100.0,889,96.3970753655793,96.3970753655793,High density,Protein structure,protein_lddt_max,70,50.0
7gc3__1__1.A_2.A__2.F,0.25,1,100.0,889,96.62879640044994,96.62879640044994,High density,Protein structure,protein_lddt_max,70,25.0
7gc4__1__1.A_2.A__1.F_1.G,1.0,1,100.0,889,96.55455568053993,96.55455568053993,High density,Protein structure,protein_lddt_max,70,100.0
7gc8__1__1.A_2.A__2.E,1.0,1,100.0,889,96.86276715410574,96.86276715410574,High density,Protein structure,protein_lddt_max,70,100.0
7gcd__1__1.A_2.A__1.F_1.G,1.0,1,100.0,889,96.60629921259843,96.60629921259843,High density,Protein structure,protein_lddt_max,70,100.0
7gce__1__1.A_2.A__2.E,0.75,1,100.0,889,95.92575928008999,95.92575928008999,High density,Protein structure,protein_lddt_max,70,75.0
7gcf__1__1.A_2.A__2.E,1.0,1,100.0,889,96.214848143982,96.214848143982,High density,Protein structure,protein_lddt_max,70,100.0
7gcj__1__1.A_2.A__1.E,1.0,1,100.0,889,95.97187851518561,95.97187851518561,High density,Protein structure,protein_lddt_max,70,100.0
7gck__1__1.A_2.A__1.E,1.0,1,100.0,889,96.26884139482564,96.26884139482564,High density,Protein structure,protein_lddt_max,70,100.0
7gcn__1__1.A_2.A__2.F,1.0,1,100.0,889,96.60629921259843,96.60629921259843,High density,Protein structure,protein_lddt_max,70,100.0
7gco__1__1.A_2.A__2.E,0.75,1,100.0,889,96.27671541057367,96.27671541057367,High density,Protein structure,protein_lddt_max,70,75.0
7gcq__1__1.A_2.A__1.F,1.0,1,100.0,889,96.23172103487065,96.23172103487065,High density,Protein structure,protein_lddt_max,70,100.0
7gcs__1__1.A_2.A__1.E,0.75,1,100.0,889,96.62204724409449,96.62204724409449,High density,Protein structure,protein_lddt_max,70,75.0
7gcu__1__1.A_2.A__1.E,1.0,1,100.0,889,96.55005624296963,96.55005624296963,High density,Protein structure,protein_lddt_max,70,100.0
7gd0__1__1.A_2.A__1.F,1.0,1,100.0,889,96.80427446569179,96.80427446569179,High density,Protein structure,protein_lddt_max,70,100.0
7gd1__1__1.A_2.A__1.E,0.25,1,100.0,889,96.81214848143982,96.81214848143982,High density,Protein structure,protein_lddt_max,70,25.0
7gda__1__1.A_2.A__1.D,1.0,1,100.0,889,96.57817772778402,96.57817772778402,High density,Protein structure,protein_lddt_max,70,100.0
7gdc__1__1.A_2.A__2.D,0.5,1,100.0,889,95.94263217097863,95.94263217097863,High density,Protein structure,protein_lddt_max,70,50.0
7gde__1__1.A_2.A__1.E,1.0,1,100.0,889,96.29808773903262,96.29808773903262,High density,Protein structure,protein_lddt_max,70,100.0
7gdg__1__1.A_2.A__2.F,1.0,1,100.0,889,96.3318335208099,96.3318335208099,High density,Protein structure,protein_lddt_max,70,100.0
7gdj__1__1.A_2.A__2.E,1.0,1,100.0,889,96.18785151856018,96.18785151856018,High density,Protein structure,protein_lddt_max,70,100.0
7gdk__1__1.A_2.A__2.E,1.0,1,100.0,889,96.0697412823397,96.0697412823397,High density,Protein structure,protein_lddt_max,70,100.0
7gdl__1__1.A_2.A__1.E,1.0,1,100.0,889,96.66591676040495,96.66591676040495,High density,Protein structure,protein_lddt_max,70,100.0
7gdm__1__1.A_2.A__2.E,1.0,1,100.0,889,96.10573678290214,96.10573678290214,High density,Protein structure,protein_lddt_max,70,100.0
7gdz__1__1.A_2.A__1.E,1.0,1,100.0,889,96.55343082114736,96.55343082114736,High density,Protein structure,protein_lddt_max,70,100.0
7ge2__1__1.A_2.A__2.E,0.75,1,100.0,889,96.32733408323959,96.32733408323959,High density,Protein structure,protein_lddt_max,70,75.0
7ge3__1__1.A_2.A__1.D,1.0,1,100.0,889,96.16760404949382,96.16760404949382,High density,Protein structure,protein_lddt_max,70,100.0
7ge4__1__1.A_2.A__1.E_1.F,1.0,1,100.0,889,96.25421822272216,96.25421822272216,High density,Protein structure,protein_lddt_max,70,100.0
7ge8__1__1.A_2.A__2.E,0.75,1,100.0,889,96.64791901012373,96.64791901012373,High density,Protein structure,protein_lddt_max,70,75.0
7ge9__1__1.A_2.A__1.E,1.0,1,100.0,889,96.20809898762654,96.20809898762654,High density,Protein structure,protein_lddt_max,70,100.0
7gec__1__1.A_2.A__2.E,1.0,1,100.0,889,95.96175478065241,95.96175478065241,High density,Protein structure,protein_lddt_max,70,100.0
7ged__1__1.A_2.A__1.E,1.0,1,100.0,889,96.16085489313836,96.16085489313836,High density,Protein structure,protein_lddt_max,70,100.0
7gee__1__1.A_2.A__2.E,0.5,1,100.0,889,95.89313835770528,95.89313835770528,High density,Protein structure,protein_lddt_max,70,50.0
7gef__1__1.A_2.A__1.D,1.0,1,100.0,889,95.56017997750281,95.56017997750281,High density,Protein structure,protein_lddt_max,70,100.0
7geg__1__1.A_2.A__2.E,1.0,1,100.0,889,96.5095613048369,96.5095613048369,High density,Protein structure,protein_lddt_max,70,100.0
7geh__1__1.A_2.A__2.E,0.0,1,100.0,889,96.00674915635545,96.00674915635545,High density,Protein structure,protein_lddt_max,70,0.0
7gek__1__1.A_2.A__1.E,1.0,1,100.0,889,96.1867266591676,96.1867266591676,High density,Protein structure,protein_lddt_max,70,100.0
7gem__1__1.A_2.A__1.E_1.F,0.75,1,99.0,889,95.86276715410574,95.86276715410574,High density,Protein structure,protein_lddt_max,70,75.0
7gen__1__1.A_2.A__2.E,1.0,1,100.0,889,96.24634420697413,96.24634420697413,High density,Protein structure,protein_lddt_max,70,100.0
7ges__1__1.A_2.A__2.E,1.0,1,100.0,889,96.31946006749156,96.31946006749156,High density,Protein structure,protein_lddt_max,70,100.0
7geu__1__1.A_2.A__2.E,1.0,1,100.0,889,96.67829021372329,96.67829021372329,High density,Protein structure,protein_lddt_max,70,100.0
7gew__1__1.A_2.A__1.E,1.0,1,100.0,889,96.31946006749156,96.31946006749156,High density,Protein structure,protein_lddt_max,70,100.0
7gey__1__1.A_2.A__2.E,1.0,1,100.0,889,96.02024746906636,96.02024746906636,High density,Protein structure,protein_lddt_max,70,100.0
7gf0__1__1.A_2.A__1.E,0.75,1,100.0,889,96.53880764904387,96.53880764904387,High density,Protein structure,protein_lddt_max,70,75.0
7gf2__1__1.A_2.A__2.E,1.0,1,100.0,889,96.11923509561305,96.11923509561305,High density,Protein structure,protein_lddt_max,70,100.0
7gf3__1__1.A_2.A__1.E,1.0,1,100.0,889,96.31271091113611,96.31271091113611,High density,Protein structure,protein_lddt_max,70,100.0
7gf5__1__1.A_2.A__1.E,0.75,1,100.0,889,96.177727784027,96.177727784027,High density,Protein structure,protein_lddt_max,70,75.0
7gf6__1__1.A_2.A__2.E,1.0,1,100.0,889,96.38695163104612,96.38695163104612,High density,Protein structure,protein_lddt_max,70,100.0
7gfb__1__1.A_2.A__2.E,1.0,1,100.0,889,96.37457817772778,96.37457817772778,High density,Protein structure,protein_lddt_max,70,100.0
7gfh__1__1.A_2.A__1.E,1.0,1,100.0,889,96.25084364454443,96.25084364454443,High density,Protein structure,protein_lddt_max,70,100.0
7gfl__1__1.A_2.A__2.E,1.0,1,100.0,889,96.29246344206975,96.29246344206975,High density,Protein structure,protein_lddt_max,70,100.0
7gfr__1__1.A_2.A__2.E,1.0,1,100.0,889,96.2429696287964,96.2429696287964,High density,Protein structure,protein_lddt_max,70,100.0
7gfs__1__1.A_2.A__2.E,0.5,1,100.0,889,96.58942632170978,96.58942632170978,High density,Protein structure,protein_lddt_max,70,50.0
7gft__1__1.A_2.A__1.E,0.25,1,100.0,889,96.32845894263217,96.32845894263217,High density,Protein structure,protein_lddt_max,70,25.0
7gfx__1__1.A_2.A__2.E,1.0,1,100.0,889,96.38807649043869,96.38807649043869,High density,Protein structure,protein_lddt_max,70,100.0
7gfz__1__1.A_2.A__2.E_2.F,0.0,2,99.0,1770,96.72203389830509,96.72203389830509,High density,Protein structure,protein_lddt_max,70,0.0
7gg2__1__1.A_2.A__2.E,1.0,1,100.0,889,96.31721034870641,96.31721034870641,High density,Protein structure,protein_lddt_max,70,100.0
7gga__1__1.A_2.A__1.E_1.F,1.0,1,100.0,889,96.70303712035995,96.70303712035995,High density,Protein structure,protein_lddt_max,70,100.0
7ggd__1__1.A__1.E,0.0,1,100.0,889,96.58492688413948,96.58492688413948,High density,Protein structure,protein_lddt_max,70,0.0
7gge__1__1.A_2.A__2.E_2.F,1.0,1,100.0,889,96.43757030371204,96.43757030371204,High density,Protein structure,protein_lddt_max,70,100.0
7ggh__1__1.A_2.A__2.E_2.F,1.0,1,100.0,889,96.6591676040495,96.6591676040495,High density,Protein structure,protein_lddt_max,70,100.0
7ggo__1__1.A_2.A__2.E_2.G,0.5,1,100.0,889,96.52193475815523,96.52193475815523,High density,Protein structure,protein_lddt_max,70,50.0
7ggq__1__1.A_2.A__2.E_2.F,1.0,1,100.0,889,96.68391451068617,96.68391451068617,High density,Protein structure,protein_lddt_max,70,100.0
7ggv__1__1.A_2.A__2.E_2.G,1.0,1,100.0,889,96.46906636670417,96.46906636670417,High density,Protein structure,protein_lddt_max,70,100.0
7ggw__1__1.A_2.A__1.E_1.F,1.0,1,100.0,889,96.57592800899887,96.57592800899887,High density,Protein structure,protein_lddt_max,70,100.0
7gh0__1__1.A_2.A__2.E_2.F,0.75,1,100.0,889,96.38582677165354,96.38582677165354,High density,Protein structure,protein_lddt_max,70,75.0
7gh1__1__1.A_2.A__2.E_2.F,0.0,1,100.0,889,96.41732283464567,96.41732283464567,High density,Protein structure,protein_lddt_max,70,0.0
7gh3__1__1.A_2.A__2.E,1.0,1,100.0,889,96.2755905511811,96.2755905511811,High density,Protein structure,protein_lddt_max,70,100.0
7gh5__1__1.A_2.A__1.B,1.0,1,100.0,889,96.54893138357706,96.54893138357706,High density,Protein structure,protein_lddt_max,70,100.0
7gh6__1__1.A_2.A__2.B,0.75,1,100.0,889,96.68278965129359,96.68278965129359,High density,Protein structure,protein_lddt_max,70,75.0
7gh7__1__1.A_2.A__1.B_1.F,1.0,1,100.0,889,96.32170978627671,96.32170978627671,High density,Protein structure,protein_lddt_max,70,100.0
7ghn__1__1.A_1.B__1.N,1.0,1,99.0,889,96.20584926884139,96.20584926884139,High density,Protein structure,protein_lddt_max,70,100.0
7gho__1__1.A_1.B__1.E_1.F,1.0,1,99.0,889,96.73003374578178,96.73003374578178,High density,Protein structure,protein_lddt_max,70,100.0
7ghp__1__1.A_1.B__1.M_1.O,1.0,1,99.0,889,96.16760404949382,96.16760404949382,High density,Protein structure,protein_lddt_max,70,100.0
7ghq__1__1.A_1.B__1.D_1.E,1.0,1,100.0,889,96.19685039370079,96.19685039370079,High density,Protein structure,protein_lddt_max,70,100.0
7ghr__1__1.A_1.B__1.M,1.0,1,99.0,889,96.30933633295838,96.30933633295838,High density,Protein structure,protein_lddt_max,70,100.0
7ghs__1__1.A_1.B__1.E_1.F,0.75,1,100.0,889,96.34983127109112,96.34983127109112,High density,Protein structure,protein_lddt_max,70,75.0
7ghx__1__1.A_1.B__1.O_1.Q,0.75,1,100.0,889,96.47019122609674,96.47019122609674,High density,Protein structure,protein_lddt_max,70,75.0
7ghy__1__1.A_1.B__1.O_1.P_1.Q,0.75,1,99.0,889,96.51968503937007,96.51968503937007,High density,Protein structure,protein_lddt_max,70,75.0
7gi4__1__1.A_1.B__1.J,1.0,1,100.0,889,96.63329583802025,96.63329583802025,High density,Protein structure,protein_lddt_max,70,100.0
7gi6__1__1.A_1.B__1.D,0.75,1,100.0,889,96.51293588301462,96.51293588301462,High density,Protein structure,protein_lddt_max,70,75.0
7gi7__1__1.A_1.B__1.L,1.0,1,100.0,889,96.41957255343083,96.41957255343083,High density,Protein structure,protein_lddt_max,70,100.0
7gi8__1__1.A_1.B__1.R_1.U_1.V,0.5,1,99.0,889,96.65691788526435,96.65691788526435,High density,Protein structure,protein_lddt_max,70,50.0
7gi9__1__1.A_1.B__1.F,1.0,1,99.0,889,96.39820022497187,96.39820022497187,High density,Protein structure,protein_lddt_max,70,100.0
7gia__1__1.A_1.B__1.F,1.0,1,100.0,889,96.60179977502813,96.60179977502813,High density,Protein structure,protein_lddt_max,70,100.0
7gib__1__1.A_1.B__1.E_1.F,1.0,1,100.0,889,96.37345331833521,96.37345331833521,High density,Protein structure,protein_lddt_max,70,100.0
7gid__1__1.A_1.B__1.E_1.F,1.0,1,99.0,889,96.47019122609674,96.47019122609674,High density,Protein structure,protein_lddt_max,70,100.0
7gih__1__1.A_1.B__1.L_1.P,1.0,1,99.0,889,96.28346456692914,96.28346456692914,High density,Protein structure,protein_lddt_max,70,100.0
7gij__1__1.A_1.B__1.E_1.F,0.75,1,99.0,889,96.31946006749156,96.31946006749156,High density,Protein structure,protein_lddt_max,70,75.0
7gim__1__1.A_1.B__1.E_1.F,0.75,1,99.0,889,96.62992125984252,96.62992125984252,High density,Protein structure,protein_lddt_max,70,75.0
7gin__1__1.A_1.B__1.F_1.G,1.0,1,100.0,889,96.4533183352081,96.4533183352081,High density,Protein structure,protein_lddt_max,70,100.0
7gio__1__1.A_1.B__1.L_1.O,1.0,1,99.0,889,96.50056242969629,96.50056242969629,High density,Protein structure,protein_lddt_max,70,100.0
7gip__1__1.A_1.B__1.N_1.O,0.0,1,99.0,889,96.6917885264342,96.6917885264342,High density,Protein structure,protein_lddt_max,70,0.0
7giq__1__1.A_1.B__1.F_1.G,1.0,1,100.0,889,96.53880764904387,96.53880764904387,High density,Protein structure,protein_lddt_max,70,100.0
7gir__1__1.A_1.B__1.F_1.I,1.0,1,99.0,889,96.35208098987627,96.35208098987627,High density,Protein structure,protein_lddt_max,70,100.0
7gis__1__1.A_1.B__1.E_1.F,0.75,1,100.0,889,96.69516310461192,96.69516310461192,High density,Protein structure,protein_lddt_max,70,75.0
7git__1__1.A_1.B__1.E_1.F,0.5,1,99.0,889,96.66929133858268,96.66929133858268,High density,Protein structure,protein_lddt_max,70,50.0
7giu__1__1.A_1.B__1.K_1.L,1.0,1,99.0,889,96.54780652418448,96.54780652418448,High density,Protein structure,protein_lddt_max,70,100.0
7gix__1__1.A_1.B__1.E_1.F,0.75,1,99.0,889,96.51968503937007,96.51968503937007,High density,Protein structure,protein_lddt_max,70,75.0
7giy__1__1.A_1.B__1.E_1.F,0.75,1,99.0,889,96.52193475815523,96.52193475815523,High density,Protein structure,protein_lddt_max,70,75.0
7gj0__1__1.A_1.B__1.M_1.N,0.75,1,99.0,889,96.57142857142857,96.57142857142857,High density,Protein structure,protein_lddt_max,70,75.0
7gj2__1__1.A_1.B__1.E_1.F,0.25,1,99.0,889,96.62429696287964,96.62429696287964,High density,Protein structure,protein_lddt_max,70,25.0
7gj4__1__1.A_1.B__1.E_1.F,0.75,1,99.0,889,96.5140607424072,96.5140607424072,High density,Protein structure,protein_lddt_max,70,75.0
7gj6__1__1.A_1.B__1.E_1.F,1.0,1,99.0,889,96.57705286839145,96.57705286839145,High density,Protein structure,protein_lddt_max,70,100.0
7gj8__1__1.A_1.B__1.E_1.F,0.75,1,99.0,889,96.35658042744657,96.35658042744657,High density,Protein structure,protein_lddt_max,70,75.0
7gjc__1__1.A_1.B__1.E,1.0,1,100.0,889,96.8458942632171,96.8458942632171,High density,Protein structure,protein_lddt_max,70,100.0
7gjd__1__1.A_1.B__1.E_1.F,1.0,1,100.0,889,96.62767154105737,96.62767154105737,High density,Protein structure,protein_lddt_max,70,100.0
7gjf__1__1.A_1.B__1.E_1.F,0.5,1,100.0,889,96.43419572553431,96.43419572553431,High density,Protein structure,protein_lddt_max,70,50.0
7gjg__1__1.A_1.B__1.E_1.F,0.75,1,100.0,889,96.6636670416198,96.6636670416198,High density,Protein structure,protein_lddt_max,70,75.0
7gji__1__1.A_1.B__1.L,1.0,1,99.0,889,96.0089988751406,96.0089988751406,High density,Protein structure,protein_lddt_max,70,100.0
7gjk__1__1.A_1.B__1.E_1.F,1.0,1,100.0,889,96.73903262092239,96.73903262092239,High density,Protein structure,protein_lddt_max,70,100.0
7gjl__1__1.A_1.B__1.D_1.E,1.0,1,99.0,889,96.13723284589426,96.13723284589426,High density,Protein structure,protein_lddt_max,70,100.0
7gjp__1__1.A_1.B__1.E_1.F,1.0,1,100.0,889,96.73678290213724,96.73678290213724,High density,Protein structure,protein_lddt_max,70,100.0
7gjq__1__1.A_1.B__1.E_1.F,0.75,1,100.0,889,96.59055118110236,96.59055118110236,High density,Protein structure,protein_lddt_max,70,75.0
7gjv__1__1.A_1.B__1.J_1.K,0.75,1,100.0,889,96.85489313835771,96.85489313835771,High density,Protein structure,protein_lddt_max,70,75.0
7gjx__1__1.A_1.B__1.E_1.J,0.5,1,100.0,889,96.63667041619797,96.63667041619797,High density,Protein structure,protein_lddt_max,70,50.0
7gjy__1__1.A_1.B__1.H_1.I,0.0,1,100.0,889,96.37570303712036,96.37570303712036,High density,Protein structure,protein_lddt_max,70,0.0
7gjz__1__1.A_1.B__1.I_1.K,1.0,1,100.0,889,96.54780652418448,96.54780652418448,High density,Protein structure,protein_lddt_max,70,100.0
7gk0__1__1.A_1.B__1.E_1.J,1.0,1,100.0,889,96.6400449943757,96.6400449943757,High density,Protein structure,protein_lddt_max,70,100.0
7gk1__1__1.A_1.B__1.D_1.I,1.0,1,100.0,889,96.40044994375702,96.40044994375702,High density,Protein structure,protein_lddt_max,70,100.0
7gk2__1__1.A_1.B__1.E_1.J,0.5,1,100.0,889,96.62879640044994,96.62879640044994,High density,Protein structure,protein_lddt_max,70,50.0
7gk3__1__1.A_1.B__1.E_1.J,1.0,1,100.0,889,96.62317210348706,96.62317210348706,High density,Protein structure,protein_lddt_max,70,100.0
7gk6__1__1.A_1.B__1.E_1.J,1.0,1,100.0,889,96.63667041619797,96.63667041619797,High density,Protein structure,protein_lddt_max,70,100.0
7gk7__1__1.A_1.B__1.H,0.5,1,100.0,889,96.5421822272216,96.5421822272216,High density,Protein structure,protein_lddt_max,70,50.0
7gk8__1__1.A_1.B__1.H,1.0,1,100.0,889,96.56805399325084,96.56805399325084,High density,Protein structure,protein_lddt_max,70,100.0
7gk9__1__1.A_1.B__1.M_1.O,1.0,1,100.0,889,96.71203599550056,96.71203599550056,High density,Protein structure,protein_lddt_max,70,100.0
7gka__1__1.A_1.B__1.E_1.J,1.0,1,100.0,889,96.5095613048369,96.5095613048369,High density,Protein structure,protein_lddt_max,70,100.0
7gkc__1__1.A_1.B__1.E_1.J,0.5,1,100.0,889,96.62767154105737,96.62767154105737,High density,Protein structure,protein_lddt_max,70,50.0
7gke__1__1.A_1.B__1.E_1.J,1.0,1,100.0,889,96.64116985376828,96.64116985376828,High density,Protein structure,protein_lddt_max,70,100.0
7gkf__1__1.A_1.B__1.E_1.J,0.75,1,100.0,889,96.61979752530934,96.61979752530934,High density,Protein structure,protein_lddt_max,70,75.0
7gkg__1__1.A_1.B__1.E_1.J,1.0,1,100.0,889,96.5838020247469,96.5838020247469,High density,Protein structure,protein_lddt_max,70,100.0
7gkh__1__1.A_1.B__1.J,0.75,1,100.0,889,96.66704161979753,96.66704161979753,High density,Protein structure,protein_lddt_max,70,75.0
7gki__1__1.A__1.I,1.0,1,99.0,889,96.14060742407199,96.14060742407199,High density,Protein structure,protein_lddt_max,70,100.0
7gkk__1__1.A_1.B__1.O,1.0,1,100.0,889,96.70641169853768,96.70641169853768,High density,Protein structure,protein_lddt_max,70,100.0
7gkm__1__1.A_1.B__1.I_1.J,1.0,1,100.0,889,96.64791901012373,96.64791901012373,High density,Protein structure,protein_lddt_max,70,100.0
7gkn__1__1.A_1.B__1.Q_1.S_1.T,1.0,1,99.0,889,96.56580427446569,96.56580427446569,High density,Protein structure,protein_lddt_max,70,100.0
7gko__1__1.A_1.B__1.I_1.J,0.5,1,100.0,889,96.43082114735658,96.43082114735658,High density,Protein structure,protein_lddt_max,70,50.0
7gkq__1__1.A_1.B__1.E_1.J,0.25,1,100.0,889,96.83239595050618,96.83239595050618,High density,Protein structure,protein_lddt_max,70,25.0
7gks__1__1.A_1.B__1.H,0.0,1,100.0,889,96.67041619797526,96.67041619797526,High density,Protein structure,protein_lddt_max,70,0.0
7gkt__1__1.A_1.B__1.E_1.J,1.0,1,100.0,889,96.54893138357706,96.54893138357706,High density,Protein structure,protein_lddt_max,70,100.0
7gkw__1__1.A_1.B__1.E_1.J,0.75,1,100.0,889,96.74353205849269,96.74353205849269,High density,Protein structure,protein_lddt_max,70,75.0
7gkx__1__1.A_1.B__1.I,0.5,1,100.0,889,96.63667041619797,96.63667041619797,High density,Protein structure,protein_lddt_max,70,50.0
7gkz__1__1.A_1.B__1.E_1.J,0.75,1,100.0,889,96.7896512935883,96.7896512935883,High density,Protein structure,protein_lddt_max,70,75.0
7gl1__1__1.A_1.B__1.D_1.I,1.0,1,100.0,889,96.57255343082115,96.57255343082115,High density,Protein structure,protein_lddt_max,70,100.0
7gl2__1__1.A_1.B__1.H_1.I,0.5,1,100.0,889,96.77165354330708,96.77165354330708,High density,Protein structure,protein_lddt_max,70,50.0
7gl3__1__1.A_1.B__1.H,0.5,1,100.0,889,96.70416197975253,96.70416197975253,High density,Protein structure,protein_lddt_max,70,50.0
7gl6__1__1.A_1.B__1.E_1.J,1.0,1,100.0,889,96.57367829021372,96.57367829021372,High density,Protein structure,protein_lddt_max,70,100.0
7gl7__1__1.A_1.B__1.E_1.J,1.0,1,100.0,889,96.70191226096738,96.70191226096738,High density,Protein structure,protein_lddt_max,70,100.0
7gla__1__1.A_1.B__1.I,1.0,1,100.0,889,96.57705286839145,96.57705286839145,High density,Protein structure,protein_lddt_max,70,100.0
7glb__1__1.A_1.B__1.N,0.25,1,100.0,889,96.58717660292463,96.58717660292463,High density,Protein structure,protein_lddt_max,70,25.0
7gld__1__1.A_1.B__1.H,0.25,1,100.0,889,96.48931383577053,96.48931383577053,High density,Protein structure,protein_lddt_max,70,25.0
7glg__1__1.A_1.B__1.H,0.0,1,100.0,889,96.49606299212599,96.49606299212599,High density,Protein structure,protein_lddt_max,70,0.0
7gli__1__1.A_1.B__1.L,0.0,1,100.0,889,96.44994375703037,96.44994375703037,High density,Protein structure,protein_lddt_max,70,0.0
7gln__1__1.A_1.B__1.I,0.5,1,100.0,889,96.34195725534308,96.34195725534308,High density,Protein structure,protein_lddt_max,70,50.0
7glo__1__1.A_1.B__1.E_1.J,1.0,1,100.0,889,96.4251968503937,96.4251968503937,High density,Protein structure,protein_lddt_max,70,100.0
7glq__1__1.A_1.B__1.E_1.J,1.0,1,100.0,889,96.47581552305962,96.47581552305962,High density,Protein structure,protein_lddt_max,70,100.0
7glw__1__1.A_1.B__1.E_1.J_1.K,1.0,1,100.0,889,96.57705286839145,96.57705286839145,High density,Protein structure,protein_lddt_max,70,100.0
7gly__1__1.A_1.B__1.I,0.5,1,100.0,889,96.4769403824522,96.4769403824522,High density,Protein structure,protein_lddt_max,70,50.0
7gm0__1__1.A_1.B__1.N,0.25,1,100.0,889,96.6400449943757,96.6400449943757,High density,Protein structure,protein_lddt_max,70,25.0
7gm1__1__1.A_1.B__1.I,0.25,1,100.0,889,96.67716535433071,96.67716535433071,High density,Protein structure,protein_lddt_max,70,25.0
7gm3__1__1.A_1.B__1.D_1.I,1.0,1,100.0,889,96.5466816647919,96.5466816647919,High density,Protein structure,protein_lddt_max,70,100.0
7gm4__1__1.A_1.B__1.I,0.5,1,100.0,889,96.59167604049493,96.59167604049493,High density,Protein structure,protein_lddt_max,70,50.0
7gm5__1__1.A_1.B__1.I,0.25,1,100.0,889,96.52530933633295,96.52530933633295,High density,Protein structure,protein_lddt_max,70,25.0
7gm6__1__1.A_1.B__1.N,0.75,1,100.0,889,96.56130483689539,96.56130483689539,High density,Protein structure,protein_lddt_max,70,75.0
7gm8__1__1.A_1.B__1.I,0.5,1,100.0,889,96.35770528683915,96.35770528683915,High density,Protein structure,protein_lddt_max,70,50.0
7gm9__1__1.A_1.B__1.I,1.0,1,100.0,889,96.49606299212599,96.49606299212599,High density,Protein structure,protein_lddt_max,70,100.0
7gma__1__1.A_1.B__1.J,0.0,1,100.0,889,96.66591676040495,96.66591676040495,High density,Protein structure,protein_lddt_max,70,0.0
7gmb__1__1.A_1.B__1.D_1.I,1.0,1,100.0,889,96.63329583802025,96.63329583802025,High density,Protein structure,protein_lddt_max,70,100.0
7gmh__1__1.A_1.B__1.O,1.0,1,100.0,889,96.28121484814397,96.28121484814397,High density,Protein structure,protein_lddt_max,70,100.0
7gmi__1__1.A_1.B__1.D_1.I,1.0,1,100.0,889,96.533183352081,96.533183352081,High density,Protein structure,protein_lddt_max,70,100.0
7gmj__1__1.A_1.B__1.E_1.J_1.K,1.0,1,100.0,889,96.59055118110236,96.59055118110236,High density,Protein structure,protein_lddt_max,70,100.0
7gmk__1__1.A_1.B__1.E_1.J,1.0,1,100.0,889,96.72778402699663,96.72778402699663,High density,Protein structure,protein_lddt_max,70,100.0
7gml__1__1.A_1.B__1.E_1.J,1.0,1,100.0,889,96.73003374578178,96.73003374578178,High density,Protein structure,protein_lddt_max,70,100.0
7gmm__1__1.A_1.B__1.E_1.J,1.0,1,100.0,889,96.61079865016873,96.61079865016873,High density,Protein structure,protein_lddt_max,70,100.0
7gmo__1__1.A_1.B__1.E_1.J,0.5,1,100.0,889,96.43082114735658,96.43082114735658,High density,Protein structure,protein_lddt_max,70,50.0
7gmp__1__1.A_1.B__1.D_1.I,1.0,1,99.0,889,96.35658042744657,96.35658042744657,High density,Protein structure,protein_lddt_max,70,100.0
7gmq__1__1.A_1.B__1.D_1.I,1.0,1,100.0,889,96.76490438695163,96.76490438695163,High density,Protein structure,protein_lddt_max,70,100.0
7gms__1__1.A_1.B__1.I,0.25,1,100.0,889,96.3970753655793,96.3970753655793,High density,Protein structure,protein_lddt_max,70,25.0
7gmu__1__1.A_1.B__1.I,1.0,1,100.0,889,96.45106861642294,96.45106861642294,High density,Protein structure,protein_lddt_max,70,100.0
7gmw__1__1.A_1.B__1.E_1.J,0.5,1,100.0,889,96.40382452193475,96.40382452193475,High density,Protein structure,protein_lddt_max,70,50.0
7gmy__1__1.A_1.B__1.I,0.25,1,100.0,889,96.19797525309336,96.19797525309336,High density,Protein structure,protein_lddt_max,70,25.0
7gn0__1__1.A_1.B__1.I,0.75,1,100.0,889,96.49268841394826,96.49268841394826,High density,Protein structure,protein_lddt_max,70,75.0
7gn4__1__1.A_1.B__1.E_1.J,0.75,1,100.0,889,96.59505061867267,96.59505061867267,High density,Protein structure,protein_lddt_max,70,75.0
7gn5__1__1.A_1.B__1.I,0.25,1,100.0,889,96.50843644544432,96.50843644544432,High density,Protein structure,protein_lddt_max,70,25.0
7gn8__1__1.A_1.B__1.I_1.J,1.0,1,100.0,889,96.50843644544432,96.50843644544432,High density,Protein structure,protein_lddt_max,70,100.0
7gn9__1__1.A_1.B__1.O,0.5,1,100.0,889,96.38245219347581,96.38245219347581,High density,Protein structure,protein_lddt_max,70,50.0
7gnb__1__1.A_1.B__1.M_1.O,0.5,1,100.0,889,96.54893138357706,96.54893138357706,High density,Protein structure,protein_lddt_max,70,50.0
7gnc__1__1.A_1.B__1.E_1.J,1.0,1,100.0,889,96.4769403824522,96.4769403824522,High density,Protein structure,protein_lddt_max,70,100.0
7gnd__1__1.A_1.B__1.E_1.J,1.0,1,100.0,889,96.5793025871766,96.5793025871766,High density,Protein structure,protein_lddt_max,70,100.0
7gnf__1__1.A_1.B__1.P_1.R,1.0,1,100.0,889,96.51518560179977,96.51518560179977,High density,Protein structure,protein_lddt_max,70,100.0
7gng__1__1.A_1.B__1.Q,1.0,1,100.0,889,96.51068616422947,96.51068616422947,High density,Protein structure,protein_lddt_max,70,100.0
7gnh__1__1.A_1.B__1.M,0.25,1,100.0,889,96.68953880764904,96.68953880764904,High density,Protein structure,protein_lddt_max,70,25.0
7gnk__1__1.A_1.B__1.T,1.0,1,100.0,889,96.570303712036,96.570303712036,High density,Protein structure,protein_lddt_max,70,100.0
7gnl__1__1.A_1.B__1.N,0.0,1,99.0,889,96.13498312710911,96.13498312710911,High density,Protein structure,protein_lddt_max,70,0.0
7gnm__1__1.A_1.B__1.S,0.0,1,100.0,889,96.392575928009,96.392575928009,High density,Protein structure,protein_lddt_max,70,0.0
7gnn__1__1.A_1.B__1.I,0.5,1,100.0,889,96.53543307086615,96.53543307086615,High density,Protein structure,protein_lddt_max,70,50.0
7gno__1__1.A_1.B__1.P_1.S,0.0,1,100.0,889,96.44319460067491,96.44319460067491,High density,Protein structure,protein_lddt_max,70,0.0
7gnp__1__1.A_1.B__1.H_1.J,0.75,1,100.0,889,96.48818897637796,96.48818897637796,High density,Protein structure,protein_lddt_max,70,75.0
7gnq__1__1.A_1.B__1.G_1.I_1.L,0.5,1,99.0,889,95.98987626546682,95.98987626546682,High density,Protein structure,protein_lddt_max,70,50.0
7gnr__1__1.A_1.B__1.E_1.J,1.0,1,100.0,889,96.50506186726659,96.50506186726659,High density,Protein structure,protein_lddt_max,70,100.0
7gns__1__1.A_1.B__1.H_1.J,1.0,1,100.0,889,96.55230596175478,96.55230596175478,High density,Protein structure,protein_lddt_max,70,100.0
7gnt__1__1.A_1.B__1.N_1.O,1.0,1,100.0,889,96.53543307086615,96.53543307086615,High density,Protein structure,protein_lddt_max,70,100.0
7gnu__1__1.A_1.B__1.O_1.Q,0.75,1,99.0,889,96.50843644544432,96.50843644544432,High density,Protein structure,protein_lddt_max,70,75.0
7grr__1__1.A__1.D,0.0,1,100.0,889,96.36220472440945,96.36220472440945,High density,Protein structure,protein_lddt_max,70,0.0
7grs__1__1.B__1.Q,0.0,1,99.0,889,95.21934758155231,95.21934758155231,High density,Protein structure,protein_lddt_max,70,0.0
7grt__1__1.A__1.C_1.E_1.I,0.0,1,100.0,889,95.85151856017998,95.85151856017998,High density,Protein structure,protein_lddt_max,70,0.0
7grw__1__1.B__1.M_1.N,0.0,1,99.0,889,96.49718785151856,96.49718785151856,High density,Protein structure,protein_lddt_max,70,0.0
7gs0__1__1.A_1.B__1.D,0.0,1,99.0,889,96.18897637795276,96.18897637795276,High density,Protein structure,protein_lddt_max,70,0.0
7h1j__1__1.B__1.E,0.0,1,99.0,42,92.26190476190476,92.26190476190476,Low density,Protein structure,protein_lddt_max,70,0.0
7jhq__1__2.D__2.Q,0.25,1,100.0,407,93.7985257985258,93.7985257985258,High density,Protein structure,protein_lddt_max,70,25.0
7jni__1__1.A__1.C,0.0,1,95.0,438,83.43150684931507,83.43150684931507,High density,Protein structure,protein_lddt_max,70,0.0
7jyd__1__1.A__1.C,0.25,1,94.0,197,72.8527918781726,72.8527918781726,Low density,Protein structure,protein_lddt_max,70,25.0
7k4g__1__1.B__1.J_1.K_1.L,1.0,1,100.0,521,91.27063339731286,91.27063339731286,High density,Protein structure,protein_lddt_max,70,100.0
7k4i__1__1.B__1.J_1.K_1.L,1.0,1,100.0,521,91.63339731285988,91.63339731285988,High density,Protein structure,protein_lddt_max,70,100.0
7k4j__1__1.E__1.S_1.T_1.U,1.0,1,100.0,521,91.12859884836853,91.12859884836853,High density,Protein structure,protein_lddt_max,70,100.0
7k5v__1__1.A__1.C,0.0,1,100.0,406,93.94581280788178,93.94581280788178,High density,Protein structure,protein_lddt_max,70,0.0
7kbj__1__1.B_1.C__1.L_1.M_1.O,0.0,1,100.0,219,80.50228310502283,80.50228310502283,Low density,Protein structure,protein_lddt_max,70,0.0
7kbr__1__1.B_1.C__1.EA_1.IA_1.N,0.25,1,100.0,219,80.6027397260274,80.6027397260274,Low density,Protein structure,protein_lddt_max,70,25.0
7kh4__1__1.A_1.F__1.G_1.W,1.0,1,100.0,227,77.72246696035242,77.72246696035242,Low density,Protein structure,protein_lddt_max,70,100.0
7kkh__1__1.A_1.B__1.D,0.75,1,97.0,2685,78.43985102420856,78.43985102420856,High density,Protein structure,protein_lddt_max,70,75.0
7knr__1__1.A__1.B_1.C_1.D,0.25,1,100.0,342,95.63450292397661,95.63450292397661,High density,Protein structure,protein_lddt_max,70,25.0
7ko6__1__1.A__1.D,0.75,1,96.0,9,91.88888888888889,91.88888888888889,Low density,Protein structure,protein_lddt_max,70,75.0
7kop__1__1.A__1.B_1.C_1.D,0.25,1,99.0,341,94.6099706744868,94.6099706744868,High density,Protein structure,protein_lddt_max,70,25.0
7kxz__1__1.A__1.C,0.75,1,98.0,2351,76.95916631220757,76.95916631220757,High density,Protein structure,protein_lddt_max,70,75.0
7l00__1__1.B__1.J_1.K_1.L,1.0,1,90.0,66,79.3030303030303,79.3030303030303,Low density,Protein structure,protein_lddt_max,70,100.0
7l1j__1__1.A_1.B__1.E_1.G,1.0,1,100.0,116,98.89655172413794,98.89655172413794,Low density,Protein structure,protein_lddt_max,70,100.0
7l1p__1__1.A_1.B__1.C,0.5,1,99.0,389,90.11825192802057,90.11825192802057,High density,Protein structure,protein_lddt_max,70,50.0
7l2y__1__1.A_2.A__1.J,1.0,1,99.0,389,90.26735218508998,90.26735218508998,High density,Protein structure,protein_lddt_max,70,100.0
7l8o__1__1.A__1.G_1.H,0.5,1,100.0,406,93.83990147783251,93.83990147783251,High density,Protein structure,protein_lddt_max,70,50.0
7l91__1__3.A__3.B_3.C_3.D,0.75,1,99.0,123,96.33333333333333,96.33333333333333,Low density,Protein structure,protein_lddt_max,70,75.0
7l9g__1__1.A__1.B_1.D,0.75,1,100.0,1610,82.8832298136646,82.8832298136646,High density,Protein structure,protein_lddt_max,70,75.0
7lbv__1__1.A__1.B,1.0,1,88.0,17,82.47058823529412,82.47058823529412,Low density,Protein structure,protein_lddt_max,70,100.0
7ldy__1__1.A_1.B__1.H,1.0,1,100.0,874,96.52974828375287,96.52974828375287,High density,Protein structure,protein_lddt_max,70,100.0
7le3__1__1.A_1.B__1.C,1.0,1,100.0,874,96.49771167048056,96.49771167048056,High density,Protein structure,protein_lddt_max,70,100.0
7le5__1__1.A_1.B__1.H,1.0,1,100.0,875,96.45028571428571,96.45028571428571,High density,Protein structure,protein_lddt_max,70,100.0
7le6__1__1.A_1.B__1.C,1.0,1,100.0,874,96.52974828375287,96.52974828375287,High density,Protein structure,protein_lddt_max,70,100.0
7lff__1__1.A__1.C_1.D,1.0,1,86.0,404,72.01980198019803,72.01980198019803,High density,Protein structure,protein_lddt_max,70,100.0
7lk0__1__1.A_2.A__1.D,1.0,1,100.0,558,78.18996415770609,78.18996415770609,High density,Protein structure,protein_lddt_max,70,100.0
7lm4__1__1.A__1.B_1.C_1.D,1.0,1,99.0,341,94.68035190615836,94.68035190615836,High density,Protein structure,protein_lddt_max,70,100.0
7lov__1__1.A__1.C_1.D_1.H,0.75,2,99.0,50,94.04,94.04,Low density,Protein structure,protein_lddt_max,70,75.0
7lp0__1__1.A__1.C,0.75,1,100.0,1671,81.54578096947935,81.54578096947935,High density,Protein structure,protein_lddt_max,70,75.0
7lpk__1__1.A__1.C,1.0,1,99.0,1670,79.87065868263473,79.87065868263473,High density,Protein structure,protein_lddt_max,70,100.0
7lpw__1__1.A_1.B__1.G,0.0,1,96.0,475,90.53263157894737,90.53263157894737,High density,Protein structure,protein_lddt_max,70,0.0
7lr9__1__1.A__1.C,0.5,1,100.0,600,86.165,86.165,High density,Protein structure,protein_lddt_max,70,50.0
7lrk__1__1.A__1.C,1.0,1,98.0,1672,79.68002392344498,79.68002392344498,High density,Protein structure,protein_lddt_max,70,100.0
7lro__1__1.A__1.D,1.0,1,98.0,1670,79.35928143712574,79.35928143712574,High density,Protein structure,protein_lddt_max,70,100.0
7ltx__1__1.A__1.E_1.F_1.G,0.625,2,99.0,4960,77.26854838709677,77.26854838709677,High density,Protein structure,protein_lddt_max,70,62.5
7ltz__1__1.A__1.B_1.C,1.0,1,100.0,2568,76.60786604361371,76.60786604361371,High density,Protein structure,protein_lddt_max,70,100.0
7lxr__1__1.A__1.E_1.F,0.25,1,85.0,357,74.38375350140056,74.38375350140056,High density,Protein structure,protein_lddt_max,70,25.0
7ly6__1__1.A_2.A__1.B_1.C_1.D,0.5,2,61.0,0,,61.0,No neighbours,Protein structure,protein_lddt_max,70,50.0
7lzr__1__1.A_1.B__1.H,1.0,1,99.0,113,95.28318584070796,95.28318584070796,Low density,Protein structure,protein_lddt_max,70,100.0
7m0n__1__1.B__1.J_1.M_1.N,0.0,1,100.0,343,93.7930029154519,93.7930029154519,High density,Protein structure,protein_lddt_max,70,0.0
7m9g__1__1.A_1.B__1.E,1.0,1,100.0,873,96.44329896907216,96.44329896907216,High density,Protein structure,protein_lddt_max,70,100.0
7m9h__1__1.A_1.B__1.E,1.0,1,100.0,873,96.41695303550974,96.41695303550974,High density,Protein structure,protein_lddt_max,70,100.0
7m9r__1__1.A_1.B__1.C,1.0,1,100.0,874,96.20137299771167,96.20137299771167,High density,Protein structure,protein_lddt_max,70,100.0
7m9t__1__1.A_1.B__1.D,1.0,1,100.0,873,96.4856815578465,96.4856815578465,High density,Protein structure,protein_lddt_max,70,100.0
7m9v__1__1.A_1.B__1.C,1.0,1,100.0,871,96.398392652124,96.398392652124,High density,Protein structure,protein_lddt_max,70,100.0
7m9x__1__1.A_1.B__1.C,1.0,1,100.0,878,96.29612756264237,96.29612756264237,High density,Protein structure,protein_lddt_max,70,100.0
7ma0__1__1.A_1.B__1.I,1.0,1,100.0,873,96.45933562428408,96.45933562428408,High density,Protein structure,protein_lddt_max,70,100.0
7ma1__1__1.A_1.B__1.M,1.0,1,100.0,876,96.24771689497717,96.24771689497717,High density,Protein structure,protein_lddt_max,70,100.0
7ma2__1__1.A_1.B__1.E,1.0,1,100.0,871,96.60505166475316,96.60505166475316,High density,Protein structure,protein_lddt_max,70,100.0
7ma3__1__1.A_1.B__1.E,1.0,1,100.0,872,96.52064220183486,96.52064220183486,High density,Protein structure,protein_lddt_max,70,100.0
7ma4__1__1.A_1.B__1.D,1.0,1,100.0,873,95.98739977090493,95.98739977090493,High density,Protein structure,protein_lddt_max,70,100.0
7ma5__1__1.A_1.B__1.G,1.0,1,100.0,870,96.45402298850574,96.45402298850574,High density,Protein structure,protein_lddt_max,70,100.0
7ma7__1__1.A_1.B__1.E,1.0,1,100.0,871,96.59242250287026,96.59242250287026,High density,Protein structure,protein_lddt_max,70,100.0
7ma8__1__1.A_1.B__1.E,1.0,1,100.0,872,96.00344036697248,96.00344036697248,High density,Protein structure,protein_lddt_max,70,100.0
7maq__1__1.A_1.B__1.C,1.0,1,100.0,870,95.79655172413793,95.79655172413793,High density,Protein structure,protein_lddt_max,70,100.0
7mcj__1__1.A__1.C_1.D,0.0,1,98.0,20,88.65,88.65,Low density,Protein structure,protein_lddt_max,70,0.0
7mdp__1__1.A__1.D,0.0,1,97.0,2006,83.45613160518445,83.45613160518445,High density,Protein structure,protein_lddt_max,70,0.0
7mgj__1__1.A__1.E,1.0,1,94.0,2165,72.24803695150115,72.24803695150115,High density,Protein structure,protein_lddt_max,70,100.0
7mgk__1__1.A__1.E,1.0,1,95.0,2175,72.3664367816092,72.3664367816092,High density,Protein structure,protein_lddt_max,70,100.0
7mgt__1__1.A__1.B_1.C_1.D,1.0,1,99.0,13,85.76923076923077,85.76923076923077,Low density,Protein structure,protein_lddt_max,70,100.0
7mjd__1__1.B__1.S,0.0,1,98.0,1576,84.11294416243655,84.11294416243655,High density,Protein structure,protein_lddt_max,70,0.0
7mkx__1__1.A__1.E,0.75,1,98.0,1234,79.18395461912479,79.18395461912479,High density,Protein structure,protein_lddt_max,70,75.0
7mlo__1__1.A__1.C,0.75,1,99.0,372,83.21236559139786,83.21236559139786,High density,Protein structure,protein_lddt_max,70,75.0
7mlp__1__1.A__1.B,0.75,1,99.0,374,83.28877005347593,83.28877005347593,High density,Protein structure,protein_lddt_max,70,75.0
7mlt__1__1.A__1.W,0.5,1,100.0,372,82.61827956989248,82.61827956989248,High density,Protein structure,protein_lddt_max,70,50.0
7mmr__1__1.A_1.E__1.BA_1.CA_1.K,1.0,1,98.0,18,83.0,83.0,Low density,Protein structure,protein_lddt_max,70,100.0
7mnw__1__1.A__1.I_1.J,1.0,1,97.0,1821,77.47775947281713,77.47775947281713,High density,Protein structure,protein_lddt_max,70,100.0
7msk__1__1.A__1.C_1.D,0.75,1,51.0,0,,51.0,No neighbours,Protein structure,protein_lddt_max,70,75.0
7mwn__1__1.A_1.B__1.C,0.25,1,98.0,140,88.31428571428572,88.31428571428572,Low density,Protein structure,protein_lddt_max,70,25.0
7mwt__1__1.A__1.B_1.C,0.875,2,97.0,380,85.66842105263157,85.66842105263157,High density,Protein structure,protein_lddt_max,70,87.5
7mwu__1__1.A__1.B_1.C,0.875,2,97.0,380,85.95263157894736,85.95263157894736,High density,Protein structure,protein_lddt_max,70,87.5
7mwv__1__1.A__1.B_1.C,1.0,2,97.0,380,86.0,86.0,High density,Protein structure,protein_lddt_max,70,100.0
7mxh__1__1.A__1.D,0.0,1,88.0,849,77.13074204946996,77.13074204946996,High density,Protein structure,protein_lddt_max,70,0.0
7mxk__1__1.A__1.B_1.C,0.0,1,79.0,4,77.75,77.75,Low density,Protein structure,protein_lddt_max,70,0.0
7mxn__1__1.A__1.C,0.75,1,99.0,86,97.1046511627907,97.1046511627907,Low density,Protein structure,protein_lddt_max,70,75.0
7my0__1__1.A__1.C_1.F_1.G,0.5,1,89.0,62,81.1774193548387,81.1774193548387,Low density,Protein structure,protein_lddt_max,70,50.0
7myd__1__1.A__1.C_1.G,1.0,1,100.0,190,96.01052631578948,96.01052631578948,Low density,Protein structure,protein_lddt_max,70,100.0
7n1r__1__1.A__1.P_1.Q_1.R,1.0,1,99.0,270,81.35555555555555,81.35555555555555,Low density,Protein structure,protein_lddt_max,70,100.0
7n4w__1__1.A__1.D,0.25,1,93.0,30,89.26666666666667,89.26666666666667,Low density,Protein structure,protein_lddt_max,70,25.0
7n4z__1__1.A__1.F,0.0,1,93.0,30,89.73333333333333,89.73333333333333,Low density,Protein structure,protein_lddt_max,70,0.0
7n53__1__1.A__1.D,0.0,1,94.0,30,90.73333333333333,90.73333333333333,Low density,Protein structure,protein_lddt_max,70,0.0
7n54__1__1.B__1.H,0.75,1,98.0,30,93.06666666666666,93.06666666666666,Low density,Protein structure,protein_lddt_max,70,75.0
7n8w__1__1.A_1.B__1.C_1.E,0.0,1,79.0,9,75.88888888888889,75.88888888888889,Low density,Protein structure,protein_lddt_max,70,0.0
7n9d__1__1.A__1.D,0.5,1,72.0,4,71.0,71.0,Low density,Protein structure,protein_lddt_max,70,50.0
7n9g__1__1.A__1.E_1.F,1.0,1,97.0,2544,79.82665094339623,79.82665094339623,High density,Protein structure,protein_lddt_max,70,100.0
7nag__1__1.A__1.C,0.0,1,100.0,50,86.56,86.56,Low density,Protein structure,protein_lddt_max,70,0.0
7nah__1__1.A__1.C,0.0,1,100.0,50,86.56,86.56,Low density,Protein structure,protein_lddt_max,70,0.0
7nai__1__1.A__1.C,0.0,1,100.0,50,86.72,86.72,Low density,Protein structure,protein_lddt_max,70,0.0
7nb3__1__1.A__1.C,0.0,1,99.0,45,95.24444444444444,95.24444444444444,Low density,Protein structure,protein_lddt_max,70,0.0
7nb7__1__1.A__1.E,0.75,1,99.0,228,92.19736842105263,92.19736842105263,Low density,Protein structure,protein_lddt_max,70,75.0
7nbt__1__1.A_2.A__1.C,1.0,1,100.0,889,96.24521934758155,96.24521934758155,High density,Protein structure,protein_lddt_max,70,100.0
7nbw__1__1.A_2.A__1.B,0.75,1,93.0,25,89.8,89.8,Low density,Protein structure,protein_lddt_max,70,75.0
7ng1__1__2.A__2.C_2.D,0.0,1,100.0,490,70.73673469387755,70.73673469387755,High density,Protein structure,protein_lddt_max,70,0.0
7ngd__1__1.A__1.B,0.75,1,100.0,147,98.89115646258503,98.89115646258503,Low density,Protein structure,protein_lddt_max,70,75.0
7ngg__1__2.A__2.B,1.0,1,100.0,147,98.27891156462584,98.27891156462584,Low density,Protein structure,protein_lddt_max,70,100.0
7ngi__1__2.A__2.C,0.0,1,100.0,147,98.8843537414966,98.8843537414966,Low density,Protein structure,protein_lddt_max,70,0.0
7ngj__1__1.A__1.B,0.5,1,100.0,147,98.8639455782313,98.8639455782313,Low density,Protein structure,protein_lddt_max,70,50.0
7ngk__1__2.A__2.C,0.0,1,100.0,147,98.8639455782313,98.8639455782313,Low density,Protein structure,protein_lddt_max,70,0.0
7ngm__1__2.A__2.B,0.75,1,100.0,147,98.99319727891157,98.99319727891157,Low density,Protein structure,protein_lddt_max,70,75.0
7ngs__1__1.A__1.B,0.75,1,100.0,147,98.72789115646259,98.72789115646259,Low density,Protein structure,protein_lddt_max,70,75.0
7ngw__1__2.A__2.B,1.0,1,100.0,147,98.81632653061224,98.81632653061224,Low density,Protein structure,protein_lddt_max,70,100.0
7ngx__1__1.A__1.B,0.25,1,100.0,147,97.52380952380952,97.52380952380952,Low density,Protein structure,protein_lddt_max,70,25.0
7ngy__1__2.A__2.B,0.5,1,100.0,147,98.76190476190476,98.76190476190476,Low density,Protein structure,protein_lddt_max,70,50.0
7nlk__1__1.A__1.C_1.E,0.5,1,99.0,235,73.35744680851064,73.35744680851064,Low density,Protein structure,protein_lddt_max,70,50.0
7nlm__1__1.A__1.B_1.C,0.0,1,100.0,92,72.16304347826087,72.16304347826087,Low density,Protein structure,protein_lddt_max,70,0.0
7nlv__1__1.A_1.C__1.G,1.0,1,100.0,1144,91.68793706293707,91.68793706293707,High density,Protein structure,protein_lddt_max,70,100.0
7nqw__1__1.A__1.D_1.E_1.F,0.5,1,99.0,871,79.97244546498278,79.97244546498278,High density,Protein structure,protein_lddt_max,70,50.0
7nr5__1__1.A__1.F,0.75,1,99.0,871,79.84500574052812,79.84500574052812,High density,Protein structure,protein_lddt_max,70,75.0
7nr6__1__1.B__1.H,1.0,1,100.0,34,89.44117647058823,89.44117647058823,Low density,Protein structure,protein_lddt_max,70,100.0
7nr8__1__1.A__1.F_1.I,0.5,1,99.0,872,80.00114678899082,80.00114678899082,High density,Protein structure,protein_lddt_max,70,50.0
7ntb__1__1.A__1.B_1.C,0.75,1,100.0,1292,94.46671826625386,94.46671826625386,High density,Protein structure,protein_lddt_max,70,75.0
7ntz__1__1.A__1.B,1.0,1,95.0,66,83.77272727272727,83.77272727272727,Low density,Protein structure,protein_lddt_max,70,100.0
7nu0__1__1.A__1.C_1.D_1.E,0.875,2,93.0,132,82.5909090909091,82.5909090909091,Low density,Protein structure,protein_lddt_max,70,87.5
7nud__1__1.B__1.D,0.0,1,99.0,419,81.5871121718377,81.5871121718377,High density,Protein structure,protein_lddt_max,70,0.0
7nue__1__1.A__1.C,0.0,1,99.0,419,80.91408114558473,80.91408114558473,High density,Protein structure,protein_lddt_max,70,0.0
7nwa__1__1.A_1.B__1.E,0.75,1,98.0,95,90.3578947368421,90.3578947368421,Low density,Protein structure,protein_lddt_max,70,75.0
7nwc__1__1.A_1.B__1.G,0.0,1,98.0,95,89.87368421052632,89.87368421052632,Low density,Protein structure,protein_lddt_max,70,0.0
7nxu__1__1.A__1.B_1.C_1.D,0.0,1,87.0,57,84.64912280701755,84.64912280701755,Low density,Protein structure,protein_lddt_max,70,0.0
7nya__1__1.A_1.B__1.F,0.0,1,98.0,95,90.14736842105263,90.14736842105263,Low density,Protein structure,protein_lddt_max,70,0.0
7nzn__1__1.A_2.A__1.B,0.0,1,98.0,2438,77.12428219852337,77.12428219852337,High density,Protein structure,protein_lddt_max,70,0.0
7nzy__1__1.A__1.E,0.75,1,98.0,146,92.24657534246575,92.24657534246575,Low density,Protein structure,protein_lddt_max,70,75.0
7o1b__1__1.A__1.E,0.0,1,93.0,11,90.72727272727273,90.72727272727273,Low density,Protein structure,protein_lddt_max,70,0.0
7o2t__1__1.A_2.A__1.B,0.0,1,98.0,25,92.96,92.96,Low density,Protein structure,protein_lddt_max,70,0.0
7o46__1__1.A_2.A__1.B,1.0,1,99.0,889,96.822272215973,96.822272215973,High density,Protein structure,protein_lddt_max,70,100.0
7o6x__1__1.A__1.E,1.0,1,99.0,426,95.61032863849765,95.61032863849765,High density,Protein structure,protein_lddt_max,70,100.0
7o7j__1__1.A__1.B,0.0,1,86.0,206,72.32038834951456,72.32038834951456,Low density,Protein structure,protein_lddt_max,70,0.0
7o7k__1__1.A__1.E,0.5,1,97.0,337,84.4272997032641,84.4272997032641,High density,Protein structure,protein_lddt_max,70,50.0
7o9i__1__1.A__1.B,0.0,1,80.0,92,73.1304347826087,73.1304347826087,Low density,Protein structure,protein_lddt_max,70,0.0
7oa1__1__1.A__1.D_1.H,1.0,1,100.0,990,71.47272727272727,71.47272727272727,High density,Protein structure,protein_lddt_max,70,100.0
7oa4__1__1.A__1.E_1.F_1.H_1.I,0.0,1,100.0,14,94.92857142857143,94.92857142857143,Low density,Protein structure,protein_lddt_max,70,0.0
7oat__1__1.B__1.F_1.G,1.0,1,94.0,831,80.12274368231047,80.12274368231047,High density,Protein structure,protein_lddt_max,70,100.0
7oed__1__1.A__1.C,0.5,1,99.0,31,97.58064516129032,97.58064516129032,Low density,Protein structure,protein_lddt_max,70,50.0
7of8__1__1.A__1.B,0.0,1,100.0,117,97.11965811965813,97.11965811965813,Low density,Protein structure,protein_lddt_max,70,0.0
7ofa__1__1.A__1.B_1.C,0.5,1,100.0,117,97.00854700854701,97.00854700854701,Low density,Protein structure,protein_lddt_max,70,50.0
7ohg__1__1.A__1.B_1.D_1.E_1.F,0.0,1,99.0,5,82.4,82.4,Low density,Protein structure,protein_lddt_max,70,0.0
7oj6__1__1.A_1.C__1.Y,0.0,1,96.0,84,88.35714285714286,88.35714285714286,Low density,Protein structure,protein_lddt_max,70,0.0
7ojo__1__1.A_1.B__1.E_1.F,0.75,2,99.0,856,96.34579439252336,96.34579439252336,High density,Protein structure,protein_lddt_max,70,75.0
7ojw__1__1.A_1.C__1.F,0.0,1,96.0,78,89.58974358974359,89.58974358974359,Low density,Protein structure,protein_lddt_max,70,0.0
7ojy__1__1.A_1.B__1.D,0.0,1,96.0,78,89.43589743589743,89.43589743589743,Low density,Protein structure,protein_lddt_max,70,0.0
7ok1__1__1.A_1.B__1.D,0.25,1,99.0,78,91.26923076923077,91.26923076923077,Low density,Protein structure,protein_lddt_max,70,25.0
7ok8__1__1.A__1.B_1.C_1.D,1.0,1,100.0,1293,94.76411446249033,94.76411446249033,High density,Protein structure,protein_lddt_max,70,100.0
7okc__1__1.A_2.A__2.B,0.0,1,99.0,78,91.58974358974359,91.58974358974359,Low density,Protein structure,protein_lddt_max,70,0.0
7oli__1__1.A__1.C,1.0,1,72.0,2,72.0,72.0,Low density,Protein structure,protein_lddt_max,70,100.0
7olj__1__1.A_1.B__1.E,1.0,1,99.0,434,95.90552995391705,95.90552995391705,High density,Protein structure,protein_lddt_max,70,100.0
7oll__1__1.A_2.A__2.B_2.C_2.D,1.0,1,100.0,58,87.03448275862068,87.03448275862068,Low density,Protein structure,protein_lddt_max,70,100.0
7olr__1__1.A_2.A__2.B_2.C_2.D,1.0,2,100.0,116,87.13793103448276,87.13793103448276,Low density,Protein structure,protein_lddt_max,70,100.0
7om1__1__1.A_1.B__1.E,1.0,1,100.0,429,96.23076923076923,96.23076923076923,High density,Protein structure,protein_lddt_max,70,100.0
7omd__1__1.A__1.C_1.D,0.0,1,96.0,52,77.73076923076923,77.73076923076923,Low density,Protein structure,protein_lddt_max,70,0.0
7ome__1__1.A__1.B,0.0,1,90.0,52,80.5576923076923,80.5576923076923,Low density,Protein structure,protein_lddt_max,70,0.0
7omo__1__1.A__1.C,0.0,1,96.0,52,79.17307692307692,79.17307692307692,Low density,Protein structure,protein_lddt_max,70,0.0
7omr__1__1.A__1.B,0.0,1,97.0,52,78.53846153846153,78.53846153846153,Low density,Protein structure,protein_lddt_max,70,0.0
7on9__1__1.A__1.E_1.F,1.0,1,90.0,94,89.48936170212765,89.48936170212765,Low density,Protein structure,protein_lddt_max,70,100.0
7opm__1__1.A__1.D,0.75,1,96.0,1065,77.09201877934272,77.09201877934272,High density,Protein structure,protein_lddt_max,70,75.0
7orq__1__1.A__1.B_1.C_1.D,1.0,1,100.0,1293,95.0355761794277,95.0355761794277,High density,Protein structure,protein_lddt_max,70,100.0
7osq__1__1.A__1.B_1.C,0.5,2,99.0,40,81.7,81.7,Low density,Protein structure,protein_lddt_max,70,50.0
7osx__1__1.A__1.C,0.75,1,100.0,113,86.48672566371681,86.48672566371681,Low density,Protein structure,protein_lddt_max,70,75.0
7oud__1__1.A__1.B_1.C,0.0,2,77.0,112,72.28571428571429,72.28571428571429,Low density,Protein structure,protein_lddt_max,70,0.0
7ouj__1__1.A__1.B_1.D,0.5,2,77.0,118,72.59322033898304,72.59322033898304,Low density,Protein structure,protein_lddt_max,70,50.0
7ovd__1__1.A__1.B,0.75,1,97.0,75,95.12,95.12,Low density,Protein structure,protein_lddt_max,70,75.0
7oy5__1__1.A__1.C,0.75,1,98.0,767,75.84093872229465,75.84093872229465,High density,Protein structure,protein_lddt_max,70,75.0
7oyf__1__1.A_1.B__1.C_1.D_1.E_1.F_1.S,1.0,1,95.0,4,82.25,82.25,Low density,Protein structure,protein_lddt_max,70,100.0
7oze__1__1.A__1.E_1.F,0.75,1,91.0,1,91.0,91.0,Low density,Protein structure,protein_lddt_max,70,75.0
7p1a__1__1.A__1.B_1.D,0.5,1,100.0,1288,90.80745341614907,90.80745341614907,High density,Protein structure,protein_lddt_max,70,50.0
7p1e__1__1.A__1.C_1.G,0.0,1,98.0,14,97.92857142857143,97.92857142857143,Low density,Protein structure,protein_lddt_max,70,0.0
7p1f__1__1.A__1.C,1.0,1,99.0,14,98.07142857142857,98.07142857142857,Low density,Protein structure,protein_lddt_max,70,100.0
7p1o__1__1.A__1.D,1.0,1,98.0,14,97.92857142857143,97.92857142857143,Low density,Protein structure,protein_lddt_max,70,100.0
7p1s__1__1.A__1.E,1.0,1,99.0,14,98.85714285714286,98.85714285714286,Low density,Protein structure,protein_lddt_max,70,100.0
7p1u__1__1.A__1.C_1.D,0.75,1,98.0,14,98.0,98.0,Low density,Protein structure,protein_lddt_max,70,75.0
7p3b__1__1.A__1.C_1.D_1.E,1.0,1,88.0,20,86.8,86.8,Low density,Protein structure,protein_lddt_max,70,100.0
7p3v__1__1.B__1.D,0.75,1,91.0,1303,73.49194167306216,73.49194167306216,High density,Protein structure,protein_lddt_max,70,75.0
7p4c__1__1.A__1.E_1.F,0.75,1,100.0,29,89.72413793103448,89.72413793103448,Low density,Protein structure,protein_lddt_max,70,75.0
7p4o__1__1.A__1.C_1.F,0.375,2,99.0,772,85.9559585492228,85.9559585492228,High density,Protein structure,protein_lddt_max,70,37.5
7p4v__1__1.A_3.A__1.B,0.25,1,94.0,214,87.76635514018692,87.76635514018692,Low density,Protein structure,protein_lddt_max,70,25.0
7p50__1__1.A_1.B__1.D_1.E_1.F,0.75,2,93.0,428,86.11682242990655,86.11682242990655,High density,Protein structure,protein_lddt_max,70,75.0
7p5e__1__1.A__1.B_1.D,1.0,1,100.0,117,96.99145299145299,96.99145299145299,Low density,Protein structure,protein_lddt_max,70,100.0
7p5f__1__1.A__1.C,0.75,1,100.0,117,97.26495726495726,97.26495726495726,Low density,Protein structure,protein_lddt_max,70,75.0
7p5i__1__1.A__1.D,1.0,1,100.0,117,97.0,97.0,Low density,Protein structure,protein_lddt_max,70,100.0
7p5k__1__1.A__1.C,0.5,1,100.0,117,97.1025641025641,97.1025641025641,Low density,Protein structure,protein_lddt_max,70,50.0
7p5n__1__1.A__1.C,0.5,1,100.0,117,97.14529914529915,97.14529914529915,Low density,Protein structure,protein_lddt_max,70,50.0
7p5p__1__1.A__1.D,1.0,1,100.0,117,97.28205128205128,97.28205128205128,Low density,Protein structure,protein_lddt_max,70,100.0
7p84__1__1.A_1.B__1.E_1.F_1.G_1.H,0.5,1,93.0,12,90.66666666666667,90.66666666666667,Low density,Protein structure,protein_lddt_max,70,50.0
7p8m__1__1.A_1.B__1.E_1.F_1.G_1.H,0.5,1,94.0,12,91.0,91.0,Low density,Protein structure,protein_lddt_max,70,50.0
7p97__1__1.A__1.C_1.D_1.E,0.75,1,48.0,0,,48.0,No neighbours,Protein structure,protein_lddt_max,70,75.0
7p9p__1__1.B_2.A__2.D_2.I,0.0,2,71.0,24,70.66666666666667,70.66666666666667,Low density,Protein structure,protein_lddt_max,70,0.0
7pa1__1__1.A__1.D,1.0,1,70.0,12,70.0,70.0,Low density,Protein structure,protein_lddt_max,70,100.0
7paw__1__1.B__1.C,0.0,1,93.0,24,88.375,88.375,Low density,Protein structure,protein_lddt_max,70,0.0
7pax__1__2.A_2.B__2.C_2.D_2.E,1.0,1,98.0,154,74.64935064935065,74.64935064935065,Low density,Protein structure,protein_lddt_max,70,100.0
7pcc__1__1.A_1.B__1.C_1.I,1.0,1,83.0,166,75.53614457831326,75.53614457831326,Low density,Protein structure,protein_lddt_max,70,100.0
7pcg__1__1.A_1.B__1.F_1.H_1.J_1.K_1.L,0.75,2,83.0,332,75.83734939759036,75.83734939759036,Low density,Protein structure,protein_lddt_max,70,75.0
7pci__1__1.A_2.A__2.B_2.C_2.D_2.E_2.F,0.75,2,83.0,336,75.51785714285714,75.51785714285714,High density,Protein structure,protein_lddt_max,70,75.0
7pcl__1__1.A_1.B__1.G_1.H_1.I_1.J,0.875,2,83.0,332,75.66867469879519,75.66867469879519,Low density,Protein structure,protein_lddt_max,70,87.5
7pcm__1__1.A_1.B__1.F_1.I_1.J_1.K,1.0,2,83.0,336,76.21428571428571,76.21428571428571,High density,Protein structure,protein_lddt_max,70,100.0
7pco__1__1.A_1.B__1.F_1.H_1.I_1.J,0.875,2,83.0,336,75.9047619047619,75.9047619047619,High density,Protein structure,protein_lddt_max,70,87.5
7pcs__1__1.B__1.G_1.H,1.0,1,88.0,2227,78.17242927705433,78.17242927705433,High density,Protein structure,protein_lddt_max,70,100.0
7pct__1__1.A_1.B__1.F_1.G_1.I_1.J_1.K,0.625,2,83.0,336,75.89880952380952,75.89880952380952,High density,Protein structure,protein_lddt_max,70,62.5
7pd6__1__1.A_1.B__1.K,0.0,1,99.0,1491,85.66666666666667,85.66666666666667,High density,Protein structure,protein_lddt_max,70,0.0
7pdb__1__1.C_1.D__1.H,0.25,1,99.0,1469,86.25936010891763,86.25936010891763,High density,Protein structure,protein_lddt_max,70,25.0
7pdr__1__1.A_1.E__1.I,0.0,1,99.0,1489,86.48421759570181,86.48421759570181,High density,Protein structure,protein_lddt_max,70,0.0
7pdt__1__1.A__1.E,1.0,1,99.0,1213,76.35614179719703,76.35614179719703,High density,Protein structure,protein_lddt_max,70,100.0
7pe4__1__1.A__1.B_1.C,1.0,1,90.0,40,88.0,88.0,Low density,Protein structure,protein_lddt_max,70,100.0
7pe5__1__1.D_1.E__1.I,0.0,1,99.0,1465,86.27235494880546,86.27235494880546,High density,Protein structure,protein_lddt_max,70,0.0
7pe6__1__1.A_1.B__1.F,0.0,1,99.0,1471,86.07273963290278,86.07273963290278,High density,Protein structure,protein_lddt_max,70,0.0
7pfm__1__1.A_1.B__1.C,1.0,1,99.0,889,96.06749156355455,96.06749156355455,High density,Protein structure,protein_lddt_max,70,100.0
7phe__1__1.A__1.C,0.0,1,93.0,64,82.78125,82.78125,Low density,Protein structure,protein_lddt_max,70,0.0
7phj__1__1.A__1.B_1.C,0.25,1,95.0,137,86.81021897810218,86.81021897810218,Low density,Protein structure,protein_lddt_max,70,25.0
7phn__1__1.A__1.B_1.C,1.0,1,100.0,137,92.12408759124088,92.12408759124088,Low density,Protein structure,protein_lddt_max,70,100.0
7pi1__1__1.A__1.F,0.75,1,77.0,20,73.4,73.4,Low density,Protein structure,protein_lddt_max,70,75.0
7pj9__1__1.A__1.C,1.0,1,100.0,121,92.3801652892562,92.3801652892562,Low density,Protein structure,protein_lddt_max,70,100.0
7pjk__1__1.A__1.E,1.0,1,100.0,173,89.38728323699422,89.38728323699422,Low density,Protein structure,protein_lddt_max,70,100.0
7pjm__1__1.A_1.B__1.D_1.G_1.H,0.75,2,100.0,454,91.96916299559471,91.96916299559471,High density,Protein structure,protein_lddt_max,70,75.0
7plf__1__1.A__1.C_1.D,0.0,1,100.0,1294,88.67156105100463,88.67156105100463,High density,Protein structure,protein_lddt_max,70,0.0
7pom__1__1.C__1.I_1.J,1.0,1,100.0,1287,77.52292152292152,77.52292152292152,High density,Protein structure,protein_lddt_max,70,100.0
7pox__1__1.A__1.C,0.0,1,99.0,495,85.76767676767676,85.76767676767676,High density,Protein structure,protein_lddt_max,70,0.0
7ppg__1__1.A_1.B__1.E_1.G_1.H,1.0,1,100.0,144,99.52777777777777,99.52777777777777,Low density,Protein structure,protein_lddt_max,70,100.0
7pph__1__1.A_1.B__1.H_1.J,0.75,1,100.0,144,99.39583333333333,99.39583333333333,Low density,Protein structure,protein_lddt_max,70,75.0
7pqs__1__1.A__1.C,0.5,1,99.0,299,73.09698996655518,73.09698996655518,Low density,Protein structure,protein_lddt_max,70,50.0
7pqv__1__1.A__1.B,1.0,1,99.0,169,88.84023668639053,88.84023668639053,Low density,Protein structure,protein_lddt_max,70,100.0
7pri__1__1.A__1.C_1.F,0.0,1,100.0,909,70.36633663366337,70.36633663366337,High density,Protein structure,protein_lddt_max,70,0.0
7psc__1__1.A_1.B__1.C_1.D,1.0,1,98.0,720,77.32222222222222,77.32222222222222,High density,Protein structure,protein_lddt_max,70,100.0
7pu9__1__1.A__1.B_1.C,0.0,2,92.0,90,80.65555555555555,80.65555555555555,Low density,Protein structure,protein_lddt_max,70,0.0
7puw__1__1.B__1.G_1.H,1.0,1,100.0,1289,82.14972847168347,82.14972847168347,High density,Protein structure,protein_lddt_max,70,100.0
7pvn__1__1.A__1.C_1.H_1.J,1.0,1,81.0,30,79.43333333333334,79.43333333333334,Low density,Protein structure,protein_lddt_max,70,100.0
7pwu__1__1.A__1.C,1.0,1,100.0,103,87.3883495145631,87.3883495145631,Low density,Protein structure,protein_lddt_max,70,100.0
7pwy__1__1.A_1.B__1.I_1.J,0.0,1,98.0,10,89.4,89.4,Low density,Protein structure,protein_lddt_max,70,0.0
7pz1__1__1.A__1.D,0.75,1,100.0,24,94.625,94.625,Low density,Protein structure,protein_lddt_max,70,75.0
7pzu__1__1.A__1.B_1.C,0.0,1,98.0,137,91.45985401459853,91.45985401459853,Low density,Protein structure,protein_lddt_max,70,0.0
7pzv__1__1.A__1.B_1.C,0.25,1,98.0,137,91.54014598540147,91.54014598540147,Low density,Protein structure,protein_lddt_max,70,25.0
7q1n__1__1.A__1.F_1.K,0.0,2,100.0,5760,92.41111111111111,92.41111111111111,High density,Protein structure,protein_lddt_max,70,0.0
7q1o__1__1.A__1.I_1.L,0.125,2,100.0,5768,92.51768377253813,92.51768377253813,High density,Protein structure,protein_lddt_max,70,12.5
7q29__1__1.A__1.G_1.I_1.J_1.O,1.0,1,100.0,735,86.55374149659863,86.55374149659863,High density,Protein structure,protein_lddt_max,70,100.0
7q2o__1__1.A_1.B__1.D,0.0,1,95.0,58,89.36206896551724,89.36206896551724,Low density,Protein structure,protein_lddt_max,70,0.0
7q6f__1__1.A__1.C_1.D,1.0,1,78.0,15,75.6,75.6,Low density,Protein structure,protein_lddt_max,70,100.0
7q6g__1__1.A__1.B_1.C,1.0,1,75.0,12,74.16666666666667,74.16666666666667,Low density,Protein structure,protein_lddt_max,70,100.0
7q6v__1__1.A__1.E,0.25,1,99.0,903,74.80287929125139,74.80287929125139,High density,Protein structure,protein_lddt_max,70,25.0
7q6w__1__1.A__1.E,0.25,1,99.0,942,74.73248407643312,74.73248407643312,High density,Protein structure,protein_lddt_max,70,25.0
7q7c__1__1.A__1.B_1.C,1.0,1,97.0,1274,72.58869701726844,72.58869701726844,High density,Protein structure,protein_lddt_max,70,100.0
7q7i__1__1.A__1.B,1.0,1,99.0,1687,77.48844101956135,77.48844101956135,High density,Protein structure,protein_lddt_max,70,100.0
7q7k__1__1.A__1.B,0.75,1,99.0,1663,77.29645219482862,77.29645219482862,High density,Protein structure,protein_lddt_max,70,75.0
7q7t__1__1.A_2.A__2.C,1.0,1,100.0,114,95.49122807017544,95.49122807017544,Low density,Protein structure,protein_lddt_max,70,100.0
7q7v__1__1.A_2.A__2.B,1.0,1,100.0,113,93.34513274336283,93.34513274336283,Low density,Protein structure,protein_lddt_max,70,100.0
7q8k__1__1.A__1.C_1.F_1.H,1.0,1,100.0,501,88.22954091816368,88.22954091816368,High density,Protein structure,protein_lddt_max,70,100.0
7q8q__1__1.A__1.C_1.E_1.J,0.0,1,99.0,499,88.15831663326654,88.15831663326654,High density,Protein structure,protein_lddt_max,70,0.0
7q8z__1__1.A__1.E,0.5,1,97.0,143,79.95104895104895,79.95104895104895,Low density,Protein structure,protein_lddt_max,70,50.0
7q90__1__1.A__1.D,0.5,1,96.0,143,80.05594405594405,80.05594405594405,Low density,Protein structure,protein_lddt_max,70,50.0
7qa3__1__1.A__1.C,0.75,1,97.0,25,90.76,90.76,Low density,Protein structure,protein_lddt_max,70,75.0
7qaa__1__1.B__1.D,0.25,1,99.0,834,72.59352517985612,72.59352517985612,High density,Protein structure,protein_lddt_max,70,25.0
7qdt__1__1.A__1.B,1.0,1,91.0,141,79.11347517730496,79.11347517730496,Low density,Protein structure,protein_lddt_max,70,100.0
7qea__1__1.A__1.C,0.25,1,60.0,0,,60.0,No neighbours,Protein structure,protein_lddt_max,70,25.0
7qei__1__1.A__1.B,1.0,1,98.0,65,87.76923076923077,87.76923076923077,Low density,Protein structure,protein_lddt_max,70,100.0
7qfe__1__1.A__1.D,0.0,1,98.0,333,87.990990990991,87.990990990991,Low density,Protein structure,protein_lddt_max,70,0.0
7qfo__1__1.A_2.A__1.C_1.D,1.0,1,97.0,27,90.11111111111111,90.11111111111111,Low density,Protein structure,protein_lddt_max,70,100.0
7qg1__1__1.A__1.C,1.0,1,98.0,194,94.85051546391753,94.85051546391753,Low density,Protein structure,protein_lddt_max,70,100.0
7qg3__1__1.A__1.C,1.0,1,96.0,196,92.59693877551021,92.59693877551021,Low density,Protein structure,protein_lddt_max,70,100.0
7qg5__1__1.A__1.C,1.0,1,99.0,194,95.06701030927834,95.06701030927834,Low density,Protein structure,protein_lddt_max,70,100.0
7qgm__1__2.A__2.B_2.C_2.E,0.25,1,97.0,65,92.8,92.8,Low density,Protein structure,protein_lddt_max,70,25.0
7qgz__1__1.A__1.B_1.C,0.25,1,100.0,1292,94.13622291021672,94.13622291021672,High density,Protein structure,protein_lddt_max,70,25.0
7qh1__1__1.A__1.E_1.F,0.5,1,100.0,239,73.48953974895397,73.48953974895397,Low density,Protein structure,protein_lddt_max,70,50.0
7qhd__1__1.A__1.J_1.P,0.0,1,99.0,2880,92.30520833333334,92.30520833333334,High density,Protein structure,protein_lddt_max,70,0.0
7qhe__1__1.A__1.I,0.0,1,100.0,2880,92.17291666666667,92.17291666666667,High density,Protein structure,protein_lddt_max,70,0.0
7qhl__1__1.A__1.E,1.0,1,99.0,1828,78.67778993435448,78.67778993435448,High density,Protein structure,protein_lddt_max,70,100.0
7qhz__1__1.A__1.B,1.0,1,99.0,2546,80.22584446190102,80.22584446190102,High density,Protein structure,protein_lddt_max,70,100.0
7qi0__1__1.A__1.C,0.75,1,99.0,2546,80.38845247446976,80.38845247446976,High density,Protein structure,protein_lddt_max,70,75.0
7qk0__1__1.A_2.A__1.B_2.E,1.0,1,100.0,111,93.66666666666667,93.66666666666667,Low density,Protein structure,protein_lddt_max,70,100.0
7qls__1__1.A__1.C_1.D_1.E,0.25,1,99.0,96,79.54166666666667,79.54166666666667,Low density,Protein structure,protein_lddt_max,70,25.0
7qnh__1__1.B__1.E_1.F,1.0,1,100.0,46,79.45652173913044,79.45652173913044,Low density,Protein structure,protein_lddt_max,70,100.0
7qnn__1__1.A__1.C,0.0,1,99.0,96,75.61458333333333,75.61458333333333,Low density,Protein structure,protein_lddt_max,70,0.0
7qqa__1__1.A_1.B__1.H_1.I,1.0,1,93.0,54,86.68518518518519,86.68518518518519,Low density,Protein structure,protein_lddt_max,70,100.0
7qrb__1__1.A__1.G,0.0,1,99.0,153,91.85620915032679,91.85620915032679,Low density,Protein structure,protein_lddt_max,70,0.0
7qrc__1__1.A__1.D,0.75,1,87.0,25,85.64,85.64,Low density,Protein structure,protein_lddt_max,70,75.0
7qrk__1__1.A__1.B_1.C_1.D,0.25,1,100.0,1294,94.73415765069552,94.73415765069552,High density,Protein structure,protein_lddt_max,70,25.0
7qt2__1__1.A_1.B__1.E,0.75,1,97.0,2627,83.01370384468976,83.01370384468976,High density,Protein structure,protein_lddt_max,70,75.0
7qt6__1__1.A__1.B,0.25,1,100.0,889,96.16422947131609,96.16422947131609,High density,Protein structure,protein_lddt_max,70,25.0
7qty__1__1.A__1.C,0.0,1,97.0,12,81.91666666666667,81.91666666666667,Low density,Protein structure,protein_lddt_max,70,0.0
7qv8__1__1.A__1.C_1.D,0.0,1,86.0,135,80.62962962962963,80.62962962962963,Low density,Protein structure,protein_lddt_max,70,0.0
7qy9__1__1.A__1.C,1.0,1,95.0,14,80.85714285714286,80.85714285714286,Low density,Protein structure,protein_lddt_max,70,100.0
7qyn__1__1.B__1.O,0.0,1,100.0,2878,89.41209173036832,89.41209173036832,High density,Protein structure,protein_lddt_max,70,0.0
7qzl__1__1.B__1.F_1.H,0.625,2,99.0,22,80.81818181818181,80.81818181818181,Low density,Protein structure,protein_lddt_max,70,62.5
7r02__1__1.B__1.L,0.0,1,100.0,2878,89.39367616400278,89.39367616400278,High density,Protein structure,protein_lddt_max,70,0.0
7r0a__1__1.A__1.C,0.0,1,99.0,2875,88.73739130434782,88.73739130434782,High density,Protein structure,protein_lddt_max,70,0.0
7r0d__1__1.A_1.B__1.E_1.F,0.0,1,99.0,34,89.44117647058823,89.44117647058823,Low density,Protein structure,protein_lddt_max,70,0.0
7r26__1__1.A__1.B,1.0,1,98.0,160,87.10625,87.10625,Low density,Protein structure,protein_lddt_max,70,100.0
7r2v__1__1.A__1.C_1.D,1.0,1,84.0,8,82.875,82.875,Low density,Protein structure,protein_lddt_max,70,100.0
7r2y__1__1.A_1.C__1.G_1.H,0.75,1,97.0,44,86.22727272727273,86.22727272727273,Low density,Protein structure,protein_lddt_max,70,75.0
7r3a__1__1.A_1.E__1.V_1.W,0.625,2,89.0,620,85.7516129032258,85.7516129032258,High density,Protein structure,protein_lddt_max,70,62.5
7r4a__1__1.A__1.C,1.0,1,100.0,108,86.96296296296296,86.96296296296296,Low density,Protein structure,protein_lddt_max,70,100.0
7r5d__1__1.A__1.C,1.0,1,99.0,108,86.63888888888889,86.63888888888889,Low density,Protein structure,protein_lddt_max,70,100.0
7r6g__1__1.A__1.C,0.0,1,96.0,1037,76.44648023143684,76.44648023143684,High density,Protein structure,protein_lddt_max,70,0.0
7r6z__1__1.A__1.C_1.E_1.F,0.0,1,100.0,406,94.11083743842364,94.11083743842364,High density,Protein structure,protein_lddt_max,70,0.0
7r7e__1__1.A__1.C_1.D_1.F,1.0,1,76.0,8,74.875,74.875,Low density,Protein structure,protein_lddt_max,70,100.0
7r7l__1__1.A__1.C,1.0,1,97.0,387,75.8656330749354,75.8656330749354,High density,Protein structure,protein_lddt_max,70,100.0
7r7r__1__1.A__1.B,1.0,1,100.0,2254,73.99645075421473,73.99645075421473,High density,Protein structure,protein_lddt_max,70,100.0
7r9n__1__1.B__1.E,0.75,1,96.0,296,76.55067567567568,76.55067567567568,Low density,Protein structure,protein_lddt_max,70,75.0
7r9p__1__1.A__1.C,0.75,1,96.0,248,76.72983870967742,76.72983870967742,Low density,Protein structure,protein_lddt_max,70,75.0
7r9t__1__1.A__1.C,0.0,1,96.0,244,76.65573770491804,76.65573770491804,Low density,Protein structure,protein_lddt_max,70,0.0
7rae__1__1.A__1.C,1.0,1,94.0,1154,77.29982668977469,77.29982668977469,High density,Protein structure,protein_lddt_max,70,100.0
7raf__1__1.A__1.C,1.0,1,94.0,1155,77.75757575757575,77.75757575757575,High density,Protein structure,protein_lddt_max,70,100.0
7rbw__1__1.A__1.C,0.5,1,85.0,182,74.84065934065934,74.84065934065934,Low density,Protein structure,protein_lddt_max,70,50.0
7rck__1__1.A__1.C_1.D,1.0,1,98.0,8,89.0,89.0,Low density,Protein structure,protein_lddt_max,70,100.0
7rdp__1__1.A__1.B,1.0,1,100.0,430,85.20697674418605,85.20697674418605,High density,Protein structure,protein_lddt_max,70,100.0
7rf9__1__1.A_1.B__1.G,1.0,1,81.0,29,76.17241379310344,76.17241379310344,Low density,Protein structure,protein_lddt_max,70,100.0
7rh1__1__1.A__1.D,0.25,1,100.0,423,85.12293144208037,85.12293144208037,High density,Protein structure,protein_lddt_max,70,25.0
7rh3__1__1.A__1.C,0.25,1,100.0,425,85.09176470588235,85.09176470588235,High density,Protein structure,protein_lddt_max,70,25.0
7rh4__1__1.A__1.C,0.5,1,100.0,423,85.04491725768321,85.04491725768321,High density,Protein structure,protein_lddt_max,70,50.0
7rke__1__1.A__1.E,0.75,1,99.0,1538,85.91872561768531,85.91872561768531,High density,Protein structure,protein_lddt_max,70,75.0
7rl2__1__1.A__1.C,0.0,1,99.0,626,80.53514376996804,80.53514376996804,High density,Protein structure,protein_lddt_max,70,0.0
7rls__1__1.A_2.A__2.B,0.5,1,100.0,889,95.8312710911136,95.8312710911136,High density,Protein structure,protein_lddt_max,70,50.0
7rmb__1__1.A_2.A__2.B,0.25,1,100.0,889,96.03037120359954,96.03037120359954,High density,Protein structure,protein_lddt_max,70,25.0
7rmw__1__1.A__1.G,0.0,1,93.0,6,85.0,85.0,Low density,Protein structure,protein_lddt_max,70,0.0
7rn4__1__1.A_2.A__2.B,0.25,1,100.0,889,96.03374578177728,96.03374578177728,High density,Protein structure,protein_lddt_max,70,25.0
7rnk__1__1.A_2.A__2.B,0.5,1,100.0,889,96.14060742407199,96.14060742407199,High density,Protein structure,protein_lddt_max,70,50.0
7rnm__1__1.B__1.F,0.75,1,99.0,1470,86.53197278911564,86.53197278911564,High density,Protein structure,protein_lddt_max,70,75.0
7ror__1__1.A__1.C_1.D,1.0,1,97.0,88,73.19318181818181,73.19318181818181,Low density,Protein structure,protein_lddt_max,70,100.0
7ros__1__1.A__1.C,1.0,1,96.0,92,73.44565217391305,73.44565217391305,Low density,Protein structure,protein_lddt_max,70,100.0
7rq0__1__1.A_1.B__1.L,0.5,1,96.0,389,88.2159383033419,88.2159383033419,High density,Protein structure,protein_lddt_max,70,50.0
7rre__1__1.A__1.B_1.C_1.D,0.0,1,100.0,1292,94.40402476780186,94.40402476780186,High density,Protein structure,protein_lddt_max,70,0.0
7rsp__1__1.A__1.C_1.D,0.5,1,98.0,101,75.13861386138613,75.13861386138613,Low density,Protein structure,protein_lddt_max,70,50.0
7rsv__1__1.A__1.C_1.D,0.75,1,98.0,79,76.59493670886076,76.59493670886076,Low density,Protein structure,protein_lddt_max,70,75.0
7rwe__1__1.A__1.B,0.0,1,98.0,1490,80.94228187919462,80.94228187919462,High density,Protein structure,protein_lddt_max,70,0.0
7rwf__1__1.A__1.C,0.0,1,92.0,859,80.48661233993015,80.48661233993015,High density,Protein structure,protein_lddt_max,70,0.0
7rxo__1__1.A__1.C,0.0,1,97.0,1218,80.44170771756978,80.44170771756978,High density,Protein structure,protein_lddt_max,70,0.0
7s04__1__2.A__2.B_2.C_2.D,1.0,2,87.0,258,80.74418604651163,80.74418604651163,Low density,Protein structure,protein_lddt_max,70,100.0
7s0u__1__1.A__1.F_1.G,0.5,2,99.0,168,96.23809523809524,96.23809523809524,Low density,Protein structure,protein_lddt_max,70,50.0
7s14__1__1.A_1.B__1.E_1.K,1.0,1,99.0,96,74.9375,74.9375,Low density,Protein structure,protein_lddt_max,70,100.0
7s1c__1__1.A__1.C,0.5,1,100.0,42,96.54761904761905,96.54761904761905,Low density,Protein structure,protein_lddt_max,70,50.0
7s1d__1__1.A__1.C,0.0,1,100.0,42,96.69047619047619,96.69047619047619,Low density,Protein structure,protein_lddt_max,70,0.0
7s1q__1__1.A__1.C_1.D,0.5,2,99.0,166,96.78313253012048,96.78313253012048,Low density,Protein structure,protein_lddt_max,70,50.0
7s1r__1__1.A__1.C_1.D,0.5,2,99.0,166,96.8433734939759,96.8433734939759,Low density,Protein structure,protein_lddt_max,70,50.0
7s1s__1__1.A__1.C_1.D,0.5,2,99.0,166,96.66265060240964,96.66265060240964,Low density,Protein structure,protein_lddt_max,70,50.0
7s2k__1__2.B__2.H_2.I,0.5,2,76.0,400,72.45,72.45,High density,Protein structure,protein_lddt_max,70,50.0
7s5f__1__1.A__1.E_1.F,0.5,2,86.0,1030,82.36504854368933,82.36504854368933,High density,Protein structure,protein_lddt_max,70,50.0
7s6u__1__1.A__1.B,0.75,1,78.0,199,75.06030150753769,75.06030150753769,Low density,Protein structure,protein_lddt_max,70,75.0
7s6v__1__1.A__1.B,0.5,1,79.0,229,74.62445414847161,74.62445414847161,Low density,Protein structure,protein_lddt_max,70,50.0
7s7t__1__1.A__1.B,0.0,1,88.0,41,77.02439024390245,77.02439024390245,Low density,Protein structure,protein_lddt_max,70,0.0
7s7x__1__1.A__1.D,0.0,1,98.0,12,81.25,81.25,Low density,Protein structure,protein_lddt_max,70,0.0
7s84__1__1.A__1.B,0.0,1,95.0,1093,80.47849954254346,80.47849954254346,High density,Protein structure,protein_lddt_max,70,0.0
7sa0__1__1.A__1.F,0.0,1,94.0,1324,78.55513595166163,78.55513595166163,High density,Protein structure,protein_lddt_max,70,0.0
7scr__1__1.E__1.K,0.25,1,100.0,288,75.69791666666667,75.69791666666667,Low density,Protein structure,protein_lddt_max,70,25.0
7scw__1__1.A_1.B__1.C_1.D,1.0,1,98.0,2016,85.27182539682539,85.27182539682539,High density,Protein structure,protein_lddt_max,70,100.0
7sdd__1__2.A__2.B,0.25,1,73.0,7,72.57142857142857,72.57142857142857,Low density,Protein structure,protein_lddt_max,70,25.0
7sdr__1__1.A__1.D,0.5,1,100.0,60,97.01666666666667,97.01666666666667,Low density,Protein structure,protein_lddt_max,70,50.0
7se9__1__1.A__1.C_1.D,0.0,1,90.0,37,82.64864864864865,82.64864864864865,Low density,Protein structure,protein_lddt_max,70,0.0
7sec__1__1.A__1.D_1.G,0.0,1,90.0,37,81.83783783783784,81.83783783783784,Low density,Protein structure,protein_lddt_max,70,0.0
7ser__1__1.A__1.C_1.D,0.5,2,99.0,168,96.75,96.75,Low density,Protein structure,protein_lddt_max,70,50.0
7ses__1__1.A__1.C_1.D,0.5,2,99.0,168,96.71428571428571,96.71428571428571,Low density,Protein structure,protein_lddt_max,70,50.0
7sfo__1__1.A__1.E,1.0,1,99.0,1550,85.8683870967742,85.8683870967742,High density,Protein structure,protein_lddt_max,70,100.0
7sgg__1__1.A__1.B_1.D,0.5,1,99.0,211,79.77725118483413,79.77725118483413,Low density,Protein structure,protein_lddt_max,70,50.0
7sgi__1__1.A__1.B_1.C,0.25,1,99.0,212,79.90566037735849,79.90566037735849,Low density,Protein structure,protein_lddt_max,70,25.0
7sgk__1__1.A__1.B_1.C,0.25,1,99.0,201,80.31343283582089,80.31343283582089,Low density,Protein structure,protein_lddt_max,70,25.0
7sh0__1__1.A__1.C_1.D_1.H,0.0,1,99.0,830,81.75783132530121,81.75783132530121,High density,Protein structure,protein_lddt_max,70,0.0
7shh__1__1.A__1.E,1.0,1,100.0,173,89.30057803468208,89.30057803468208,Low density,Protein structure,protein_lddt_max,70,100.0
7si4__1__1.A__1.B,1.0,1,100.0,73,94.52054794520548,94.52054794520548,Low density,Protein structure,protein_lddt_max,70,100.0
7si5__1__1.A__1.D,1.0,1,99.0,73,94.35616438356165,94.35616438356165,Low density,Protein structure,protein_lddt_max,70,100.0
7sia__1__1.A_1.B__1.C,0.5,1,96.0,389,89.17223650385604,89.17223650385604,High density,Protein structure,protein_lddt_max,70,50.0
7siu__1__1.A__1.C,0.0,1,91.0,245,74.34285714285714,74.34285714285714,Low density,Protein structure,protein_lddt_max,70,0.0
7skk__1__1.A__1.E_1.F,0.625,2,85.0,20,74.0,74.0,Low density,Protein structure,protein_lddt_max,70,62.5
7slr__1__1.A_1.B__1.C,0.75,1,99.0,477,91.9958071278826,91.9958071278826,High density,Protein structure,protein_lddt_max,70,75.0
7sls__1__1.A_1.B__1.C,1.0,1,99.0,476,91.96638655462185,91.96638655462185,High density,Protein structure,protein_lddt_max,70,100.0
7slz__1__1.A__1.B,0.0,1,95.0,8,89.875,89.875,Low density,Protein structure,protein_lddt_max,70,0.0
7snz__1__1.A_1.B__1.C,0.25,1,99.0,475,91.06526315789473,91.06526315789473,High density,Protein structure,protein_lddt_max,70,25.0
7so1__1__1.A_1.B__1.C,0.0,1,100.0,475,90.95157894736842,90.95157894736842,High density,Protein structure,protein_lddt_max,70,0.0
7sok__1__1.A__1.E,1.0,1,98.0,268,82.16791044776119,82.16791044776119,Low density,Protein structure,protein_lddt_max,70,100.0
7spy__1__1.A_2.A__2.B_2.C,0.75,1,81.0,41,73.0,73.0,Low density,Protein structure,protein_lddt_max,70,75.0
7sqe__1__1.A__1.D,0.5,1,100.0,60,96.85,96.85,Low density,Protein structure,protein_lddt_max,70,50.0
7sqm__1__1.A__1.B,1.0,1,96.0,29,94.51724137931035,94.51724137931035,Low density,Protein structure,protein_lddt_max,70,100.0
7sqn__1__1.A__1.B_1.E,0.875,2,97.0,380,85.23157894736842,85.23157894736842,High density,Protein structure,protein_lddt_max,70,87.5
7ssj__1__1.A__1.G_1.H,1.0,1,87.0,26,81.57692307692308,81.57692307692308,Low density,Protein structure,protein_lddt_max,70,100.0
7stq__1__1.A_2.A__1.B_1.D_1.E,0.875,2,100.0,976,84.10245901639344,84.10245901639344,High density,Protein structure,protein_lddt_max,70,87.5
7suf__1__1.A__1.B_1.D,1.0,1,100.0,1219,75.2050861361772,75.2050861361772,High density,Protein structure,protein_lddt_max,70,100.0
7sv1__1__1.A__1.C_1.D,0.0,1,100.0,1292,94.95510835913312,94.95510835913312,High density,Protein structure,protein_lddt_max,70,0.0
7sv5__1__1.A__1.C_1.D,0.0,1,98.0,13,92.76923076923077,92.76923076923077,Low density,Protein structure,protein_lddt_max,70,0.0
7sxg__1__1.A__1.C,0.25,1,93.0,669,75.48281016442452,75.48281016442452,High density,Protein structure,protein_lddt_max,70,25.0
7sxj__1__1.A__1.C,1.0,1,96.0,348,80.70689655172414,80.70689655172414,High density,Protein structure,protein_lddt_max,70,100.0
7szb__1__1.A__1.E,0.0,1,95.0,4,83.5,83.5,Low density,Protein structure,protein_lddt_max,70,0.0
7szc__1__1.A__1.F,0.0,1,96.0,4,84.75,84.75,Low density,Protein structure,protein_lddt_max,70,0.0
7szp__1__1.A_1.B__1.E_1.J,1.0,1,98.0,48,78.875,78.875,Low density,Protein structure,protein_lddt_max,70,100.0
7szr__1__1.A__1.G,0.0,1,98.0,40,90.425,90.425,Low density,Protein structure,protein_lddt_max,70,0.0
7t0a__1__1.A_1.B__1.BA_1.CA_1.GA_1.HA,0.75,1,99.0,174,81.09770114942529,81.09770114942529,Low density,Protein structure,protein_lddt_max,70,75.0
7t0c__1__1.A_1.B__1.VA,0.25,1,99.0,174,80.20689655172414,80.20689655172414,Low density,Protein structure,protein_lddt_max,70,25.0
7t0e__1__1.A_1.B__1.C_1.CA_1.HB_1.IB,1.0,2,99.0,348,80.94827586206897,80.94827586206897,High density,Protein structure,protein_lddt_max,70,100.0
7t0f__1__1.A_1.B__1.C,0.5,1,98.0,2529,80.91063661526294,80.91063661526294,High density,Protein structure,protein_lddt_max,70,50.0
7t1d__1__1.A_1.B__1.G_1.I,0.0,1,95.0,177,81.08474576271186,81.08474576271186,Low density,Protein structure,protein_lddt_max,70,0.0
7t2z__1__1.A_1.B__1.F_1.H,0.5,2,96.0,164,75.46341463414635,75.46341463414635,Low density,Protein structure,protein_lddt_max,70,50.0
7t33__1__1.A_1.B__1.E_1.H,0.625,2,97.0,150,75.89333333333333,75.89333333333333,Low density,Protein structure,protein_lddt_max,70,62.5
7t39__1__1.A__1.B,0.0,1,99.0,1,99.0,99.0,Low density,Protein structure,protein_lddt_max,70,0.0
7t4t__1__1.A__1.C_1.E,0.5,1,95.0,1418,76.33709449929478,76.33709449929478,High density,Protein structure,protein_lddt_max,70,50.0
7t5k__1__1.A__1.D,0.75,1,97.0,232,79.15086206896552,79.15086206896552,Low density,Protein structure,protein_lddt_max,70,75.0
7t5r__1__1.A_1.C__1.I_1.J,0.0,2,100.0,156,91.1025641025641,91.1025641025641,Low density,Protein structure,protein_lddt_max,70,0.0
7t5x__1__1.A_1.C__1.I,0.25,1,100.0,78,90.84615384615384,90.84615384615384,Low density,Protein structure,protein_lddt_max,70,25.0
7t5y__1__1.B__1.G,1.0,1,97.0,232,79.59482758620689,79.59482758620689,Low density,Protein structure,protein_lddt_max,70,100.0
7t5z__1__1.A_1.C__1.I,0.0,1,100.0,83,90.02409638554217,90.02409638554217,Low density,Protein structure,protein_lddt_max,70,0.0
7t60__1__1.B_1.C__1.M,0.25,1,100.0,81,91.1358024691358,91.1358024691358,Low density,Protein structure,protein_lddt_max,70,25.0
7t61__1__1.B_1.C__1.L,0.0,1,100.0,78,92.11538461538461,92.11538461538461,Low density,Protein structure,protein_lddt_max,70,0.0
7t6c__1__1.A__1.E,0.25,1,97.0,232,79.30603448275862,79.30603448275862,Low density,Protein structure,protein_lddt_max,70,25.0
7t6h__1__1.A__1.C_1.D,1.0,2,97.0,464,79.62931034482759,79.62931034482759,High density,Protein structure,protein_lddt_max,70,100.0
7t7m__1__1.A__1.I,1.0,1,99.0,151,94.0794701986755,94.0794701986755,Low density,Protein structure,protein_lddt_max,70,100.0
7tab__1__1.A__1.B,1.0,1,97.0,1357,73.72365512159175,73.72365512159175,High density,Protein structure,protein_lddt_max,70,100.0
7tba__1__1.A__1.U_1.V_1.W,0.5,1,100.0,138,88.85507246376811,88.85507246376811,Low density,Protein structure,protein_lddt_max,70,50.0
7tbc__1__1.A__1.B_1.J_1.L_1.S,0.0,1,75.0,871,72.74397244546498,72.74397244546498,High density,Protein structure,protein_lddt_max,70,0.0
7tbd__1__1.A__1.E,0.0,1,74.0,801,71.86267166042447,71.86267166042447,High density,Protein structure,protein_lddt_max,70,0.0
7tbu__1__1.A__1.D,0.0,1,83.0,31,76.48387096774194,76.48387096774194,Low density,Protein structure,protein_lddt_max,70,0.0
7te8__1__1.A_1.B__1.E,0.0,1,86.0,1576,76.14657360406092,76.14657360406092,High density,Protein structure,protein_lddt_max,70,0.0
7tev__1__1.A_2.A__2.D,1.0,1,100.0,558,78.00358422939068,78.00358422939068,High density,Protein structure,protein_lddt_max,70,100.0
7tjo__1__1.A__1.E,0.25,1,97.0,8287,78.43405333655123,78.43405333655123,High density,Protein structure,protein_lddt_max,70,25.0
7tm5__1__1.A__1.C_1.D_1.E,1.0,1,98.0,38,85.65789473684211,85.65789473684211,Low density,Protein structure,protein_lddt_max,70,100.0
7tm6__1__1.A__1.C_1.D,1.0,2,98.0,76,85.44736842105263,85.44736842105263,Low density,Protein structure,protein_lddt_max,70,100.0
7tmf__1__1.A_1.B__1.J_1.P,1.0,1,98.0,4,88.0,88.0,Low density,Protein structure,protein_lddt_max,70,100.0
7toc__1__1.A_1.B__1.C_1.D_1.G_1.L,0.75,1,80.0,114,73.1140350877193,73.1140350877193,Low density,Protein structure,protein_lddt_max,70,75.0
7tuo__1__1.A__1.B,0.0,1,70.0,2,70.0,70.0,Low density,Protein structure,protein_lddt_max,70,0.0
7twu__1__1.B__1.N,1.0,1,99.0,268,93.14179104477611,93.14179104477611,Low density,Protein structure,protein_lddt_max,70,100.0
7txk__1__1.A__1.C,0.5,1,81.0,12,79.91666666666667,79.91666666666667,Low density,Protein structure,protein_lddt_max,70,50.0
7txp__1__1.A_2.A__2.B,1.0,1,83.0,60,76.36666666666666,76.36666666666666,Low density,Protein structure,protein_lddt_max,70,100.0
7tzb__1__1.A__1.C,1.0,1,94.0,67,75.3731343283582,75.3731343283582,Low density,Protein structure,protein_lddt_max,70,100.0
7u0r__1__1.B__1.I_1.J_1.K_1.L,0.75,2,78.0,180,75.76666666666667,75.76666666666667,Low density,Protein structure,protein_lddt_max,70,75.0
7u0t__1__1.A_1.B__1.H,0.5,1,99.0,244,90.26639344262296,90.26639344262296,Low density,Protein structure,protein_lddt_max,70,50.0
7u1m__1__1.A__1.D,0.0,1,96.0,37,93.75675675675676,93.75675675675676,Low density,Protein structure,protein_lddt_max,70,0.0
7u1u__1__1.A_2.A__1.B_1.D,1.0,1,100.0,472,84.57203389830508,84.57203389830508,High density,Protein structure,protein_lddt_max,70,100.0
7u2p__1__1.A_1.B__1.C_1.D,0.75,1,96.0,1913,77.20073183481443,77.20073183481443,High density,Protein structure,protein_lddt_max,70,75.0
7u2z__1__1.A__1.C,0.0,1,98.0,631,76.36925515055468,76.36925515055468,High density,Protein structure,protein_lddt_max,70,0.0
7u30__1__1.A__1.I,1.0,1,99.0,89,96.66292134831461,96.66292134831461,Low density,Protein structure,protein_lddt_max,70,100.0
7u31__1__1.A__1.D,0.75,1,97.0,438,78.95890410958904,78.95890410958904,High density,Protein structure,protein_lddt_max,70,75.0
7u3m__1__1.A__1.B_1.C,0.5,1,99.0,211,79.50236966824644,79.50236966824644,Low density,Protein structure,protein_lddt_max,70,50.0
7u4o__1__1.A__1.G,0.75,1,99.0,18,85.5,85.5,Low density,Protein structure,protein_lddt_max,70,75.0
7u59__1__1.A__1.E_1.F,0.5,1,99.0,208,80.02403846153847,80.02403846153847,Low density,Protein structure,protein_lddt_max,70,50.0
7u5z__1__1.A_1.B__1.C,0.75,1,99.0,475,91.48210526315789,91.48210526315789,High density,Protein structure,protein_lddt_max,70,75.0
7u64__1__1.A_1.B__1.S,0.75,1,96.0,2005,80.95910224438903,80.95910224438903,High density,Protein structure,protein_lddt_max,70,75.0
7u6a__1__1.A__1.B_1.F,0.0,1,99.0,212,79.57075471698113,79.57075471698113,Low density,Protein structure,protein_lddt_max,70,0.0
7u6b__1__1.A__1.B_1.E,1.0,1,99.0,211,79.77251184834124,79.77251184834124,Low density,Protein structure,protein_lddt_max,70,100.0
7u70__1__1.A__1.C,1.0,1,100.0,607,88.9818780889621,88.9818780889621,High density,Protein structure,protein_lddt_max,70,100.0
7u8v__1__1.A__1.C,0.0,1,89.0,654,73.22477064220183,73.22477064220183,High density,Protein structure,protein_lddt_max,70,0.0
7u8w__1__1.A__1.C,0.0,1,92.0,680,73.96323529411765,73.96323529411765,High density,Protein structure,protein_lddt_max,70,0.0
7u8x__1__1.A__1.B,0.0,1,92.0,691,74.46599131693198,74.46599131693198,High density,Protein structure,protein_lddt_max,70,0.0
7u8y__1__1.B__1.G_1.H_1.I_1.J,0.0,2,99.0,68,95.55882352941177,95.55882352941177,Low density,Protein structure,protein_lddt_max,70,0.0
7u8z__1__1.A__1.F_1.G,0.0,1,100.0,213,88.06572769953051,88.06572769953051,Low density,Protein structure,protein_lddt_max,70,0.0
7u98__1__1.A__1.E,0.5,1,98.0,2395,77.39791231732777,77.39791231732777,High density,Protein structure,protein_lddt_max,70,50.0
7u99__1__1.A__1.B,1.0,1,98.0,2424,76.86551155115511,76.86551155115511,High density,Protein structure,protein_lddt_max,70,100.0
7u9a__1__1.A__1.B,1.0,1,98.0,2329,77.41777586947188,77.41777586947188,High density,Protein structure,protein_lddt_max,70,100.0
7u9u__1__2.A__2.C_2.D,1.0,1,98.0,208,93.65865384615384,93.65865384615384,Low density,Protein structure,protein_lddt_max,70,100.0
7uad__1__1.A__1.B,1.0,1,96.0,395,87.74683544303798,87.74683544303798,High density,Protein structure,protein_lddt_max,70,100.0
7uas__1__1.A__1.C,1.0,1,100.0,207,90.4927536231884,90.4927536231884,Low density,Protein structure,protein_lddt_max,70,100.0
7ubo__1__1.A__1.E,0.5,1,97.0,1648,84.45752427184466,84.45752427184466,High density,Protein structure,protein_lddt_max,70,50.0
7udq__1__1.A__1.C,0.5,1,84.0,1,84.0,84.0,Low density,Protein structure,protein_lddt_max,70,50.0
7ue4__1__1.A_2.A__2.F,1.0,1,100.0,26,92.07692307692308,92.07692307692308,Low density,Protein structure,protein_lddt_max,70,100.0
7ue6__1__1.A_2.A__2.C_2.F_2.G_2.H,1.0,2,100.0,52,92.07692307692308,92.07692307692308,Low density,Protein structure,protein_lddt_max,70,100.0
7ue8__1__1.A_2.A__2.D,1.0,1,100.0,26,92.15384615384616,92.15384615384616,Low density,Protein structure,protein_lddt_max,70,100.0
7ueo__1__1.A_2.A__2.B_2.C_2.E,1.0,1,100.0,26,92.15384615384616,92.15384615384616,Low density,Protein structure,protein_lddt_max,70,100.0
7ueo__1__1.A_2.A__2.D,1.0,1,100.0,26,92.15384615384616,92.15384615384616,Low density,Protein structure,protein_lddt_max,70,100.0
7uep__1__1.A_2.A__2.B_2.C_2.D_2.E,1.0,2,99.0,52,91.3076923076923,91.3076923076923,Low density,Protein structure,protein_lddt_max,70,100.0
7ueq__1__1.A_2.A__2.B_2.C_2.D,1.0,2,100.0,52,92.07692307692308,92.07692307692308,Low density,Protein structure,protein_lddt_max,70,100.0
7ueu__1__1.A_2.A__2.B,1.0,1,100.0,26,92.07692307692308,92.07692307692308,Low density,Protein structure,protein_lddt_max,70,100.0
7ueu__1__1.A_2.A__2.C_2.D_2.E,1.0,1,100.0,26,92.07692307692308,92.07692307692308,Low density,Protein structure,protein_lddt_max,70,100.0
7uf0__1__1.A_2.A__1.B,1.0,1,100.0,17,88.76470588235294,88.76470588235294,Low density,Protein structure,protein_lddt_max,70,100.0
7ug5__1__1.A__1.E,0.75,1,99.0,1632,82.69975490196079,82.69975490196079,High density,Protein structure,protein_lddt_max,70,75.0
7ugb__1__1.A__1.C,0.5,1,97.0,1120,79.01517857142858,79.01517857142858,High density,Protein structure,protein_lddt_max,70,50.0
7ugl__1__1.A__1.C,0.0,1,99.0,1638,81.26556776556777,81.26556776556777,High density,Protein structure,protein_lddt_max,70,0.0
7ugl__1__1.A__1.D,1.0,1,99.0,1638,81.26556776556777,81.26556776556777,High density,Protein structure,protein_lddt_max,70,100.0
7uj4__1__1.A__1.C_1.D,1.0,1,97.0,56,96.33928571428571,96.33928571428571,Low density,Protein structure,protein_lddt_max,70,100.0
7uj7__1__1.A__1.E,1.0,1,99.0,1213,86.99093157460841,86.99093157460841,High density,Protein structure,protein_lddt_max,70,100.0
7uj8__1__1.A__1.C,1.0,1,100.0,1383,85.63846710050615,85.63846710050615,High density,Protein structure,protein_lddt_max,70,100.0
7ujc__1__1.B__1.D,1.0,1,98.0,1379,85.94126178390138,85.94126178390138,High density,Protein structure,protein_lddt_max,70,100.0
7ujf__1__1.A__1.E,1.0,1,100.0,1220,85.04590163934427,85.04590163934427,High density,Protein structure,protein_lddt_max,70,100.0
7ujo__1__1.D__1.H,1.0,1,99.0,1174,85.13373083475298,85.13373083475298,High density,Protein structure,protein_lddt_max,70,100.0
7ujy__1__1.B__1.F,1.0,1,99.0,1368,85.04897660818713,85.04897660818713,High density,Protein structure,protein_lddt_max,70,100.0
7uk7__1__1.A__1.B_1.C_1.D_1.F,1.0,1,72.0,13,71.53846153846153,71.53846153846153,Low density,Protein structure,protein_lddt_max,70,100.0
7ukr__1__1.A__1.C,0.75,1,96.0,115,93.59130434782608,93.59130434782608,Low density,Protein structure,protein_lddt_max,70,75.0
7ule__1__1.A_2.A__2.B_2.C_2.D_2.E_2.F,0.75,2,98.0,4,98.0,98.0,Low density,Protein structure,protein_lddt_max,70,75.0
7ulf__1__1.A_2.A__2.B_2.C_2.D_2.E,0.5,2,98.0,4,98.0,98.0,Low density,Protein structure,protein_lddt_max,70,50.0
7um4__1__1.A__1.I,1.0,1,76.0,113,70.88495575221239,70.88495575221239,Low density,Protein structure,protein_lddt_max,70,100.0
7umo__1__1.A__1.G_1.I,0.0,1,97.0,11,95.0,95.0,Low density,Protein structure,protein_lddt_max,70,0.0
7un0__1__1.A__1.G,0.75,1,99.0,18,85.22222222222223,85.22222222222223,Low density,Protein structure,protein_lddt_max,70,75.0
7uoh__1__1.A__1.C_1.D,0.5,2,99.0,168,96.76190476190476,96.76190476190476,Low density,Protein structure,protein_lddt_max,70,50.0
7uoy__1__1.A__1.C_1.D_1.F,1.0,1,100.0,362,87.02762430939227,87.02762430939227,High density,Protein structure,protein_lddt_max,70,100.0
7ur3__1__1.A__1.B,0.0,1,93.0,790,85.88101265822785,85.88101265822785,High density,Protein structure,protein_lddt_max,70,0.0
7ur9__1__1.A_1.B__1.D,0.25,1,99.0,889,95.77840269966254,95.77840269966254,High density,Protein structure,protein_lddt_max,70,25.0
7usg__1__1.A__1.B,1.0,1,99.0,1575,82.78349206349206,82.78349206349206,High density,Protein structure,protein_lddt_max,70,100.0
7ush__1__1.A__1.B,1.0,1,99.0,1569,82.81516889738687,82.81516889738687,High density,Protein structure,protein_lddt_max,70,100.0
7usi__1__1.A__1.G,0.5,1,97.0,1583,85.20025268477575,85.20025268477575,High density,Protein structure,protein_lddt_max,70,50.0
7utw__1__1.A_1.B__1.C_1.E_1.F,1.0,2,100.0,618,95.72491909385113,95.72491909385113,High density,Protein structure,protein_lddt_max,70,100.0
7uum__1__1.A_2.A__1.B_1.C,0.5,2,98.0,12,97.0,97.0,Low density,Protein structure,protein_lddt_max,70,50.0
7uw2__1__1.A__1.C,1.0,1,100.0,1266,76.59320695102686,76.59320695102686,High density,Protein structure,protein_lddt_max,70,100.0
7uw4__1__1.A__1.C,1.0,1,100.0,1292,76.66718266253869,76.66718266253869,High density,Protein structure,protein_lddt_max,70,100.0
7uy0__1__1.A__1.E,1.0,1,90.0,1929,74.0938310005184,74.0938310005184,High density,Protein structure,protein_lddt_max,70,100.0
7uy1__1__1.A__1.C_1.D,0.5,2,99.0,166,96.53012048192771,96.53012048192771,Low density,Protein structure,protein_lddt_max,70,50.0
7uy4__1__1.A__1.C_1.D_1.E_1.F,0.375,2,84.0,18,80.22222222222223,80.22222222222223,Low density,Protein structure,protein_lddt_max,70,37.5
7uyf__1__1.A__1.C_1.D,0.5,2,99.0,168,96.32142857142857,96.32142857142857,Low density,Protein structure,protein_lddt_max,70,50.0
7v04__1__1.A__1.B_1.C_1.D,1.0,1,97.0,343,92.71137026239067,92.71137026239067,High density,Protein structure,protein_lddt_max,70,100.0
7v0h__1__1.B__1.N_1.P,0.5,2,86.0,4876,76.5135356849877,76.5135356849877,High density,Protein structure,protein_lddt_max,70,50.0
7v13__1__1.A__1.C,1.0,1,100.0,2517,79.8772348033373,79.8772348033373,High density,Protein structure,protein_lddt_max,70,100.0
7v16__1__1.A__1.C,1.0,1,100.0,2512,79.78980891719745,79.78980891719745,High density,Protein structure,protein_lddt_max,70,100.0
7v17__1__1.A__1.C,1.0,1,100.0,2513,79.841623557501,79.841623557501,High density,Protein structure,protein_lddt_max,70,100.0
7v18__1__1.A__1.C,0.75,1,100.0,2519,80.06351726875744,80.06351726875744,High density,Protein structure,protein_lddt_max,70,75.0
7v1o__1__1.A__1.D,0.5,1,77.0,121,74.8099173553719,74.8099173553719,Low density,Protein structure,protein_lddt_max,70,50.0
7v34__1__1.A__1.C_1.D_1.G,0.5,2,58.0,0,,58.0,No neighbours,Protein structure,protein_lddt_max,70,50.0
7v3d__1__1.A_1.B__1.F,1.0,1,96.0,402,87.31343283582089,87.31343283582089,High density,Protein structure,protein_lddt_max,70,100.0
7v3s__1__1.A__1.B,1.0,1,100.0,2495,75.6496993987976,75.6496993987976,High density,Protein structure,protein_lddt_max,70,100.0
7v6x__1__1.A__1.B_1.C,0.0,1,99.0,34,93.52941176470588,93.52941176470588,Low density,Protein structure,protein_lddt_max,70,0.0
7v9d__1__2.A__2.B_2.C_2.G,1.0,1,99.0,240,89.93333333333334,89.93333333333334,Low density,Protein structure,protein_lddt_max,70,100.0
7va2__1__1.A__1.D_1.E,0.0,1,92.0,26,89.07692307692308,89.07692307692308,Low density,Protein structure,protein_lddt_max,70,0.0
7vb3__1__1.A_1.B__1.R_1.T_1.U,1.0,1,77.0,162,70.40123456790124,70.40123456790124,Low density,Protein structure,protein_lddt_max,70,100.0
7vb6__1__1.A_1.B__1.E_1.G_1.I,0.5,2,78.0,356,70.53932584269663,70.53932584269663,High density,Protein structure,protein_lddt_max,70,50.0
7vbt__1__1.B__1.D,0.0,1,95.0,16,87.375,87.375,Low density,Protein structure,protein_lddt_max,70,0.0
7vbv__1__1.B__1.N,0.25,1,96.0,177,83.73446327683615,83.73446327683615,Low density,Protein structure,protein_lddt_max,70,25.0
7vdp__1__1.A__1.E_1.F,1.0,1,97.0,1345,74.72044609665427,74.72044609665427,High density,Protein structure,protein_lddt_max,70,100.0
7vdq__1__1.A__1.E,1.0,1,96.0,1250,75.4504,75.4504,High density,Protein structure,protein_lddt_max,70,100.0
7vdr__1__1.A__1.E_1.F_1.N,1.0,1,97.0,1242,75.09661835748793,75.09661835748793,High density,Protein structure,protein_lddt_max,70,100.0
7vds__1__1.A__1.E,0.75,1,96.0,1341,75.28113348247577,75.28113348247577,High density,Protein structure,protein_lddt_max,70,75.0
7vej__1__1.A__1.C_1.F_1.G,0.5,2,97.0,8,81.25,81.25,Low density,Protein structure,protein_lddt_max,70,50.0
7vem__1__1.A_1.B__1.C_1.D,0.75,1,71.0,26,70.03846153846153,70.03846153846153,Low density,Protein structure,protein_lddt_max,70,75.0
7vez__1__1.A_1.D__1.E,0.25,1,97.0,80,90.0375,90.0375,Low density,Protein structure,protein_lddt_max,70,25.0
7vf6__1__1.B__1.H_1.J,0.75,1,71.0,6,70.66666666666667,70.66666666666667,Low density,Protein structure,protein_lddt_max,70,75.0
7vhy__1__1.A__1.F,1.0,1,97.0,31,92.93548387096774,92.93548387096774,Low density,Protein structure,protein_lddt_max,70,100.0
7vhz__1__1.A__1.F,1.0,1,96.0,31,92.35483870967742,92.35483870967742,Low density,Protein structure,protein_lddt_max,70,100.0
7vi0__1__1.A__1.F,0.75,1,96.0,31,92.25806451612904,92.25806451612904,Low density,Protein structure,protein_lddt_max,70,75.0
7vi7__1__1.A__1.C,0.0,1,72.0,15,70.53333333333333,70.53333333333333,Low density,Protein structure,protein_lddt_max,70,0.0
7vjt__1__1.A__1.C,1.0,1,92.0,11,90.36363636363636,90.36363636363636,Low density,Protein structure,protein_lddt_max,70,100.0
7vkf__1__1.A__1.B_1.C,0.625,2,99.0,358,78.23463687150839,78.23463687150839,High density,Protein structure,protein_lddt_max,70,62.5
7vkg__1__1.A__1.B,0.75,1,99.0,79,87.86075949367088,87.86075949367088,Low density,Protein structure,protein_lddt_max,70,75.0
7vkh__1__1.A__1.C,0.75,1,98.0,81,87.38271604938272,87.38271604938272,Low density,Protein structure,protein_lddt_max,70,75.0
7vm0__1__1.A__1.C_1.D,0.75,1,72.0,5,71.4,71.4,Low density,Protein structure,protein_lddt_max,70,75.0
7vm7__1__1.A__1.B,0.75,1,99.0,2463,77.00893219650833,77.00893219650833,High density,Protein structure,protein_lddt_max,70,75.0
7vmy__1__1.A__1.C_1.D_1.E,0.0,1,83.0,5,82.2,82.2,Low density,Protein structure,protein_lddt_max,70,0.0
7vnh__1__1.A__1.C,0.25,1,80.0,26,76.57692307692308,76.57692307692308,Low density,Protein structure,protein_lddt_max,70,25.0
7vns__1__1.A_2.A__2.C,0.0,1,96.0,22,84.95454545454545,84.95454545454545,Low density,Protein structure,protein_lddt_max,70,0.0
7vo5__1__1.A__1.B,0.0,1,70.0,3,70.0,70.0,Low density,Protein structure,protein_lddt_max,70,0.0
7voc__1__1.A__1.B_1.D_1.E,0.75,2,55.0,0,,55.0,No neighbours,Protein structure,protein_lddt_max,70,75.0
7vpe__1__1.A__1.B,0.0,1,70.0,2,70.0,70.0,Low density,Protein structure,protein_lddt_max,70,0.0
7vq9__1__1.A_1.B__1.I_1.J_1.K,0.375,2,98.0,126,78.85714285714286,78.85714285714286,Low density,Protein structure,protein_lddt_max,70,37.5
7vqb__1__1.A_1.B__1.H_1.I_1.J,0.875,2,97.0,114,79.3859649122807,79.3859649122807,Low density,Protein structure,protein_lddt_max,70,87.5
7vqp__1__1.A__1.C,1.0,1,100.0,830,80.06385542168675,80.06385542168675,High density,Protein structure,protein_lddt_max,70,100.0
7vqt__1__1.A__1.G_1.H,0.5,2,99.0,235,91.73617021276596,91.73617021276596,Low density,Protein structure,protein_lddt_max,70,50.0
7vqu__1__1.A__1.G_1.H,0.5,2,99.0,235,92.14893617021276,92.14893617021276,Low density,Protein structure,protein_lddt_max,70,50.0
7vre__1__1.A__1.B,1.0,1,96.0,2241,75.8603302097278,75.8603302097278,High density,Protein structure,protein_lddt_max,70,100.0
7vrh__1__1.A__1.D,0.0,1,99.0,1579,84.43128562381254,84.43128562381254,High density,Protein structure,protein_lddt_max,70,0.0
7vsl__1__1.A__1.D,0.75,1,100.0,874,76.23569794050343,76.23569794050343,High density,Protein structure,protein_lddt_max,70,75.0
7vte__1__1.A__1.F,1.0,1,77.0,33,74.12121212121212,74.12121212121212,Low density,Protein structure,protein_lddt_max,70,100.0
7vtf__1__1.A_1.B__1.F,0.75,1,77.0,35,74.8,74.8,Low density,Protein structure,protein_lddt_max,70,75.0
7vtg__1__1.A__1.E,1.0,1,76.0,29,74.82758620689656,74.82758620689656,Low density,Protein structure,protein_lddt_max,70,100.0
7vve__1__1.A__1.D_1.H,0.0,1,90.0,5,85.0,85.0,Low density,Protein structure,protein_lddt_max,70,0.0
7vvt__1__1.A__1.C,0.0,1,100.0,889,96.13610798650168,96.13610798650168,High density,Protein structure,protein_lddt_max,70,0.0
7vwe__1__1.A__1.D,1.0,1,98.0,688,87.75436046511628,87.75436046511628,High density,Protein structure,protein_lddt_max,70,100.0
7vwf__1__1.A_1.B__1.C_1.E,0.5,2,99.0,1485,86.97373737373738,86.97373737373738,High density,Protein structure,protein_lddt_max,70,50.0
7vwg__1__1.A__1.D,1.0,1,98.0,703,87.7724039829303,87.7724039829303,High density,Protein structure,protein_lddt_max,70,100.0
7vwh__1__1.B__1.F,1.0,1,99.0,730,87.40273972602739,87.40273972602739,High density,Protein structure,protein_lddt_max,70,100.0
7w0g__1__1.B__1.D,1.0,1,97.0,740,86.03513513513514,86.03513513513514,High density,Protein structure,protein_lddt_max,70,100.0
7w15__1__1.A__1.C_1.D_1.E_1.F,0.375,2,84.0,80,82.275,82.275,Low density,Protein structure,protein_lddt_max,70,37.5
7w1i__1__1.A__1.B,0.0,1,69.0,0,,69.0,No neighbours,Protein structure,protein_lddt_max,70,0.0
7w2d__1__1.B__1.R,0.0,1,94.0,15,91.93333333333334,91.93333333333334,Low density,Protein structure,protein_lddt_max,70,0.0
7w2f__1__1.A__1.M,0.25,1,93.0,15,90.86666666666666,90.86666666666666,Low density,Protein structure,protein_lddt_max,70,25.0
7w3l__1__1.A__1.B_1.C_1.J,0.5,2,100.0,235,92.06382978723404,92.06382978723404,Low density,Protein structure,protein_lddt_max,70,50.0
7w3p__1__1.A__1.C,0.25,1,98.0,953,78.24344176285415,78.24344176285415,High density,Protein structure,protein_lddt_max,70,25.0
7w41__1__1.A__1.B,0.0,1,88.0,42,80.38095238095238,80.38095238095238,Low density,Protein structure,protein_lddt_max,70,0.0
7w4x__1__1.A__1.C_1.D_1.E,0.5,1,100.0,957,84.65099268547544,84.65099268547544,High density,Protein structure,protein_lddt_max,70,50.0
7w4y__1__1.A__1.E,0.75,1,100.0,957,84.46290491118077,84.46290491118077,High density,Protein structure,protein_lddt_max,70,75.0
7w6f__1__1.A_1.B__1.C,0.75,1,90.0,8,85.875,85.875,Low density,Protein structure,protein_lddt_max,70,75.0
7w8v__1__1.A__1.B_1.D,0.75,2,93.0,18,81.11111111111111,81.11111111111111,Low density,Protein structure,protein_lddt_max,70,75.0
7w9z__1__1.B__1.F_1.G,1.0,1,80.0,16,74.0625,74.0625,Low density,Protein structure,protein_lddt_max,70,100.0
7wbs__1__1.A_1.B__1.D,0.75,1,100.0,868,96.48847926267281,96.48847926267281,High density,Protein structure,protein_lddt_max,70,75.0
7wc6__1__1.A__1.F,1.0,1,95.0,809,78.73423980222496,78.73423980222496,High density,Protein structure,protein_lddt_max,70,100.0
7wc7__1__1.A__1.M,0.75,1,95.0,823,79.26609963547995,79.26609963547995,High density,Protein structure,protein_lddt_max,70,75.0
7wc8__1__1.A__1.H,0.25,1,95.0,827,79.11003627569528,79.11003627569528,High density,Protein structure,protein_lddt_max,70,25.0
7wcf__1__1.A__1.B_1.C_1.D,0.75,1,59.0,0,,59.0,No neighbours,Protein structure,protein_lddt_max,70,75.0
7wcl__1__1.A__1.C,1.0,1,99.0,2203,74.14525646845212,74.14525646845212,High density,Protein structure,protein_lddt_max,70,100.0
7wcv__1__1.A__1.B_1.C_1.D,1.0,2,99.0,46,96.0,96.0,Low density,Protein structure,protein_lddt_max,70,100.0
7wdp__1__1.A__1.B_1.C,0.25,2,90.0,1692,79.69503546099291,79.69503546099291,High density,Protein structure,protein_lddt_max,70,25.0
7wdt__1__1.A__1.B,0.75,1,94.0,1,94.0,94.0,Low density,Protein structure,protein_lddt_max,70,75.0
7wdt__1__1.A__1.C,0.0,1,94.0,1,94.0,94.0,Low density,Protein structure,protein_lddt_max,70,0.0
7wdu__1__1.A__1.C,0.0,1,94.0,1,94.0,94.0,Low density,Protein structure,protein_lddt_max,70,0.0
7wdv__1__1.A__1.B_1.C,0.5,2,90.0,1696,80.01002358490567,80.01002358490567,High density,Protein structure,protein_lddt_max,70,50.0
7wew__1__1.A__1.K,0.75,1,74.0,23,71.04347826086956,71.04347826086956,Low density,Protein structure,protein_lddt_max,70,75.0
7wf5__1__1.A__1.C,1.0,1,99.0,2612,78.91577335375192,78.91577335375192,High density,Protein structure,protein_lddt_max,70,100.0
7wgl__1__1.A__1.D,1.0,1,99.0,706,87.94475920679886,87.94475920679886,High density,Protein structure,protein_lddt_max,70,100.0
7wgn__1__1.A__1.B,0.25,1,97.0,703,87.74537695590327,87.74537695590327,High density,Protein structure,protein_lddt_max,70,25.0
7wgo__1__1.A__1.C,0.0,1,95.0,715,87.38741258741258,87.38741258741258,High density,Protein structure,protein_lddt_max,70,0.0
7wgq__1__1.A__1.C,0.75,1,94.0,687,87.76128093158661,87.76128093158661,High density,Protein structure,protein_lddt_max,70,75.0
7wjs__1__1.A__1.D_1.G,1.0,1,99.0,1656,85.76086956521739,85.76086956521739,High density,Protein structure,protein_lddt_max,70,100.0
7wl4__1__1.A__1.E_1.F,0.25,2,98.0,2782,82.92056074766356,82.92056074766356,High density,Protein structure,protein_lddt_max,70,25.0
7wlx__1__1.A__1.C,0.0,1,96.0,466,74.78111587982832,74.78111587982832,High density,Protein structure,protein_lddt_max,70,0.0
7wmf__1__1.A__1.C_1.E,0.5,1,100.0,66,90.13636363636364,90.13636363636364,Low density,Protein structure,protein_lddt_max,70,50.0
7wmh__1__1.A__1.C,0.25,1,96.0,383,75.39164490861619,75.39164490861619,High density,Protein structure,protein_lddt_max,70,25.0
7wmi__1__1.B__1.F_1.G,0.25,1,99.0,66,90.25757575757575,90.25757575757575,Low density,Protein structure,protein_lddt_max,70,25.0
7wmj__1__1.A__1.C,0.0,1,96.0,457,75.10284463894968,75.10284463894968,High density,Protein structure,protein_lddt_max,70,0.0
7wmk__1__1.A__1.B_1.G,1.0,1,96.0,13,84.23076923076923,84.23076923076923,Low density,Protein structure,protein_lddt_max,70,100.0
7wmo__1__1.A__1.C,0.0,1,98.0,483,75.00207039337474,75.00207039337474,High density,Protein structure,protein_lddt_max,70,0.0
7wpx__1__1.A__1.B_1.C,0.25,2,95.0,222,75.32432432432432,75.32432432432432,Low density,Protein structure,protein_lddt_max,70,25.0
7wqm__1__1.A__1.C_1.D,0.5,2,100.0,1036,87.95945945945945,87.95945945945945,High density,Protein structure,protein_lddt_max,70,50.0
7wqs__1__1.A__1.C_1.D,0.5,2,99.0,1038,87.70520231213872,87.70520231213872,High density,Protein structure,protein_lddt_max,70,50.0
7wrg__1__1.A__1.C_1.D,1.0,1,77.0,128,71.1953125,71.1953125,Low density,Protein structure,protein_lddt_max,70,100.0
7wua__1__1.A__1.E_1.F_1.G,0.5,1,81.0,6,79.83333333333333,79.83333333333333,Low density,Protein structure,protein_lddt_max,70,50.0
7wuy__1__1.A_1.B__1.D_1.EA,0.5,2,73.0,114,72.54385964912281,72.54385964912281,Low density,Protein structure,protein_lddt_max,70,50.0
7wzv__1__1.A__1.C_1.E_1.F_1.K_1.O,0.75,2,53.0,0,,53.0,No neighbours,Protein structure,protein_lddt_max,70,75.0
7wzx__1__1.A__1.B_1.D_1.E_1.I,0.875,2,53.0,0,,53.0,No neighbours,Protein structure,protein_lddt_max,70,87.5
7x0b__1__1.A__1.C_1.E_1.N,1.0,1,51.0,0,,51.0,No neighbours,Protein structure,protein_lddt_max,70,100.0
7x1o__1__1.A__1.C_1.D,0.875,2,98.0,240,89.78333333333333,89.78333333333333,Low density,Protein structure,protein_lddt_max,70,87.5
7x2y__1__1.B__1.R_1.S,0.0,2,72.0,18,70.88888888888889,70.88888888888889,Low density,Protein structure,protein_lddt_max,70,0.0
7x3l__1__1.A__1.C_1.D,0.875,2,99.0,1036,87.03861003861005,87.03861003861005,High density,Protein structure,protein_lddt_max,70,87.5
7x3m__1__1.A__1.C_1.D,0.875,2,99.0,1036,87.56370656370656,87.56370656370656,High density,Protein structure,protein_lddt_max,70,87.5
7x3o__1__1.A__1.C_1.D,0.75,2,99.0,1036,87.07335907335907,87.07335907335907,High density,Protein structure,protein_lddt_max,70,75.0
7x4g__1__1.A__1.B_1.C_1.D,0.0,2,77.0,6,76.0,76.0,Low density,Protein structure,protein_lddt_max,70,0.0
7x4u__1__1.A__1.B,1.0,1,98.0,881,79.09761634506243,79.09761634506243,High density,Protein structure,protein_lddt_max,70,100.0
7x5w__1__2.A__2.B_2.C,0.5,1,99.0,34,93.3529411764706,93.3529411764706,Low density,Protein structure,protein_lddt_max,70,50.0
7x69__1__1.A__1.B_1.C,0.5,1,99.0,34,93.47058823529412,93.47058823529412,Low density,Protein structure,protein_lddt_max,70,50.0
7x7j__1__1.A__1.C_1.D,0.5,2,59.0,0,,59.0,No neighbours,Protein structure,protein_lddt_max,70,50.0
7x7k__1__1.A__1.C_1.D,0.5,2,58.0,0,,58.0,No neighbours,Protein structure,protein_lddt_max,70,50.0
7x7x__1__1.A__1.C,0.0,1,97.0,333,91.24024024024024,91.24024024024024,Low density,Protein structure,protein_lddt_max,70,0.0
7x81__1__1.A_1.B__1.D,0.0,1,75.0,7,73.0,73.0,Low density,Protein structure,protein_lddt_max,70,0.0
7x86__1__1.A_1.C__1.G,0.0,1,75.0,8,74.25,74.25,Low density,Protein structure,protein_lddt_max,70,0.0
7x9d__1__1.A__1.E,0.0,1,100.0,51,95.70588235294117,95.70588235294117,Low density,Protein structure,protein_lddt_max,70,0.0
7x9l__1__1.A__1.C_1.E_1.F,1.0,1,98.0,30,74.53333333333333,74.53333333333333,Low density,Protein structure,protein_lddt_max,70,100.0
7xaa__1__1.A__1.C_1.D_1.E,0.25,1,100.0,963,84.50467289719626,84.50467289719626,High density,Protein structure,protein_lddt_max,70,25.0
7xbb__1__1.A__1.C_1.D_1.E,0.75,1,100.0,963,84.52544132917964,84.52544132917964,High density,Protein structure,protein_lddt_max,70,75.0
7xbt__1__1.A__1.B_1.C,1.0,1,73.0,20,70.9,70.9,Low density,Protein structure,protein_lddt_max,70,100.0
7xbv__1__1.A__1.B,0.5,1,73.0,43,71.0,71.0,Low density,Protein structure,protein_lddt_max,70,50.0
7xdv__1__1.A__1.C_1.D,0.75,1,80.0,204,77.6078431372549,77.6078431372549,Low density,Protein structure,protein_lddt_max,70,75.0
7xdy__1__1.A__1.C_1.D,0.75,1,81.0,203,78.0935960591133,78.0935960591133,Low density,Protein structure,protein_lddt_max,70,75.0
7xef__1__1.A__1.E,0.0,1,98.0,41,89.65853658536585,89.65853658536585,Low density,Protein structure,protein_lddt_max,70,0.0
7xej__1__1.A_2.A__1.B,1.0,1,100.0,120,84.59166666666667,84.59166666666667,Low density,Protein structure,protein_lddt_max,70,100.0
7xek__1__1.A_2.A__1.B,1.0,1,99.0,102,87.00980392156863,87.00980392156863,Low density,Protein structure,protein_lddt_max,70,100.0
7xen__1__1.A_2.A__2.B,0.75,1,97.0,88,88.47727272727273,88.47727272727273,Low density,Protein structure,protein_lddt_max,70,75.0
7xep__1__1.A_2.A__1.E,1.0,1,99.0,132,83.1969696969697,83.1969696969697,Low density,Protein structure,protein_lddt_max,70,100.0
7xeq__1__1.A_2.A__2.D,1.0,1,99.0,141,80.47517730496453,80.47517730496453,Low density,Protein structure,protein_lddt_max,70,100.0
7xes__1__1.A_2.A__2.D,0.5,1,99.0,153,79.65359477124183,79.65359477124183,Low density,Protein structure,protein_lddt_max,70,50.0
7xet__1__1.A_2.A__1.B,1.0,1,100.0,92,89.01086956521739,89.01086956521739,Low density,Protein structure,protein_lddt_max,70,100.0
7xf7__1__1.A__1.B,0.0,1,99.0,261,91.8544061302682,91.8544061302682,Low density,Protein structure,protein_lddt_max,70,0.0
7xgi__1__1.A__1.B_1.C_1.D,0.625,2,100.0,370,94.31351351351351,94.31351351351351,High density,Protein structure,protein_lddt_max,70,62.5
7xh6__1__1.A__1.E,1.0,1,100.0,1654,82.62091898428054,82.62091898428054,High density,Protein structure,protein_lddt_max,70,100.0
7xhh__1__1.B__1.D,0.25,1,98.0,34,95.58823529411765,95.58823529411765,Low density,Protein structure,protein_lddt_max,70,25.0
7xhq__1__1.A__1.C,0.75,1,98.0,438,76.29223744292237,76.29223744292237,High density,Protein structure,protein_lddt_max,70,75.0
7xhy__1__1.A__1.B_1.G,1.0,1,97.0,2748,77.81914119359534,77.81914119359534,High density,Protein structure,protein_lddt_max,70,100.0
7xi7__1__1.A__1.B,1.0,1,99.0,300,81.33666666666667,81.33666666666667,Low density,Protein structure,protein_lddt_max,70,100.0
7xis__1__1.A__1.B_1.C_1.D,0.0,1,92.0,427,80.4847775175644,80.4847775175644,High density,Protein structure,protein_lddt_max,70,0.0
7xjb__1__1.A__1.E_1.F_1.G,0.625,2,98.0,374,92.67379679144385,92.67379679144385,High density,Protein structure,protein_lddt_max,70,62.5
7xk9__1__1.A__1.C,1.0,1,98.0,715,82.96363636363637,82.96363636363637,High density,Protein structure,protein_lddt_max,70,100.0
7xka__1__1.A__1.C,1.0,1,98.0,732,82.81967213114754,82.81967213114754,High density,Protein structure,protein_lddt_max,70,100.0
7xlp__1__1.A__1.B,1.0,1,98.0,169,88.36094674556213,88.36094674556213,Low density,Protein structure,protein_lddt_max,70,100.0
7xmk__1__1.A__1.D,1.0,1,96.0,413,72.36077481840194,72.36077481840194,High density,Protein structure,protein_lddt_max,70,100.0
7xnc__1__1.A__1.B,0.75,1,99.0,169,88.72781065088758,88.72781065088758,Low density,Protein structure,protein_lddt_max,70,75.0
7xoz__1__1.B__1.F,0.0,1,94.0,7,91.57142857142857,91.57142857142857,Low density,Protein structure,protein_lddt_max,70,0.0
7xpo__1__1.B__1.H,0.75,1,92.0,196,80.02551020408163,80.02551020408163,Low density,Protein structure,protein_lddt_max,70,75.0
7xqv__1__1.A__1.D_1.E,1.0,1,98.0,1956,80.08640081799591,80.08640081799591,High density,Protein structure,protein_lddt_max,70,100.0
7xqz__1__1.A__1.B_1.C_1.D,0.0,1,61.0,0,,61.0,No neighbours,Protein structure,protein_lddt_max,70,0.0
7xr7__1__1.A__1.B_1.C_1.D,0.25,1,60.0,0,,60.0,No neighbours,Protein structure,protein_lddt_max,70,25.0
7xrr__1__1.A__1.B,0.25,1,92.0,261,73.19540229885058,73.19540229885058,Low density,Protein structure,protein_lddt_max,70,25.0
7xsv__1__1.A__1.B,1.0,1,97.0,401,82.77057356608479,82.77057356608479,High density,Protein structure,protein_lddt_max,70,100.0
7xua__1__1.B__1.N,0.25,1,98.0,148,92.94594594594595,92.94594594594595,Low density,Protein structure,protein_lddt_max,70,25.0
7xuc__1__1.A__1.H,0.0,1,96.0,146,91.3972602739726,91.3972602739726,Low density,Protein structure,protein_lddt_max,70,0.0
7xvh__1__2.A__2.B_2.C,1.0,1,99.0,34,93.38235294117646,93.38235294117646,Low density,Protein structure,protein_lddt_max,70,100.0
7xw8__1__1.A__1.E_1.F,0.5,2,99.0,237,92.10548523206751,92.10548523206751,Low density,Protein structure,protein_lddt_max,70,50.0
7xyj__1__1.A_1.B__1.E_1.F,1.0,1,99.0,998,89.0190380761523,89.0190380761523,High density,Protein structure,protein_lddt_max,70,100.0
7xzr__1__1.A_1.C__1.E_1.F,0.0,1,94.0,365,74.20821917808219,74.20821917808219,High density,Protein structure,protein_lddt_max,70,0.0
7y02__1__1.A__1.B_1.C,0.0,2,99.0,746,82.89812332439678,82.89812332439678,High density,Protein structure,protein_lddt_max,70,0.0
7y03__1__1.A__1.B_1.C,0.125,2,99.0,746,82.94906166219839,82.94906166219839,High density,Protein structure,protein_lddt_max,70,12.5
7y06__1__1.A__1.B_1.C,0.125,2,100.0,750,83.07733333333333,83.07733333333333,High density,Protein structure,protein_lddt_max,70,12.5
7y0f__1__1.B__1.G,0.25,1,95.0,2428,75.87273476112027,75.87273476112027,High density,Protein structure,protein_lddt_max,70,25.0
7y1h__1__1.B__1.H_1.I_1.K_1.L,0.75,1,99.0,240,90.0,90.0,Low density,Protein structure,protein_lddt_max,70,75.0
7y3s__1__1.B__1.G_1.H_1.J_1.K,1.0,1,99.0,240,89.54166666666667,89.54166666666667,Low density,Protein structure,protein_lddt_max,70,100.0
7y4a__1__1.A__1.I_1.J_1.K,1.0,1,95.0,1922,78.60197710718002,78.60197710718002,High density,Protein structure,protein_lddt_max,70,100.0
7y4u__1__1.A__1.B,0.0,1,96.0,2263,75.29032258064517,75.29032258064517,High density,Protein structure,protein_lddt_max,70,0.0
7y88__1__1.A__1.B_1.C_1.D,0.5,1,75.0,4,74.5,74.5,Low density,Protein structure,protein_lddt_max,70,50.0
7ya4__1__1.A__1.E_1.F,1.0,1,98.0,81,84.44444444444444,84.44444444444444,Low density,Protein structure,protein_lddt_max,70,100.0
7ycc__1__1.A__1.D_1.E_1.F,0.875,2,97.0,4077,84.00024527839098,84.00024527839098,High density,Protein structure,protein_lddt_max,70,87.5
7yce__1__1.A__1.B_1.C_1.D_1.E,0.75,2,95.0,4073,83.7886079057206,83.7886079057206,High density,Protein structure,protein_lddt_max,70,75.0
7yd2__1__1.A_1.B__1.K,0.0,1,72.0,2,72.0,72.0,Low density,Protein structure,protein_lddt_max,70,0.0
7ydx__1__2.B__2.H,1.0,1,95.0,293,72.66211604095564,72.66211604095564,Low density,Protein structure,protein_lddt_max,70,100.0
7yh9__1__1.A__1.G_1.H_1.I,0.0,1,99.0,366,81.95081967213115,81.95081967213115,High density,Protein structure,protein_lddt_max,70,0.0
7yha__1__1.A__1.E_1.F_1.G_1.H,0.0,2,99.0,732,81.5846994535519,81.5846994535519,High density,Protein structure,protein_lddt_max,70,0.0
7yhb__1__1.A__1.C_1.D_1.E,0.0,1,100.0,366,83.01092896174863,83.01092896174863,High density,Protein structure,protein_lddt_max,70,0.0
7yhc__1__1.A__1.I_1.J_1.K,0.0,1,100.0,366,83.20765027322405,83.20765027322405,High density,Protein structure,protein_lddt_max,70,0.0
7yj9__1__1.A_2.A__2.B,0.25,1,96.0,79,90.11392405063292,90.11392405063292,Low density,Protein structure,protein_lddt_max,70,25.0
7yja__1__1.A_1.B__1.E,0.0,1,95.0,79,89.87341772151899,89.87341772151899,Low density,Protein structure,protein_lddt_max,70,0.0
7yjb__1__1.A_2.A__2.B,0.0,1,95.0,78,90.23076923076923,90.23076923076923,Low density,Protein structure,protein_lddt_max,70,0.0
7yop__1__1.A_1.B__1.E,0.0,1,92.0,104,86.02884615384616,86.02884615384616,Low density,Protein structure,protein_lddt_max,70,0.0
7yp5__1__1.B__1.J_1.K,0.0,1,80.0,4,77.5,77.5,Low density,Protein structure,protein_lddt_max,70,0.0
7yp6__1__1.A__1.D_1.E_1.L,0.0,1,79.0,4,77.25,77.25,Low density,Protein structure,protein_lddt_max,70,0.0
7yqf__1__1.B__1.J_1.K,0.75,1,99.0,961,85.13839750260146,85.13839750260146,High density,Protein structure,protein_lddt_max,70,75.0
7ys8__1__1.B__1.E_1.F,1.0,1,88.0,413,74.17191283292978,74.17191283292978,High density,Protein structure,protein_lddt_max,70,100.0
7ysx__1__1.B__1.J,1.0,1,99.0,960,85.01458333333333,85.01458333333333,High density,Protein structure,protein_lddt_max,70,100.0
7yxd__1__1.A__1.I,1.0,1,97.0,965,76.99378238341968,76.99378238341968,High density,Protein structure,protein_lddt_max,70,100.0
7yxe__1__1.A__1.C,1.0,1,99.0,122,79.38524590163935,79.38524590163935,Low density,Protein structure,protein_lddt_max,70,100.0
7yzs__1__1.A__1.B,0.5,1,81.0,31,78.41935483870968,78.41935483870968,Low density,Protein structure,protein_lddt_max,70,50.0
7yzu__1__1.A__1.B,1.0,1,82.0,31,78.70967741935483,78.70967741935483,Low density,Protein structure,protein_lddt_max,70,100.0
7z0w__1__1.A_1.B__1.J_1.K,0.5,2,99.0,80,90.95,90.95,Low density,Protein structure,protein_lddt_max,70,50.0
7z1g__1__1.A__1.B_1.D,1.0,1,97.0,413,79.37530266343826,79.37530266343826,High density,Protein structure,protein_lddt_max,70,100.0
7z1r__1__1.A_2.A__1.B,0.25,1,99.0,137,83.99270072992701,83.99270072992701,Low density,Protein structure,protein_lddt_max,70,25.0
7z1v__1__1.A__1.C,1.0,1,100.0,104,86.76923076923077,86.76923076923077,Low density,Protein structure,protein_lddt_max,70,100.0
7z1w__1__1.A__1.C,1.0,1,100.0,105,86.93333333333334,86.93333333333334,Low density,Protein structure,protein_lddt_max,70,100.0
7z2q__1__1.A__1.C,1.0,1,99.0,104,87.08653846153847,87.08653846153847,Low density,Protein structure,protein_lddt_max,70,100.0
7z39__1__1.A__1.C,0.0,1,99.0,598,88.4933110367893,88.4933110367893,High density,Protein structure,protein_lddt_max,70,0.0
7z3k__1__1.A__1.D_1.DA_1.E_1.F_1.P,0.5,1,98.0,790,84.58481012658228,84.58481012658228,High density,Protein structure,protein_lddt_max,70,50.0
7z3y__1__1.A__1.D,0.5,1,99.0,24,94.20833333333333,94.20833333333333,Low density,Protein structure,protein_lddt_max,70,50.0
7z41__1__1.A__1.C,0.75,1,99.0,101,87.00990099009901,87.00990099009901,Low density,Protein structure,protein_lddt_max,70,75.0
7z57__1__1.A__1.B_1.C_1.J,0.0,2,99.0,664,88.76204819277109,88.76204819277109,High density,Protein structure,protein_lddt_max,70,0.0
7z5b__1__1.A__1.D,0.75,1,99.0,24,93.70833333333333,93.70833333333333,Low density,Protein structure,protein_lddt_max,70,75.0
7z5n__1__1.A__1.I_1.L_1.M,1.0,1,98.0,345,84.79130434782608,84.79130434782608,High density,Protein structure,protein_lddt_max,70,100.0
7z5u__1__1.A__1.B_1.C,0.5,1,95.0,6,90.66666666666667,90.66666666666667,Low density,Protein structure,protein_lddt_max,70,50.0
7z5x__1__1.A__1.C,1.0,1,96.0,2632,78.49544072948328,78.49544072948328,High density,Protein structure,protein_lddt_max,70,100.0
7z62__1__2.A_2.B__2.C_2.D,0.0,1,100.0,189,95.48677248677248,95.48677248677248,Low density,Protein structure,protein_lddt_max,70,0.0
7z63__1__1.A__1.E_1.F,0.5,1,100.0,189,94.56084656084656,94.56084656084656,Low density,Protein structure,protein_lddt_max,70,50.0
7z6c__1__1.A__1.B_1.C_1.D,0.5833333333333334,3,99.0,696,90.60775862068965,90.60775862068965,High density,Protein structure,protein_lddt_max,70,58.333333333333336
7z6z__1__1.A__1.H_1.I_1.J_1.O_1.Y,0.75,1,100.0,735,86.70204081632653,86.70204081632653,High density,Protein structure,protein_lddt_max,70,75.0
7z70__1__1.A__1.C_1.E_1.L,1.0,1,99.0,735,86.72789115646259,86.72789115646259,High density,Protein structure,protein_lddt_max,70,100.0
7z74__1__1.A__1.B_1.C,0.5,1,71.0,62,70.2258064516129,70.2258064516129,Low density,Protein structure,protein_lddt_max,70,50.0
7z78__1__1.A__1.D,1.0,1,97.0,1348,75.79747774480713,75.79747774480713,High density,Protein structure,protein_lddt_max,70,100.0
7z9t__1__1.A__1.C,0.5,1,93.0,824,82.68446601941747,82.68446601941747,High density,Protein structure,protein_lddt_max,70,50.0
7za0__1__1.A__1.B,0.25,1,99.0,49,96.89795918367346,96.89795918367346,Low density,Protein structure,protein_lddt_max,70,25.0
7zaa__1__1.A__1.C,1.0,1,99.0,1320,83.09924242424242,83.09924242424242,High density,Protein structure,protein_lddt_max,70,100.0
7zbv__1__1.A__1.B_1.E,0.0,1,96.0,6,90.0,90.0,Low density,Protein structure,protein_lddt_max,70,0.0
7zeg__1__1.A__1.C,0.5,1,89.0,11,84.9090909090909,84.9090909090909,Low density,Protein structure,protein_lddt_max,70,50.0
7zej__1__1.A_2.B__1.C_1.D,0.625,2,100.0,118,78.59322033898304,78.59322033898304,Low density,Protein structure,protein_lddt_max,70,62.5
7zer__1__1.A__1.B_1.C,1.0,1,70.0,5,70.0,70.0,Low density,Protein structure,protein_lddt_max,70,100.0
7zf0__1__1.A__1.B_1.C_1.I_1.J_1.K,1.0,1,70.0,12,70.0,70.0,Low density,Protein structure,protein_lddt_max,70,100.0
7zfv__1__1.A__1.C,0.0,1,99.0,1314,83.74429223744292,83.74429223744292,High density,Protein structure,protein_lddt_max,70,0.0
7zg9__1__1.A__1.C,0.0,1,95.0,1,95.0,95.0,Low density,Protein structure,protein_lddt_max,70,0.0
7zgb__1__1.A__1.B,0.5,1,97.0,1,97.0,97.0,Low density,Protein structure,protein_lddt_max,70,50.0
7zgc__1__1.A__1.B,0.25,1,99.0,1,99.0,99.0,Low density,Protein structure,protein_lddt_max,70,25.0
7zgd__1__1.A__1.B,0.25,1,99.0,1,99.0,99.0,Low density,Protein structure,protein_lddt_max,70,25.0
7zhf__1__1.A_2.A__1.B_1.C,0.75,1,75.0,18,72.11111111111111,72.11111111111111,Low density,Protein structure,protein_lddt_max,70,75.0
7zi0__1__1.A__1.C,0.25,1,99.0,453,84.24724061810154,84.24724061810154,High density,Protein structure,protein_lddt_max,70,25.0
7zif__1__1.A__1.B_1.C,0.0,1,95.0,58,89.10344827586206,89.10344827586206,Low density,Protein structure,protein_lddt_max,70,0.0
7zig__1__1.A__1.B_1.C,0.25,1,96.0,58,90.25862068965517,90.25862068965517,Low density,Protein structure,protein_lddt_max,70,25.0
7zih__1__1.A__1.B_1.C,0.25,1,95.0,58,89.75862068965517,89.75862068965517,Low density,Protein structure,protein_lddt_max,70,25.0
7zii__1__1.A__1.B_1.C,0.25,1,96.0,58,90.34482758620689,90.34482758620689,Low density,Protein structure,protein_lddt_max,70,25.0
7zij__1__1.A__1.B_1.C,0.25,1,96.0,60,89.73333333333333,89.73333333333333,Low density,Protein structure,protein_lddt_max,70,25.0
7zik__1__1.A__1.D,0.5,1,99.0,58,91.36206896551724,91.36206896551724,Low density,Protein structure,protein_lddt_max,70,50.0
7ziy__1__1.A__1.C,0.75,1,100.0,52,92.40384615384616,92.40384615384616,Low density,Protein structure,protein_lddt_max,70,75.0
7zj0__1__1.A__1.C,0.5,1,100.0,52,92.82692307692308,92.82692307692308,Low density,Protein structure,protein_lddt_max,70,50.0
7zjp__1__1.A__1.C,1.0,1,91.0,38,87.23684210526316,87.23684210526316,Low density,Protein structure,protein_lddt_max,70,100.0
7zjq__1__1.A__1.E,0.75,1,95.0,38,88.36842105263158,88.36842105263158,Low density,Protein structure,protein_lddt_max,70,75.0
7zks__1__1.A__1.B,0.25,1,99.0,302,73.29470198675497,73.29470198675497,Low density,Protein structure,protein_lddt_max,70,25.0
7zkx__1__1.A__1.B_1.L,0.0,1,98.0,325,74.79384615384615,74.79384615384615,Low density,Protein structure,protein_lddt_max,70,0.0
7zl5__1__1.A__1.C_1.D_1.E,0.75,1,100.0,1292,88.75154798761609,88.75154798761609,High density,Protein structure,protein_lddt_max,70,75.0
7zo2__1__2.A__2.B_2.C_2.F,0.0,1,100.0,123,96.86178861788618,96.86178861788618,Low density,Protein structure,protein_lddt_max,70,0.0
7zo3__1__2.A__2.B_2.C_2.G,0.0,1,100.0,123,96.96747967479675,96.96747967479675,Low density,Protein structure,protein_lddt_max,70,0.0
7zo4__1__1.A__1.B_1.C_1.G,0.5,1,100.0,123,96.92682926829268,96.92682926829268,Low density,Protein structure,protein_lddt_max,70,50.0
7zsm__1__1.A_2.A__1.B,1.0,1,97.0,379,87.26385224274406,87.26385224274406,High density,Protein structure,protein_lddt_max,70,100.0
7zso__1__1.A_1.C__1.S,0.25,1,97.0,385,87.26233766233766,87.26233766233766,High density,Protein structure,protein_lddt_max,70,25.0
7zsq__1__1.B_1.C__1.G_1.I,0.75,1,93.0,376,75.01329787234043,75.01329787234043,High density,Protein structure,protein_lddt_max,70,75.0
7zst__1__1.B_1.C__1.H,0.0,1,97.0,295,75.52881355932203,75.52881355932203,Low density,Protein structure,protein_lddt_max,70,0.0
7zwb__1__1.A__1.D,0.0,1,100.0,1294,94.88485316846986,94.88485316846986,High density,Protein structure,protein_lddt_max,70,0.0
7zxw__1__1.A__1.C_1.D_1.G,0.5,1,99.0,52,91.0,91.0,Low density,Protein structure,protein_lddt_max,70,50.0
7zxz__1__2.A_2.B__2.E,0.0,1,100.0,1126,89.27175843694494,89.27175843694494,High density,Protein structure,protein_lddt_max,70,0.0
7zym__1__1.A__1.B,0.75,1,94.0,2056,75.38083657587549,75.38083657587549,High density,Protein structure,protein_lddt_max,70,75.0
7zyn__1__1.A__1.B,0.75,1,97.0,2206,75.9274705349048,75.9274705349048,High density,Protein structure,protein_lddt_max,70,75.0
7zzs__1__1.A__1.D_1.J_1.L,0.625,2,100.0,674,85.47477744807122,85.47477744807122,High density,Protein structure,protein_lddt_max,70,62.5
7zzt__1__1.A__1.D_1.J,0.75,1,100.0,339,85.26253687315634,85.26253687315634,High density,Protein structure,protein_lddt_max,70,75.0
7zzu__1__1.A__1.M_1.P,0.5,1,100.0,355,84.72957746478873,84.72957746478873,High density,Protein structure,protein_lddt_max,70,50.0
7zzw__1__1.A__1.I_1.L,0.75,1,100.0,333,85.46846846846847,85.46846846846847,Low density,Protein structure,protein_lddt_max,70,75.0
8a0b__1__1.A__1.D_1.H,0.75,1,100.0,335,85.74029850746268,85.74029850746268,High density,Protein structure,protein_lddt_max,70,75.0
8a0t__1__1.A__1.C,0.0,1,100.0,135,96.8,96.8,Low density,Protein structure,protein_lddt_max,70,0.0
8a0z__1__1.A__1.C_1.D_1.F,1.0,2,83.0,176,77.57954545454545,77.57954545454545,Low density,Protein structure,protein_lddt_max,70,100.0
8a12__1__1.A__1.D_1.G,0.75,1,99.0,163,73.50306748466258,73.50306748466258,Low density,Protein structure,protein_lddt_max,70,75.0
8a2p__1__1.A__1.B,0.75,1,99.0,678,84.6165191740413,84.6165191740413,High density,Protein structure,protein_lddt_max,70,75.0
8a34__1__1.A__1.C_1.D,0.0,1,99.0,135,95.43703703703704,95.43703703703704,Low density,Protein structure,protein_lddt_max,70,0.0
8a3a__1__1.A__1.B,1.0,1,100.0,135,96.45185185185186,96.45185185185186,Low density,Protein structure,protein_lddt_max,70,100.0
8a4a__1__1.B__1.C_1.D,1.0,1,97.0,2030,81.67142857142858,81.67142857142858,High density,Protein structure,protein_lddt_max,70,100.0
8a4q__1__1.A_2.A__1.B,0.0,1,100.0,889,96.17547806524185,96.17547806524185,High density,Protein structure,protein_lddt_max,70,0.0
8a56__1__1.A_1.B__1.I,0.75,1,88.0,124,80.5,80.5,Low density,Protein structure,protein_lddt_max,70,75.0
8a66__1__1.A__1.C,1.0,1,98.0,928,73.26939655172414,73.26939655172414,High density,Protein structure,protein_lddt_max,70,100.0
8a6v__1__1.A__1.C_1.D_1.E_1.F_1.G,0.875,2,91.0,1030,82.77669902912622,82.77669902912622,High density,Protein structure,protein_lddt_max,70,87.5
8a70__1__1.A_1.B__1.D_1.E_1.F_1.G,0.5,1,89.0,516,82.35852713178295,82.35852713178295,High density,Protein structure,protein_lddt_max,70,50.0
8a7a__1__1.A_1.B__1.C_1.E_1.F_1.G,0.5,1,90.0,515,82.42912621359223,82.42912621359223,High density,Protein structure,protein_lddt_max,70,50.0
8a7i__1__1.A__1.C,0.0,1,99.0,1361,78.33063923585598,78.33063923585598,High density,Protein structure,protein_lddt_max,70,0.0
8a9i__1__1.A__1.B,0.5,1,71.0,74,70.27027027027027,70.27027027027027,Low density,Protein structure,protein_lddt_max,70,50.0
8acm__1__1.A__1.E,0.5,1,95.0,788,85.58629441624366,85.58629441624366,High density,Protein structure,protein_lddt_max,70,50.0
8ad7__1__1.A__1.J,1.0,1,100.0,86,88.44186046511628,88.44186046511628,Low density,Protein structure,protein_lddt_max,70,100.0
8adf__1__1.B__1.D,0.25,1,99.0,977,85.9754350051177,85.9754350051177,High density,Protein structure,protein_lddt_max,70,25.0
8adj__1__1.A__1.D,0.75,1,84.0,36,82.80555555555556,82.80555555555556,Low density,Protein structure,protein_lddt_max,70,75.0
8ai3__1__1.A__1.C_1.E,1.0,1,50.0,0,,50.0,No neighbours,Protein structure,protein_lddt_max,70,100.0
8ai7__1__1.A__1.Q,0.0,1,100.0,2877,92.5811609315259,92.5811609315259,High density,Protein structure,protein_lddt_max,70,0.0
8aij__1__1.C_1.D__1.O_1.P_1.Q,0.25,1,100.0,246,97.78861788617886,97.78861788617886,Low density,Protein structure,protein_lddt_max,70,25.0
8ajk__1__1.A_1.B__1.D_1.E,1.0,1,89.0,701,74.31241084165478,74.31241084165478,High density,Protein structure,protein_lddt_max,70,100.0
8ak3__1__1.A__1.B_1.C,1.0,1,77.0,438,71.53881278538813,71.53881278538813,High density,Protein structure,protein_lddt_max,70,100.0
8ak5__1__1.A__1.C_1.E_1.F_1.G,0.5,2,100.0,152,98.39473684210526,98.39473684210526,Low density,Protein structure,protein_lddt_max,70,50.0
8ak6__1__1.A__1.E_1.F_1.H,0.5,1,99.0,76,98.27631578947368,98.27631578947368,Low density,Protein structure,protein_lddt_max,70,50.0
8ak7__1__1.A__1.C_1.E_1.G,0.5,2,100.0,152,98.46052631578948,98.46052631578948,Low density,Protein structure,protein_lddt_max,70,50.0
8ak8__1__1.A__1.C_1.F_1.L,0.5,2,100.0,152,98.39473684210526,98.39473684210526,Low density,Protein structure,protein_lddt_max,70,50.0
8akd__1__1.A__1.C_1.E,0.5,2,100.0,152,98.44736842105263,98.44736842105263,Low density,Protein structure,protein_lddt_max,70,50.0
8akg__1__1.A__1.F_1.O,0.5,1,100.0,76,98.40789473684211,98.40789473684211,Low density,Protein structure,protein_lddt_max,70,50.0
8am2__1__1.A__1.D,0.0,1,100.0,2880,92.61458333333333,92.61458333333333,High density,Protein structure,protein_lddt_max,70,0.0
8aop__1__1.A__1.E,0.5,1,100.0,173,89.5028901734104,89.5028901734104,Low density,Protein structure,protein_lddt_max,70,50.0
8apt__1__1.A_2.A__1.B,1.0,1,98.0,234,84.24786324786325,84.24786324786325,Low density,Protein structure,protein_lddt_max,70,100.0
8apu__1__1.A_2.A__1.B,1.0,1,98.0,234,84.75213675213675,84.75213675213675,Low density,Protein structure,protein_lddt_max,70,100.0
8apw__1__1.A_2.A__2.C,1.0,1,98.0,234,84.54273504273505,84.54273504273505,Low density,Protein structure,protein_lddt_max,70,100.0
8aqf__1__1.A__1.B,0.0,1,97.0,40,85.925,85.925,Low density,Protein structure,protein_lddt_max,70,0.0
8aqj__1__1.A_3.A__3.B,0.5,1,98.0,1124,88.21886120996442,88.21886120996442,High density,Protein structure,protein_lddt_max,70,50.0
8arj__1__1.A__1.B,1.0,1,98.0,2410,75.43360995850622,75.43360995850622,High density,Protein structure,protein_lddt_max,70,100.0
8ase__1__1.B__1.F_1.G,0.5,1,97.0,2484,81.53421900161031,81.53421900161031,High density,Protein structure,protein_lddt_max,70,50.0
8asf__1__1.B__1.E,0.0,1,98.0,2518,82.9428117553614,82.9428117553614,High density,Protein structure,protein_lddt_max,70,0.0
8atb__1__1.A__1.C,1.0,1,97.0,194,92.65463917525773,92.65463917525773,Low density,Protein structure,protein_lddt_max,70,100.0
8atl__1__1.A__1.C,1.0,1,96.0,197,92.0761421319797,92.0761421319797,Low density,Protein structure,protein_lddt_max,70,100.0
8aty__1__1.A__1.B_1.C,0.0,2,94.0,1308,87.4288990825688,87.4288990825688,High density,Protein structure,protein_lddt_max,70,0.0
8au8__1__1.A_1.B__1.C_1.D_1.H,0.5,2,100.0,388,87.82474226804123,87.82474226804123,High density,Protein structure,protein_lddt_max,70,50.0
8aue__1__1.A__1.C_1.D,0.5,2,98.0,460,80.6608695652174,80.6608695652174,High density,Protein structure,protein_lddt_max,70,50.0
8aui__1__1.A_1.B__1.C_1.D_1.G,0.3333333333333333,3,100.0,573,87.81151832460733,87.81151832460733,High density,Protein structure,protein_lddt_max,70,33.33333333333333
8auj__1__1.A__1.C_1.D,0.5,2,98.0,460,80.51304347826087,80.51304347826087,High density,Protein structure,protein_lddt_max,70,50.0
8av1__1__1.B__1.J_1.M,1.0,1,97.0,511,77.44227005870842,77.44227005870842,High density,Protein structure,protein_lddt_max,70,100.0
8aw1__1__1.A__1.C,1.0,1,94.0,2364,76.61971235194585,76.61971235194585,High density,Protein structure,protein_lddt_max,70,100.0
8aw7__1__1.A__1.B_1.C,0.25,1,98.0,71,75.46478873239437,75.46478873239437,Low density,Protein structure,protein_lddt_max,70,25.0
8axp__1__1.A__1.C,0.0,1,91.0,9,89.44444444444444,89.44444444444444,Low density,Protein structure,protein_lddt_max,70,0.0
8ay6__1__1.A_1.B__1.C,0.5,1,99.0,139,85.68345323741008,85.68345323741008,Low density,Protein structure,protein_lddt_max,70,50.0
8ay8__1__1.A_1.B__1.D,1.0,1,100.0,140,86.2,86.2,Low density,Protein structure,protein_lddt_max,70,100.0
8aya__1__1.A_1.B__1.C,1.0,1,99.0,140,86.49285714285715,86.49285714285715,Low density,Protein structure,protein_lddt_max,70,100.0
8azd__1__1.A__1.C,1.0,1,100.0,316,94.62341772151899,94.62341772151899,Low density,Protein structure,protein_lddt_max,70,100.0
8azi__1__1.A__1.C,1.0,1,100.0,315,95.05079365079365,95.05079365079365,Low density,Protein structure,protein_lddt_max,70,100.0
8azl__1__1.A__1.C,1.0,1,100.0,315,94.92063492063492,94.92063492063492,Low density,Protein structure,protein_lddt_max,70,100.0
8azm__1__1.A__1.C,1.0,1,100.0,315,95.07619047619048,95.07619047619048,Low density,Protein structure,protein_lddt_max,70,100.0
8azo__1__1.A__1.C,1.0,1,99.0,316,95.22151898734177,95.22151898734177,Low density,Protein structure,protein_lddt_max,70,100.0
8azp__1__1.A__1.C,1.0,1,100.0,316,95.1993670886076,95.1993670886076,Low density,Protein structure,protein_lddt_max,70,100.0
8b08__1__1.B__1.E,1.0,1,100.0,400,95.6525,95.6525,High density,Protein structure,protein_lddt_max,70,100.0
8b1n__1__1.A_1.B__1.C_1.Q,1.0,1,86.0,236,79.36440677966101,79.36440677966101,Low density,Protein structure,protein_lddt_max,70,100.0
8b1v__1__1.A_1.B__1.E,0.0,1,93.0,108,75.86111111111111,75.86111111111111,Low density,Protein structure,protein_lddt_max,70,0.0
8b25__1__1.A_1.B__1.J,0.0,1,92.0,108,75.69444444444444,75.69444444444444,Low density,Protein structure,protein_lddt_max,70,0.0
8b35__1__1.A_1.B__1.E,0.0,1,98.0,78,91.52564102564102,91.52564102564102,Low density,Protein structure,protein_lddt_max,70,0.0
8b43__1__1.A__1.H_1.I_1.J_1.K_1.L,0.0,3,99.0,72,84.25,84.25,Low density,Protein structure,protein_lddt_max,70,0.0
8b5s__1__1.B__1.D,0.0,1,91.0,2,89.5,89.5,Low density,Protein structure,protein_lddt_max,70,0.0
8b62__1__1.A__1.C,0.5,1,91.0,2,89.5,89.5,Low density,Protein structure,protein_lddt_max,70,50.0
8b6m__1__1.A_1.B__1.E,1.0,1,100.0,429,97.22144522144522,97.22144522144522,High density,Protein structure,protein_lddt_max,70,100.0
8b72__1__1.A_1.B__1.F_1.G,0.0,1,99.0,71,88.09859154929578,88.09859154929578,Low density,Protein structure,protein_lddt_max,70,0.0
8b75__1__1.A__1.B,0.75,1,96.0,75,95.06666666666666,95.06666666666666,Low density,Protein structure,protein_lddt_max,70,75.0
8b80__1__1.A__1.F_1.G,0.75,1,100.0,801,76.32459425717853,76.32459425717853,High density,Protein structure,protein_lddt_max,70,75.0
8b8h__1__1.A_1.B__1.H_1.K,1.0,1,100.0,127,77.10236220472441,77.10236220472441,Low density,Protein structure,protein_lddt_max,70,100.0
8b8x__1__1.A_1.C__1.E,0.25,1,94.0,697,87.51362984218078,87.51362984218078,High density,Protein structure,protein_lddt_max,70,25.0
8b8z__1__1.A__1.E,0.25,1,95.0,695,88.07913669064749,88.07913669064749,High density,Protein structure,protein_lddt_max,70,25.0
8b91__1__1.A__1.E,0.0,1,95.0,698,88.50859598853869,88.50859598853869,High density,Protein structure,protein_lddt_max,70,0.0
8b9h__1__1.A__1.B,0.75,1,99.0,935,72.324064171123,72.324064171123,High density,Protein structure,protein_lddt_max,70,75.0
8b9u__1__1.A_1.B__1.C_1.H,0.0,1,96.0,19,86.63157894736842,86.63157894736842,Low density,Protein structure,protein_lddt_max,70,0.0
8bab__1__1.A__1.H_1.I,0.75,1,99.0,728,72.29532967032966,72.29532967032966,High density,Protein structure,protein_lddt_max,70,75.0
8baj__1__1.A__1.B,1.0,1,99.0,230,86.29565217391304,86.29565217391304,Low density,Protein structure,protein_lddt_max,70,100.0
8bam__1__1.A__1.C_1.D,0.875,2,100.0,284,87.2394366197183,87.2394366197183,Low density,Protein structure,protein_lddt_max,70,87.5
8bcy__1__1.A__1.C,0.75,1,98.0,190,82.86315789473684,82.86315789473684,Low density,Protein structure,protein_lddt_max,70,75.0
8bdm__1__1.C__1.M,1.0,1,100.0,154,98.58441558441558,98.58441558441558,Low density,Protein structure,protein_lddt_max,70,100.0
8bgc__1__1.A__1.F,1.0,1,99.0,695,86.81438848920864,86.81438848920864,High density,Protein structure,protein_lddt_max,70,100.0
8bgt__1__1.A_2.A__2.D,0.0,1,75.0,39,72.05128205128206,72.05128205128206,Low density,Protein structure,protein_lddt_max,70,0.0
8bgx__1__1.A_1.D__1.E_1.F_1.I,0.625,2,75.0,100,71.84,71.84,Low density,Protein structure,protein_lddt_max,70,62.5
8bgy__1__1.A_1.B__1.E_1.F,0.5,2,75.0,112,71.75,71.75,Low density,Protein structure,protein_lddt_max,70,50.0
8bgz__1__1.A_1.B__1.F,0.0,1,75.0,65,71.49230769230769,71.49230769230769,Low density,Protein structure,protein_lddt_max,70,0.0
8bh0__1__1.A_1.D__1.J,0.0,1,75.0,59,71.59322033898304,71.59322033898304,Low density,Protein structure,protein_lddt_max,70,0.0
8bi6__1__1.A__1.D,0.0,1,99.0,45,94.57777777777778,94.57777777777778,Low density,Protein structure,protein_lddt_max,70,0.0
8bid__1__1.C_2.A__2.F_2.G,0.0,1,75.0,64,71.59375,71.59375,Low density,Protein structure,protein_lddt_max,70,0.0
8bih__1__1.A_1.L__1.N,0.0,1,76.0,61,71.44262295081967,71.44262295081967,Low density,Protein structure,protein_lddt_max,70,0.0
8bir__1__1.A_1.B__1.D,0.0,1,76.0,104,72.39423076923077,72.39423076923077,Low density,Protein structure,protein_lddt_max,70,0.0
8bj3__1__1.A_1.B__1.C,1.0,1,76.0,48,73.85416666666667,73.85416666666667,Low density,Protein structure,protein_lddt_max,70,100.0
8bjd__1__1.A__1.B,1.0,1,84.0,225,75.60444444444444,75.60444444444444,Low density,Protein structure,protein_lddt_max,70,100.0
8bji__1__1.A_1.B__1.C_1.D,1.0,1,97.0,1045,88.06315789473685,88.06315789473685,High density,Protein structure,protein_lddt_max,70,100.0
8bjt__1__1.A__1.C,1.0,1,99.0,1636,74.69437652811736,74.69437652811736,High density,Protein structure,protein_lddt_max,70,100.0
8bju__1__1.A__1.B,1.0,1,97.0,64,80.09375,80.09375,Low density,Protein structure,protein_lddt_max,70,100.0
8bk0__1__1.A__1.H,1.0,1,97.0,2610,79.20191570881227,79.20191570881227,High density,Protein structure,protein_lddt_max,70,100.0
8bl0__1__1.A__1.C_1.E,0.75,2,100.0,152,98.60526315789474,98.60526315789474,Low density,Protein structure,protein_lddt_max,70,75.0
8bl1__1__1.A__1.C_1.E,0.75,2,100.0,152,98.55263157894737,98.55263157894737,Low density,Protein structure,protein_lddt_max,70,75.0
8blz__1__1.A__1.B_1.D,1.0,1,98.0,25,84.16,84.16,Low density,Protein structure,protein_lddt_max,70,100.0
8bnx__1__1.A__1.C,0.0,1,76.0,4,76.0,76.0,Low density,Protein structure,protein_lddt_max,70,0.0
8bo3__1__1.A__1.B,1.0,1,100.0,2516,79.68481717011129,79.68481717011129,High density,Protein structure,protein_lddt_max,70,100.0
8bo4__1__1.A__1.C,1.0,1,100.0,2518,80.74463860206514,80.74463860206514,High density,Protein structure,protein_lddt_max,70,100.0
8boc__1__1.A__1.B,1.0,1,95.0,2638,78.5822592873389,78.5822592873389,High density,Protein structure,protein_lddt_max,70,100.0
8bok__1__1.A__1.B,1.0,1,94.0,2696,78.07603857566765,78.07603857566765,High density,Protein structure,protein_lddt_max,70,100.0
8bq4__1__1.B__1.D,0.25,1,93.0,82,89.57317073170732,89.57317073170732,Low density,Protein structure,protein_lddt_max,70,25.0
8br0__1__1.A_1.B__1.E_1.F_1.G,1.0,2,99.0,2088,89.74425287356321,89.74425287356321,High density,Protein structure,protein_lddt_max,70,100.0
8br5__1__1.A__1.E,1.0,1,99.0,195,94.14358974358974,94.14358974358974,Low density,Protein structure,protein_lddt_max,70,100.0
8br6__1__1.A__1.C,1.0,1,96.0,199,91.25628140703517,91.25628140703517,Low density,Protein structure,protein_lddt_max,70,100.0
8bsg__1__1.A__1.B,0.25,1,95.0,333,86.61861861861861,86.61861861861861,Low density,Protein structure,protein_lddt_max,70,25.0
8bst__1__1.A__1.R,0.75,1,98.0,1845,85.2449864498645,85.2449864498645,High density,Protein structure,protein_lddt_max,70,75.0
8bsu__1__1.A_1.D__1.I_1.OA_1.SA,0.5,2,98.0,3696,85.45021645021644,85.45021645021644,High density,Protein structure,protein_lddt_max,70,50.0
8bt0__1__1.A__1.M,1.0,1,99.0,85,96.23529411764706,96.23529411764706,Low density,Protein structure,protein_lddt_max,70,100.0
8bt2__1__1.A__1.M,1.0,1,100.0,85,95.67058823529412,95.67058823529412,Low density,Protein structure,protein_lddt_max,70,100.0
8bvx__1__1.A__1.D_1.F,0.25,1,99.0,24,94.25,94.25,Low density,Protein structure,protein_lddt_max,70,25.0
8bxx__1__1.A__1.E_1.F,1.0,1,99.0,176,77.4715909090909,77.4715909090909,Low density,Protein structure,protein_lddt_max,70,100.0
8bzx__1__1.A_1.B__1.E_1.F,0.75,1,91.0,14,85.0,85.0,Low density,Protein structure,protein_lddt_max,70,75.0
8c08__1__1.A__1.C_1.D,1.0,1,95.0,994,72.44265593561369,72.44265593561369,High density,Protein structure,protein_lddt_max,70,100.0
8c0q__1__1.A__1.B_1.C,0.25,1,100.0,1290,94.43643410852714,94.43643410852714,High density,Protein structure,protein_lddt_max,70,25.0
8c0r__1__1.A__1.B_1.C,0.25,1,100.0,1290,94.49767441860465,94.49767441860465,High density,Protein structure,protein_lddt_max,70,25.0
8c1f__1__1.A__1.B_1.C_1.D_1.J,0.5,2,99.0,4726,79.20355480321625,79.20355480321625,High density,Protein structure,protein_lddt_max,70,50.0
8c1m__1__1.A__1.C,0.0,1,99.0,2197,78.88666363222576,78.88666363222576,High density,Protein structure,protein_lddt_max,70,0.0
8c3i__1__1.B__1.D,1.0,1,100.0,199,81.64824120603015,81.64824120603015,Low density,Protein structure,protein_lddt_max,70,100.0
8c3n__1__1.A__1.C_1.D,1.0,1,94.0,135,86.34074074074074,86.34074074074074,Low density,Protein structure,protein_lddt_max,70,100.0
8c3r__1__1.A__1.C,0.0,1,96.0,334,85.16467065868264,85.16467065868264,High density,Protein structure,protein_lddt_max,70,0.0
8c47__1__1.B__1.E_1.F,1.0,1,94.0,1042,86.66698656429942,86.66698656429942,High density,Protein structure,protein_lddt_max,70,100.0
8c4w__1__1.A__1.J_1.K_1.P,0.25,2,97.0,774,85.16020671834626,85.16020671834626,High density,Protein structure,protein_lddt_max,70,25.0
8c6f__1__1.A__1.B_1.C,1.0,1,99.0,56,82.91071428571429,82.91071428571429,Low density,Protein structure,protein_lddt_max,70,100.0
8c6l__1__1.A__1.C,0.75,1,100.0,663,87.07993966817496,87.07993966817496,High density,Protein structure,protein_lddt_max,70,75.0
8c6n__1__1.A__1.B,0.75,1,100.0,684,86.56286549707602,86.56286549707602,High density,Protein structure,protein_lddt_max,70,75.0
8c6o__1__1.A__1.C,1.0,1,96.0,74,88.60810810810811,88.60810810810811,Low density,Protein structure,protein_lddt_max,70,100.0
8c6p__1__1.A__1.B,0.0,1,100.0,711,82.84106891701829,82.84106891701829,High density,Protein structure,protein_lddt_max,70,0.0
8c6q__1__1.A__1.C,0.0,1,100.0,513,87.7719298245614,87.7719298245614,High density,Protein structure,protein_lddt_max,70,0.0
8c6s__1__1.A__1.C,0.0,1,100.0,833,81.0828331332533,81.0828331332533,High density,Protein structure,protein_lddt_max,70,0.0
8c6z__1__1.A__1.C_1.E,0.0,1,70.0,7,70.0,70.0,Low density,Protein structure,protein_lddt_max,70,0.0
8c70__1__1.A__1.B,0.0,1,100.0,868,80.50115207373273,80.50115207373273,High density,Protein structure,protein_lddt_max,70,0.0
8c71__1__1.A__1.C,0.0,1,100.0,955,79.79476439790577,79.79476439790577,High density,Protein structure,protein_lddt_max,70,0.0
8c74__1__1.A__1.C,0.0,1,100.0,488,88.58401639344262,88.58401639344262,High density,Protein structure,protein_lddt_max,70,0.0
8c7r__1__1.A__1.C_1.D,0.625,2,98.0,778,85.07969151670952,85.07969151670952,High density,Protein structure,protein_lddt_max,70,62.5
8c9d__1__1.A__1.D,0.5,1,83.0,8,80.125,80.125,Low density,Protein structure,protein_lddt_max,70,50.0
8c9e__1__1.A__1.C,1.0,1,82.0,6,76.0,76.0,Low density,Protein structure,protein_lddt_max,70,100.0
8c9s__1__1.B__1.F_1.G,1.0,1,90.0,67,79.08955223880596,79.08955223880596,Low density,Protein structure,protein_lddt_max,70,100.0
8caa__1__1.B__1.F,1.0,1,97.0,38,91.65789473684211,91.65789473684211,Low density,Protein structure,protein_lddt_max,70,100.0
8cbh__1__1.A__1.C,0.25,1,98.0,433,75.42263279445727,75.42263279445727,High density,Protein structure,protein_lddt_max,70,25.0
8cbr__1__1.A_1.B_1.D__1.E,0.0,1,97.0,425,87.81176470588235,87.81176470588235,High density,Protein structure,protein_lddt_max,70,0.0
8cbs__1__1.B_1.C_1.D__1.L,0.0,1,97.0,398,88.62311557788945,88.62311557788945,High density,Protein structure,protein_lddt_max,70,0.0
8cbu__1__1.A_1.B_1.D__1.M,0.0,1,97.0,397,88.88916876574308,88.88916876574308,High density,Protein structure,protein_lddt_max,70,0.0
8ccj__1__1.A_2.A__1.B_1.J,1.0,1,99.0,197,83.08629441624366,83.08629441624366,Low density,Protein structure,protein_lddt_max,70,100.0
8cdw__1__1.B__1.D,1.0,1,98.0,436,75.44724770642202,75.44724770642202,High density,Protein structure,protein_lddt_max,70,100.0
8cdx__1__1.A__1.C_1.D,0.25,1,100.0,1292,89.0,89.0,High density,Protein structure,protein_lddt_max,70,25.0
8cdz__1__1.A__1.C_1.D_1.E,0.25,1,100.0,1291,89.01316808675445,89.01316808675445,High density,Protein structure,protein_lddt_max,70,25.0
8ceq__1__1.A__1.C,1.0,1,98.0,52,97.73076923076923,97.73076923076923,Low density,Protein structure,protein_lddt_max,70,100.0
8ces__1__1.A__1.C,0.25,1,98.0,52,97.75,97.75,Low density,Protein structure,protein_lddt_max,70,25.0
8cev__1__1.A__1.C,1.0,1,98.0,52,97.6923076923077,97.6923076923077,Low density,Protein structure,protein_lddt_max,70,100.0
8cex__1__1.A__1.D,0.75,1,99.0,24,94.625,94.625,Low density,Protein structure,protein_lddt_max,70,75.0
8cey__1__1.A__1.D,0.0,1,98.0,24,94.875,94.875,Low density,Protein structure,protein_lddt_max,70,0.0
8chc__1__1.A__1.B,0.75,1,95.0,14,88.78571428571429,88.78571428571429,Low density,Protein structure,protein_lddt_max,70,75.0
8chk__1__1.A__1.D,1.0,1,99.0,236,91.38983050847457,91.38983050847457,Low density,Protein structure,protein_lddt_max,70,100.0
8chl__1__1.A__1.C_1.E,1.0,1,96.0,237,89.56540084388186,89.56540084388186,Low density,Protein structure,protein_lddt_max,70,100.0
8cij__1__1.A__1.B,0.0,1,91.0,288,74.70486111111111,74.70486111111111,Low density,Protein structure,protein_lddt_max,70,0.0
8cji__1__1.A__1.B_1.C,0.25,1,95.0,58,88.86206896551724,88.86206896551724,Low density,Protein structure,protein_lddt_max,70,25.0
8cjj__1__1.A__1.B_1.C,0.25,1,95.0,58,88.70689655172414,88.70689655172414,Low density,Protein structure,protein_lddt_max,70,25.0
8cjk__1__1.A__1.B_1.C,0.25,1,95.0,58,88.79310344827586,88.79310344827586,Low density,Protein structure,protein_lddt_max,70,25.0
8cjo__1__1.A__1.B_1.C,0.0,1,97.0,58,89.89655172413794,89.89655172413794,Low density,Protein structure,protein_lddt_max,70,0.0
8cju__1__1.A__1.B,0.0,1,95.0,11,93.81818181818181,93.81818181818181,Low density,Protein structure,protein_lddt_max,70,0.0
8ck5__1__1.A__1.D,1.0,1,100.0,803,81.06849315068493,81.06849315068493,High density,Protein structure,protein_lddt_max,70,100.0
8ckc__1__2.A__2.D,1.0,1,100.0,873,80.4799541809851,80.4799541809851,High density,Protein structure,protein_lddt_max,70,100.0
8ckh__1__1.A_1.B__1.D,0.0,1,97.0,4,95.25,95.25,Low density,Protein structure,protein_lddt_max,70,0.0
8cnh__1__1.A__1.B_1.L,0.5,1,97.0,75,95.4,95.4,Low density,Protein structure,protein_lddt_max,70,50.0
8cnm__1__1.A_1.B__1.F_1.N_1.S,0.375,2,100.0,152,99.19736842105263,99.19736842105263,Low density,Protein structure,protein_lddt_max,70,37.5
8cno__1__1.A_1.B__1.C_1.E_1.F,0.25,2,100.0,152,99.11842105263158,99.11842105263158,Low density,Protein structure,protein_lddt_max,70,25.0
8cnt__1__1.A__1.B_1.C,0.0,1,88.0,64,79.640625,79.640625,Low density,Protein structure,protein_lddt_max,70,0.0
8con__1__1.A_2.A__2.D_2.J,1.0,1,96.0,309,86.43042071197411,86.43042071197411,Low density,Protein structure,protein_lddt_max,70,100.0
8coq__1__1.A__1.C_1.D,0.625,2,100.0,1960,77.07959183673469,77.07959183673469,High density,Protein structure,protein_lddt_max,70,62.5
8cou__1__1.A__1.V,0.5,1,100.0,131,84.38931297709924,84.38931297709924,Low density,Protein structure,protein_lddt_max,70,50.0
8cov__1__1.A__1.D,0.25,1,100.0,131,84.09923664122137,84.09923664122137,Low density,Protein structure,protein_lddt_max,70,25.0
8cow__1__1.B__1.I_1.J,1.0,2,100.0,1954,77.37256908904811,77.37256908904811,High density,Protein structure,protein_lddt_max,70,100.0
8cp4__1__2.A__2.H_2.I,0.0,1,77.0,20,74.75,74.75,Low density,Protein structure,protein_lddt_max,70,0.0
8cp7__1__1.A__1.B,0.75,1,100.0,95,79.06315789473685,79.06315789473685,Low density,Protein structure,protein_lddt_max,70,75.0
8cp9__1__1.A__1.C_1.D,0.5,1,97.0,32,82.1875,82.1875,Low density,Protein structure,protein_lddt_max,70,50.0
8cpb__1__1.B__1.H,0.0,1,99.0,32,83.65625,83.65625,Low density,Protein structure,protein_lddt_max,70,0.0
8cq8__1__1.A__1.C_1.D_1.E,1.0,2,100.0,1980,75.7939393939394,75.7939393939394,High density,Protein structure,protein_lddt_max,70,100.0
8cq9__1__1.B__1.I_1.J_1.K,1.0,2,99.0,2016,76.63392857142857,76.63392857142857,High density,Protein structure,protein_lddt_max,70,100.0
8cqv__1__1.A_1.B__1.K_1.P,1.0,1,89.0,20,86.3,86.3,Low density,Protein structure,protein_lddt_max,70,100.0
8crj__1__1.A__1.B,0.0,1,84.0,16,76.4375,76.4375,Low density,Protein structure,protein_lddt_max,70,0.0
8crl__1__1.A__1.C,1.0,1,91.0,10,85.4,85.4,Low density,Protein structure,protein_lddt_max,70,100.0
8crp__1__1.A_1.C__1.E_1.I,0.5,2,100.0,2260,89.56637168141593,89.56637168141593,High density,Protein structure,protein_lddt_max,70,50.0
8csg__1__1.A__1.C_1.D,0.625,2,99.0,164,97.14634146341463,97.14634146341463,Low density,Protein structure,protein_lddt_max,70,62.5
8cta__1__1.A_1.B_1.D__1.Q,1.0,1,96.0,393,88.41221374045801,88.41221374045801,High density,Protein structure,protein_lddt_max,70,100.0
8ctb__1__1.A__1.C_1.D,0.5,2,99.0,164,97.32926829268293,97.32926829268293,Low density,Protein structure,protein_lddt_max,70,50.0
8cu7__1__1.A__1.C,0.75,1,99.0,693,82.84559884559884,82.84559884559884,High density,Protein structure,protein_lddt_max,70,75.0
8cvc__1__1.A__1.C_1.J_1.O_1.P,0.5,1,92.0,7,79.71428571428571,79.71428571428571,Low density,Protein structure,protein_lddt_max,70,50.0
8cvd__1__1.A__1.B_1.K_1.L,0.5,1,92.0,7,79.57142857142857,79.57142857142857,Low density,Protein structure,protein_lddt_max,70,50.0
8cve__1__1.A__1.B_1.K_1.L,0.75,2,92.0,16,78.5,78.5,Low density,Protein structure,protein_lddt_max,70,75.0
8cvf__1__1.A__1.D_1.E_1.F_1.G,0.5,1,92.0,7,79.57142857142857,79.57142857142857,Low density,Protein structure,protein_lddt_max,70,50.0
8cvg__1__1.A__1.B_1.F_1.J,0.5,2,92.0,14,79.71428571428571,79.71428571428571,Low density,Protein structure,protein_lddt_max,70,50.0
8cyu__1__1.A_1.B__1.F,1.0,1,99.0,889,96.1259842519685,96.1259842519685,High density,Protein structure,protein_lddt_max,70,100.0
8cyz__1__1.A_1.C__1.E,1.0,1,99.0,889,96.22497187851519,96.22497187851519,High density,Protein structure,protein_lddt_max,70,100.0
8cz7__1__1.A_1.C__1.E,1.0,1,99.0,889,95.92575928008999,95.92575928008999,High density,Protein structure,protein_lddt_max,70,100.0
8czl__1__1.A__1.C_1.D,0.5,1,99.0,2,98.5,98.5,Low density,Protein structure,protein_lddt_max,70,50.0
8d19__1__1.A__1.C_1.D,1.0,1,98.0,2,98.0,98.0,Low density,Protein structure,protein_lddt_max,70,100.0
8d3e__1__1.A__1.C_1.D,1.0,1,100.0,74,95.4054054054054,95.4054054054054,Low density,Protein structure,protein_lddt_max,70,100.0
8d3h__1__1.A__1.C_1.D,0.625,2,100.0,74,95.35135135135135,95.35135135135135,Low density,Protein structure,protein_lddt_max,70,62.5
8d3j__1__1.A__1.D_1.E_1.F,0.625,2,99.0,74,94.75675675675676,94.75675675675676,Low density,Protein structure,protein_lddt_max,70,62.5
8d5b__1__1.A__1.B_1.G_1.H,1.0,1,97.0,8,89.875,89.875,Low density,Protein structure,protein_lddt_max,70,100.0
8d6c__1__1.A__1.F,1.0,1,96.0,169,72.21301775147928,72.21301775147928,Low density,Protein structure,protein_lddt_max,70,100.0
8d6e__1__1.A__1.D,1.0,1,95.0,194,71.74226804123711,71.74226804123711,Low density,Protein structure,protein_lddt_max,70,100.0
8d6f__1__1.A__1.D,1.0,1,97.0,258,71.85658914728683,71.85658914728683,Low density,Protein structure,protein_lddt_max,70,100.0
8d6m__1__1.A__1.C,0.25,1,84.0,406,74.4704433497537,74.4704433497537,High density,Protein structure,protein_lddt_max,70,25.0
8d6t__1__1.A__1.C,0.25,1,95.0,407,75.86732186732186,75.86732186732186,High density,Protein structure,protein_lddt_max,70,25.0
8d9b__1__1.A__1.C_1.D,1.0,1,100.0,230,87.37391304347825,87.37391304347825,Low density,Protein structure,protein_lddt_max,70,100.0
8d9c__1__1.A__1.C_1.D,1.0,1,100.0,257,85.43968871595331,85.43968871595331,Low density,Protein structure,protein_lddt_max,70,100.0
8db0__1__1.A__1.E,0.75,1,67.0,0,,67.0,No neighbours,Protein structure,protein_lddt_max,70,75.0
8dcd__1__1.A__1.E_1.Q_1.R,0.25,1,98.0,20,96.65,96.65,Low density,Protein structure,protein_lddt_max,70,25.0
8ddb__1__1.A__1.B_1.C_1.E,1.0,1,97.0,345,93.46376811594203,93.46376811594203,High density,Protein structure,protein_lddt_max,70,100.0
8dil__1__1.A_1.B__1.K_1.L_1.M,1.0,1,98.0,4,87.0,87.0,Low density,Protein structure,protein_lddt_max,70,100.0
8dj6__1__1.C__1.F_1.O,0.0,1,94.0,115,80.35652173913043,80.35652173913043,Low density,Protein structure,protein_lddt_max,70,0.0
8djv__1__1.A__1.B_1.C_1.D,1.0,1,97.0,343,92.04081632653062,92.04081632653062,High density,Protein structure,protein_lddt_max,70,100.0
8dk4__1__1.A__1.C,1.0,1,99.0,733,87.49522510231924,87.49522510231924,High density,Protein structure,protein_lddt_max,70,100.0
8dkp__1__1.A__1.C_1.D,0.875,2,94.0,390,88.0,88.0,High density,Protein structure,protein_lddt_max,70,87.5
8dkq__1__1.A__1.C_1.D,0.875,2,95.0,398,88.73366834170854,88.73366834170854,High density,Protein structure,protein_lddt_max,70,87.5
8dkt__1__1.A_1.B__1.D_1.E,0.5,1,95.0,77,81.03896103896103,81.03896103896103,Low density,Protein structure,protein_lddt_max,70,50.0
8dml__1__1.B__1.J,0.25,1,92.0,3,91.66666666666667,91.66666666666667,Low density,Protein structure,protein_lddt_max,70,25.0
8doc__1__2.A__2.B_2.D_2.E,1.0,1,99.0,28,94.85714285714286,94.85714285714286,Low density,Protein structure,protein_lddt_max,70,100.0
8dos__1__1.A_1.B__1.C_1.G,0.0,1,98.0,41,79.3170731707317,79.3170731707317,Low density,Protein structure,protein_lddt_max,70,0.0
8dpb__1__1.A_1.B__1.I_1.J,1.0,1,83.0,20,77.6,77.6,Low density,Protein structure,protein_lddt_max,70,100.0
8dq8__1__1.B__1.F_1.G,1.0,2,99.0,134,80.28358208955224,80.28358208955224,Low density,Protein structure,protein_lddt_max,70,100.0
8dqd__1__1.A__1.B,0.75,1,63.0,0,,63.0,No neighbours,Protein structure,protein_lddt_max,70,75.0
8dqh__1__1.B__1.J_1.K_1.L,1.0,1,79.0,90,77.06666666666666,77.06666666666666,Low density,Protein structure,protein_lddt_max,70,100.0
8dqs__1__1.A__1.B_1.C_1.D,0.5,1,98.0,343,94.77551020408163,94.77551020408163,High density,Protein structure,protein_lddt_max,70,50.0
8dsc__1__1.B__1.L,0.0,1,100.0,144,99.22916666666667,99.22916666666667,Low density,Protein structure,protein_lddt_max,70,0.0
8dse__1__1.A_1.B__1.C_1.G,0.375,2,100.0,288,99.33333333333333,99.33333333333333,Low density,Protein structure,protein_lddt_max,70,37.5
8dsh__1__1.A_1.B__1.C,0.0,1,100.0,144,99.22916666666667,99.22916666666667,Low density,Protein structure,protein_lddt_max,70,0.0
8dsh__1__1.A_1.B__1.E_1.F,0.0,2,100.0,288,99.22916666666667,99.22916666666667,Low density,Protein structure,protein_lddt_max,70,0.0
8dsm__1__1.A_1.B__1.J,0.5,1,99.0,144,98.625,98.625,Low density,Protein structure,protein_lddt_max,70,50.0
8dsr__1__1.A__1.C,0.0,1,76.0,907,73.44432194046307,73.44432194046307,High density,Protein structure,protein_lddt_max,70,0.0
8dt1__1__1.B__1.J_1.K,1.0,1,97.0,2053,76.63565513882124,76.63565513882124,High density,Protein structure,protein_lddt_max,70,100.0
8dt5__1__1.B__1.I_1.M_1.O,0.0,1,99.0,2878,88.5542043085476,88.5542043085476,High density,Protein structure,protein_lddt_max,70,0.0
8du3__1__1.A__1.B,1.0,1,99.0,687,83.56040756914119,83.56040756914119,High density,Protein structure,protein_lddt_max,70,100.0
8du9__1__1.B__1.D,0.0,1,99.0,1209,87.43507030603804,87.43507030603804,High density,Protein structure,protein_lddt_max,70,0.0
8dub__1__1.A__1.C,0.0,1,98.0,1154,86.06152512998267,86.06152512998267,High density,Protein structure,protein_lddt_max,70,0.0
8duh__1__1.A__1.C,0.25,1,98.0,1215,85.40246913580246,85.40246913580246,High density,Protein structure,protein_lddt_max,70,25.0
8dui__1__1.A__1.C,0.25,1,99.0,1148,86.43118466898954,86.43118466898954,High density,Protein structure,protein_lddt_max,70,25.0
8duk__1__1.A__1.E,0.25,1,96.0,1190,84.61848739495798,84.61848739495798,High density,Protein structure,protein_lddt_max,70,25.0
8dv7__1__1.B__1.D,0.0,1,98.0,1209,86.09429280397022,86.09429280397022,High density,Protein structure,protein_lddt_max,70,0.0
8dv8__1__1.A__1.C,0.0,1,99.0,1168,87.47174657534246,87.47174657534246,High density,Protein structure,protein_lddt_max,70,0.0
8dvh__1__1.A__1.C_1.D,0.5,1,79.0,86,74.45348837209302,74.45348837209302,Low density,Protein structure,protein_lddt_max,70,50.0
8dvo__1__1.A__1.B_1.C_1.D,0.0,1,99.0,342,95.1608187134503,95.1608187134503,High density,Protein structure,protein_lddt_max,70,0.0
8dxk__1__1.A_1.B__1.C,1.0,1,100.0,475,91.5578947368421,91.5578947368421,High density,Protein structure,protein_lddt_max,70,100.0
8e0h__1__1.A__1.C,0.75,1,92.0,48,73.625,73.625,Low density,Protein structure,protein_lddt_max,70,75.0
8e1h__1__1.A__1.C_1.E_1.F,1.0,1,88.0,24,86.75,86.75,Low density,Protein structure,protein_lddt_max,70,100.0
8e1i__1__1.A__1.C_1.D_1.E_1.F,1.0,1,87.0,48,86.25,86.25,Low density,Protein structure,protein_lddt_max,70,100.0
8e1o__1__1.A__1.D,1.0,1,99.0,38,92.47368421052632,92.47368421052632,Low density,Protein structure,protein_lddt_max,70,100.0
8e1t__1__1.A__1.C_1.E,1.0,1,87.0,24,86.54166666666667,86.54166666666667,Low density,Protein structure,protein_lddt_max,70,100.0
8e1x__1__1.A__1.C,0.25,1,90.0,2355,75.00636942675159,75.00636942675159,High density,Protein structure,protein_lddt_max,70,25.0
8e4s__1__1.A__1.B_1.C_1.D,0.0,1,99.0,342,95.36549707602339,95.36549707602339,High density,Protein structure,protein_lddt_max,70,0.0
8e5i__1__1.A__1.B_1.E,1.0,1,90.0,264,80.10227272727273,80.10227272727273,Low density,Protein structure,protein_lddt_max,70,100.0
8e5m__1__1.A_1.E__1.U,0.0,1,100.0,521,91.38771593090212,91.38771593090212,High density,Protein structure,protein_lddt_max,70,0.0
8e62__1__1.A_1.C__1.G_1.H,0.75,2,76.0,150,71.34666666666666,71.34666666666666,Low density,Protein structure,protein_lddt_max,70,75.0
8e81__1__1.A__1.B,0.5,1,97.0,1180,74.97203389830509,74.97203389830509,High density,Protein structure,protein_lddt_max,70,50.0
8e9e__1__1.A_1.B__1.I_1.J_1.K,1.0,2,100.0,348,92.91954022988506,92.91954022988506,High density,Protein structure,protein_lddt_max,70,100.0
8e9r__1__1.A_1.B__1.E_1.F,1.0,1,99.0,290,92.51724137931035,92.51724137931035,Low density,Protein structure,protein_lddt_max,70,100.0
8ea6__1__1.A_1.B__1.C,0.0,1,77.0,242,72.70661157024793,72.70661157024793,Low density,Protein structure,protein_lddt_max,70,0.0
8eef__1__1.A__1.C_1.D,0.625,2,76.0,72,72.47222222222223,72.47222222222223,Low density,Protein structure,protein_lddt_max,70,62.5
8efj__1__1.A__1.D,0.0,1,94.0,1115,80.78565022421525,80.78565022421525,High density,Protein structure,protein_lddt_max,70,0.0
8egf__1__1.A__1.B_1.C,1.0,1,88.0,177,79.13559322033899,79.13559322033899,Low density,Protein structure,protein_lddt_max,70,100.0
8egz__1__1.B__1.I,1.0,1,93.0,400,88.4,88.4,High density,Protein structure,protein_lddt_max,70,100.0
8eh0__1__1.A__1.C_1.E,0.5,2,94.0,802,88.80798004987531,88.80798004987531,High density,Protein structure,protein_lddt_max,70,50.0
8emu__1__1.A__1.E,0.0,1,100.0,1293,94.76102088167053,94.76102088167053,High density,Protein structure,protein_lddt_max,70,0.0
8eni__1__2.A__2.B,0.25,1,99.0,31,93.2258064516129,93.2258064516129,Low density,Protein structure,protein_lddt_max,70,25.0
8eq9__1__1.A__1.B,0.25,1,97.0,24,81.58333333333333,81.58333333333333,Low density,Protein structure,protein_lddt_max,70,25.0
8eqz__1__1.A__1.C,0.0,1,98.0,374,78.03208556149733,78.03208556149733,High density,Protein structure,protein_lddt_max,70,0.0
8er0__1__1.A__1.C_1.D,0.875,2,97.0,94,92.97872340425532,92.97872340425532,Low density,Protein structure,protein_lddt_max,70,87.5
8erb__1__1.A_1.C__1.Q,1.0,1,91.0,421,77.7125890736342,77.7125890736342,High density,Protein structure,protein_lddt_max,70,100.0
8erd__1__1.A__1.B,1.0,1,96.0,1319,78.9461713419257,78.9461713419257,High density,Protein structure,protein_lddt_max,70,100.0
8erj__1__1.A_2.C__1.I,1.0,1,91.0,425,77.69882352941177,77.69882352941177,High density,Protein structure,protein_lddt_max,70,100.0
8etd__1__1.B__1.E_1.F,1.0,1,97.0,1779,75.08263069139966,75.08263069139966,High density,Protein structure,protein_lddt_max,70,100.0
8evx__1__1.A__1.C_1.D_1.E_1.F_1.G,1.0,1,79.0,194,74.19587628865979,74.19587628865979,Low density,Protein structure,protein_lddt_max,70,100.0
8evz__1__1.A__1.D_1.E_1.F_1.G,1.0,1,86.0,162,76.53086419753086,76.53086419753086,Low density,Protein structure,protein_lddt_max,70,100.0
8ewz__1__1.A__1.B_1.C_1.H,0.25,1,100.0,106,88.70754716981132,88.70754716981132,Low density,Protein structure,protein_lddt_max,70,25.0
8ex1__1__1.A__1.B,1.0,1,99.0,1134,72.36860670194004,72.36860670194004,High density,Protein structure,protein_lddt_max,70,100.0
8ex2__1__1.A__1.B,1.0,1,99.0,943,72.57582184517497,72.57582184517497,High density,Protein structure,protein_lddt_max,70,100.0
8ex3__1__1.A__1.B_1.C,0.5,1,100.0,106,88.70754716981132,88.70754716981132,Low density,Protein structure,protein_lddt_max,70,50.0
8exl__1__1.A__1.B,1.0,1,99.0,245,78.98775510204082,78.98775510204082,Low density,Protein structure,protein_lddt_max,70,100.0
8exu__1__1.A__1.B,1.0,1,99.0,249,78.73895582329317,78.73895582329317,Low density,Protein structure,protein_lddt_max,70,100.0
8eym__1__1.A_1.B__1.C_1.E,0.5,1,72.0,44,70.77272727272727,70.77272727272727,Low density,Protein structure,protein_lddt_max,70,50.0
8ez1__1__1.A_1.B__1.D,0.25,1,100.0,573,78.35951134380454,78.35951134380454,High density,Protein structure,protein_lddt_max,70,25.0
8f1g__1__1.A__1.C,0.0,1,100.0,209,90.37320574162679,90.37320574162679,Low density,Protein structure,protein_lddt_max,70,0.0
8f1z__1__1.A__1.B,1.0,1,95.0,2050,75.82487804878049,75.82487804878049,High density,Protein structure,protein_lddt_max,70,100.0
8f4q__1__1.A__1.F,0.0,1,91.0,177,82.31638418079096,82.31638418079096,Low density,Protein structure,protein_lddt_max,70,0.0
8f71__1__1.B__1.E_1.F,1.0,1,76.0,36,71.94444444444444,71.94444444444444,Low density,Protein structure,protein_lddt_max,70,100.0
8f8k__1__1.A__1.F_1.G_1.I_1.J_1.K,0.0,1,81.0,2,81.0,81.0,Low density,Protein structure,protein_lddt_max,70,0.0
8f8l__1__1.A__1.B_1.D_1.E,0.0,1,80.0,2,80.0,80.0,Low density,Protein structure,protein_lddt_max,70,0.0
8f8m__1__1.A__1.C,0.0,1,93.0,80,75.1875,75.1875,Low density,Protein structure,protein_lddt_max,70,0.0
8fb1__1__1.A__1.C,0.75,1,96.0,340,87.25,87.25,High density,Protein structure,protein_lddt_max,70,75.0
8fb1__1__1.A__1.D,0.75,1,96.0,340,87.25,87.25,High density,Protein structure,protein_lddt_max,70,75.0
8fcd__1__1.A_1.B__1.C,1.0,1,99.0,475,92.42736842105263,92.42736842105263,High density,Protein structure,protein_lddt_max,70,100.0
8fdb__1__1.A_1.B__1.D_1.F_1.H,0.125,2,71.0,14,70.85714285714286,70.85714285714286,Low density,Protein structure,protein_lddt_max,70,12.5
8fdx__1__1.A__1.B_1.C,1.0,2,100.0,128,94.46875,94.46875,Low density,Protein structure,protein_lddt_max,70,100.0
8fdz__1__1.A__1.B_1.C,1.0,2,100.0,128,94.625,94.625,Low density,Protein structure,protein_lddt_max,70,100.0
8fe6__1__1.A__1.I,1.0,1,99.0,166,92.06626506024097,92.06626506024097,Low density,Protein structure,protein_lddt_max,70,100.0
8fe8__1__1.A_1.B__1.C,0.75,1,100.0,476,91.05672268907563,91.05672268907563,High density,Protein structure,protein_lddt_max,70,75.0
8fe9__1__1.A__1.B,1.0,1,93.0,1933,75.5126745990688,75.5126745990688,High density,Protein structure,protein_lddt_max,70,100.0
8fen__1__1.A__1.B_1.C,0.625,2,91.0,60,84.66666666666667,84.66666666666667,Low density,Protein structure,protein_lddt_max,70,62.5
8fev__1__1.A__1.C_1.D,0.5,2,79.0,60,75.2,75.2,Low density,Protein structure,protein_lddt_max,70,50.0
8fgz__1__1.A__1.B,1.0,1,98.0,1107,77.45528455284553,77.45528455284553,High density,Protein structure,protein_lddt_max,70,100.0
8fh4__1__1.A__1.E,0.5,1,96.0,290,76.09655172413792,76.09655172413792,Low density,Protein structure,protein_lddt_max,70,50.0
8fh5__1__1.A__1.B_1.C,1.0,2,100.0,1034,89.51450676982591,89.51450676982591,High density,Protein structure,protein_lddt_max,70,100.0
8fh9__1__1.A__1.B_1.C,1.0,2,100.0,1024,89.244140625,89.244140625,High density,Protein structure,protein_lddt_max,70,100.0
8fjt__1__1.A_1.B__1.C_1.E,0.5,2,99.0,804,87.19402985074628,87.19402985074628,High density,Protein structure,protein_lddt_max,70,50.0
8fju__1__1.A_1.B__1.C_1.D,0.5,2,98.0,804,86.89800995024876,86.89800995024876,High density,Protein structure,protein_lddt_max,70,50.0
8fjx__1__1.A__1.B_1.C,0.625,2,99.0,128,93.390625,93.390625,Low density,Protein structure,protein_lddt_max,70,62.5
8fjy__1__1.A__1.B_1.C,0.75,2,99.0,128,93.8125,93.8125,Low density,Protein structure,protein_lddt_max,70,75.0
8fjz__1__1.C__1.I,1.0,1,98.0,291,76.27147766323024,76.27147766323024,Low density,Protein structure,protein_lddt_max,70,100.0
8fko__1__1.C__1.I,0.5,1,98.0,272,76.70588235294117,76.70588235294117,Low density,Protein structure,protein_lddt_max,70,50.0
8fly__1__1.A__1.K,0.5,1,98.0,8236,78.5461389023798,78.5461389023798,High density,Protein structure,protein_lddt_max,70,50.0
8flz__1__1.A__1.K,0.25,1,98.0,8116,78.55618531296206,78.55618531296206,High density,Protein structure,protein_lddt_max,70,25.0
8fm0__1__1.A__1.K,0.25,1,98.0,8199,78.43883400414684,78.43883400414684,High density,Protein structure,protein_lddt_max,70,25.0
8fm2__1__1.A__1.K,0.25,1,98.0,8057,78.41218815936453,78.41218815936453,High density,Protein structure,protein_lddt_max,70,25.0
8fm3__1__1.A__1.K,0.25,1,98.0,8163,78.42827391890236,78.42827391890236,High density,Protein structure,protein_lddt_max,70,25.0
8fm4__1__1.A__1.K,0.25,1,98.0,8252,78.52641783809986,78.52641783809986,High density,Protein structure,protein_lddt_max,70,25.0
8fm5__1__1.A__1.K,0.0,1,98.0,8184,78.36791300097752,78.36791300097752,High density,Protein structure,protein_lddt_max,70,0.0
8fm7__1__1.A__1.K,0.25,1,98.0,8283,78.6461427019196,78.6461427019196,High density,Protein structure,protein_lddt_max,70,25.0
8fm8__1__1.A__1.K,0.0,1,98.0,8138,78.34799705087245,78.34799705087245,High density,Protein structure,protein_lddt_max,70,0.0
8fo5__1__1.A_1.B__1.E,0.0,1,94.0,1268,79.94716088328076,79.94716088328076,High density,Protein structure,protein_lddt_max,70,0.0
8fp1__1__1.A__1.B,0.75,1,87.0,1255,76.5179282868526,76.5179282868526,High density,Protein structure,protein_lddt_max,70,75.0
8fp5__1__1.A__1.C_1.D,0.75,1,98.0,1170,80.04444444444445,80.04444444444445,High density,Protein structure,protein_lddt_max,70,75.0
8fqx__1__1.A__1.B_1.C,0.5,1,100.0,1294,94.82302936630603,94.82302936630603,High density,Protein structure,protein_lddt_max,70,50.0
8fsi__1__1.A__1.B_1.C_1.D_1.F,0.75,1,95.0,2,94.5,94.5,Low density,Protein structure,protein_lddt_max,70,75.0
8ftr__1__2.A__2.B,0.75,1,68.0,0,,68.0,No neighbours,Protein structure,protein_lddt_max,70,75.0
8fts__1__2.A__2.B_2.C_2.D,0.75,1,67.0,0,,67.0,No neighbours,Protein structure,protein_lddt_max,70,75.0
8fwp__1__1.A_1.B__1.D_1.E,0.25,1,85.0,75,79.66666666666667,79.66666666666667,Low density,Protein structure,protein_lddt_max,70,25.0
8fwz__1__1.B__1.E,1.0,1,94.0,255,75.33333333333333,75.33333333333333,Low density,Protein structure,protein_lddt_max,70,100.0
8fx1__1__1.A__1.C,0.75,1,94.0,283,75.30742049469964,75.30742049469964,Low density,Protein structure,protein_lddt_max,70,75.0
8fx2__1__1.B__1.D,1.0,1,93.0,265,75.39245283018867,75.39245283018867,Low density,Protein structure,protein_lddt_max,70,100.0
8fx3__1__1.B__1.D,0.75,1,92.0,238,74.6470588235294,74.6470588235294,Low density,Protein structure,protein_lddt_max,70,75.0
8fxn__1__1.A__1.B,0.0,1,99.0,1619,82.25015441630636,82.25015441630636,High density,Protein structure,protein_lddt_max,70,0.0
8fy7__1__1.A_1.B__1.C,1.0,1,100.0,889,95.37682789651294,95.37682789651294,High density,Protein structure,protein_lddt_max,70,100.0
8fz1__1__1.A__1.G_1.I_1.K,0.5,1,98.0,182,89.81868131868131,89.81868131868131,Low density,Protein structure,protein_lddt_max,70,50.0
8g20__1__1.A__1.C_1.D_1.G,0.25,1,99.0,218,87.56422018348624,87.56422018348624,Low density,Protein structure,protein_lddt_max,70,25.0
8g3e__1__1.A__1.C,0.0,1,100.0,197,91.20812182741116,91.20812182741116,Low density,Protein structure,protein_lddt_max,70,0.0
8g3s__1__1.A__1.E,1.0,1,99.0,907,90.27232635060639,90.27232635060639,High density,Protein structure,protein_lddt_max,70,100.0
8g63__1__1.A__1.B,1.0,1,97.0,2410,78.36058091286307,78.36058091286307,High density,Protein structure,protein_lddt_max,70,100.0
8g68__1__1.A__1.C,0.0,1,99.0,396,89.98484848484848,89.98484848484848,High density,Protein structure,protein_lddt_max,70,0.0
8g69__1__1.A__1.C,0.0,1,97.0,395,88.35443037974683,88.35443037974683,High density,Protein structure,protein_lddt_max,70,0.0
8g8x__1__1.A__1.C,1.0,1,97.0,1729,78.27356853672643,78.27356853672643,High density,Protein structure,protein_lddt_max,70,100.0
8gb4__1__1.A__1.E_1.F_1.G,0.875,2,99.0,4954,77.38877674606378,77.38877674606378,High density,Protein structure,protein_lddt_max,70,87.5
8gcz__1__1.A__1.N,0.25,1,97.0,8377,78.756117941984,78.756117941984,High density,Protein structure,protein_lddt_max,70,25.0
8gdk__1__1.A__1.O,0.75,1,97.0,8528,78.68855534709193,78.68855534709193,High density,Protein structure,protein_lddt_max,70,75.0
8gds__1__1.A__1.E,0.0,1,93.0,503,75.71769383697813,75.71769383697813,High density,Protein structure,protein_lddt_max,70,0.0
8gem__1__1.A__1.B,0.5,1,99.0,326,81.66871165644172,81.66871165644172,Low density,Protein structure,protein_lddt_max,70,50.0
8geu__1__1.A__1.B,0.75,1,97.0,322,80.81055900621118,80.81055900621118,Low density,Protein structure,protein_lddt_max,70,75.0
8gev__1__1.A__1.B,0.75,1,99.0,326,81.72699386503068,81.72699386503068,Low density,Protein structure,protein_lddt_max,70,75.0
8gez__1__1.A__1.B,0.0,1,100.0,5,99.2,99.2,Low density,Protein structure,protein_lddt_max,70,0.0
8gf0__1__1.A__1.B,0.25,1,100.0,5,99.0,99.0,Low density,Protein structure,protein_lddt_max,70,25.0
8gfd__1__1.A__1.B,0.0,1,100.0,5,99.2,99.2,Low density,Protein structure,protein_lddt_max,70,0.0
8gff__1__1.A__1.B,0.0,1,100.0,5,99.0,99.0,Low density,Protein structure,protein_lddt_max,70,0.0
8gfg__1__1.A__1.B,0.0,1,99.0,5,98.6,98.6,Low density,Protein structure,protein_lddt_max,70,0.0
8gfh__1__1.A__1.B_1.C,0.375,2,100.0,10,99.6,99.6,Low density,Protein structure,protein_lddt_max,70,37.5
8gfq__1__1.A__1.B,0.75,1,99.0,5,98.8,98.8,Low density,Protein structure,protein_lddt_max,70,75.0
8gfs__1__1.A__1.B,0.0,1,100.0,5,99.6,99.6,Low density,Protein structure,protein_lddt_max,70,0.0
8gja__1__1.A_1.B__1.G_1.H,1.0,1,74.0,116,71.91379310344827,71.91379310344827,Low density,Protein structure,protein_lddt_max,70,100.0
8gjb__1__1.B__1.G_1.H,1.0,1,97.0,100,89.9,89.9,Low density,Protein structure,protein_lddt_max,70,100.0
8gkf__1__1.A__1.J,0.75,1,97.0,15,92.13333333333334,92.13333333333334,Low density,Protein structure,protein_lddt_max,70,75.0
8gm5__1__1.A__1.D,0.75,1,76.0,20,74.1,74.1,Low density,Protein structure,protein_lddt_max,70,75.0
8gne__1__1.A__1.B,0.5,1,99.0,694,81.992795389049,81.992795389049,High density,Protein structure,protein_lddt_max,70,50.0
8gne__1__1.A__1.E,0.0,1,99.0,694,81.992795389049,81.992795389049,High density,Protein structure,protein_lddt_max,70,0.0
8gpc__1__1.A__1.C_1.D_1.E,1.0,1,100.0,362,84.80662983425414,84.80662983425414,High density,Protein structure,protein_lddt_max,70,100.0
8gpd__1__1.A__1.C_1.D_1.E,1.0,1,100.0,362,84.88397790055248,84.88397790055248,High density,Protein structure,protein_lddt_max,70,100.0
8gpe__1__1.A__1.C_1.D_1.E,1.0,1,100.0,359,84.91364902506963,84.91364902506963,High density,Protein structure,protein_lddt_max,70,100.0
8grw__1__1.A_1.B__1.C_1.D,0.0,1,90.0,104,85.5576923076923,85.5576923076923,Low density,Protein structure,protein_lddt_max,70,0.0
8gtg__1__1.A__1.C,0.5,1,93.0,22,77.18181818181819,77.18181818181819,Low density,Protein structure,protein_lddt_max,70,50.0
8gti__1__1.A__1.H,0.0,1,94.0,22,77.36363636363636,77.36363636363636,Low density,Protein structure,protein_lddt_max,70,0.0
8gtm__1__1.A__1.C,0.25,1,94.0,20,77.8,77.8,Low density,Protein structure,protein_lddt_max,70,25.0
8gtv__1__1.A_2.B__2.D,0.0,1,100.0,889,96.43869516310461,96.43869516310461,High density,Protein structure,protein_lddt_max,70,0.0
8gu1__1__1.A_1.B__1.D,0.0,1,99.0,114,74.16666666666667,74.16666666666667,Low density,Protein structure,protein_lddt_max,70,0.0
8gvj__1__1.A__1.B,0.0,1,95.0,2327,74.94714224323162,74.94714224323162,High density,Protein structure,protein_lddt_max,70,0.0
8gwd__1__2.A__2.B_2.C,0.5,1,99.0,34,93.11764705882354,93.11764705882354,Low density,Protein structure,protein_lddt_max,70,50.0
8gww__1__1.A__1.C,0.75,1,98.0,405,77.45679012345678,77.45679012345678,High density,Protein structure,protein_lddt_max,70,75.0
8gyd__1__1.A_1.B__1.K,0.0,1,99.0,582,76.84192439862542,76.84192439862542,High density,Protein structure,protein_lddt_max,70,0.0
8gyj__1__1.A_1.B__1.D_1.I,0.0,1,74.0,74,72.01351351351352,72.01351351351352,Low density,Protein structure,protein_lddt_max,70,0.0
8gzc__1__1.A__1.F,1.0,1,97.0,31,92.7741935483871,92.7741935483871,Low density,Protein structure,protein_lddt_max,70,100.0
8h4j__1__1.A_1.D__1.I_1.O,0.5,2,94.0,160,79.1,79.1,Low density,Protein structure,protein_lddt_max,70,50.0
8h53__1__1.A__1.E_1.F_1.P_1.Q,1.0,1,94.0,19,82.89473684210526,82.89473684210526,Low density,Protein structure,protein_lddt_max,70,100.0
8h59__1__1.A__1.B,0.0,1,83.0,868,76.15322580645162,76.15322580645162,High density,Protein structure,protein_lddt_max,70,0.0
8h5y__1__1.A__1.D_1.E,0.0,1,54.0,0,,54.0,No neighbours,Protein structure,protein_lddt_max,70,0.0
8h7r__1__1.A__1.B,0.25,1,90.0,906,80.19867549668874,80.19867549668874,High density,Protein structure,protein_lddt_max,70,25.0
8h99__1__1.B__1.H_1.J_1.K,1.0,1,100.0,66,91.92424242424242,91.92424242424242,Low density,Protein structure,protein_lddt_max,70,100.0
8haq__1__1.A__1.C,0.25,1,98.0,2844,79.4648382559775,79.4648382559775,High density,Protein structure,protein_lddt_max,70,25.0
8hcc__1__1.B__1.I_1.J_1.K,1.0,1,98.0,34,94.79411764705883,94.79411764705883,Low density,Protein structure,protein_lddt_max,70,100.0
8hch__1__1.C__1.J,0.0,1,99.0,34,96.55882352941177,96.55882352941177,Low density,Protein structure,protein_lddt_max,70,0.0
8hd3__1__1.A__1.C,0.0,1,92.0,337,77.77448071216617,77.77448071216617,High density,Protein structure,protein_lddt_max,70,0.0
8he2__1__1.A__1.B_1.C,0.0,1,70.0,3,70.0,70.0,Low density,Protein structure,protein_lddt_max,70,0.0
8he8__1__1.A__1.D_1.E,1.0,1,95.0,182,83.81868131868131,83.81868131868131,Low density,Protein structure,protein_lddt_max,70,100.0
8hf8__1__1.A__1.C,1.0,1,97.0,717,86.79637377963738,86.79637377963738,High density,Protein structure,protein_lddt_max,70,100.0
8hfh__1__1.A__1.B_1.C,0.75,1,89.0,360,73.70555555555555,73.70555555555555,High density,Protein structure,protein_lddt_max,70,75.0
8hfn__1__1.A__1.C_1.D,0.0,1,96.0,3,87.33333333333333,87.33333333333333,Low density,Protein structure,protein_lddt_max,70,0.0
8hi5__1__1.A__1.B_1.C,0.5,2,84.0,8,83.25,83.25,Low density,Protein structure,protein_lddt_max,70,50.0
8hjg__1__1.A__1.E_1.F,1.0,1,68.0,0,,68.0,No neighbours,Protein structure,protein_lddt_max,70,100.0
8hko__1__1.A__1.D_1.E_1.G_1.H,1.0,1,96.0,182,83.85164835164835,83.85164835164835,Low density,Protein structure,protein_lddt_max,70,100.0
8hlj__1__1.A__1.C,1.0,1,96.0,182,84.13186813186813,84.13186813186813,Low density,Protein structure,protein_lddt_max,70,100.0
8ho6__1__1.A__1.B_1.C,0.0,1,80.0,179,77.23463687150839,77.23463687150839,Low density,Protein structure,protein_lddt_max,70,0.0
8hp4__1__1.A_1.B__1.C_1.D,1.0,1,94.0,160,81.66875,81.66875,Low density,Protein structure,protein_lddt_max,70,100.0
8hpc__1__1.A_1.H__1.P,0.75,1,99.0,40,78.875,78.875,Low density,Protein structure,protein_lddt_max,70,75.0
8hrv__1__1.A_1.B_1.C__1.E_1.H,0.75,1,90.0,325,80.64,80.64,Low density,Protein structure,protein_lddt_max,70,75.0
8htg__1__1.A__1.F_1.G,1.0,1,95.0,192,80.08333333333333,80.08333333333333,Low density,Protein structure,protein_lddt_max,70,100.0
8hul__1__1.A__1.C,1.0,1,99.0,695,88.22589928057553,88.22589928057553,High density,Protein structure,protein_lddt_max,70,100.0
8hum__1__1.A__1.C,1.0,1,94.0,684,88.10526315789474,88.10526315789474,High density,Protein structure,protein_lddt_max,70,100.0
8huu__1__1.A__1.C,0.0,1,97.0,889,88.13835770528684,88.13835770528684,High density,Protein structure,protein_lddt_max,70,0.0
8hx2__1__1.A__1.B_1.C,0.25,1,99.0,34,93.3529411764706,93.3529411764706,Low density,Protein structure,protein_lddt_max,70,25.0
8hxh__1__1.A__1.B_1.C,1.0,1,99.0,34,93.58823529411765,93.58823529411765,Low density,Protein structure,protein_lddt_max,70,100.0
8hxu__1__1.A__1.C_1.D_1.E,0.25,1,100.0,366,83.07650273224044,83.07650273224044,High density,Protein structure,protein_lddt_max,70,25.0
8hy6__1__1.A__1.C_1.D_1.E,0.25,1,100.0,362,84.85082872928177,84.85082872928177,High density,Protein structure,protein_lddt_max,70,25.0
8hyk__1__1.A__1.B_1.C,0.25,1,74.0,3,73.33333333333333,73.33333333333333,Low density,Protein structure,protein_lddt_max,70,25.0
8hym__1__2.A__2.B_2.C,1.0,1,99.0,34,93.55882352941177,93.55882352941177,Low density,Protein structure,protein_lddt_max,70,100.0
8hyp__1__2.A__2.B_2.C,0.5,1,99.0,34,93.5,93.5,Low density,Protein structure,protein_lddt_max,70,50.0
8hz7__1__1.A__1.B_1.C,1.0,1,99.0,34,93.5,93.5,Low density,Protein structure,protein_lddt_max,70,100.0
8i0d__1__1.A__1.B,0.0,1,83.0,13,79.15384615384616,79.15384615384616,Low density,Protein structure,protein_lddt_max,70,0.0
8i19__1__1.A__1.C_1.D_1.E,1.0,1,100.0,135,95.28888888888889,95.28888888888889,Low density,Protein structure,protein_lddt_max,70,100.0
8i1o__1__1.A__1.F,1.0,1,98.0,138,88.85507246376811,88.85507246376811,Low density,Protein structure,protein_lddt_max,70,100.0
8i2n__1__1.A__1.C,0.75,1,94.0,233,72.92703862660944,72.92703862660944,Low density,Protein structure,protein_lddt_max,70,75.0
8i2u__1__1.A__1.B_1.C,1.0,1,99.0,34,93.44117647058823,93.44117647058823,Low density,Protein structure,protein_lddt_max,70,100.0
8i4i__1__1.A__1.C,1.0,1,97.0,98,83.0,83.0,Low density,Protein structure,protein_lddt_max,70,100.0
8ie5__1__1.A__1.B,0.75,1,100.0,2100,74.65761904761905,74.65761904761905,High density,Protein structure,protein_lddt_max,70,75.0
8ie6__1__1.A__1.B,0.25,1,99.0,1965,74.92977099236641,74.92977099236641,High density,Protein structure,protein_lddt_max,70,25.0
8im3__1__2.C__2.K_2.L,0.0,1,93.0,36,76.61111111111111,76.61111111111111,Low density,Protein structure,protein_lddt_max,70,0.0
8in7__1__1.A__1.B,0.25,1,80.0,35,77.0,77.0,Low density,Protein structure,protein_lddt_max,70,25.0
8ina__1__1.A__1.B_1.C,1.0,1,80.0,42,75.85714285714286,75.85714285714286,Low density,Protein structure,protein_lddt_max,70,100.0
8ind__1__1.A__1.B_1.C_1.D,0.5,2,81.0,74,77.16216216216216,77.16216216216216,Low density,Protein structure,protein_lddt_max,70,50.0
8ino__1__1.A__1.B_1.C_1.D,0.5,2,81.0,108,75.33333333333333,75.33333333333333,Low density,Protein structure,protein_lddt_max,70,50.0
8inv__1__1.A__1.B_1.C_1.D,0.5,2,82.0,92,76.23913043478261,76.23913043478261,Low density,Protein structure,protein_lddt_max,70,50.0
8iqn__1__1.A__1.B,0.75,1,100.0,583,82.01886792452831,82.01886792452831,High density,Protein structure,protein_lddt_max,70,75.0
8iqt__1__1.A__1.B,1.0,1,100.0,580,82.1,82.1,High density,Protein structure,protein_lddt_max,70,100.0
8iqu__1__1.A__1.B,1.0,1,77.0,6,76.0,76.0,Low density,Protein structure,protein_lddt_max,70,100.0
8iui__1__1.A__1.C,0.0,1,97.0,509,88.94891944990177,88.94891944990177,High density,Protein structure,protein_lddt_max,70,0.0
8ivg__1__1.A__1.B_1.C,0.0,1,99.0,117,96.1880341880342,96.1880341880342,Low density,Protein structure,protein_lddt_max,70,0.0
8ivn__1__1.A_1.B__1.C,0.0,1,72.0,2,72.0,72.0,Low density,Protein structure,protein_lddt_max,70,0.0
8ivr__1__1.A__1.B,0.25,1,99.0,117,96.46153846153847,96.46153846153847,Low density,Protein structure,protein_lddt_max,70,25.0
8ivs__1__1.A_1.B__1.C,0.0,1,73.0,2,73.0,73.0,Low density,Protein structure,protein_lddt_max,70,0.0
8ivt__1__1.A_1.B__1.F,0.0,1,73.0,2,73.0,73.0,Low density,Protein structure,protein_lddt_max,70,0.0
8ivu__1__1.A_1.B__1.I,0.75,1,100.0,144,98.90277777777777,98.90277777777777,Low density,Protein structure,protein_lddt_max,70,75.0
8iw3__1__1.A_1.B__1.C,0.0,1,72.0,2,72.0,72.0,Low density,Protein structure,protein_lddt_max,70,0.0
8iw6__1__1.A_1.B__1.F,0.0,1,73.0,2,73.0,73.0,Low density,Protein structure,protein_lddt_max,70,0.0
8ix9__1__2.A__2.D_2.E_2.F,0.75,1,72.0,9,71.22222222222223,71.22222222222223,Low density,Protein structure,protein_lddt_max,70,75.0
8izc__1__1.A_1.B__1.I,0.25,1,97.0,182,88.0,88.0,Low density,Protein structure,protein_lddt_max,70,25.0
8j1g__1__1.B__1.H_1.I,0.75,2,74.0,16,72.125,72.125,Low density,Protein structure,protein_lddt_max,70,75.0
8j30__1__1.A__1.C,0.0,1,98.0,2,97.0,97.0,Low density,Protein structure,protein_lddt_max,70,0.0
8j3c__1__1.A__1.B_1.C,1.0,1,99.0,34,93.5,93.5,Low density,Protein structure,protein_lddt_max,70,100.0
8j40__1__1.A_2.A__1.D,0.0,1,97.0,62,80.35483870967742,80.35483870967742,Low density,Protein structure,protein_lddt_max,70,0.0
8j5e__1__1.A__1.B,0.0,1,61.0,0,,61.0,No neighbours,Protein structure,protein_lddt_max,70,0.0
8j5f__1__2.A__2.B,0.25,1,61.0,0,,61.0,No neighbours,Protein structure,protein_lddt_max,70,25.0
8j5x__1__1.A__1.B,1.0,1,96.0,2271,73.85865257595773,73.85865257595773,High density,Protein structure,protein_lddt_max,70,100.0
8j7j__1__1.A_1.B__1.C,0.0,1,72.0,2,72.0,72.0,Low density,Protein structure,protein_lddt_max,70,0.0
8j8x__1__1.A__1.B_1.C,1.0,1,99.0,34,93.73529411764706,93.73529411764706,Low density,Protein structure,protein_lddt_max,70,100.0
8jby__1__1.A__1.C,1.0,1,95.0,401,78.85536159600997,78.85536159600997,High density,Protein structure,protein_lddt_max,70,100.0
8jc5__1__1.A__1.E_1.F,1.0,1,93.0,146,79.41780821917808,79.41780821917808,Low density,Protein structure,protein_lddt_max,70,100.0
8jdb__1__1.A__1.B_1.C,0.75,2,72.0,36,71.66666666666667,71.66666666666667,Low density,Protein structure,protein_lddt_max,70,75.0
8jdg__1__1.A__1.B_1.C,0.75,2,73.0,36,72.0,72.0,Low density,Protein structure,protein_lddt_max,70,75.0
8jdn__1__1.A__1.B_1.C,1.0,2,73.0,36,72.22222222222223,72.22222222222223,Low density,Protein structure,protein_lddt_max,70,100.0
8jdo__1__1.A__1.B_1.C,0.75,2,73.0,36,71.77777777777777,71.77777777777777,Low density,Protein structure,protein_lddt_max,70,75.0
8jdp__1__1.A__1.B_1.C,1.0,2,72.0,36,72.0,72.0,Low density,Protein structure,protein_lddt_max,70,100.0
8jdq__1__1.A__1.B_1.C,0.625,2,73.0,36,72.11111111111111,72.11111111111111,Low density,Protein structure,protein_lddt_max,70,62.5
8jdr__1__1.A__1.B_1.C,1.0,2,72.0,36,71.77777777777777,71.77777777777777,Low density,Protein structure,protein_lddt_max,70,100.0
8jds__1__1.A__1.B_1.C_1.D,0.875,2,73.0,36,72.22222222222223,72.22222222222223,Low density,Protein structure,protein_lddt_max,70,87.5
8jdt__1__1.A__1.B_1.C_1.D,1.0,2,72.0,36,71.66666666666667,71.66666666666667,Low density,Protein structure,protein_lddt_max,70,100.0
8jdv__1__1.A__1.B_1.C_1.D,1.0,1,72.0,18,71.77777777777777,71.77777777777777,Low density,Protein structure,protein_lddt_max,70,100.0
8jdx__1__1.A__1.B_1.C_1.D,1.0,2,73.0,36,71.88888888888889,71.88888888888889,Low density,Protein structure,protein_lddt_max,70,100.0
8jdy__1__1.A__1.B_1.C_1.D,1.0,2,73.0,36,71.88888888888889,71.88888888888889,Low density,Protein structure,protein_lddt_max,70,100.0
8jdz__1__1.A__1.B_1.C_1.D,1.0,2,73.0,36,72.22222222222223,72.22222222222223,Low density,Protein structure,protein_lddt_max,70,100.0
8jg8__1__1.A__1.B,1.0,1,98.0,2284,79.63922942206655,79.63922942206655,High density,Protein structure,protein_lddt_max,70,100.0
8jjk__1__1.A__1.B_1.F_1.G_1.H,0.5,1,93.0,3,88.0,88.0,Low density,Protein structure,protein_lddt_max,70,50.0
8jk8__1__1.A__1.B_1.C_1.D,0.75,1,93.0,3,87.33333333333333,87.33333333333333,Low density,Protein structure,protein_lddt_max,70,75.0
8jkp__1__2.A__2.B_2.C_2.D_2.E,0.5,1,94.0,3,88.33333333333333,88.33333333333333,Low density,Protein structure,protein_lddt_max,70,50.0
8jkr__1__1.A__1.B_1.G_1.H_1.I,0.5,1,93.0,3,87.0,87.0,Low density,Protein structure,protein_lddt_max,70,50.0
8jm8__1__1.A__1.C_1.I,1.0,2,100.0,226,97.53097345132744,97.53097345132744,Low density,Protein structure,protein_lddt_max,70,100.0
8jmo__1__1.A__1.D,0.25,1,91.0,5,85.2,85.2,Low density,Protein structure,protein_lddt_max,70,25.0
8jmp__1__1.A__1.D,0.0,1,90.0,5,85.4,85.4,Low density,Protein structure,protein_lddt_max,70,0.0
8jmz__1__1.A__1.C_1.E_1.J,0.5,1,98.0,2322,74.65460809646856,74.65460809646856,High density,Protein structure,protein_lddt_max,70,50.0
8jot__1__1.A__1.B,0.0,1,97.0,2037,73.5365733922435,73.5365733922435,High density,Protein structure,protein_lddt_max,70,0.0
8jqp__1__2.A__2.C_2.D_2.E,1.0,1,88.0,94,86.36170212765957,86.36170212765957,Low density,Protein structure,protein_lddt_max,70,100.0
8jqz__1__1.A_2.B__1.C,0.0,1,98.0,21,81.57142857142857,81.57142857142857,Low density,Protein structure,protein_lddt_max,70,0.0
8jt3__1__1.A_1.C__1.E,1.0,1,100.0,26,97.61538461538461,97.61538461538461,Low density,Protein structure,protein_lddt_max,70,100.0
8ju9__1__1.A_2.A_4.A__1.B,0.25,1,75.0,6,74.66666666666667,74.66666666666667,Low density,Protein structure,protein_lddt_max,70,25.0
8jwy__1__1.A__1.B,1.0,1,98.0,621,79.6779388083736,79.6779388083736,High density,Protein structure,protein_lddt_max,70,100.0
8jya__1__1.B__1.G,0.0,1,96.0,17,90.58823529411765,90.58823529411765,Low density,Protein structure,protein_lddt_max,70,0.0
8jyc__1__1.A_1.B_1.C__1.T,0.0,1,95.0,17,89.88235294117646,89.88235294117646,Low density,Protein structure,protein_lddt_max,70,0.0
8jye__1__1.A_1.B_1.D__1.P,0.0,1,99.0,17,93.6470588235294,93.6470588235294,Low density,Protein structure,protein_lddt_max,70,0.0
8jyf__1__1.B__1.F,0.0,1,96.0,15,93.46666666666667,93.46666666666667,Low density,Protein structure,protein_lddt_max,70,0.0
8jyg__1__1.A_1.B__1.C_1.Y,0.5,1,99.0,42,98.26190476190476,98.26190476190476,Low density,Protein structure,protein_lddt_max,70,50.0
8k4c__1__1.B__1.G,0.75,1,99.0,958,84.65657620041753,84.65657620041753,High density,Protein structure,protein_lddt_max,70,75.0
8k5y__1__1.A__1.H,0.0,1,94.0,443,81.58465011286681,81.58465011286681,High density,Protein structure,protein_lddt_max,70,0.0
8k9y__1__1.A__1.C_1.E,0.25,1,94.0,3,94.0,94.0,Low density,Protein structure,protein_lddt_max,70,25.0
8ke1__1__2.A__2.B_2.C_2.D_2.E,1.0,1,100.0,180,96.73333333333333,96.73333333333333,Low density,Protein structure,protein_lddt_max,70,100.0
8ke2__1__2.A__2.B_2.C_2.D_2.E,0.5,1,99.0,180,96.74444444444444,96.74444444444444,Low density,Protein structure,protein_lddt_max,70,50.0
8ke4__1__2.A__2.B_2.C_2.D_2.E,0.5,2,100.0,180,96.57777777777778,96.57777777777778,Low density,Protein structure,protein_lddt_max,70,50.0
8ogh__1__1.A_1.B__1.M_1.R,0.0,1,79.0,14,76.85714285714286,76.85714285714286,Low density,Protein structure,protein_lddt_max,70,0.0
8oku__1__1.A_1.B__1.C,0.0,1,84.0,1758,74.38794084186576,74.38794084186576,High density,Protein structure,protein_lddt_max,70,0.0
8oli__1__1.A__1.B_1.C,0.75,1,100.0,1294,94.44667697063369,94.44667697063369,High density,Protein structure,protein_lddt_max,70,75.0
8omp__1__1.A__1.B_1.C,0.0,1,100.0,1294,94.4273570324575,94.4273570324575,High density,Protein structure,protein_lddt_max,70,0.0
8onn__1__1.A__1.F,0.5,1,77.0,213,74.16431924882629,74.16431924882629,Low density,Protein structure,protein_lddt_max,70,50.0
8oo2__1__1.A_1.B__1.C_1.D,0.0,1,76.0,109,72.9908256880734,72.9908256880734,Low density,Protein structure,protein_lddt_max,70,0.0
8ooj__1__1.B__1.H,0.5,1,96.0,369,87.22493224932249,87.22493224932249,High density,Protein structure,protein_lddt_max,70,50.0
8oov__1__1.A_1.B__1.D,1.0,1,99.0,586,89.7815699658703,89.7815699658703,High density,Protein structure,protein_lddt_max,70,100.0
8oq2__1__1.B__1.H_1.I,1.0,1,98.0,93,83.05376344086021,83.05376344086021,Low density,Protein structure,protein_lddt_max,70,100.0
8otv__1__1.A_1.B__1.F,0.0,1,68.0,0,,68.0,No neighbours,Protein structure,protein_lddt_max,70,0.0
8ou2__1__1.A__1.C,1.0,1,97.0,1654,78.76239419588876,78.76239419588876,High density,Protein structure,protein_lddt_max,70,100.0
8ou3__1__1.A_1.C__1.E,1.0,1,100.0,173,91.69942196531792,91.69942196531792,Low density,Protein structure,protein_lddt_max,70,100.0
8ou5__1__1.A_1.C__1.E,1.0,1,100.0,173,91.30057803468208,91.30057803468208,Low density,Protein structure,protein_lddt_max,70,100.0
8ouk__1__1.A__1.B_1.C,1.0,1,84.0,151,78.0794701986755,78.0794701986755,Low density,Protein structure,protein_lddt_max,70,100.0
8oum__1__1.A__1.F_1.G,1.0,1,86.0,156,79.36538461538461,79.36538461538461,Low density,Protein structure,protein_lddt_max,70,100.0
8oun__1__1.A__1.C_1.D,1.0,1,77.0,49,73.55102040816327,73.55102040816327,Low density,Protein structure,protein_lddt_max,70,100.0
8ouu__1__1.A__1.F,0.0,1,92.0,2362,75.12743437764607,75.12743437764607,High density,Protein structure,protein_lddt_max,70,0.0
8ov7__1__1.A__1.B,0.0,1,87.0,2265,74.48211920529802,74.48211920529802,High density,Protein structure,protein_lddt_max,70,0.0
8ovr__1__1.A__1.B,0.0,1,69.0,0,,69.0,No neighbours,Protein structure,protein_lddt_max,70,0.0
8ovs__1__1.A__1.C_1.F_1.I_1.Q_1.T,0.5,1,89.0,2,89.0,89.0,Low density,Protein structure,protein_lddt_max,70,50.0
8ozv__1__1.A_2.A__1.B_1.C,0.625,2,90.0,156,84.0,84.0,Low density,Protein structure,protein_lddt_max,70,62.5
8p0e__1__1.A__1.C,1.0,1,73.0,21,70.95238095238095,70.95238095238095,Low density,Protein structure,protein_lddt_max,70,100.0
8p0m__1__1.C__1.L,0.0,1,95.0,38,89.02631578947368,89.02631578947368,Low density,Protein structure,protein_lddt_max,70,0.0
8p0o__1__1.A__1.H_1.P,0.0,1,95.0,2,94.0,94.0,Low density,Protein structure,protein_lddt_max,70,0.0
8p0p__1__1.A__1.C,0.0,1,94.0,2,93.0,93.0,Low density,Protein structure,protein_lddt_max,70,0.0
8p1e__1__1.D_1.E__1.P,0.0,1,100.0,1485,86.2013468013468,86.2013468013468,High density,Protein structure,protein_lddt_max,70,0.0
8p1p__1__1.A__1.E,0.0,1,62.0,0,,62.0,No neighbours,Protein structure,protein_lddt_max,70,0.0
8p41__1__1.A__1.K_1.L,0.0,2,100.0,616,97.4512987012987,97.4512987012987,High density,Protein structure,protein_lddt_max,70,0.0
8p44__1__1.A_1.B__1.E,0.0,1,98.0,9,98.0,98.0,Low density,Protein structure,protein_lddt_max,70,0.0
8p4z__1__1.A__1.C,1.0,1,92.0,1425,75.12140350877193,75.12140350877193,High density,Protein structure,protein_lddt_max,70,100.0
8p5c__1__1.A_1.B__1.C,0.0,1,100.0,889,96.10011248593926,96.10011248593926,High density,Protein structure,protein_lddt_max,70,0.0
8paf__1__1.A_1.B__1.C,1.0,1,100.0,108,92.70370370370371,92.70370370370371,Low density,Protein structure,protein_lddt_max,70,100.0
8pbo__1__1.A__1.C,1.0,1,97.0,685,89.46861313868614,89.46861313868614,High density,Protein structure,protein_lddt_max,70,100.0
8pfl__1__1.A__1.C,0.0,1,83.0,16,71.3125,71.3125,Low density,Protein structure,protein_lddt_max,70,0.0
8ph4__1__1.A_1.B__1.D_1.F,0.0,1,100.0,889,96.12935883014623,96.12935883014623,High density,Protein structure,protein_lddt_max,70,0.0
8pj0__1__1.A_1.B__1.V,0.75,1,100.0,133,84.42105263157895,84.42105263157895,Low density,Protein structure,protein_lddt_max,70,75.0
8pj7__1__1.A__1.B,0.25,1,98.0,79,86.16455696202532,86.16455696202532,Low density,Protein structure,protein_lddt_max,70,25.0
8pji__1__1.A__1.E,1.0,1,100.0,79,85.64556962025317,85.64556962025317,Low density,Protein structure,protein_lddt_max,70,100.0
8pom__1__1.A__1.C,1.0,1,99.0,38,92.10526315789474,92.10526315789474,Low density,Protein structure,protein_lddt_max,70,100.0
8pp0__1__1.A__1.C,0.75,1,100.0,1144,76.52447552447552,76.52447552447552,High density,Protein structure,protein_lddt_max,70,75.0
8pp8__1__1.A__1.D,0.75,1,98.0,9,91.0,91.0,Low density,Protein structure,protein_lddt_max,70,75.0
8pp9__1__1.A__1.C_1.D_1.H,0.875,2,98.0,18,90.88888888888889,90.88888888888889,Low density,Protein structure,protein_lddt_max,70,87.5
8ppf__1__1.A__1.D,0.25,1,98.0,9,90.88888888888889,90.88888888888889,Low density,Protein structure,protein_lddt_max,70,25.0
8ppg__1__1.A__1.F_1.G_1.H_1.I,0.375,2,96.0,18,89.77777777777777,89.77777777777777,Low density,Protein structure,protein_lddt_max,70,37.5
8pq9__1__1.A__1.C,0.25,1,93.0,2282,76.43777388255916,76.43777388255916,High density,Protein structure,protein_lddt_max,70,25.0
8pqa__1__1.A__1.C,0.0,1,92.0,2125,76.70070588235293,76.70070588235293,High density,Protein structure,protein_lddt_max,70,0.0
8pqf__1__1.A__1.C,0.0,1,93.0,2268,76.33465608465609,76.33465608465609,High density,Protein structure,protein_lddt_max,70,0.0
8pqq__1__1.B_1.D__1.J,0.5,1,61.0,0,,61.0,No neighbours,Protein structure,protein_lddt_max,70,50.0
8pqr__1__1.A_1.B_1.C__1.E,0.25,1,61.0,0,,61.0,No neighbours,Protein structure,protein_lddt_max,70,25.0
8prx__1__1.D__1.IA_1.JA_1.KA,0.25,1,100.0,501,88.64071856287426,88.64071856287426,High density,Protein structure,protein_lddt_max,70,25.0
8px2__1__1.A__1.B,1.0,1,100.0,1598,82.02127659574468,82.02127659574468,High density,Protein structure,protein_lddt_max,70,100.0
8px8__1__1.A__1.D,0.75,1,100.0,1628,82.93673218673219,82.93673218673219,High density,Protein structure,protein_lddt_max,70,75.0
8pyi__1__1.A__1.I,0.25,1,98.0,2200,74.76590909090909,74.76590909090909,High density,Protein structure,protein_lddt_max,70,25.0
8pyn__1__1.A__1.B,0.5,1,94.0,2316,75.60794473229707,75.60794473229707,High density,Protein structure,protein_lddt_max,70,50.0
8q0t__1__1.A__1.C,0.0,1,97.0,11,94.54545454545455,94.54545454545455,Low density,Protein structure,protein_lddt_max,70,0.0
8q0u__1__1.A__1.D,0.25,1,100.0,11,94.54545454545455,94.54545454545455,Low density,Protein structure,protein_lddt_max,70,25.0
8q17__1__1.A__1.F,0.0,1,98.0,11,94.9090909090909,94.9090909090909,Low density,Protein structure,protein_lddt_max,70,0.0
8q1m__1__1.A_1.B__1.G,0.0,1,100.0,1557,86.0199100834939,86.0199100834939,High density,Protein structure,protein_lddt_max,70,0.0
8q2u__1__1.A__1.C,0.75,1,99.0,122,92.81147540983606,92.81147540983606,Low density,Protein structure,protein_lddt_max,70,75.0
8q2w__1__1.A__1.C,1.0,1,100.0,121,92.7603305785124,92.7603305785124,Low density,Protein structure,protein_lddt_max,70,100.0
8q2y__1__1.A__1.C,1.0,1,99.0,121,92.33884297520662,92.33884297520662,Low density,Protein structure,protein_lddt_max,70,100.0
8q31__1__1.A__1.C,1.0,1,99.0,122,92.78688524590164,92.78688524590164,Low density,Protein structure,protein_lddt_max,70,100.0
8q34__1__1.A__1.F,0.5,1,100.0,1269,84.50985027580772,84.50985027580772,High density,Protein structure,protein_lddt_max,70,50.0
8q5v__1__1.A_1.B__1.P_1.Q,1.0,1,91.0,54,84.77777777777777,84.77777777777777,Low density,Protein structure,protein_lddt_max,70,100.0
8q5x__1__1.A_1.C__1.E_1.F,0.0,1,90.0,54,84.11111111111111,84.11111111111111,Low density,Protein structure,protein_lddt_max,70,0.0
8q9v__1__2.A__2.C_2.D_2.E,0.0,1,90.0,62,85.93548387096774,85.93548387096774,Low density,Protein structure,protein_lddt_max,70,0.0
8qc4__1__1.A__1.C,0.75,1,99.0,33,92.84848484848484,92.84848484848484,Low density,Protein structure,protein_lddt_max,70,75.0
8qc5__1__1.B__1.E_1.F,1.0,1,66.0,0,,66.0,No neighbours,Protein structure,protein_lddt_max,70,100.0
8qdy__1__1.A_2.A__1.B,0.25,1,100.0,178,93.24157303370787,93.24157303370787,Low density,Protein structure,protein_lddt_max,70,25.0
8qdz__1__1.A_2.A__2.B,0.5,1,100.0,178,93.23033707865169,93.23033707865169,Low density,Protein structure,protein_lddt_max,70,50.0
8qe0__1__1.A_2.A__2.B,0.5,1,100.0,178,93.14044943820225,93.14044943820225,Low density,Protein structure,protein_lddt_max,70,50.0
8qe1__1__1.A_2.A__1.B,0.75,1,100.0,178,93.08988764044943,93.08988764044943,Low density,Protein structure,protein_lddt_max,70,75.0
8qe3__1__1.A_2.A__1.B,0.75,1,100.0,178,92.98876404494382,92.98876404494382,Low density,Protein structure,protein_lddt_max,70,75.0
8qel__1__1.B__1.C,1.0,1,95.0,17,76.94117647058823,76.94117647058823,Low density,Protein structure,protein_lddt_max,70,100.0
8qhq__1__1.A_1.B__1.G,1.0,1,93.0,32,91.625,91.625,Low density,Protein structure,protein_lddt_max,70,100.0
8qic__1__1.B__1.F_1.J,0.0,1,100.0,66,91.27272727272727,91.27272727272727,Low density,Protein structure,protein_lddt_max,70,0.0
8qk2__1__1.A__1.D,1.0,1,98.0,11,90.63636363636364,90.63636363636364,Low density,Protein structure,protein_lddt_max,70,100.0
8qk5__1__1.A__1.D,0.0,1,97.0,11,89.63636363636364,89.63636363636364,Low density,Protein structure,protein_lddt_max,70,0.0
8qk9__1__1.A__1.D,0.75,1,97.0,11,91.0,91.0,Low density,Protein structure,protein_lddt_max,70,75.0
8qka__1__1.A__1.D,0.0,1,98.0,11,91.27272727272727,91.27272727272727,Low density,Protein structure,protein_lddt_max,70,0.0
8qkb__1__1.D__1.CA_1.HA,1.0,1,100.0,505,88.31881188118813,88.31881188118813,High density,Protein structure,protein_lddt_max,70,100.0
8qlr__1__1.B__1.F,1.0,1,99.0,1428,73.06792717086834,73.06792717086834,High density,Protein structure,protein_lddt_max,70,100.0
8qmx__1__1.A__1.C_1.D_1.F,0.3333333333333333,3,99.0,678,80.85840707964601,80.85840707964601,High density,Protein structure,protein_lddt_max,70,33.33333333333333
8qmy__1__1.A__1.D_1.E,1.0,1,63.0,0,,63.0,No neighbours,Protein structure,protein_lddt_max,70,100.0
8qpn__1__1.A__1.B_1.I,1.0,1,100.0,66,98.86363636363636,98.86363636363636,Low density,Protein structure,protein_lddt_max,70,100.0
8qq4__1__1.A__1.B_1.I,1.0,1,100.0,66,98.89393939393939,98.89393939393939,Low density,Protein structure,protein_lddt_max,70,100.0
8qqg__1__1.A__1.D,1.0,1,94.0,1184,73.8445945945946,73.8445945945946,High density,Protein structure,protein_lddt_max,70,100.0
8qqy__1__1.A__1.B,1.0,1,96.0,2646,78.05102040816327,78.05102040816327,High density,Protein structure,protein_lddt_max,70,100.0
8qtt__1__1.C__1.D_1.V,0.0,1,96.0,918,89.42265795206971,89.42265795206971,High density,Protein structure,protein_lddt_max,70,0.0
8qve__1__1.A__1.B_1.D,1.0,1,81.0,1,81.0,81.0,Low density,Protein structure,protein_lddt_max,70,100.0
8qyg__1__1.A_1.B__1.C_1.L,1.0,1,92.0,42,78.04761904761905,78.04761904761905,Low density,Protein structure,protein_lddt_max,70,100.0
8qyq__1__1.A__1.H,0.0,1,96.0,168,80.36904761904762,80.36904761904762,Low density,Protein structure,protein_lddt_max,70,0.0
8qyu__1__1.A__1.K_1.L,0.25,1,99.0,168,81.64880952380952,81.64880952380952,Low density,Protein structure,protein_lddt_max,70,25.0
8qyw__1__1.A_2.A__1.C_1.E,0.5,1,97.0,47,84.14893617021276,84.14893617021276,Low density,Protein structure,protein_lddt_max,70,50.0
8r0i__1__1.A_2.A__1.D,0.75,1,100.0,131,84.48091603053435,84.48091603053435,Low density,Protein structure,protein_lddt_max,70,75.0
8r11__1__1.A_1.B__1.C,1.0,1,100.0,889,96.28908886389202,96.28908886389202,High density,Protein structure,protein_lddt_max,70,100.0
8r12__1__1.A_1.B__1.C,0.0,1,99.0,889,96.60404949381328,96.60404949381328,High density,Protein structure,protein_lddt_max,70,0.0
8r1n__1__1.A__1.C,0.0,1,98.0,454,81.57929515418502,81.57929515418502,High density,Protein structure,protein_lddt_max,70,0.0
8r1p__1__1.A_1.B__1.C,0.25,1,99.0,490,81.65510204081633,81.65510204081633,High density,Protein structure,protein_lddt_max,70,25.0
8r3d__1__1.B_1.E__1.J,1.0,1,100.0,42,96.45238095238095,96.45238095238095,Low density,Protein structure,protein_lddt_max,70,100.0
8r41__1__1.A__1.E_1.F_1.G,1.0,1,98.0,355,84.63943661971831,84.63943661971831,High density,Protein structure,protein_lddt_max,70,100.0
8r42__1__1.B__1.Q,0.25,1,98.0,337,85.26409495548961,85.26409495548961,High density,Protein structure,protein_lddt_max,70,25.0
8r4o__1__1.A__1.M,0.75,1,85.0,1876,75.66791044776119,75.66791044776119,High density,Protein structure,protein_lddt_max,70,75.0
8r4q__1__1.A__1.M_1.N,0.75,1,84.0,1815,75.62644628099173,75.62644628099173,High density,Protein structure,protein_lddt_max,70,75.0
8r4u__1__1.A__1.I,0.5,1,84.0,1707,74.88166373755126,74.88166373755126,High density,Protein structure,protein_lddt_max,70,50.0
8r4x__1__1.A__1.J_1.K_1.L_1.P,0.5,1,99.0,373,84.48525469168901,84.48525469168901,High density,Protein structure,protein_lddt_max,70,50.0
8r99__1__1.A__1.B_1.C,0.25,1,93.0,1616,74.38366336633663,74.38366336633663,High density,Protein structure,protein_lddt_max,70,25.0
8rb6__1__1.A__1.C_1.D,0.5,2,99.0,1036,87.36486486486487,87.36486486486487,High density,Protein structure,protein_lddt_max,70,50.0
8rdk__1__1.A__1.D,0.0,1,100.0,29,97.48275862068965,97.48275862068965,Low density,Protein structure,protein_lddt_max,70,0.0
8s8x__1__1.A__1.C_1.E_1.F_1.I,0.5833333333333334,3,99.0,183,97.14754098360656,97.14754098360656,Low density,Protein structure,protein_lddt_max,70,58.333333333333336
8s98__1__1.A__1.D,1.0,1,98.0,887,72.83878241262683,72.83878241262683,High density,Protein structure,protein_lddt_max,70,100.0
8sam__1__1.A__1.C_1.D,0.0,1,59.0,0,,59.0,No neighbours,Protein structure,protein_lddt_max,70,0.0
8se5__1__1.A_1.B__1.H,0.25,1,78.0,249,74.04016064257029,74.04016064257029,Low density,Protein structure,protein_lddt_max,70,25.0
8sf3__1__1.A__1.B_1.C,0.75,1,86.0,84,82.35714285714286,82.35714285714286,Low density,Protein structure,protein_lddt_max,70,75.0
8sft__1__1.A__1.E_1.F,0.5,2,57.0,0,,57.0,No neighbours,Protein structure,protein_lddt_max,70,50.0
8sge__1__1.A__1.H,0.75,1,98.0,6,97.66666666666667,97.66666666666667,Low density,Protein structure,protein_lddt_max,70,75.0
8sip__1__1.A_1.B__1.C,0.75,1,97.0,2794,81.95096635647816,81.95096635647816,High density,Protein structure,protein_lddt_max,70,75.0
8six__1__1.A__1.B,0.75,1,99.0,1481,74.95003376097232,74.95003376097232,High density,Protein structure,protein_lddt_max,70,75.0
8sk0__1__1.B__1.G_1.H,0.75,1,91.0,155,74.86451612903225,74.86451612903225,Low density,Protein structure,protein_lddt_max,70,75.0
8slg__1__1.A__1.C,1.0,1,85.0,22,77.22727272727273,77.22727272727273,Low density,Protein structure,protein_lddt_max,70,100.0
8sqg__1__1.A__1.C_1.D,0.25,1,100.0,406,94.16748768472907,94.16748768472907,High density,Protein structure,protein_lddt_max,70,25.0
8su1__1__1.A__1.C_1.D_1.E_1.F,1.0,1,100.0,18,99.66666666666667,99.66666666666667,Low density,Protein structure,protein_lddt_max,70,100.0
8sv9__1__1.A__1.C,1.0,1,97.0,1247,72.23817161186848,72.23817161186848,High density,Protein structure,protein_lddt_max,70,100.0
8svl__1__1.A__1.B_1.C_1.G,1.0,1,100.0,106,88.67924528301887,88.67924528301887,Low density,Protein structure,protein_lddt_max,70,100.0
8swe__1__1.A__1.E,1.0,1,99.0,2419,77.67135179826374,77.67135179826374,High density,Protein structure,protein_lddt_max,70,100.0
8swr__1__1.A_1.B__1.I,1.0,1,98.0,385,78.8025974025974,78.8025974025974,High density,Protein structure,protein_lddt_max,70,100.0
8swt__1__1.A_2.A__1.C_1.D,1.0,1,87.0,386,80.85751295336787,80.85751295336787,High density,Protein structure,protein_lddt_max,70,100.0
8swu__1__1.A_1.B__1.D_1.E,1.0,1,88.0,401,83.31172069825436,83.31172069825436,High density,Protein structure,protein_lddt_max,70,100.0
8sx2__1__1.A__1.C,1.0,1,76.0,163,72.69938650306749,72.69938650306749,Low density,Protein structure,protein_lddt_max,70,100.0
8sx4__1__1.A__1.C,0.0,1,98.0,145,91.75172413793103,91.75172413793103,Low density,Protein structure,protein_lddt_max,70,0.0
8sxy__1__1.A__1.C,0.0,1,82.0,13,75.53846153846153,75.53846153846153,Low density,Protein structure,protein_lddt_max,70,0.0
8sye__1__1.A__1.C,0.0,1,81.0,13,75.6923076923077,75.6923076923077,Low density,Protein structure,protein_lddt_max,70,0.0
8sz3__1__1.A_2.B__1.G,0.0,1,99.0,64,97.234375,97.234375,Low density,Protein structure,protein_lddt_max,70,0.0
8sze__1__1.A__1.C,1.0,1,96.0,572,83.97027972027972,83.97027972027972,High density,Protein structure,protein_lddt_max,70,100.0
8szq__1__1.A__1.B_1.C,0.25,1,83.0,14,73.92857142857143,73.92857142857143,Low density,Protein structure,protein_lddt_max,70,25.0
8szs__1__1.A__1.B_1.C,0.25,1,84.0,10,76.0,76.0,Low density,Protein structure,protein_lddt_max,70,25.0
8t1q__1__1.A__1.B_1.F_1.G,0.25,1,95.0,23,74.26086956521739,74.26086956521739,Low density,Protein structure,protein_lddt_max,70,25.0
8t1y__1__1.A__1.B,1.0,1,72.0,15,70.46666666666667,70.46666666666667,Low density,Protein structure,protein_lddt_max,70,100.0
8t27__1__1.A__1.B,1.0,1,71.0,3,70.33333333333333,70.33333333333333,Low density,Protein structure,protein_lddt_max,70,100.0
8t2h__1__1.A__1.C_1.D_1.E,0.5,1,97.0,341,84.73607038123167,84.73607038123167,High density,Protein structure,protein_lddt_max,70,50.0
8t5k__1__1.A_2.A__1.B_2.B,0.5,2,96.0,136,88.51470588235294,88.51470588235294,Low density,Protein structure,protein_lddt_max,70,50.0
8t5n__1__1.A__1.B_1.M,1.0,1,86.0,22,76.0,76.0,Low density,Protein structure,protein_lddt_max,70,100.0
8t8v__1__1.A__1.B_1.C_1.E_1.F,0.75,1,60.0,0,,60.0,No neighbours,Protein structure,protein_lddt_max,70,75.0
8t9v__1__1.A__1.B,0.75,1,100.0,372,81.55913978494624,81.55913978494624,High density,Protein structure,protein_lddt_max,70,75.0
8tab__1__1.A__1.E_1.G,1.0,1,100.0,372,81.39784946236558,81.39784946236558,High density,Protein structure,protein_lddt_max,70,100.0
8tc9__1__1.A__1.E_1.M,1.0,1,93.0,19,81.57894736842105,81.57894736842105,Low density,Protein structure,protein_lddt_max,70,100.0
8tce__1__1.A__1.C,0.25,1,96.0,48,85.70833333333333,85.70833333333333,Low density,Protein structure,protein_lddt_max,70,25.0
8tqv__1__1.A__1.C,0.0,1,90.0,11,88.9090909090909,88.9090909090909,Low density,Protein structure,protein_lddt_max,70,0.0
8tti__1__1.A__1.E,1.0,1,100.0,86,88.06976744186046,88.06976744186046,Low density,Protein structure,protein_lddt_max,70,100.0
8twj__1__1.A__1.B_1.C_1.D_1.E,0.75,1,97.0,1,97.0,97.0,Low density,Protein structure,protein_lddt_max,70,75.0
8typ__1__1.A__1.C,0.75,1,97.0,671,70.60059612518629,70.60059612518629,High density,Protein structure,protein_lddt_max,70,75.0
8u0n__1__1.B__1.E_1.F,0.0,2,75.0,20,71.1,71.1,Low density,Protein structure,protein_lddt_max,70,0.0
8u2e__1__1.A__1.B,0.0,1,97.0,2450,76.2738775510204,76.2738775510204,High density,Protein structure,protein_lddt_max,70,0.0
8u2r__1__1.A__1.C,1.0,1,86.0,84,82.17857142857143,82.17857142857143,Low density,Protein structure,protein_lddt_max,70,100.0
8u37__1__1.A__1.B,0.5,1,96.0,1212,76.66419141914191,76.66419141914191,High density,Protein structure,protein_lddt_max,70,50.0
8u4w__1__1.A__1.E,0.75,1,96.0,182,87.5,87.5,Low density,Protein structure,protein_lddt_max,70,75.0
8u7w__1__1.A__1.C,0.75,1,98.0,440,76.14772727272727,76.14772727272727,High density,Protein structure,protein_lddt_max,70,75.0
8u7x__1__1.A__1.C,0.75,1,98.0,414,75.95652173913044,75.95652173913044,High density,Protein structure,protein_lddt_max,70,75.0
8u8j__1__1.A__1.B,1.0,1,99.0,1039,77.45524542829644,77.45524542829644,High density,Protein structure,protein_lddt_max,70,100.0
8u8k__1__1.A__1.B,1.0,1,99.0,1071,77.52474323062559,77.52474323062559,High density,Protein structure,protein_lddt_max,70,100.0
8u97__1__1.A__1.B,1.0,1,91.0,13,84.38461538461539,84.38461538461539,Low density,Protein structure,protein_lddt_max,70,100.0
8uak__1__1.A__1.B,0.75,1,96.0,1229,76.5126118795769,76.5126118795769,High density,Protein structure,protein_lddt_max,70,75.0
8ufp__1__1.A_1.B__1.K,0.0,1,100.0,1539,91.01169590643275,91.01169590643275,High density,Protein structure,protein_lddt_max,70,0.0
8ug3__1__1.A_1.B__1.C,0.25,1,100.0,59,93.66101694915254,93.66101694915254,Low density,Protein structure,protein_lddt_max,70,25.0
8ui1__1__1.A__1.B_1.C,1.0,1,72.0,48,70.22916666666667,70.22916666666667,Low density,Protein structure,protein_lddt_max,70,100.0
8ujy__1__1.B__1.D,1.0,1,100.0,208,90.66346153846153,90.66346153846153,Low density,Protein structure,protein_lddt_max,70,100.0
8uk6__1__1.A__1.C,0.0,1,79.0,19,77.73684210526316,77.73684210526316,Low density,Protein structure,protein_lddt_max,70,0.0
8un3__1__1.A__1.E_1.F_1.H,0.5,2,97.0,3983,83.32387647501884,83.32387647501884,High density,Protein structure,protein_lddt_max,70,50.0
8uob__1__1.A__1.B,0.25,1,99.0,60,96.46666666666667,96.46666666666667,Low density,Protein structure,protein_lddt_max,70,25.0
8ur9__1__1.A_1.B__1.C,1.0,1,100.0,889,96.26659167604049,96.26659167604049,High density,Protein structure,protein_lddt_max,70,100.0
8usm__1__1.A__1.C,1.0,1,99.0,181,81.54143646408839,81.54143646408839,Low density,Protein structure,protein_lddt_max,70,100.0
8uuf__1__1.A__1.B,1.0,1,99.0,60,96.23333333333333,96.23333333333333,Low density,Protein structure,protein_lddt_max,70,100.0
8uuu__1__1.A__1.B,0.5,1,97.0,60,94.73333333333333,94.73333333333333,Low density,Protein structure,protein_lddt_max,70,50.0
8uuv__1__1.A__1.B,0.75,1,98.0,60,95.75,95.75,Low density,Protein structure,protein_lddt_max,70,75.0
8ux7__1__1.B__1.I,0.5,1,99.0,387,96.24289405684755,96.24289405684755,High density,Protein structure,protein_lddt_max,70,50.0
8v2t__1__1.A_3.A_4.A__3.C_4.B,1.0,1,100.0,25,97.52,97.52,Low density,Protein structure,protein_lddt_max,70,100.0
8v8e__1__1.A__1.D,0.0,1,99.0,889,96.42632170978628,96.42632170978628,High density,Protein structure,protein_lddt_max,70,0.0
8vh9__1__1.A_1.B__1.C_1.F,1.0,1,99.0,227,93.25991189427313,93.25991189427313,Low density,Protein structure,protein_lddt_max,70,100.0
8vw1__1__1.A__1.B_1.C,1.0,1,97.0,23,94.26086956521739,94.26086956521739,Low density,Protein structure,protein_lddt_max,70,100.0
8w4s__1__1.A__1.D,0.25,1,99.0,916,77.6593886462882,77.6593886462882,High density,Protein structure,protein_lddt_max,70,25.0
8wd4__1__1.A__1.B,1.0,1,98.0,2306,77.08412836079792,77.08412836079792,High density,Protein structure,protein_lddt_max,70,100.0
8wdx__1__1.A__1.B,1.0,1,99.0,322,81.57142857142857,81.57142857142857,Low density,Protein structure,protein_lddt_max,70,100.0
8wjy__1__1.A__1.B,1.0,1,97.0,109,73.1559633027523,73.1559633027523,Low density,Protein structure,protein_lddt_max,70,100.0
8wmy__1__1.A__1.C_1.D_1.E,0.25,1,91.0,3,86.33333333333333,86.33333333333333,Low density,Protein structure,protein_lddt_max,70,25.0
8wnj__1__1.A__1.F,1.0,1,74.0,5,72.0,72.0,Low density,Protein structure,protein_lddt_max,70,100.0
8wo2__1__1.A__1.D,1.0,1,73.0,4,71.75,71.75,Low density,Protein structure,protein_lddt_max,70,100.0
8wr2__1__1.A__1.E_1.F,0.0,1,97.0,67,87.22388059701493,87.22388059701493,Low density,Protein structure,protein_lddt_max,70,0.0
8wrj__1__1.A__1.B,0.0,1,80.0,43,75.67441860465117,75.67441860465117,Low density,Protein structure,protein_lddt_max,70,0.0
8wsm__1__1.A__1.B_1.C,1.0,1,67.0,0,,67.0,No neighbours,Protein structure,protein_lddt_max,70,100.0
8wsw__1__1.A__1.E,0.0,1,87.0,16,80.125,80.125,Low density,Protein structure,protein_lddt_max,70,0.0
8wwo__1__1.A_2.D__2.K_2.L,1.0,1,68.0,0,,68.0,No neighbours,Protein structure,protein_lddt_max,70,100.0
8wzq__1__1.A__1.C,1.0,1,99.0,889,94.69966254218222,94.69966254218222,High density,Protein structure,protein_lddt_max,70,100.0
8x1a__1__1.A__1.B,0.75,1,97.0,8,94.5,94.5,Low density,Protein structure,protein_lddt_max,70,75.0
8x35__1__1.A_1.B__1.C_1.D_1.E,0.75,2,97.0,262,78.73282442748092,78.73282442748092,Low density,Protein structure,protein_lddt_max,70,75.0
8x6r__1__1.A__1.G_1.H_1.I,0.625,2,96.0,4059,83.98989898989899,83.98989898989899,High density,Protein structure,protein_lddt_max,70,62.5
8xhd__1__1.A_1.B__1.C,0.25,1,70.0,3,70.0,70.0,Low density,Protein structure,protein_lddt_max,70,25.0
8xkf__1__1.A_1.C__1.M_1.S,0.75,1,84.0,210,81.54761904761905,81.54761904761905,Low density,Protein structure,protein_lddt_max,70,75.0
8y33__1__1.A__1.B,0.0,1,77.0,23,73.17391304347827,73.17391304347827,Low density,Protein structure,protein_lddt_max,70,0.0
8yhw__1__1.A__1.E_1.F,1.0,1,97.0,40,88.15,88.15,Low density,Protein structure,protein_lddt_max,70,100.0
9eun__1__1.A__1.E,1.0,1,99.0,61,97.08196721311475,97.08196721311475,Low density,Protein structure,protein_lddt_max,70,100.0
9f40__1__1.A__1.Q,0.5,1,71.0,55,70.03636363636363,70.03636363636363,Low density,Protein structure,protein_lddt_max,70,50.0
9f41__1__1.A__1.Q,0.5,1,72.0,70,70.84285714285714,70.84285714285714,Low density,Protein structure,protein_lddt_max,70,50.0
