query_system,mean_success,n_proper_ligands,best_similarity,density,mean_similarity_above_threshold,visualisation_similarity,density_group,similarity_metric,similarity_column,threshold,mean_success_percent
5s9l__1__1.A__1.H_1.I,0.75,1,98.0,125,94.912,94.912,Low density,Protein sequence,protein_fident_max,50,75.0
5s9m__1__1.A__1.C_1.I,0.5,1,98.0,125,94.544,94.544,Low density,Protein sequence,protein_fident_max,50,50.0
5s9z__1__1.A_1.B__1.R,0.0,1,100.0,173,87.27745664739885,87.27745664739885,High density,Protein sequence,protein_fident_max,50,0.0
5sau__1__1.A__1.B,1.0,1,100.0,42,85.71428571428571,85.71428571428571,Low density,Protein sequence,protein_fident_max,50,100.0
5sav__1__1.A__1.B,1.0,1,99.0,42,85.80952380952381,85.80952380952381,Low density,Protein sequence,protein_fident_max,50,100.0
5saw__1__1.A__1.B,1.0,1,98.0,41,86.78048780487805,86.78048780487805,Low density,Protein sequence,protein_fident_max,50,100.0
5sb2__1__1.A__1.G,1.0,1,98.0,41,87.78048780487805,87.78048780487805,Low density,Protein sequence,protein_fident_max,50,100.0
5scm__1__1.A__1.F_1.G_1.H_1.I,0.625,2,100.0,286,93.74125874125875,93.74125874125875,High density,Protein sequence,protein_fident_max,50,62.5
5scn__1__1.A__1.B_1.C,1.0,2,100.0,286,93.6923076923077,93.6923076923077,High density,Protein sequence,protein_fident_max,50,100.0
5sdu__1__1.A__1.G,0.75,1,100.0,243,99.43621399176955,99.43621399176955,High density,Protein sequence,protein_fident_max,50,75.0
5sdy__1__1.A__1.D,0.25,1,100.0,243,99.42386831275721,99.42386831275721,High density,Protein sequence,protein_fident_max,50,25.0
5se0__1__1.A__1.G,0.5,1,100.0,243,99.43621399176955,99.43621399176955,High density,Protein sequence,protein_fident_max,50,50.0
5se2__1__1.A__1.G,0.5,1,100.0,243,99.43621399176955,99.43621399176955,High density,Protein sequence,protein_fident_max,50,50.0
5se3__1__1.A__1.G,1.0,1,100.0,243,99.43621399176955,99.43621399176955,High density,Protein sequence,protein_fident_max,50,100.0
5se5__1__1.A__1.G,0.25,1,100.0,243,99.43621399176955,99.43621399176955,High density,Protein sequence,protein_fident_max,50,25.0
5se6__1__1.A__1.G,0.25,1,100.0,243,99.43621399176955,99.43621399176955,High density,Protein sequence,protein_fident_max,50,25.0
5se8__1__1.A__1.G,1.0,1,100.0,243,99.43621399176955,99.43621399176955,High density,Protein sequence,protein_fident_max,50,100.0
5se9__1__1.A__1.G,1.0,1,100.0,243,99.43621399176955,99.43621399176955,High density,Protein sequence,protein_fident_max,50,100.0
5sea__1__1.A__1.G,0.25,1,100.0,243,99.43621399176955,99.43621399176955,High density,Protein sequence,protein_fident_max,50,25.0
5seb__1__1.A__1.G,0.75,1,100.0,243,99.43621399176955,99.43621399176955,High density,Protein sequence,protein_fident_max,50,75.0
5sec__1__1.A__1.G,1.0,1,100.0,243,99.43621399176955,99.43621399176955,High density,Protein sequence,protein_fident_max,50,100.0
5see__1__1.A__1.E,0.5,1,100.0,243,99.43621399176955,99.43621399176955,High density,Protein sequence,protein_fident_max,50,50.0
5seh__1__1.A__1.G,1.0,1,100.0,243,99.43621399176955,99.43621399176955,High density,Protein sequence,protein_fident_max,50,100.0
5sek__1__1.A__1.G,0.75,1,100.0,243,99.43621399176955,99.43621399176955,High density,Protein sequence,protein_fident_max,50,75.0
5sel__1__1.A__1.G,0.75,1,100.0,243,99.43621399176955,99.43621399176955,High density,Protein sequence,protein_fident_max,50,75.0
5sem__1__1.A__1.G,0.75,1,100.0,243,99.43621399176955,99.43621399176955,High density,Protein sequence,protein_fident_max,50,75.0
5sen__1__1.A__1.G,1.0,1,100.0,243,99.43621399176955,99.43621399176955,High density,Protein sequence,protein_fident_max,50,100.0
5seo__1__1.A__1.G,1.0,1,100.0,243,99.43621399176955,99.43621399176955,High density,Protein sequence,protein_fident_max,50,100.0
5sex__1__1.A__1.G,1.0,1,100.0,243,99.43621399176955,99.43621399176955,High density,Protein sequence,protein_fident_max,50,100.0
5sez__1__1.A__1.G,0.75,1,100.0,243,99.43621399176955,99.43621399176955,High density,Protein sequence,protein_fident_max,50,75.0
5sf0__1__1.A__1.G,1.0,1,100.0,243,99.43621399176955,99.43621399176955,High density,Protein sequence,protein_fident_max,50,100.0
5sf1__1__1.A__1.E,0.75,1,100.0,243,99.43621399176955,99.43621399176955,High density,Protein sequence,protein_fident_max,50,75.0
5sf4__1__1.A__1.G,0.5,1,100.0,243,99.43621399176955,99.43621399176955,High density,Protein sequence,protein_fident_max,50,50.0
5sf7__1__1.A__1.G,1.0,1,100.0,243,99.43621399176955,99.43621399176955,High density,Protein sequence,protein_fident_max,50,100.0
5sfc__1__1.A__1.G,0.25,1,100.0,243,99.43621399176955,99.43621399176955,High density,Protein sequence,protein_fident_max,50,25.0
5sfd__1__1.A__1.G,0.5,1,100.0,243,99.43621399176955,99.43621399176955,High density,Protein sequence,protein_fident_max,50,50.0
5sfg__1__1.A__1.G,0.25,1,100.0,243,99.43621399176955,99.43621399176955,High density,Protein sequence,protein_fident_max,50,25.0
5sfh__1__1.A__1.G,0.5,1,100.0,243,99.43621399176955,99.43621399176955,High density,Protein sequence,protein_fident_max,50,50.0
5sfl__1__1.A__1.G,0.5,1,100.0,243,99.43621399176955,99.43621399176955,High density,Protein sequence,protein_fident_max,50,50.0
5sfn__1__1.A__1.G,1.0,1,100.0,243,99.43621399176955,99.43621399176955,High density,Protein sequence,protein_fident_max,50,100.0
5sfo__1__1.A__1.G,1.0,1,100.0,243,99.43621399176955,99.43621399176955,High density,Protein sequence,protein_fident_max,50,100.0
5sfp__1__1.A__1.G,0.75,1,100.0,243,99.43621399176955,99.43621399176955,High density,Protein sequence,protein_fident_max,50,75.0
5sfr__1__1.A__1.G,0.25,1,100.0,243,99.43621399176955,99.43621399176955,High density,Protein sequence,protein_fident_max,50,25.0
5sfx__1__1.A__1.G,0.5,1,100.0,243,99.43621399176955,99.43621399176955,High density,Protein sequence,protein_fident_max,50,50.0
5sfy__1__1.A__1.G,0.5,1,100.0,243,99.43621399176955,99.43621399176955,High density,Protein sequence,protein_fident_max,50,50.0
5sg0__1__1.A__1.G,1.0,1,100.0,243,99.43621399176955,99.43621399176955,High density,Protein sequence,protein_fident_max,50,100.0
5sg5__1__1.A__1.G,0.25,1,100.0,243,99.43621399176955,99.43621399176955,High density,Protein sequence,protein_fident_max,50,25.0
5sg6__1__1.A__1.G,0.5,1,100.0,243,99.43621399176955,99.43621399176955,High density,Protein sequence,protein_fident_max,50,50.0
5sg9__1__1.A__1.G,0.0,1,100.0,243,99.43621399176955,99.43621399176955,High density,Protein sequence,protein_fident_max,50,0.0
5sgh__1__1.A__1.G,1.0,1,100.0,243,99.43621399176955,99.43621399176955,High density,Protein sequence,protein_fident_max,50,100.0
5sgk__1__1.A__1.G,1.0,1,100.0,243,99.43621399176955,99.43621399176955,High density,Protein sequence,protein_fident_max,50,100.0
5sgl__1__1.A__1.G,0.0,1,100.0,243,99.42386831275721,99.42386831275721,High density,Protein sequence,protein_fident_max,50,0.0
5sgm__1__1.A__1.D,1.0,1,100.0,243,99.42386831275721,99.42386831275721,High density,Protein sequence,protein_fident_max,50,100.0
5sgp__1__1.A__1.H,1.0,1,100.0,243,99.43621399176955,99.43621399176955,High density,Protein sequence,protein_fident_max,50,100.0
5sgr__1__1.A__1.G,0.75,1,100.0,243,99.43621399176955,99.43621399176955,High density,Protein sequence,protein_fident_max,50,75.0
5sgs__1__1.A__1.G,1.0,1,100.0,243,99.43621399176955,99.43621399176955,High density,Protein sequence,protein_fident_max,50,100.0
5sgt__1__1.A__1.G,0.25,1,100.0,243,99.43621399176955,99.43621399176955,High density,Protein sequence,protein_fident_max,50,25.0
5sgw__1__1.A__1.G,1.0,1,100.0,243,99.43621399176955,99.43621399176955,High density,Protein sequence,protein_fident_max,50,100.0
5sgx__1__1.A__1.G,0.75,1,100.0,243,99.43621399176955,99.43621399176955,High density,Protein sequence,protein_fident_max,50,75.0
5sgz__1__1.A__1.G,1.0,1,100.0,243,99.43621399176955,99.43621399176955,High density,Protein sequence,protein_fident_max,50,100.0
5sh0__1__1.A__1.G,0.0,1,100.0,243,99.43621399176955,99.43621399176955,High density,Protein sequence,protein_fident_max,50,0.0
5sh1__1__1.A__1.G,0.0,1,100.0,243,99.43621399176955,99.43621399176955,High density,Protein sequence,protein_fident_max,50,0.0
5sh2__1__1.A__1.G,1.0,1,100.0,243,99.43621399176955,99.43621399176955,High density,Protein sequence,protein_fident_max,50,100.0
5sh6__1__1.A__1.G,0.5,1,100.0,243,99.43621399176955,99.43621399176955,High density,Protein sequence,protein_fident_max,50,50.0
5sh8__1__1.A__1.E,0.25,1,100.0,243,99.45679012345678,99.45679012345678,High density,Protein sequence,protein_fident_max,50,25.0
5shc__1__1.A__1.G,1.0,1,100.0,243,99.43621399176955,99.43621399176955,High density,Protein sequence,protein_fident_max,50,100.0
5shf__1__1.A__1.G,1.0,1,100.0,243,99.43621399176955,99.43621399176955,High density,Protein sequence,protein_fident_max,50,100.0
5shg__1__1.A__1.G,1.0,1,100.0,243,99.43621399176955,99.43621399176955,High density,Protein sequence,protein_fident_max,50,100.0
5shh__1__1.A__1.G,0.75,1,100.0,243,99.43621399176955,99.43621399176955,High density,Protein sequence,protein_fident_max,50,75.0
5shi__1__1.A__1.E,0.5,1,100.0,243,99.43621399176955,99.43621399176955,High density,Protein sequence,protein_fident_max,50,50.0
5shp__1__1.A__1.G,0.75,1,100.0,243,99.43621399176955,99.43621399176955,High density,Protein sequence,protein_fident_max,50,75.0
5shu__1__1.A__1.G,1.0,1,100.0,243,99.43621399176955,99.43621399176955,High density,Protein sequence,protein_fident_max,50,100.0
5shx__1__1.A__1.G,0.5,1,100.0,243,99.43621399176955,99.43621399176955,High density,Protein sequence,protein_fident_max,50,50.0
5si3__1__1.A__1.E,0.5,1,100.0,243,99.40329218106996,99.40329218106996,High density,Protein sequence,protein_fident_max,50,50.0
5si6__1__1.A__1.G,1.0,1,100.0,243,99.43621399176955,99.43621399176955,High density,Protein sequence,protein_fident_max,50,100.0
5si7__1__1.A__1.G,0.75,1,100.0,243,99.43621399176955,99.43621399176955,High density,Protein sequence,protein_fident_max,50,75.0
5si8__1__1.A__1.G,0.75,1,100.0,243,99.43621399176955,99.43621399176955,High density,Protein sequence,protein_fident_max,50,75.0
5si9__1__1.A__1.G,0.75,1,100.0,243,99.43621399176955,99.43621399176955,High density,Protein sequence,protein_fident_max,50,75.0
5sie__1__1.A__1.G,0.75,1,100.0,243,99.43621399176955,99.43621399176955,High density,Protein sequence,protein_fident_max,50,75.0
5sif__1__1.A__1.I,0.5,1,100.0,243,99.43621399176955,99.43621399176955,High density,Protein sequence,protein_fident_max,50,50.0
5sig__1__1.A__1.G,0.0,1,100.0,243,99.43621399176955,99.43621399176955,High density,Protein sequence,protein_fident_max,50,0.0
5sih__1__1.A__1.H,0.0,1,100.0,243,99.4320987654321,99.4320987654321,High density,Protein sequence,protein_fident_max,50,0.0
5sio__1__1.A__1.H,1.0,1,100.0,243,99.43621399176955,99.43621399176955,High density,Protein sequence,protein_fident_max,50,100.0
5sip__1__1.A__1.G,0.5,1,100.0,243,99.43621399176955,99.43621399176955,High density,Protein sequence,protein_fident_max,50,50.0
5siq__1__1.A__1.H,0.25,1,100.0,243,99.42798353909465,99.42798353909465,High density,Protein sequence,protein_fident_max,50,25.0
5sir__1__1.A__1.G,1.0,1,100.0,243,99.43621399176955,99.43621399176955,High density,Protein sequence,protein_fident_max,50,100.0
5siy__1__1.A__1.G,0.75,1,100.0,243,99.43621399176955,99.43621399176955,High density,Protein sequence,protein_fident_max,50,75.0
5siz__1__1.A__1.G,0.0,1,100.0,243,99.43621399176955,99.43621399176955,High density,Protein sequence,protein_fident_max,50,0.0
5sj1__1__1.A__1.G,0.5,1,100.0,243,99.43621399176955,99.43621399176955,High density,Protein sequence,protein_fident_max,50,50.0
5sj7__1__1.A__1.G,0.5,1,100.0,243,99.43621399176955,99.43621399176955,High density,Protein sequence,protein_fident_max,50,50.0
5sj8__1__1.A__1.G,1.0,1,100.0,243,99.43621399176955,99.43621399176955,High density,Protein sequence,protein_fident_max,50,100.0
5sjb__1__1.A__1.G,0.5,1,100.0,243,99.43621399176955,99.43621399176955,High density,Protein sequence,protein_fident_max,50,50.0
5sjc__1__1.A__1.F,0.75,1,100.0,243,99.42386831275721,99.42386831275721,High density,Protein sequence,protein_fident_max,50,75.0
5sjf__1__1.A__1.H,0.0,1,100.0,243,99.43621399176955,99.43621399176955,High density,Protein sequence,protein_fident_max,50,0.0
5sjg__1__1.A__1.G,0.75,1,100.0,243,98.60905349794238,98.60905349794238,High density,Protein sequence,protein_fident_max,50,75.0
5sjl__1__1.A__1.G,0.25,1,100.0,243,99.43621399176955,99.43621399176955,High density,Protein sequence,protein_fident_max,50,25.0
5sjo__1__1.A__1.H,0.75,1,100.0,243,99.43621399176955,99.43621399176955,High density,Protein sequence,protein_fident_max,50,75.0
5sjt__1__1.A__1.H,1.0,1,100.0,243,99.43621399176955,99.43621399176955,High density,Protein sequence,protein_fident_max,50,100.0
5sju__1__1.A__1.G,0.5,1,100.0,243,99.42386831275721,99.42386831275721,High density,Protein sequence,protein_fident_max,50,50.0
5sjv__1__1.A__1.G,1.0,1,100.0,243,99.43621399176955,99.43621399176955,High density,Protein sequence,protein_fident_max,50,100.0
5sjw__1__1.A__1.I,0.75,1,100.0,243,99.43621399176955,99.43621399176955,High density,Protein sequence,protein_fident_max,50,75.0
5sk0__1__1.A__1.G,0.25,1,100.0,243,99.43621399176955,99.43621399176955,High density,Protein sequence,protein_fident_max,50,25.0
5sk4__1__1.A__1.G,1.0,1,100.0,243,99.43621399176955,99.43621399176955,High density,Protein sequence,protein_fident_max,50,100.0
5sk5__1__1.A__1.H,1.0,1,100.0,243,99.43621399176955,99.43621399176955,High density,Protein sequence,protein_fident_max,50,100.0
5sk6__1__1.A__1.G,1.0,1,100.0,243,99.43621399176955,99.43621399176955,High density,Protein sequence,protein_fident_max,50,100.0
5sk9__1__1.A__1.G,1.0,1,100.0,243,99.48971193415638,99.48971193415638,High density,Protein sequence,protein_fident_max,50,100.0
5skd__1__1.A__1.G,0.5,1,100.0,243,99.43621399176955,99.43621399176955,High density,Protein sequence,protein_fident_max,50,50.0
5skf__1__1.A__1.I,0.25,1,100.0,243,99.43621399176955,99.43621399176955,High density,Protein sequence,protein_fident_max,50,25.0
5skg__1__1.A__1.G,0.75,1,100.0,243,99.43621399176955,99.43621399176955,High density,Protein sequence,protein_fident_max,50,75.0
5skh__1__1.A__1.H,1.0,1,100.0,243,99.43621399176955,99.43621399176955,High density,Protein sequence,protein_fident_max,50,100.0
5ski__1__1.A__1.G,0.75,1,100.0,243,99.43621399176955,99.43621399176955,High density,Protein sequence,protein_fident_max,50,75.0
5skl__1__1.A__1.G,1.0,1,100.0,243,99.43621399176955,99.43621399176955,High density,Protein sequence,protein_fident_max,50,100.0
5skm__1__1.A__1.G,0.75,1,100.0,243,99.4320987654321,99.4320987654321,High density,Protein sequence,protein_fident_max,50,75.0
5sko__1__1.A__1.G,0.5,1,100.0,243,99.43621399176955,99.43621399176955,High density,Protein sequence,protein_fident_max,50,50.0
5skr__1__1.A__1.G,0.75,1,100.0,243,99.43621399176955,99.43621399176955,High density,Protein sequence,protein_fident_max,50,75.0
5skt__1__1.A__1.G,0.0,1,100.0,243,99.43621399176955,99.43621399176955,High density,Protein sequence,protein_fident_max,50,0.0
5sku__1__1.A__1.G,0.0,1,100.0,243,99.43621399176955,99.43621399176955,High density,Protein sequence,protein_fident_max,50,0.0
5slg__1__1.A__1.G,0.0,1,90.0,8,88.0,88.0,Low density,Protein sequence,protein_fident_max,50,0.0
5umb__1__1.A__1.E_1.F_1.G,1.0,1,71.0,262,61.97709923664122,61.97709923664122,High density,Protein sequence,protein_fident_max,50,100.0
6x4j__1__1.A_2.A__2.B_2.C_2.D_2.E,1.0,2,100.0,52,94.61538461538461,94.61538461538461,Low density,Protein sequence,protein_fident_max,50,100.0
6x4k__1__1.A_2.A__1.B_1.C_1.D_1.E,1.0,2,100.0,52,94.61538461538461,94.61538461538461,Low density,Protein sequence,protein_fident_max,50,100.0
6x4l__1__1.A_2.A__2.B_2.C_2.D_2.E,1.0,2,100.0,52,94.53846153846153,94.53846153846153,Low density,Protein sequence,protein_fident_max,50,100.0
6xqr__1__1.B__1.E,0.0,1,100.0,277,99.26353790613719,99.26353790613719,High density,Protein sequence,protein_fident_max,50,0.0
6z48__1__1.B__1.J,1.0,1,100.0,813,98.09594095940959,98.09594095940959,High density,Protein sequence,protein_fident_max,50,100.0
6zfz__1__1.A__1.B,0.75,1,99.0,357,78.46218487394958,78.46218487394958,High density,Protein sequence,protein_fident_max,50,75.0
6zg4__1__1.A__1.B,0.25,1,99.0,340,79.8970588235294,79.8970588235294,High density,Protein sequence,protein_fident_max,50,25.0
6zg9__1__1.A__1.B,1.0,1,99.0,349,79.0487106017192,79.0487106017192,High density,Protein sequence,protein_fident_max,50,100.0
6zk2__1__1.A_1.B__1.E_1.F,0.5,1,32.0,0,,32.0,No neighbours,Protein sequence,protein_fident_max,50,50.0
6zk5__1__1.A_1.B__1.F_1.G,1.0,1,34.0,0,,34.0,No neighbours,Protein sequence,protein_fident_max,50,100.0
6zx1__1__1.A_2.A__1.B,1.0,1,100.0,72,93.65277777777777,93.65277777777777,Low density,Protein sequence,protein_fident_max,50,100.0
7a4q__1__1.A__1.B,1.0,1,100.0,453,93.59381898454747,93.59381898454747,High density,Protein sequence,protein_fident_max,50,100.0
7ab9__1__1.A__1.G_1.P,0.5,1,100.0,347,96.85302593659942,96.85302593659942,High density,Protein sequence,protein_fident_max,50,50.0
7abe__1__1.A__1.G_1.W,1.0,1,100.0,347,96.87319884726224,96.87319884726224,High density,Protein sequence,protein_fident_max,50,100.0
7abj__1__1.A__1.T,1.0,1,100.0,347,96.86455331412104,96.86455331412104,High density,Protein sequence,protein_fident_max,50,100.0
7afz__1__2.A__2.B_2.C_2.D,0.75,1,100.0,110,95.2,95.2,Low density,Protein sequence,protein_fident_max,50,75.0
7ait__1__1.A__1.C,0.25,1,100.0,2588,65.12132921174653,65.12132921174653,High density,Protein sequence,protein_fident_max,50,25.0
7aiu__1__1.A__1.H,0.0,1,100.0,2588,65.129057187017,65.129057187017,High density,Protein sequence,protein_fident_max,50,0.0
7an8__1__1.B__1.E,0.75,1,29.0,0,,29.0,No neighbours,Protein sequence,protein_fident_max,50,75.0
7ana__1__1.A__1.C,0.25,1,27.0,0,,27.0,No neighbours,Protein sequence,protein_fident_max,50,25.0
7au4__1__1.A_2.A__2.D,1.0,1,100.0,836,97.32177033492823,97.32177033492823,High density,Protein sequence,protein_fident_max,50,100.0
7ay9__1__1.A__1.I,0.75,1,100.0,453,94.17880794701986,94.17880794701986,High density,Protein sequence,protein_fident_max,50,75.0
7aya__1__1.A__1.H_1.N_1.U,1.0,1,100.0,453,94.17660044150111,94.17660044150111,High density,Protein sequence,protein_fident_max,50,100.0
7ayz__1__1.A__1.D,0.25,1,99.0,23,89.08695652173913,89.08695652173913,Low density,Protein sequence,protein_fident_max,50,25.0
7b2u__1__1.A_1.B__1.C,0.5,1,100.0,839,97.1668653158522,97.1668653158522,High density,Protein sequence,protein_fident_max,50,50.0
7b3g__1__1.A__1.I,0.5,1,100.0,82,96.58536585365853,96.58536585365853,Low density,Protein sequence,protein_fident_max,50,50.0
7b3h__1__1.A__1.H,1.0,1,100.0,82,96.29268292682927,96.29268292682927,Low density,Protein sequence,protein_fident_max,50,100.0
7b3i__1__1.A__1.I,1.0,1,99.0,82,96.21951219512195,96.21951219512195,Low density,Protein sequence,protein_fident_max,50,100.0
7b3p__1__1.A__1.G,1.0,1,100.0,82,96.3780487804878,96.3780487804878,Low density,Protein sequence,protein_fident_max,50,100.0
7b3x__1__1.A__1.F,1.0,1,100.0,82,96.35365853658537,96.35365853658537,Low density,Protein sequence,protein_fident_max,50,100.0
7b4x__1__1.A__1.M,1.0,1,100.0,82,96.2560975609756,96.2560975609756,Low density,Protein sequence,protein_fident_max,50,100.0
7b6v__1__1.C_1.D__1.Y,0.25,1,100.0,1627,51.98647818070068,51.98647818070068,High density,Protein sequence,protein_fident_max,50,25.0
7b77__1__1.A_2.A__1.F,1.0,1,100.0,841,97.05469678953627,97.05469678953627,High density,Protein sequence,protein_fident_max,50,100.0
7b87__1__1.A__1.N,0.0,1,100.0,82,96.39024390243902,96.39024390243902,Low density,Protein sequence,protein_fident_max,50,0.0
7b89__1__1.A__1.D,0.75,1,100.0,82,97.91463414634147,97.91463414634147,Low density,Protein sequence,protein_fident_max,50,75.0
7b8a__1__1.A__1.F,0.0,1,100.0,82,97.70731707317073,97.70731707317073,Low density,Protein sequence,protein_fident_max,50,0.0
7bbn__1__1.B__1.E_1.F,1.0,1,96.0,216,82.10648148148148,82.10648148148148,High density,Protein sequence,protein_fident_max,50,100.0
7bc1__1__2.A_3.A__3.B_3.C,0.5,2,45.0,0,,45.0,No neighbours,Protein sequence,protein_fident_max,50,50.0
7bc9__1__1.A__1.J,0.0,1,99.0,82,95.64634146341463,95.64634146341463,Low density,Protein sequence,protein_fident_max,50,0.0
7bcf__1__1.A__1.H,1.0,1,99.0,82,95.4390243902439,95.4390243902439,Low density,Protein sequence,protein_fident_max,50,100.0
7bdd__1__1.A__1.G,0.0,1,99.0,82,96.08536585365853,96.08536585365853,Low density,Protein sequence,protein_fident_max,50,0.0
7bi6__1__1.A__1.B_1.G,0.0,1,30.0,0,,30.0,No neighbours,Protein sequence,protein_fident_max,50,0.0
7bia__1__1.A_1.B__1.D_1.E,0.5,2,100.0,302,97.0728476821192,97.0728476821192,High density,Protein sequence,protein_fident_max,50,50.0
7bis__1__1.A_2.A__2.F,0.5,1,100.0,47,95.27659574468085,95.27659574468085,Low density,Protein sequence,protein_fident_max,50,50.0
7bk9__1__1.A_2.A__2.F,0.0,1,100.0,47,94.74468085106383,94.74468085106383,Low density,Protein sequence,protein_fident_max,50,0.0
7blw__1__1.A__1.F,0.5,1,99.0,82,96.64634146341463,96.64634146341463,Low density,Protein sequence,protein_fident_max,50,50.0
7bm3__1__1.A__1.M_1.P,0.0,1,99.0,82,96.6219512195122,96.6219512195122,Low density,Protein sequence,protein_fident_max,50,0.0
7bm7__1__1.A__1.F,0.0,1,99.0,82,96.6219512195122,96.6219512195122,Low density,Protein sequence,protein_fident_max,50,0.0
7bmd__1__1.A__1.G_1.R,0.0,1,98.0,82,95.7439024390244,95.7439024390244,Low density,Protein sequence,protein_fident_max,50,0.0
7bn5__1__1.A__1.G,1.0,1,99.0,82,96.91463414634147,96.91463414634147,Low density,Protein sequence,protein_fident_max,50,100.0
7bn6__1__1.A__1.C_1.D,0.875,2,100.0,52,65.96153846153847,65.96153846153847,Low density,Protein sequence,protein_fident_max,50,87.5
7bn7__1__1.A__1.E_1.F,1.0,1,94.0,61,88.18032786885246,88.18032786885246,Low density,Protein sequence,protein_fident_max,50,100.0
7bn8__1__1.A__1.G,0.75,1,99.0,82,97.04878048780488,97.04878048780488,Low density,Protein sequence,protein_fident_max,50,75.0
7bnc__1__1.A__1.K,0.5,1,99.0,82,97.08536585365853,97.08536585365853,Low density,Protein sequence,protein_fident_max,50,50.0
7bo0__1__1.A__1.C_1.D,0.75,2,100.0,52,66.1923076923077,66.1923076923077,Low density,Protein sequence,protein_fident_max,50,75.0
7bo3__1__1.A__1.M_1.N,0.75,1,100.0,2588,78.16306027820711,78.16306027820711,High density,Protein sequence,protein_fident_max,50,75.0
7bo7__1__1.A__1.C,1.0,1,100.0,88,98.75,98.75,Low density,Protein sequence,protein_fident_max,50,100.0
7cqs__1__1.A__1.B_1.C,1.0,1,100.0,30,96.96666666666667,96.96666666666667,Low density,Protein sequence,protein_fident_max,50,100.0
7dcb__1__1.A_1.B__1.C_1.D,0.5,1,100.0,4,99.5,99.5,Low density,Protein sequence,protein_fident_max,50,50.0
7dcw__1__1.A_1.B__1.D,0.0,1,100.0,4,99.5,99.5,Low density,Protein sequence,protein_fident_max,50,0.0
7dg4__1__1.A__1.B,0.75,1,100.0,14,97.85714285714286,97.85714285714286,Low density,Protein sequence,protein_fident_max,50,75.0
7dgc__1__1.A_1.B__1.C_1.D,0.25,1,100.0,4,99.5,99.5,Low density,Protein sequence,protein_fident_max,50,25.0
7dh3__1__1.A__1.B,0.75,1,100.0,14,97.85714285714286,97.85714285714286,Low density,Protein sequence,protein_fident_max,50,75.0
7dh9__1__1.A__1.B,1.0,1,100.0,14,97.85714285714286,97.85714285714286,Low density,Protein sequence,protein_fident_max,50,100.0
7dhn__1__1.A__1.B,0.25,1,100.0,14,97.71428571428571,97.71428571428571,Low density,Protein sequence,protein_fident_max,50,25.0
7dji__1__1.D_1.E__1.L,0.25,1,100.0,694,89.17291066282421,89.17291066282421,High density,Protein sequence,protein_fident_max,50,25.0
7dlc__1__1.A_1.B__1.C_1.D,0.5,1,100.0,4,99.5,99.5,Low density,Protein sequence,protein_fident_max,50,50.0
7dm6__1__1.A_1.B__1.C_1.D,0.0,1,100.0,4,99.5,99.5,Low density,Protein sequence,protein_fident_max,50,0.0
7dmc__1__1.A__1.B_1.E_1.F,0.5,1,100.0,724,87.45027624309392,87.45027624309392,High density,Protein sequence,protein_fident_max,50,50.0
7dn8__1__1.B__1.I_1.J,1.0,1,100.0,158,82.68354430379746,82.68354430379746,High density,Protein sequence,protein_fident_max,50,100.0
7dow__1__1.A_1.B__1.C,0.5,1,100.0,4,99.5,99.5,Low density,Protein sequence,protein_fident_max,50,50.0
7dox__1__1.A_1.B__1.E_1.F,0.25,1,100.0,4,99.5,99.5,Low density,Protein sequence,protein_fident_max,50,25.0
7doy__1__1.A_1.B__1.E,0.25,1,100.0,4,99.5,99.5,Low density,Protein sequence,protein_fident_max,50,25.0
7dpk__1__1.A_1.B__1.C_1.D,0.5,1,100.0,4,99.5,99.5,Low density,Protein sequence,protein_fident_max,50,50.0
7du9__1__1.A_1.B__1.D,0.75,1,100.0,271,59.86346863468635,59.86346863468635,High density,Protein sequence,protein_fident_max,50,75.0
7dua__1__1.B__1.D,1.0,1,98.0,271,59.22140221402214,59.22140221402214,High density,Protein sequence,protein_fident_max,50,100.0
7dut__1__2.A__2.B_2.C,1.0,1,26.0,0,,26.0,No neighbours,Protein sequence,protein_fident_max,50,100.0
7duy__1__1.A__1.B_1.C_1.D,0.5,1,100.0,103,99.42718446601941,99.42718446601941,Low density,Protein sequence,protein_fident_max,50,50.0
7dva__1__1.A__1.C_1.E,1.0,1,38.0,0,,38.0,No neighbours,Protein sequence,protein_fident_max,50,100.0
7dvb__1__1.A__1.E,1.0,1,38.0,0,,38.0,No neighbours,Protein sequence,protein_fident_max,50,100.0
7dxl__1__1.A__1.C,0.75,1,98.0,53,89.35849056603773,89.35849056603773,Low density,Protein sequence,protein_fident_max,50,75.0
7dyq__1__1.A__1.B_1.C,0.0,1,100.0,283,76.42402826855124,76.42402826855124,High density,Protein sequence,protein_fident_max,50,0.0
7dyw__1__1.A__1.B_1.C,0.75,1,100.0,14,98.14285714285714,98.14285714285714,Low density,Protein sequence,protein_fident_max,50,75.0
7e1n__1__1.A_1.B__1.D,0.0,1,23.0,0,,23.0,No neighbours,Protein sequence,protein_fident_max,50,0.0
7e3n__1__1.A_2.A__1.B_1.C_1.D,1.0,1,100.0,219,67.4337899543379,67.4337899543379,High density,Protein sequence,protein_fident_max,50,100.0
7e48__1__1.C__1.J_1.K,0.375,2,100.0,984,98.6239837398374,98.6239837398374,High density,Protein sequence,protein_fident_max,50,37.5
7e5f__1__1.A_2.A__2.B,0.5,1,100.0,660,68.55757575757576,68.55757575757576,High density,Protein sequence,protein_fident_max,50,50.0
7e5g__1__1.A_2.A__2.B,0.0,1,100.0,660,68.44848484848485,68.44848484848485,High density,Protein sequence,protein_fident_max,50,0.0
7e60__1__1.A__1.B_1.C,0.0,1,100.0,1,100.0,100.0,Low density,Protein sequence,protein_fident_max,50,0.0
7eba__1__1.A__1.C,0.0,1,100.0,225,99.29333333333334,99.29333333333334,High density,Protein sequence,protein_fident_max,50,0.0
7ec3__1__1.A__1.E_1.F,0.75,2,22.0,0,,22.0,No neighbours,Protein sequence,protein_fident_max,50,75.0
7ed1__1__1.A_1.B__1.C_1.D_1.E_1.F,0.25,1,76.0,15,72.0,72.0,Low density,Protein sequence,protein_fident_max,50,25.0
7ed2__1__1.A_1.B__1.F_1.G_1.H,0.5,1,76.0,15,71.93333333333334,71.93333333333334,Low density,Protein sequence,protein_fident_max,50,50.0
7edz__1__1.A_2.A__1.E_1.G_1.I,0.625,2,37.0,0,,37.0,No neighbours,Protein sequence,protein_fident_max,50,62.5
7ee5__1__1.A__1.H,0.5,1,73.0,10,72.1,72.1,Low density,Protein sequence,protein_fident_max,50,50.0
7eer__1__2.A__2.E_2.F,0.625,2,100.0,154,89.01298701298701,89.01298701298701,High density,Protein sequence,protein_fident_max,50,62.5
7ef7__1__1.A__1.B_1.C,0.75,1,25.0,0,,25.0,No neighbours,Protein sequence,protein_fident_max,50,75.0
7ejh__1__1.C__1.L_1.M,0.375,2,98.0,48,88.0,88.0,Low density,Protein sequence,protein_fident_max,50,37.5
7eji__1__1.D__1.V_1.W,0.375,2,98.0,48,88.0,88.0,Low density,Protein sequence,protein_fident_max,50,37.5
7ejv__1__1.B__1.D,0.75,1,100.0,14,97.42857142857143,97.42857142857143,Low density,Protein sequence,protein_fident_max,50,75.0
7ejw__1__1.A_1.B__1.I_1.J,1.0,1,100.0,2,100.0,100.0,Low density,Protein sequence,protein_fident_max,50,100.0
7ekr__1__1.A__1.C,0.75,1,78.0,40,76.05,76.05,Low density,Protein sequence,protein_fident_max,50,75.0
7elt__1__2.A__2.B,0.75,1,51.0,31,50.45161290322581,50.45161290322581,Low density,Protein sequence,protein_fident_max,50,75.0
7en5__1__1.A_3.A_4.A__3.B,0.0,1,28.0,0,,28.0,No neighbours,Protein sequence,protein_fident_max,50,0.0
7en7__1__1.A_2.A_4.A__2.B,0.0,1,28.0,0,,28.0,No neighbours,Protein sequence,protein_fident_max,50,0.0
7en9__1__1.A_2.A__2.B,1.0,1,100.0,836,97.32177033492823,97.32177033492823,High density,Protein sequence,protein_fident_max,50,100.0
7end__1__1.A_2.A__2.B,0.75,1,100.0,843,94.62396204033215,94.62396204033215,High density,Protein sequence,protein_fident_max,50,75.0
7ene__1__1.A_1.B__1.E,0.25,1,100.0,824,52.09708737864078,52.09708737864078,High density,Protein sequence,protein_fident_max,50,25.0
7ens__1__2.A__2.B_2.C_2.D,1.0,2,51.0,66,50.484848484848484,50.484848484848484,Low density,Protein sequence,protein_fident_max,50,100.0
7eqk__1__1.B__1.F_1.G,0.25,1,87.0,1,87.0,87.0,Low density,Protein sequence,protein_fident_max,50,25.0
7er2__1__1.A__1.B,1.0,1,97.0,379,92.18997361477572,92.18997361477572,High density,Protein sequence,protein_fident_max,50,100.0
7erb__1__1.A__1.E_1.F,0.625,2,100.0,16,100.0,100.0,Low density,Protein sequence,protein_fident_max,50,62.5
7ere__1__1.A_1.B__1.G_1.I,0.5,2,100.0,16,100.0,100.0,Low density,Protein sequence,protein_fident_max,50,50.0
7es1__1__1.A__1.C,0.0,1,29.0,0,,29.0,No neighbours,Protein sequence,protein_fident_max,50,0.0
7esb__1__1.A__1.B_1.C_1.D_1.E,0.0,1,33.0,0,,33.0,No neighbours,Protein sequence,protein_fident_max,50,0.0
7esc__1__1.A__1.B_1.C,1.0,1,33.0,0,,33.0,No neighbours,Protein sequence,protein_fident_max,50,100.0
7eue__1__1.B__1.F,0.0,1,82.0,1,82.0,82.0,Low density,Protein sequence,protein_fident_max,50,0.0
7euz__1__1.B__1.E_1.F,0.75,1,85.0,1,85.0,85.0,Low density,Protein sequence,protein_fident_max,50,75.0
7ev2__1__2.A__2.B_2.C_2.D,1.0,2,50.0,32,50.0,50.0,Low density,Protein sequence,protein_fident_max,50,100.0
7ev3__1__2.A__2.B_2.C_2.D,1.0,2,50.0,4,50.0,50.0,Low density,Protein sequence,protein_fident_max,50,100.0
7eve__1__1.A__1.B_1.C_1.D,1.0,1,35.0,0,,35.0,No neighbours,Protein sequence,protein_fident_max,50,100.0
7evu__1__1.B__1.E_1.F,0.875,2,100.0,208,69.29807692307692,69.29807692307692,High density,Protein sequence,protein_fident_max,50,87.5
7evv__1__1.A__1.B_1.C,0.75,2,98.0,208,68.26923076923077,68.26923076923077,High density,Protein sequence,protein_fident_max,50,75.0
7ex2__1__1.A__1.C_1.D_1.E,0.0,1,51.0,14,50.357142857142854,50.357142857142854,Low density,Protein sequence,protein_fident_max,50,0.0
7ex3__1__1.A__1.B_1.C_1.D,0.0,1,51.0,14,50.57142857142857,50.57142857142857,Low density,Protein sequence,protein_fident_max,50,0.0
7eyt__1__1.A_1.C__1.E_1.F_1.G,0.0,1,38.0,0,,38.0,No neighbours,Protein sequence,protein_fident_max,50,0.0
7eyu__1__1.A_1.B__1.C_1.D_1.E,0.0,1,39.0,0,,39.0,No neighbours,Protein sequence,protein_fident_max,50,0.0
7ezq__1__2.A__2.B_2.C,1.0,1,100.0,30,97.06666666666666,97.06666666666666,Low density,Protein sequence,protein_fident_max,50,100.0
7f06__1__1.A__1.C,1.0,1,28.0,0,,28.0,No neighbours,Protein sequence,protein_fident_max,50,100.0
7f10__1__1.B__1.C,0.0,1,21.0,0,,21.0,No neighbours,Protein sequence,protein_fident_max,50,0.0
7f2k__1__1.A__1.C_1.D_1.E,0.5,1,100.0,347,96.89625360230548,96.89625360230548,High density,Protein sequence,protein_fident_max,50,50.0
7f2l__1__1.A__1.C_1.D_1.E,0.0,1,100.0,347,96.92219020172911,96.92219020172911,High density,Protein sequence,protein_fident_max,50,0.0
7f2m__1__1.A__1.C_1.D_1.E,0.0,1,100.0,347,96.89625360230548,96.89625360230548,High density,Protein sequence,protein_fident_max,50,0.0
7f2u__1__1.A__1.C_1.D_1.E,1.0,1,33.0,0,,33.0,No neighbours,Protein sequence,protein_fident_max,50,100.0
7f35__1__1.A_1.B__1.G,0.0,1,92.0,2029,58.61508132084771,58.61508132084771,High density,Protein sequence,protein_fident_max,50,0.0
7f42__1__1.B__1.C,0.25,1,100.0,77,67.58441558441558,67.58441558441558,Low density,Protein sequence,protein_fident_max,50,25.0
7f4c__1__1.A__1.C_1.D,1.0,1,98.0,2,98.0,98.0,Low density,Protein sequence,protein_fident_max,50,100.0
7f50__1__1.A__1.B_1.C_1.E,1.0,1,100.0,262,78.4885496183206,78.4885496183206,High density,Protein sequence,protein_fident_max,50,100.0
7f51__1__1.A__1.C,0.0,1,99.0,25,98.08,98.08,Low density,Protein sequence,protein_fident_max,50,0.0
7f6j__1__1.A__1.D_1.E,1.0,1,100.0,49,80.0204081632653,80.0204081632653,Low density,Protein sequence,protein_fident_max,50,100.0
7f6w__1__2.A__2.B,1.0,1,61.0,93,55.55913978494624,55.55913978494624,Low density,Protein sequence,protein_fident_max,50,100.0
7f7d__1__2.A__2.B,0.0,1,26.0,0,,26.0,No neighbours,Protein sequence,protein_fident_max,50,0.0
7f7m__1__1.A__1.C_1.D,0.5,2,86.0,6,72.66666666666667,72.66666666666667,Low density,Protein sequence,protein_fident_max,50,50.0
7f8t__1__1.A__1.L_1.M,0.75,1,100.0,14,98.5,98.5,Low density,Protein sequence,protein_fident_max,50,75.0
7f8u__1__1.A__1.B,0.0,1,100.0,393,77.01526717557252,77.01526717557252,High density,Protein sequence,protein_fident_max,50,0.0
7f99__1__1.B__1.L_1.O,0.75,2,100.0,184,67.15217391304348,67.15217391304348,High density,Protein sequence,protein_fident_max,50,75.0
7f9a__1__1.A__1.C_1.O,0.875,2,100.0,184,66.67391304347827,66.67391304347827,High density,Protein sequence,protein_fident_max,50,87.5
7f9b__1__1.A__1.C_1.I,0.875,2,100.0,184,67.27173913043478,67.27173913043478,High density,Protein sequence,protein_fident_max,50,87.5
7fai__1__1.A__1.E,0.0,1,100.0,292,100.0,100.0,High density,Protein sequence,protein_fident_max,50,0.0
7faj__1__1.A__1.E,0.0,1,100.0,292,100.0,100.0,High density,Protein sequence,protein_fident_max,50,0.0
7fak__1__1.A__1.B,0.5,1,99.0,104,69.0,69.0,Low density,Protein sequence,protein_fident_max,50,50.0
7fan__1__1.A__1.B_1.C,0.625,2,98.0,208,68.66346153846153,68.66346153846153,High density,Protein sequence,protein_fident_max,50,62.5
7faq__1__1.A__1.B_1.C_1.D_1.E,0.75,1,100.0,55,90.67272727272727,90.67272727272727,Low density,Protein sequence,protein_fident_max,50,75.0
7far__1__1.A__1.B_1.C_1.D,0.5,1,99.0,55,91.54545454545455,91.54545454545455,Low density,Protein sequence,protein_fident_max,50,50.0
7fcz__1__2.B__2.D,0.75,1,98.0,32,93.90625,93.90625,Low density,Protein sequence,protein_fident_max,50,75.0
7fd0__1__1.A__1.C,0.5,1,97.0,32,93.875,93.875,Low density,Protein sequence,protein_fident_max,50,50.0
7fd6__1__1.A__1.B,0.5,1,100.0,62,68.3225806451613,68.3225806451613,Low density,Protein sequence,protein_fident_max,50,50.0
7fe2__1__1.A__1.E_1.I,0.75,1,46.0,0,,46.0,No neighbours,Protein sequence,protein_fident_max,50,75.0
7fee__1__1.A__1.D,0.5,1,98.0,48,61.145833333333336,61.145833333333336,Low density,Protein sequence,protein_fident_max,50,50.0
7fee__1__1.A__1.E,0.0,1,98.0,48,61.145833333333336,61.145833333333336,Low density,Protein sequence,protein_fident_max,50,0.0
7fgm__1__1.A__1.C_1.D_1.E,1.0,1,100.0,262,78.49236641221374,78.49236641221374,High density,Protein sequence,protein_fident_max,50,100.0
7fgp__1__1.A__1.C_1.G,1.0,1,26.0,0,,26.0,No neighbours,Protein sequence,protein_fident_max,50,100.0
7fha__1__1.A__1.C,1.0,1,77.0,18,70.16666666666667,70.16666666666667,Low density,Protein sequence,protein_fident_max,50,100.0
7fhb__1__1.A__1.B,0.5,1,100.0,4,100.0,100.0,Low density,Protein sequence,protein_fident_max,50,50.0
7fhs__1__1.A__1.E_1.G,1.0,1,100.0,184,98.375,98.375,High density,Protein sequence,protein_fident_max,50,100.0
7fja__1__1.A__1.C_1.D,0.75,1,47.0,0,,47.0,No neighbours,Protein sequence,protein_fident_max,50,75.0
7fmg__1__1.A__1.C,0.0,1,100.0,65,90.38461538461539,90.38461538461539,Low density,Protein sequence,protein_fident_max,50,0.0
7fnt__1__1.B__1.C,0.0,1,100.0,19,100.0,100.0,Low density,Protein sequence,protein_fident_max,50,0.0
7fti__1__1.A__1.C,0.75,1,98.0,69,88.07246376811594,88.07246376811594,Low density,Protein sequence,protein_fident_max,50,75.0
7ftr__1__1.A__1.C_1.D_1.E_1.G,0.375,2,100.0,138,88.47826086956522,88.47826086956522,Low density,Protein sequence,protein_fident_max,50,37.5
7ftu__1__1.A__1.C_1.D_1.E_1.G,0.25,2,99.0,138,87.92753623188406,87.92753623188406,Low density,Protein sequence,protein_fident_max,50,25.0
7ftv__1__1.A__1.C,0.0,1,98.0,69,87.73913043478261,87.73913043478261,Low density,Protein sequence,protein_fident_max,50,0.0
7ftw__1__1.A__1.C,0.0,1,99.0,69,87.89855072463769,87.89855072463769,Low density,Protein sequence,protein_fident_max,50,0.0
7ftz__1__1.A__1.D,0.0,1,99.0,69,88.14492753623189,88.14492753623189,Low density,Protein sequence,protein_fident_max,50,0.0
7fu2__1__1.A__1.C,0.0,1,97.0,69,86.34782608695652,86.34782608695652,Low density,Protein sequence,protein_fident_max,50,0.0
7fu6__1__1.A__1.C,0.0,1,97.0,69,86.7536231884058,86.7536231884058,Low density,Protein sequence,protein_fident_max,50,0.0
7fu7__1__1.A__1.C,0.0,1,98.0,69,87.01449275362319,87.01449275362319,Low density,Protein sequence,protein_fident_max,50,0.0
7fu8__1__1.A__1.C,0.0,1,100.0,69,88.6086956521739,88.6086956521739,Low density,Protein sequence,protein_fident_max,50,0.0
7fuc__1__1.A__1.C,0.0,1,98.0,69,87.57971014492753,87.57971014492753,Low density,Protein sequence,protein_fident_max,50,0.0
7fuf__1__1.A__1.C,0.0,1,99.0,69,87.3768115942029,87.3768115942029,Low density,Protein sequence,protein_fident_max,50,0.0
7fum__1__1.A__1.C,0.0,1,98.0,69,87.07246376811594,87.07246376811594,Low density,Protein sequence,protein_fident_max,50,0.0
7fur__1__1.A__1.C_1.D_1.E_1.F,0.375,2,100.0,138,88.4927536231884,88.4927536231884,Low density,Protein sequence,protein_fident_max,50,37.5
7fw3__1__1.A__1.B,0.0,1,100.0,75,80.36,80.36,Low density,Protein sequence,protein_fident_max,50,0.0
7fwb__1__1.A__1.B,0.0,1,100.0,75,80.53333333333333,80.53333333333333,Low density,Protein sequence,protein_fident_max,50,0.0
7fwe__1__1.A__1.B,0.75,1,100.0,75,80.56,80.56,Low density,Protein sequence,protein_fident_max,50,75.0
7fwh__1__1.A__1.B,1.0,1,100.0,75,80.52,80.52,Low density,Protein sequence,protein_fident_max,50,100.0
7fwi__1__1.A__1.D,0.0,1,100.0,66,60.5,60.5,Low density,Protein sequence,protein_fident_max,50,0.0
7fwl__1__1.A__1.B,0.5,1,100.0,75,80.66666666666667,80.66666666666667,Low density,Protein sequence,protein_fident_max,50,50.0
7fwm__1__1.A__1.B,0.0,1,100.0,75,79.02666666666667,79.02666666666667,Low density,Protein sequence,protein_fident_max,50,0.0
7fwn__1__1.A__1.D,0.5,1,100.0,75,80.53333333333333,80.53333333333333,Low density,Protein sequence,protein_fident_max,50,50.0
7fwr__1__1.A__1.B,0.25,1,100.0,75,80.56,80.56,Low density,Protein sequence,protein_fident_max,50,25.0
7fx1__1__1.A__1.B,1.0,1,100.0,75,80.72,80.72,Low density,Protein sequence,protein_fident_max,50,100.0
7fxi__1__1.A__1.D,0.75,1,100.0,75,80.46666666666667,80.46666666666667,Low density,Protein sequence,protein_fident_max,50,75.0
7fy8__1__1.A__1.I_1.J,0.0,1,100.0,5,95.2,95.2,Low density,Protein sequence,protein_fident_max,50,0.0
7fyr__1__1.A__1.B,0.0,1,100.0,75,80.25333333333333,80.25333333333333,Low density,Protein sequence,protein_fident_max,50,0.0
7fys__1__1.A__1.B,0.75,1,100.0,75,80.48,80.48,Low density,Protein sequence,protein_fident_max,50,75.0
7fyx__1__1.A__1.C,0.75,1,100.0,75,80.6,80.6,Low density,Protein sequence,protein_fident_max,50,75.0
7fz0__1__1.A__1.E,1.0,1,100.0,75,80.66666666666667,80.66666666666667,Low density,Protein sequence,protein_fident_max,50,100.0
7fz3__1__1.A__1.B,1.0,1,100.0,75,80.18666666666667,80.18666666666667,Low density,Protein sequence,protein_fident_max,50,100.0
7fzc__1__1.A__1.B,1.0,1,100.0,75,80.56,80.56,Low density,Protein sequence,protein_fident_max,50,100.0
7fzl__1__1.A__1.B,0.25,1,100.0,75,80.45333333333333,80.45333333333333,Low density,Protein sequence,protein_fident_max,50,25.0
7fzs__1__1.A__1.B,1.0,1,100.0,75,80.48,80.48,Low density,Protein sequence,protein_fident_max,50,100.0
7g00__1__1.A__1.Q,0.0,1,100.0,5,96.4,96.4,Low density,Protein sequence,protein_fident_max,50,0.0
7g07__1__1.A__1.B,0.5,1,100.0,75,80.50666666666666,80.50666666666666,Low density,Protein sequence,protein_fident_max,50,50.0
7g0g__1__1.A__1.B,0.5,1,100.0,75,80.56,80.56,Low density,Protein sequence,protein_fident_max,50,50.0
7g0j__1__1.A__1.D,1.0,1,100.0,75,80.46666666666667,80.46666666666667,Low density,Protein sequence,protein_fident_max,50,100.0
7g0t__1__1.A__1.B,0.0,1,100.0,75,80.49333333333334,80.49333333333334,Low density,Protein sequence,protein_fident_max,50,0.0
7g10__1__1.A__1.D,0.25,1,100.0,75,79.02666666666667,79.02666666666667,Low density,Protein sequence,protein_fident_max,50,25.0
7g1b__1__1.A__1.B,0.75,1,100.0,75,80.6,80.6,Low density,Protein sequence,protein_fident_max,50,75.0
7g1e__1__1.A__1.C,1.0,1,100.0,75,80.53333333333333,80.53333333333333,Low density,Protein sequence,protein_fident_max,50,100.0
7g1j__1__1.A__1.B,0.25,1,100.0,75,80.18666666666667,80.18666666666667,Low density,Protein sequence,protein_fident_max,50,25.0
7g1m__1__1.A__1.B,0.75,1,94.0,75,78.41333333333333,78.41333333333333,Low density,Protein sequence,protein_fident_max,50,75.0
7g20__1__1.A__1.B,0.5,1,100.0,75,80.54666666666667,80.54666666666667,Low density,Protein sequence,protein_fident_max,50,50.0
7gaw__1__1.A_1.B__1.K,0.0,1,100.0,836,97.32177033492823,97.32177033492823,High density,Protein sequence,protein_fident_max,50,0.0
7gb6__1__1.A_2.A__1.F,1.0,1,100.0,843,96.94306049822065,96.94306049822065,High density,Protein sequence,protein_fident_max,50,100.0
7gb7__1__1.A_2.A__1.B,0.75,1,100.0,836,97.32177033492823,97.32177033492823,High density,Protein sequence,protein_fident_max,50,75.0
7gb8__1__1.A_2.A__1.F,1.0,1,100.0,836,97.32177033492823,97.32177033492823,High density,Protein sequence,protein_fident_max,50,100.0
7gbc__1__1.A_2.A__2.E,0.25,1,100.0,836,97.32057416267942,97.32057416267942,High density,Protein sequence,protein_fident_max,50,25.0
7gbd__1__1.A_2.A__2.E,1.0,1,100.0,836,97.32296650717703,97.32296650717703,High density,Protein sequence,protein_fident_max,50,100.0
7gbe__1__1.A_2.A__1.B,0.75,1,100.0,843,96.932384341637,96.932384341637,High density,Protein sequence,protein_fident_max,50,75.0
7gbg__1__1.A_2.A__2.E,1.0,1,100.0,843,96.94424673784104,96.94424673784104,High density,Protein sequence,protein_fident_max,50,100.0
7gbi__1__1.A_2.A__2.D,0.5,1,100.0,843,96.94306049822065,96.94306049822065,High density,Protein sequence,protein_fident_max,50,50.0
7gbo__1__1.A_2.A__1.E,1.0,1,100.0,836,97.32296650717703,97.32296650717703,High density,Protein sequence,protein_fident_max,50,100.0
7gbp__1__1.A_2.A__2.F,1.0,1,100.0,836,97.32296650717703,97.32296650717703,High density,Protein sequence,protein_fident_max,50,100.0
7gbq__1__1.A_2.A__1.E,1.0,1,100.0,838,97.20883054892602,97.20883054892602,High density,Protein sequence,protein_fident_max,50,100.0
7gbr__1__1.A_2.A__2.F,0.75,1,100.0,838,97.20883054892602,97.20883054892602,High density,Protein sequence,protein_fident_max,50,75.0
7gbs__1__1.A_2.A__1.E_1.F,1.0,1,100.0,843,96.94424673784104,96.94424673784104,High density,Protein sequence,protein_fident_max,50,100.0
7gbw__1__1.A_2.A__1.F,1.0,1,100.0,836,97.32177033492823,97.32177033492823,High density,Protein sequence,protein_fident_max,50,100.0
7gby__1__1.A_2.A__1.E,1.0,1,100.0,843,96.94424673784104,96.94424673784104,High density,Protein sequence,protein_fident_max,50,100.0
7gbz__1__1.A_2.A__2.F,1.0,1,100.0,843,96.94306049822065,96.94306049822065,High density,Protein sequence,protein_fident_max,50,100.0
7gc0__1__1.A_2.A__1.E,0.75,1,100.0,843,96.932384341637,96.932384341637,High density,Protein sequence,protein_fident_max,50,75.0
7gc1__1__1.A_2.A__2.E,0.5,1,100.0,843,96.932384341637,96.932384341637,High density,Protein sequence,protein_fident_max,50,50.0
7gc2__1__1.A_2.A__2.E,0.5,1,100.0,836,97.32177033492823,97.32177033492823,High density,Protein sequence,protein_fident_max,50,50.0
7gc3__1__1.A_2.A__2.F,0.25,1,100.0,843,96.932384341637,96.932384341637,High density,Protein sequence,protein_fident_max,50,25.0
7gc4__1__1.A_2.A__1.F_1.G,1.0,1,100.0,843,96.94424673784104,96.94424673784104,High density,Protein sequence,protein_fident_max,50,100.0
7gc8__1__1.A_2.A__2.E,1.0,1,100.0,836,97.32296650717703,97.32296650717703,High density,Protein sequence,protein_fident_max,50,100.0
7gcd__1__1.A_2.A__1.F_1.G,1.0,1,100.0,843,96.94068801897983,96.94068801897983,High density,Protein sequence,protein_fident_max,50,100.0
7gce__1__1.A_2.A__2.E,0.75,1,100.0,843,96.94424673784104,96.94424673784104,High density,Protein sequence,protein_fident_max,50,75.0
7gcf__1__1.A_2.A__2.E,1.0,1,100.0,838,97.20883054892602,97.20883054892602,High density,Protein sequence,protein_fident_max,50,100.0
7gcj__1__1.A_2.A__1.E,1.0,1,100.0,843,96.93119810201661,96.93119810201661,High density,Protein sequence,protein_fident_max,50,100.0
7gck__1__1.A_2.A__1.E,1.0,1,100.0,838,97.20883054892602,97.20883054892602,High density,Protein sequence,protein_fident_max,50,100.0
7gcn__1__1.A_2.A__2.F,1.0,1,100.0,843,96.94187425860024,96.94187425860024,High density,Protein sequence,protein_fident_max,50,100.0
7gco__1__1.A_2.A__2.E,0.75,1,100.0,843,96.94424673784104,96.94424673784104,High density,Protein sequence,protein_fident_max,50,75.0
7gcq__1__1.A_2.A__1.F,1.0,1,100.0,843,96.93950177935943,96.93950177935943,High density,Protein sequence,protein_fident_max,50,100.0
7gcs__1__1.A_2.A__1.E,0.75,1,100.0,843,96.93119810201661,96.93119810201661,High density,Protein sequence,protein_fident_max,50,75.0
7gcu__1__1.A_2.A__1.E,1.0,1,100.0,836,97.32296650717703,97.32296650717703,High density,Protein sequence,protein_fident_max,50,100.0
7gd0__1__1.A_2.A__1.F,1.0,1,100.0,836,97.32057416267942,97.32057416267942,High density,Protein sequence,protein_fident_max,50,100.0
7gd1__1__1.A_2.A__1.E,0.25,1,100.0,836,97.32296650717703,97.32296650717703,High density,Protein sequence,protein_fident_max,50,25.0
7gda__1__1.A_2.A__1.D,1.0,1,100.0,836,97.31937799043062,97.31937799043062,High density,Protein sequence,protein_fident_max,50,100.0
7gdc__1__1.A_2.A__2.D,0.5,1,100.0,843,96.94306049822065,96.94306049822065,High density,Protein sequence,protein_fident_max,50,50.0
7gde__1__1.A_2.A__1.E,1.0,1,100.0,838,97.21002386634845,97.21002386634845,High density,Protein sequence,protein_fident_max,50,100.0
7gdg__1__1.A_2.A__2.F,1.0,1,100.0,836,97.32177033492823,97.32177033492823,High density,Protein sequence,protein_fident_max,50,100.0
7gdj__1__1.A_2.A__2.E,1.0,1,100.0,843,96.93950177935943,96.93950177935943,High density,Protein sequence,protein_fident_max,50,100.0
7gdk__1__1.A_2.A__2.E,1.0,1,100.0,843,96.93119810201661,96.93119810201661,High density,Protein sequence,protein_fident_max,50,100.0
7gdl__1__1.A_2.A__1.E,1.0,1,100.0,836,97.31937799043062,97.31937799043062,High density,Protein sequence,protein_fident_max,50,100.0
7gdm__1__1.A_2.A__2.E,1.0,1,100.0,843,96.93119810201661,96.93119810201661,High density,Protein sequence,protein_fident_max,50,100.0
7gdz__1__1.A_2.A__1.E,1.0,1,100.0,836,97.32057416267942,97.32057416267942,High density,Protein sequence,protein_fident_max,50,100.0
7ge2__1__1.A_2.A__2.E,0.75,1,100.0,836,97.32177033492823,97.32177033492823,High density,Protein sequence,protein_fident_max,50,75.0
7ge3__1__1.A_2.A__1.D,1.0,1,100.0,843,96.94424673784104,96.94424673784104,High density,Protein sequence,protein_fident_max,50,100.0
7ge4__1__1.A_2.A__1.E_1.F,1.0,1,100.0,843,96.94424673784104,96.94424673784104,High density,Protein sequence,protein_fident_max,50,100.0
7ge8__1__1.A_2.A__2.E,0.75,1,100.0,836,97.32296650717703,97.32296650717703,High density,Protein sequence,protein_fident_max,50,75.0
7ge9__1__1.A_2.A__1.E,1.0,1,100.0,843,96.94424673784104,96.94424673784104,High density,Protein sequence,protein_fident_max,50,100.0
7gec__1__1.A_2.A__2.E,1.0,1,100.0,843,96.932384341637,96.932384341637,High density,Protein sequence,protein_fident_max,50,100.0
7ged__1__1.A_2.A__1.E,1.0,1,100.0,843,96.94424673784104,96.94424673784104,High density,Protein sequence,protein_fident_max,50,100.0
7gee__1__1.A_2.A__2.E,0.5,1,100.0,843,96.932384341637,96.932384341637,High density,Protein sequence,protein_fident_max,50,50.0
7gef__1__1.A_2.A__1.D,1.0,1,100.0,843,96.932384341637,96.932384341637,High density,Protein sequence,protein_fident_max,50,100.0
7geg__1__1.A_2.A__2.E,1.0,1,100.0,836,97.32177033492823,97.32177033492823,High density,Protein sequence,protein_fident_max,50,100.0
7geh__1__1.A_2.A__2.E,0.0,1,100.0,843,96.94424673784104,96.94424673784104,High density,Protein sequence,protein_fident_max,50,0.0
7gek__1__1.A_2.A__1.E,1.0,1,100.0,836,97.32177033492823,97.32177033492823,High density,Protein sequence,protein_fident_max,50,100.0
7gem__1__1.A_2.A__1.E_1.F,0.75,1,100.0,843,96.94424673784104,96.94424673784104,High density,Protein sequence,protein_fident_max,50,75.0
7gen__1__1.A_2.A__2.E,1.0,1,100.0,843,96.94424673784104,96.94424673784104,High density,Protein sequence,protein_fident_max,50,100.0
7ges__1__1.A_2.A__2.E,1.0,1,100.0,836,97.32177033492823,97.32177033492823,High density,Protein sequence,protein_fident_max,50,100.0
7geu__1__1.A_2.A__2.E,1.0,1,100.0,843,96.94306049822065,96.94306049822065,High density,Protein sequence,protein_fident_max,50,100.0
7gew__1__1.A_2.A__1.E,1.0,1,100.0,843,96.94424673784104,96.94424673784104,High density,Protein sequence,protein_fident_max,50,100.0
7gey__1__1.A_2.A__2.E,1.0,1,100.0,843,96.94424673784104,96.94424673784104,High density,Protein sequence,protein_fident_max,50,100.0
7gf0__1__1.A_2.A__1.E,0.75,1,100.0,836,97.32296650717703,97.32296650717703,High density,Protein sequence,protein_fident_max,50,75.0
7gf2__1__1.A_2.A__2.E,1.0,1,100.0,843,96.94424673784104,96.94424673784104,High density,Protein sequence,protein_fident_max,50,100.0
7gf3__1__1.A_2.A__1.E,1.0,1,100.0,836,97.32296650717703,97.32296650717703,High density,Protein sequence,protein_fident_max,50,100.0
7gf5__1__1.A_2.A__1.E,0.75,1,100.0,843,96.94306049822065,96.94306049822065,High density,Protein sequence,protein_fident_max,50,75.0
7gf6__1__1.A_2.A__2.E,1.0,1,100.0,843,96.94424673784104,96.94424673784104,High density,Protein sequence,protein_fident_max,50,100.0
7gfb__1__1.A_2.A__2.E,1.0,1,100.0,836,97.32296650717703,97.32296650717703,High density,Protein sequence,protein_fident_max,50,100.0
7gfh__1__1.A_2.A__1.E,1.0,1,100.0,843,96.94424673784104,96.94424673784104,High density,Protein sequence,protein_fident_max,50,100.0
7gfl__1__1.A_2.A__2.E,1.0,1,100.0,836,97.32296650717703,97.32296650717703,High density,Protein sequence,protein_fident_max,50,100.0
7gfr__1__1.A_2.A__2.E,1.0,1,100.0,836,97.32296650717703,97.32296650717703,High density,Protein sequence,protein_fident_max,50,100.0
7gfs__1__1.A_2.A__2.E,0.5,1,100.0,836,97.32177033492823,97.32177033492823,High density,Protein sequence,protein_fident_max,50,50.0
7gft__1__1.A_2.A__1.E,0.25,1,100.0,836,97.32177033492823,97.32177033492823,High density,Protein sequence,protein_fident_max,50,25.0
7gfx__1__1.A_2.A__2.E,1.0,1,100.0,836,97.32296650717703,97.32296650717703,High density,Protein sequence,protein_fident_max,50,100.0
7gfz__1__1.A_2.A__2.E_2.F,0.0,2,100.0,1664,97.30288461538461,97.30288461538461,High density,Protein sequence,protein_fident_max,50,0.0
7gg2__1__1.A_2.A__2.E,1.0,1,100.0,836,97.32296650717703,97.32296650717703,High density,Protein sequence,protein_fident_max,50,100.0
7gga__1__1.A_2.A__1.E_1.F,1.0,1,100.0,836,97.31937799043062,97.31937799043062,High density,Protein sequence,protein_fident_max,50,100.0
7ggd__1__1.A__1.E,0.0,1,100.0,843,96.94306049822065,96.94306049822065,High density,Protein sequence,protein_fident_max,50,0.0
7gge__1__1.A_2.A__2.E_2.F,1.0,1,100.0,836,97.32177033492823,97.32177033492823,High density,Protein sequence,protein_fident_max,50,100.0
7ggh__1__1.A_2.A__2.E_2.F,1.0,1,100.0,836,97.32057416267942,97.32057416267942,High density,Protein sequence,protein_fident_max,50,100.0
7ggo__1__1.A_2.A__2.E_2.G,0.5,1,100.0,836,97.32296650717703,97.32296650717703,High density,Protein sequence,protein_fident_max,50,50.0
7ggq__1__1.A_2.A__2.E_2.F,1.0,1,100.0,836,97.32057416267942,97.32057416267942,High density,Protein sequence,protein_fident_max,50,100.0
7ggv__1__1.A_2.A__2.E_2.G,1.0,1,100.0,843,96.94306049822065,96.94306049822065,High density,Protein sequence,protein_fident_max,50,100.0
7ggw__1__1.A_2.A__1.E_1.F,1.0,1,100.0,836,97.32296650717703,97.32296650717703,High density,Protein sequence,protein_fident_max,50,100.0
7gh0__1__1.A_2.A__2.E_2.F,0.75,1,100.0,843,96.94306049822065,96.94306049822065,High density,Protein sequence,protein_fident_max,50,75.0
7gh1__1__1.A_2.A__2.E_2.F,0.0,1,100.0,843,96.94306049822065,96.94306049822065,High density,Protein sequence,protein_fident_max,50,0.0
7gh3__1__1.A_2.A__2.E,1.0,1,100.0,843,96.94306049822065,96.94306049822065,High density,Protein sequence,protein_fident_max,50,100.0
7gh5__1__1.A_2.A__1.B,1.0,1,100.0,836,97.32177033492823,97.32177033492823,High density,Protein sequence,protein_fident_max,50,100.0
7gh6__1__1.A_2.A__2.B,0.75,1,100.0,836,97.31818181818181,97.31818181818181,High density,Protein sequence,protein_fident_max,50,75.0
7gh7__1__1.A_2.A__1.B_1.F,1.0,1,100.0,843,96.93119810201661,96.93119810201661,High density,Protein sequence,protein_fident_max,50,100.0
7ghn__1__1.A_1.B__1.N,1.0,1,100.0,836,97.32177033492823,97.32177033492823,High density,Protein sequence,protein_fident_max,50,100.0
7gho__1__1.A_1.B__1.E_1.F,1.0,1,100.0,836,97.33612440191388,97.33612440191388,High density,Protein sequence,protein_fident_max,50,100.0
7ghp__1__1.A_1.B__1.M_1.O,1.0,1,100.0,836,97.33612440191388,97.33612440191388,High density,Protein sequence,protein_fident_max,50,100.0
7ghq__1__1.A_1.B__1.D_1.E,1.0,1,100.0,843,96.95373665480427,96.95373665480427,High density,Protein sequence,protein_fident_max,50,100.0
7ghr__1__1.A_1.B__1.M,1.0,1,100.0,836,97.33612440191388,97.33612440191388,High density,Protein sequence,protein_fident_max,50,100.0
7ghs__1__1.A_1.B__1.E_1.F,0.75,1,100.0,836,97.33612440191388,97.33612440191388,High density,Protein sequence,protein_fident_max,50,75.0
7ghx__1__1.A_1.B__1.O_1.Q,0.75,1,100.0,836,97.33612440191388,97.33612440191388,High density,Protein sequence,protein_fident_max,50,75.0
7ghy__1__1.A_1.B__1.O_1.P_1.Q,0.75,1,100.0,836,97.33612440191388,97.33612440191388,High density,Protein sequence,protein_fident_max,50,75.0
7gi4__1__1.A_1.B__1.J,1.0,1,100.0,836,97.33612440191388,97.33612440191388,High density,Protein sequence,protein_fident_max,50,100.0
7gi6__1__1.A_1.B__1.D,0.75,1,100.0,843,96.95373665480427,96.95373665480427,High density,Protein sequence,protein_fident_max,50,75.0
7gi7__1__1.A_1.B__1.L,1.0,1,100.0,843,96.95492289442467,96.95492289442467,High density,Protein sequence,protein_fident_max,50,100.0
7gi8__1__1.A_1.B__1.R_1.U_1.V,0.5,1,100.0,836,97.33612440191388,97.33612440191388,High density,Protein sequence,protein_fident_max,50,50.0
7gi9__1__1.A_1.B__1.F,1.0,1,100.0,843,96.95373665480427,96.95373665480427,High density,Protein sequence,protein_fident_max,50,100.0
7gia__1__1.A_1.B__1.F,1.0,1,100.0,836,97.33612440191388,97.33612440191388,High density,Protein sequence,protein_fident_max,50,100.0
7gib__1__1.A_1.B__1.E_1.F,1.0,1,100.0,843,96.95373665480427,96.95373665480427,High density,Protein sequence,protein_fident_max,50,100.0
7gid__1__1.A_1.B__1.E_1.F,1.0,1,100.0,843,96.95017793594306,96.95017793594306,High density,Protein sequence,protein_fident_max,50,100.0
7gih__1__1.A_1.B__1.L_1.P,1.0,1,100.0,843,96.95373665480427,96.95373665480427,High density,Protein sequence,protein_fident_max,50,100.0
7gij__1__1.A_1.B__1.E_1.F,0.75,1,100.0,836,97.32296650717703,97.32296650717703,High density,Protein sequence,protein_fident_max,50,75.0
7gim__1__1.A_1.B__1.E_1.F,0.75,1,100.0,836,97.33732057416267,97.33732057416267,High density,Protein sequence,protein_fident_max,50,75.0
7gin__1__1.A_1.B__1.F_1.G,1.0,1,100.0,836,97.32177033492823,97.32177033492823,High density,Protein sequence,protein_fident_max,50,100.0
7gio__1__1.A_1.B__1.L_1.O,1.0,1,100.0,836,97.33612440191388,97.33612440191388,High density,Protein sequence,protein_fident_max,50,100.0
7gip__1__1.A_1.B__1.N_1.O,0.0,1,100.0,836,97.33612440191388,97.33612440191388,High density,Protein sequence,protein_fident_max,50,0.0
7giq__1__1.A_1.B__1.F_1.G,1.0,1,100.0,836,97.33612440191388,97.33612440191388,High density,Protein sequence,protein_fident_max,50,100.0
7gir__1__1.A_1.B__1.F_1.I,1.0,1,100.0,836,97.33133971291866,97.33133971291866,High density,Protein sequence,protein_fident_max,50,100.0
7gis__1__1.A_1.B__1.E_1.F,0.75,1,100.0,836,97.33612440191388,97.33612440191388,High density,Protein sequence,protein_fident_max,50,75.0
7git__1__1.A_1.B__1.E_1.F,0.5,1,100.0,836,97.33612440191388,97.33612440191388,High density,Protein sequence,protein_fident_max,50,50.0
7giu__1__1.A_1.B__1.K_1.L,1.0,1,100.0,836,97.33732057416267,97.33732057416267,High density,Protein sequence,protein_fident_max,50,100.0
7gix__1__1.A_1.B__1.E_1.F,0.75,1,100.0,836,97.33612440191388,97.33612440191388,High density,Protein sequence,protein_fident_max,50,75.0
7giy__1__1.A_1.B__1.E_1.F,0.75,1,100.0,837,97.28195937873357,97.28195937873357,High density,Protein sequence,protein_fident_max,50,75.0
7gj0__1__1.A_1.B__1.M_1.N,0.75,1,100.0,836,97.33612440191388,97.33612440191388,High density,Protein sequence,protein_fident_max,50,75.0
7gj2__1__1.A_1.B__1.E_1.F,0.25,1,100.0,836,97.33612440191388,97.33612440191388,High density,Protein sequence,protein_fident_max,50,25.0
7gj4__1__1.A_1.B__1.E_1.F,0.75,1,100.0,836,97.33492822966507,97.33492822966507,High density,Protein sequence,protein_fident_max,50,75.0
7gj6__1__1.A_1.B__1.E_1.F,1.0,1,100.0,836,97.33612440191388,97.33612440191388,High density,Protein sequence,protein_fident_max,50,100.0
7gj8__1__1.A_1.B__1.E_1.F,0.75,1,100.0,837,97.28195937873357,97.28195937873357,High density,Protein sequence,protein_fident_max,50,75.0
7gjc__1__1.A_1.B__1.E,1.0,1,100.0,836,97.34808612440192,97.34808612440192,High density,Protein sequence,protein_fident_max,50,100.0
7gjd__1__1.A_1.B__1.E_1.F,1.0,1,100.0,843,96.97390272835112,96.97390272835112,High density,Protein sequence,protein_fident_max,50,100.0
7gjf__1__1.A_1.B__1.E_1.F,0.5,1,100.0,836,97.32296650717703,97.32296650717703,High density,Protein sequence,protein_fident_max,50,50.0
7gjg__1__1.A_1.B__1.E_1.F,0.75,1,100.0,836,97.34808612440192,97.34808612440192,High density,Protein sequence,protein_fident_max,50,75.0
7gji__1__1.A_1.B__1.L,1.0,1,100.0,836,97.32296650717703,97.32296650717703,High density,Protein sequence,protein_fident_max,50,100.0
7gjk__1__1.A_1.B__1.E_1.F,1.0,1,100.0,836,97.35526315789474,97.35526315789474,High density,Protein sequence,protein_fident_max,50,100.0
7gjl__1__1.A_1.B__1.D_1.E,1.0,1,100.0,836,97.33732057416267,97.33732057416267,High density,Protein sequence,protein_fident_max,50,100.0
7gjp__1__1.A_1.B__1.E_1.F,1.0,1,100.0,836,97.34808612440192,97.34808612440192,High density,Protein sequence,protein_fident_max,50,100.0
7gjq__1__1.A_1.B__1.E_1.F,0.75,1,100.0,836,97.35287081339713,97.35287081339713,High density,Protein sequence,protein_fident_max,50,75.0
7gjv__1__1.A_1.B__1.J_1.K,0.75,1,100.0,836,97.3468899521531,97.3468899521531,High density,Protein sequence,protein_fident_max,50,75.0
7gjx__1__1.A_1.B__1.E_1.J,0.5,1,100.0,836,97.33971291866028,97.33971291866028,High density,Protein sequence,protein_fident_max,50,50.0
7gjy__1__1.A_1.B__1.H_1.I,0.0,1,100.0,836,97.33133971291866,97.33133971291866,High density,Protein sequence,protein_fident_max,50,0.0
7gjz__1__1.A_1.B__1.I_1.K,1.0,1,100.0,836,97.32894736842105,97.32894736842105,High density,Protein sequence,protein_fident_max,50,100.0
7gk0__1__1.A_1.B__1.E_1.J,1.0,1,100.0,836,97.32894736842105,97.32894736842105,High density,Protein sequence,protein_fident_max,50,100.0
7gk1__1__1.A_1.B__1.D_1.I,1.0,1,100.0,836,97.33612440191388,97.33612440191388,High density,Protein sequence,protein_fident_max,50,100.0
7gk2__1__1.A_1.B__1.E_1.J,0.5,1,100.0,836,97.35645933014354,97.35645933014354,High density,Protein sequence,protein_fident_max,50,50.0
7gk3__1__1.A_1.B__1.E_1.J,1.0,1,100.0,834,97.44484412470024,97.44484412470024,High density,Protein sequence,protein_fident_max,50,100.0
7gk6__1__1.A_1.B__1.E_1.J,1.0,1,100.0,834,97.44484412470024,97.44484412470024,High density,Protein sequence,protein_fident_max,50,100.0
7gk7__1__1.A_1.B__1.H,0.5,1,100.0,837,97.29868578255675,97.29868578255675,High density,Protein sequence,protein_fident_max,50,50.0
7gk8__1__1.A_1.B__1.H,1.0,1,100.0,836,97.33851674641149,97.33851674641149,High density,Protein sequence,protein_fident_max,50,100.0
7gk9__1__1.A_1.B__1.M_1.O,1.0,1,100.0,836,97.33014354066985,97.33014354066985,High density,Protein sequence,protein_fident_max,50,100.0
7gka__1__1.A_1.B__1.E_1.J,1.0,1,100.0,836,97.33851674641149,97.33851674641149,High density,Protein sequence,protein_fident_max,50,100.0
7gkc__1__1.A_1.B__1.E_1.J,0.5,1,100.0,836,97.35167464114832,97.35167464114832,High density,Protein sequence,protein_fident_max,50,50.0
7gke__1__1.A_1.B__1.E_1.J,1.0,1,100.0,836,97.33971291866028,97.33971291866028,High density,Protein sequence,protein_fident_max,50,100.0
7gkf__1__1.A_1.B__1.E_1.J,0.75,1,100.0,836,97.33253588516746,97.33253588516746,High density,Protein sequence,protein_fident_max,50,75.0
7gkg__1__1.A_1.B__1.E_1.J,1.0,1,100.0,836,97.33732057416267,97.33732057416267,High density,Protein sequence,protein_fident_max,50,100.0
7gkh__1__1.A_1.B__1.J,0.75,1,100.0,836,97.33133971291866,97.33133971291866,High density,Protein sequence,protein_fident_max,50,75.0
7gki__1__1.A__1.I,1.0,1,100.0,836,97.3157894736842,97.3157894736842,High density,Protein sequence,protein_fident_max,50,100.0
7gkk__1__1.A_1.B__1.O,1.0,1,100.0,836,97.33971291866028,97.33971291866028,High density,Protein sequence,protein_fident_max,50,100.0
7gkm__1__1.A_1.B__1.I_1.J,1.0,1,100.0,836,97.33851674641149,97.33851674641149,High density,Protein sequence,protein_fident_max,50,100.0
7gkn__1__1.A_1.B__1.Q_1.S_1.T,1.0,1,100.0,836,97.32177033492823,97.32177033492823,High density,Protein sequence,protein_fident_max,50,100.0
7gko__1__1.A_1.B__1.I_1.J,0.5,1,100.0,836,97.32296650717703,97.32296650717703,High density,Protein sequence,protein_fident_max,50,50.0
7gkq__1__1.A_1.B__1.E_1.J,0.25,1,100.0,836,97.33851674641149,97.33851674641149,High density,Protein sequence,protein_fident_max,50,25.0
7gks__1__1.A_1.B__1.H,0.0,1,100.0,836,97.33971291866028,97.33971291866028,High density,Protein sequence,protein_fident_max,50,0.0
7gkt__1__1.A_1.B__1.E_1.J,1.0,1,100.0,836,97.33373205741627,97.33373205741627,High density,Protein sequence,protein_fident_max,50,100.0
7gkw__1__1.A_1.B__1.E_1.J,0.75,1,100.0,836,97.33851674641149,97.33851674641149,High density,Protein sequence,protein_fident_max,50,75.0
7gkx__1__1.A_1.B__1.I,0.5,1,100.0,836,97.33732057416267,97.33732057416267,High density,Protein sequence,protein_fident_max,50,50.0
7gkz__1__1.A_1.B__1.E_1.J,0.75,1,100.0,836,97.35765550239235,97.35765550239235,High density,Protein sequence,protein_fident_max,50,75.0
7gl1__1__1.A_1.B__1.D_1.I,1.0,1,100.0,836,97.34928229665071,97.34928229665071,High density,Protein sequence,protein_fident_max,50,100.0
7gl2__1__1.A_1.B__1.H_1.I,0.5,1,100.0,843,96.97271648873073,96.97271648873073,High density,Protein sequence,protein_fident_max,50,50.0
7gl3__1__1.A_1.B__1.H,0.5,1,100.0,836,97.35765550239235,97.35765550239235,High density,Protein sequence,protein_fident_max,50,50.0
7gl6__1__1.A_1.B__1.E_1.J,1.0,1,100.0,843,96.97627520759194,96.97627520759194,High density,Protein sequence,protein_fident_max,50,100.0
7gl7__1__1.A_1.B__1.E_1.J,1.0,1,100.0,836,97.33971291866028,97.33971291866028,High density,Protein sequence,protein_fident_max,50,100.0
7gla__1__1.A_1.B__1.I,1.0,1,100.0,843,96.98457888493476,96.98457888493476,High density,Protein sequence,protein_fident_max,50,100.0
7glb__1__1.A_1.B__1.N,0.25,1,100.0,843,96.97390272835112,96.97390272835112,High density,Protein sequence,protein_fident_max,50,25.0
7gld__1__1.A_1.B__1.H,0.25,1,100.0,836,97.3433014354067,97.3433014354067,High density,Protein sequence,protein_fident_max,50,25.0
7glg__1__1.A_1.B__1.H,0.0,1,100.0,843,96.9655990510083,96.9655990510083,High density,Protein sequence,protein_fident_max,50,0.0
7gli__1__1.A_1.B__1.L,0.0,1,100.0,836,97.33612440191388,97.33612440191388,High density,Protein sequence,protein_fident_max,50,0.0
7gln__1__1.A_1.B__1.I,0.5,1,100.0,836,97.3433014354067,97.3433014354067,High density,Protein sequence,protein_fident_max,50,50.0
7glo__1__1.A_1.B__1.E_1.J,1.0,1,100.0,836,97.3433014354067,97.3433014354067,High density,Protein sequence,protein_fident_max,50,100.0
7glq__1__1.A_1.B__1.E_1.J,1.0,1,100.0,836,97.33971291866028,97.33971291866028,High density,Protein sequence,protein_fident_max,50,100.0
7glw__1__1.A_1.B__1.E_1.J_1.K,1.0,1,100.0,843,96.95848161328588,96.95848161328588,High density,Protein sequence,protein_fident_max,50,100.0
7gly__1__1.A_1.B__1.I,0.5,1,100.0,836,97.32177033492823,97.32177033492823,High density,Protein sequence,protein_fident_max,50,50.0
7gm0__1__1.A_1.B__1.N,0.25,1,100.0,843,96.97271648873073,96.97271648873073,High density,Protein sequence,protein_fident_max,50,25.0
7gm1__1__1.A_1.B__1.I,0.25,1,100.0,836,97.33373205741627,97.33373205741627,High density,Protein sequence,protein_fident_max,50,25.0
7gm3__1__1.A_1.B__1.D_1.I,1.0,1,100.0,836,97.3444976076555,97.3444976076555,High density,Protein sequence,protein_fident_max,50,100.0
7gm4__1__1.A_1.B__1.I,0.5,1,100.0,836,97.33373205741627,97.33373205741627,High density,Protein sequence,protein_fident_max,50,50.0
7gm5__1__1.A_1.B__1.I,0.25,1,100.0,843,96.97508896797153,96.97508896797153,High density,Protein sequence,protein_fident_max,50,25.0
7gm6__1__1.A_1.B__1.N,0.75,1,100.0,836,97.33612440191388,97.33612440191388,High density,Protein sequence,protein_fident_max,50,75.0
7gm8__1__1.A_1.B__1.I,0.5,1,100.0,836,97.33612440191388,97.33612440191388,High density,Protein sequence,protein_fident_max,50,50.0
7gm9__1__1.A_1.B__1.I,1.0,1,100.0,836,97.3433014354067,97.3433014354067,High density,Protein sequence,protein_fident_max,50,100.0
7gma__1__1.A_1.B__1.J,0.0,1,100.0,836,97.33612440191388,97.33612440191388,High density,Protein sequence,protein_fident_max,50,0.0
7gmb__1__1.A_1.B__1.D_1.I,1.0,1,100.0,836,97.35765550239235,97.35765550239235,High density,Protein sequence,protein_fident_max,50,100.0
7gmh__1__1.A_1.B__1.O,1.0,1,100.0,839,97.1668653158522,97.1668653158522,High density,Protein sequence,protein_fident_max,50,100.0
7gmi__1__1.A_1.B__1.D_1.I,1.0,1,100.0,836,97.34210526315789,97.34210526315789,High density,Protein sequence,protein_fident_max,50,100.0
7gmj__1__1.A_1.B__1.E_1.J_1.K,1.0,1,100.0,836,97.33971291866028,97.33971291866028,High density,Protein sequence,protein_fident_max,50,100.0
7gmk__1__1.A_1.B__1.E_1.J,1.0,1,100.0,836,97.34210526315789,97.34210526315789,High density,Protein sequence,protein_fident_max,50,100.0
7gml__1__1.A_1.B__1.E_1.J,1.0,1,100.0,843,96.97983392645314,96.97983392645314,High density,Protein sequence,protein_fident_max,50,100.0
7gmm__1__1.A_1.B__1.E_1.J,1.0,1,100.0,836,97.3433014354067,97.3433014354067,High density,Protein sequence,protein_fident_max,50,100.0
7gmo__1__1.A_1.B__1.E_1.J,0.5,1,100.0,843,96.97508896797153,96.97508896797153,High density,Protein sequence,protein_fident_max,50,50.0
7gmp__1__1.A_1.B__1.D_1.I,1.0,1,100.0,836,97.33492822966507,97.33492822966507,High density,Protein sequence,protein_fident_max,50,100.0
7gmq__1__1.A_1.B__1.D_1.I,1.0,1,100.0,836,97.3468899521531,97.3468899521531,High density,Protein sequence,protein_fident_max,50,100.0
7gms__1__1.A_1.B__1.I,0.25,1,100.0,836,97.3433014354067,97.3433014354067,High density,Protein sequence,protein_fident_max,50,25.0
7gmu__1__1.A_1.B__1.I,1.0,1,100.0,836,97.33373205741627,97.33373205741627,High density,Protein sequence,protein_fident_max,50,100.0
7gmw__1__1.A_1.B__1.E_1.J,0.5,1,100.0,836,97.33971291866028,97.33971291866028,High density,Protein sequence,protein_fident_max,50,50.0
7gmy__1__1.A_1.B__1.I,0.25,1,100.0,836,97.32177033492823,97.32177033492823,High density,Protein sequence,protein_fident_max,50,25.0
7gn0__1__1.A_1.B__1.I,0.75,1,100.0,836,97.33373205741627,97.33373205741627,High density,Protein sequence,protein_fident_max,50,75.0
7gn4__1__1.A_1.B__1.E_1.J,0.75,1,100.0,843,96.95017793594306,96.95017793594306,High density,Protein sequence,protein_fident_max,50,75.0
7gn5__1__1.A_1.B__1.I,0.25,1,100.0,836,97.32177033492823,97.32177033492823,High density,Protein sequence,protein_fident_max,50,25.0
7gn8__1__1.A_1.B__1.I_1.J,1.0,1,100.0,836,97.33851674641149,97.33851674641149,High density,Protein sequence,protein_fident_max,50,100.0
7gn9__1__1.A_1.B__1.O,0.5,1,100.0,836,97.32177033492823,97.32177033492823,High density,Protein sequence,protein_fident_max,50,50.0
7gnb__1__1.A_1.B__1.M_1.O,0.5,1,100.0,836,97.32177033492823,97.32177033492823,High density,Protein sequence,protein_fident_max,50,50.0
7gnc__1__1.A_1.B__1.E_1.J,1.0,1,100.0,843,96.95017793594306,96.95017793594306,High density,Protein sequence,protein_fident_max,50,100.0
7gnd__1__1.A_1.B__1.E_1.J,1.0,1,100.0,836,97.32177033492823,97.32177033492823,High density,Protein sequence,protein_fident_max,50,100.0
7gnf__1__1.A_1.B__1.P_1.R,1.0,1,100.0,836,97.32177033492823,97.32177033492823,High density,Protein sequence,protein_fident_max,50,100.0
7gng__1__1.A_1.B__1.Q,1.0,1,100.0,837,97.27240143369175,97.27240143369175,High density,Protein sequence,protein_fident_max,50,100.0
7gnh__1__1.A_1.B__1.M,0.25,1,100.0,837,97.2831541218638,97.2831541218638,High density,Protein sequence,protein_fident_max,50,25.0
7gnk__1__1.A_1.B__1.T,1.0,1,100.0,837,97.27956989247312,97.27956989247312,High density,Protein sequence,protein_fident_max,50,100.0
7gnl__1__1.A_1.B__1.N,0.0,1,100.0,843,96.95373665480427,96.95373665480427,High density,Protein sequence,protein_fident_max,50,0.0
7gnm__1__1.A_1.B__1.S,0.0,1,100.0,843,96.95373665480427,96.95373665480427,High density,Protein sequence,protein_fident_max,50,0.0
7gnn__1__1.A_1.B__1.I,0.5,1,100.0,836,97.32177033492823,97.32177033492823,High density,Protein sequence,protein_fident_max,50,50.0
7gno__1__1.A_1.B__1.P_1.S,0.0,1,100.0,843,96.95017793594306,96.95017793594306,High density,Protein sequence,protein_fident_max,50,0.0
7gnp__1__1.A_1.B__1.H_1.J,0.75,1,100.0,836,97.32057416267942,97.32057416267942,High density,Protein sequence,protein_fident_max,50,75.0
7gnq__1__1.A_1.B__1.G_1.I_1.L,0.5,1,100.0,843,96.95966785290629,96.95966785290629,High density,Protein sequence,protein_fident_max,50,50.0
7gnr__1__1.A_1.B__1.E_1.J,1.0,1,100.0,836,97.32177033492823,97.32177033492823,High density,Protein sequence,protein_fident_max,50,100.0
7gns__1__1.A_1.B__1.H_1.J,1.0,1,100.0,836,97.32177033492823,97.32177033492823,High density,Protein sequence,protein_fident_max,50,100.0
7gnt__1__1.A_1.B__1.N_1.O,1.0,1,100.0,837,97.27837514934289,97.27837514934289,High density,Protein sequence,protein_fident_max,50,100.0
7gnu__1__1.A_1.B__1.O_1.Q,0.75,1,100.0,837,97.27956989247312,97.27956989247312,High density,Protein sequence,protein_fident_max,50,75.0
7grr__1__1.A__1.D,0.0,1,100.0,836,97.33492822966507,97.33492822966507,High density,Protein sequence,protein_fident_max,50,0.0
7grs__1__1.B__1.Q,0.0,1,100.0,836,97.32057416267942,97.32057416267942,High density,Protein sequence,protein_fident_max,50,0.0
7grt__1__1.A__1.C_1.E_1.I,0.0,1,100.0,843,96.96085409252669,96.96085409252669,High density,Protein sequence,protein_fident_max,50,0.0
7grw__1__1.B__1.M_1.N,0.0,1,100.0,836,97.3122009569378,97.3122009569378,High density,Protein sequence,protein_fident_max,50,0.0
7gs0__1__1.A_1.B__1.D,0.0,1,100.0,836,97.32177033492823,97.32177033492823,High density,Protein sequence,protein_fident_max,50,0.0
7h1j__1__1.B__1.E,0.0,1,100.0,42,83.14285714285714,83.14285714285714,Low density,Protein sequence,protein_fident_max,50,0.0
7jhq__1__2.D__2.Q,0.25,1,100.0,277,99.44404332129965,99.44404332129965,High density,Protein sequence,protein_fident_max,50,25.0
7jni__1__1.A__1.C,0.0,1,99.0,587,78.7052810902896,78.7052810902896,High density,Protein sequence,protein_fident_max,50,0.0
7jyd__1__1.A__1.C,0.25,1,100.0,19,94.47368421052632,94.47368421052632,Low density,Protein sequence,protein_fident_max,50,25.0
7k4g__1__1.B__1.J_1.K_1.L,1.0,1,100.0,311,92.38585209003216,92.38585209003216,High density,Protein sequence,protein_fident_max,50,100.0
7k4i__1__1.B__1.J_1.K_1.L,1.0,1,100.0,311,92.47588424437299,92.47588424437299,High density,Protein sequence,protein_fident_max,50,100.0
7k4j__1__1.E__1.S_1.T_1.U,1.0,1,100.0,311,92.47588424437299,92.47588424437299,High density,Protein sequence,protein_fident_max,50,100.0
7k5v__1__1.A__1.C,0.0,1,100.0,277,99.26353790613719,99.26353790613719,High density,Protein sequence,protein_fident_max,50,0.0
7kbj__1__1.B_1.C__1.L_1.M_1.O,0.0,1,100.0,37,96.83783783783784,96.83783783783784,Low density,Protein sequence,protein_fident_max,50,0.0
7kbr__1__1.B_1.C__1.EA_1.IA_1.N,0.25,1,100.0,37,96.83783783783784,96.83783783783784,Low density,Protein sequence,protein_fident_max,50,25.0
7kh4__1__1.A_1.F__1.G_1.W,1.0,1,100.0,12,99.5,99.5,Low density,Protein sequence,protein_fident_max,50,100.0
7kkh__1__1.A_1.B__1.D,0.75,1,93.0,1305,68.00919540229886,68.00919540229886,High density,Protein sequence,protein_fident_max,50,75.0
7knr__1__1.A__1.B_1.C_1.D,0.25,1,100.0,340,95.9,95.9,High density,Protein sequence,protein_fident_max,50,25.0
7ko6__1__1.A__1.D,0.75,1,100.0,7,92.28571428571429,92.28571428571429,Low density,Protein sequence,protein_fident_max,50,75.0
7kop__1__1.A__1.B_1.C_1.D,0.25,1,100.0,340,95.66764705882353,95.66764705882353,High density,Protein sequence,protein_fident_max,50,25.0
7kxz__1__1.A__1.C,0.75,1,99.0,378,91.79100529100529,91.79100529100529,High density,Protein sequence,protein_fident_max,50,75.0
7l00__1__1.B__1.J_1.K_1.L,1.0,1,56.0,12,54.5,54.5,Low density,Protein sequence,protein_fident_max,50,100.0
7l1j__1__1.A_1.B__1.E_1.G,1.0,1,100.0,116,100.0,100.0,Low density,Protein sequence,protein_fident_max,50,100.0
7l1p__1__1.A_1.B__1.C,0.5,1,98.0,389,89.25706940874036,89.25706940874036,High density,Protein sequence,protein_fident_max,50,50.0
7l2y__1__1.A_2.A__1.J,1.0,1,99.0,389,87.77634961439588,87.77634961439588,High density,Protein sequence,protein_fident_max,50,100.0
7l8o__1__1.A__1.G_1.H,0.5,1,100.0,277,99.24909747292419,99.24909747292419,High density,Protein sequence,protein_fident_max,50,50.0
7l91__1__3.A__3.B_3.C_3.D,0.75,1,100.0,110,92.8,92.8,Low density,Protein sequence,protein_fident_max,50,75.0
7l9g__1__1.A__1.B_1.D,0.75,1,100.0,204,91.54411764705883,91.54411764705883,High density,Protein sequence,protein_fident_max,50,75.0
7lbv__1__1.A__1.B,1.0,1,58.0,12,57.75,57.75,Low density,Protein sequence,protein_fident_max,50,100.0
7ldy__1__1.A_1.B__1.H,1.0,1,100.0,837,94.37753882915173,94.37753882915173,High density,Protein sequence,protein_fident_max,50,100.0
7le3__1__1.A_1.B__1.C,1.0,1,100.0,837,94.37992831541219,94.37992831541219,High density,Protein sequence,protein_fident_max,50,100.0
7le5__1__1.A_1.B__1.H,1.0,1,100.0,837,94.38590203106332,94.38590203106332,High density,Protein sequence,protein_fident_max,50,100.0
7le6__1__1.A_1.B__1.C,1.0,1,100.0,837,94.38112305854241,94.38112305854241,High density,Protein sequence,protein_fident_max,50,100.0
7lff__1__1.A__1.C_1.D,1.0,1,52.0,7,51.57142857142857,51.57142857142857,Low density,Protein sequence,protein_fident_max,50,100.0
7lk0__1__1.A_2.A__1.D,1.0,1,100.0,100,90.55,90.55,Low density,Protein sequence,protein_fident_max,50,100.0
7lm4__1__1.A__1.B_1.C_1.D,1.0,1,100.0,340,95.6470588235294,95.6470588235294,High density,Protein sequence,protein_fident_max,50,100.0
7lov__1__1.A__1.C_1.D_1.H,0.75,2,100.0,50,78.84,78.84,Low density,Protein sequence,protein_fident_max,50,75.0
7lp0__1__1.A__1.C,0.75,1,100.0,27,94.03703703703704,94.03703703703704,Low density,Protein sequence,protein_fident_max,50,75.0
7lpk__1__1.A__1.C,1.0,1,100.0,27,93.88888888888889,93.88888888888889,Low density,Protein sequence,protein_fident_max,50,100.0
7lpw__1__1.A_1.B__1.G,0.0,1,100.0,475,98.3178947368421,98.3178947368421,High density,Protein sequence,protein_fident_max,50,0.0
7lr9__1__1.A__1.C,0.5,1,100.0,299,65.67558528428094,65.67558528428094,High density,Protein sequence,protein_fident_max,50,50.0
7lrk__1__1.A__1.C,1.0,1,100.0,25,97.4,97.4,Low density,Protein sequence,protein_fident_max,50,100.0
7lro__1__1.A__1.D,1.0,1,100.0,25,97.56,97.56,Low density,Protein sequence,protein_fident_max,50,100.0
7ltx__1__1.A__1.E_1.F_1.G,0.625,2,100.0,758,93.14775725593668,93.14775725593668,High density,Protein sequence,protein_fident_max,50,62.5
7ltz__1__1.A__1.B_1.C,1.0,1,100.0,223,79.74439461883408,79.74439461883408,High density,Protein sequence,protein_fident_max,50,100.0
7lxr__1__1.A__1.E_1.F,0.25,1,94.0,222,57.72072072072072,57.72072072072072,High density,Protein sequence,protein_fident_max,50,25.0
7ly6__1__1.A_2.A__1.B_1.C_1.D,0.5,2,23.0,0,,23.0,No neighbours,Protein sequence,protein_fident_max,50,50.0
7lzr__1__1.A_1.B__1.H,1.0,1,100.0,101,98.72277227722772,98.72277227722772,Low density,Protein sequence,protein_fident_max,50,100.0
7m0n__1__1.B__1.J_1.M_1.N,0.0,1,100.0,340,94.64411764705882,94.64411764705882,High density,Protein sequence,protein_fident_max,50,0.0
7m9g__1__1.A_1.B__1.E,1.0,1,100.0,835,93.78802395209581,93.78802395209581,High density,Protein sequence,protein_fident_max,50,100.0
7m9h__1__1.A_1.B__1.E,1.0,1,100.0,835,93.78802395209581,93.78802395209581,High density,Protein sequence,protein_fident_max,50,100.0
7m9r__1__1.A_1.B__1.C,1.0,1,100.0,837,94.38351254480287,94.38351254480287,High density,Protein sequence,protein_fident_max,50,100.0
7m9t__1__1.A_1.B__1.D,1.0,1,100.0,837,94.38231780167264,94.38231780167264,High density,Protein sequence,protein_fident_max,50,100.0
7m9v__1__1.A_1.B__1.C,1.0,1,100.0,835,93.7868263473054,93.7868263473054,High density,Protein sequence,protein_fident_max,50,100.0
7m9x__1__1.A_1.B__1.C,1.0,1,100.0,835,93.78922155688623,93.78922155688623,High density,Protein sequence,protein_fident_max,50,100.0
7ma0__1__1.A_1.B__1.I,1.0,1,100.0,835,93.78802395209581,93.78802395209581,High density,Protein sequence,protein_fident_max,50,100.0
7ma1__1__1.A_1.B__1.M,1.0,1,100.0,835,93.7868263473054,93.7868263473054,High density,Protein sequence,protein_fident_max,50,100.0
7ma2__1__1.A_1.B__1.E,1.0,1,100.0,835,93.78323353293413,93.78323353293413,High density,Protein sequence,protein_fident_max,50,100.0
7ma3__1__1.A_1.B__1.E,1.0,1,100.0,835,93.78802395209581,93.78802395209581,High density,Protein sequence,protein_fident_max,50,100.0
7ma4__1__1.A_1.B__1.D,1.0,1,100.0,835,93.7868263473054,93.7868263473054,High density,Protein sequence,protein_fident_max,50,100.0
7ma5__1__1.A_1.B__1.G,1.0,1,100.0,835,93.78802395209581,93.78802395209581,High density,Protein sequence,protein_fident_max,50,100.0
7ma7__1__1.A_1.B__1.E,1.0,1,100.0,835,93.7868263473054,93.7868263473054,High density,Protein sequence,protein_fident_max,50,100.0
7ma8__1__1.A_1.B__1.E,1.0,1,100.0,835,93.78802395209581,93.78802395209581,High density,Protein sequence,protein_fident_max,50,100.0
7maq__1__1.A_1.B__1.C,1.0,1,95.0,855,88.11228070175439,88.11228070175439,High density,Protein sequence,protein_fident_max,50,100.0
7mcj__1__1.A__1.C_1.D,0.0,1,99.0,20,57.0,57.0,Low density,Protein sequence,protein_fident_max,50,0.0
7mdp__1__1.A__1.D,0.0,1,100.0,1034,91.42359767891683,91.42359767891683,High density,Protein sequence,protein_fident_max,50,0.0
7mgj__1__1.A__1.E,1.0,1,97.0,12,95.83333333333333,95.83333333333333,Low density,Protein sequence,protein_fident_max,50,100.0
7mgk__1__1.A__1.E,1.0,1,98.0,12,95.75,95.75,Low density,Protein sequence,protein_fident_max,50,100.0
7mgt__1__1.A__1.B_1.C_1.D,1.0,1,97.0,7,96.0,96.0,Low density,Protein sequence,protein_fident_max,50,100.0
7mjd__1__1.B__1.S,0.0,1,76.0,408,68.1078431372549,68.1078431372549,High density,Protein sequence,protein_fident_max,50,0.0
7mkx__1__1.A__1.E,0.75,1,100.0,534,94.53932584269663,94.53932584269663,High density,Protein sequence,protein_fident_max,50,75.0
7mlo__1__1.A__1.C,0.75,1,100.0,80,99.475,99.475,Low density,Protein sequence,protein_fident_max,50,75.0
7mlp__1__1.A__1.B,0.75,1,100.0,80,99.475,99.475,Low density,Protein sequence,protein_fident_max,50,75.0
7mlt__1__1.A__1.W,0.5,1,100.0,80,99.475,99.475,Low density,Protein sequence,protein_fident_max,50,50.0
7mmr__1__1.A_1.E__1.BA_1.CA_1.K,1.0,1,97.0,8,62.625,62.625,Low density,Protein sequence,protein_fident_max,50,100.0
7mnw__1__1.A__1.I_1.J,1.0,1,100.0,177,98.1864406779661,98.1864406779661,High density,Protein sequence,protein_fident_max,50,100.0
7msk__1__1.A__1.C_1.D,0.75,1,22.0,0,,22.0,No neighbours,Protein sequence,protein_fident_max,50,75.0
7mwn__1__1.A_1.B__1.C,0.25,1,98.0,124,72.41935483870968,72.41935483870968,Low density,Protein sequence,protein_fident_max,50,25.0
7mwt__1__1.A__1.B_1.C,0.875,2,98.0,300,72.37333333333333,72.37333333333333,High density,Protein sequence,protein_fident_max,50,87.5
7mwu__1__1.A__1.B_1.C,0.875,2,98.0,300,72.37333333333333,72.37333333333333,High density,Protein sequence,protein_fident_max,50,87.5
7mwv__1__1.A__1.B_1.C,1.0,2,98.0,300,72.38666666666667,72.38666666666667,High density,Protein sequence,protein_fident_max,50,100.0
7mxh__1__1.A__1.D,0.0,1,97.0,473,54.31712473572939,54.31712473572939,High density,Protein sequence,protein_fident_max,50,0.0
7mxk__1__1.A__1.B_1.C,0.0,1,50.0,1,50.0,50.0,Low density,Protein sequence,protein_fident_max,50,0.0
7mxn__1__1.A__1.C,0.75,1,100.0,88,97.79545454545455,97.79545454545455,Low density,Protein sequence,protein_fident_max,50,75.0
7my0__1__1.A__1.C_1.F_1.G,0.5,1,54.0,19,52.36842105263158,52.36842105263158,Low density,Protein sequence,protein_fident_max,50,50.0
7myd__1__1.A__1.C_1.G,1.0,1,100.0,190,73.6842105263158,73.6842105263158,High density,Protein sequence,protein_fident_max,50,100.0
7n1r__1__1.A__1.P_1.Q_1.R,1.0,1,100.0,261,73.20689655172414,73.20689655172414,High density,Protein sequence,protein_fident_max,50,100.0
7n4w__1__1.A__1.D,0.25,1,93.0,30,93.0,93.0,Low density,Protein sequence,protein_fident_max,50,25.0
7n4z__1__1.A__1.F,0.0,1,95.0,30,95.0,95.0,Low density,Protein sequence,protein_fident_max,50,0.0
7n53__1__1.A__1.D,0.0,1,94.0,30,94.0,94.0,Low density,Protein sequence,protein_fident_max,50,0.0
7n54__1__1.B__1.H,0.75,1,95.0,30,95.0,95.0,Low density,Protein sequence,protein_fident_max,50,75.0
7n8w__1__1.A_1.B__1.C_1.E,0.0,1,35.0,0,,35.0,No neighbours,Protein sequence,protein_fident_max,50,0.0
7n9d__1__1.A__1.D,0.5,1,30.0,0,,30.0,No neighbours,Protein sequence,protein_fident_max,50,50.0
7n9g__1__1.A__1.E_1.F,1.0,1,98.0,172,93.07558139534883,93.07558139534883,High density,Protein sequence,protein_fident_max,50,100.0
7nag__1__1.A__1.C,0.0,1,100.0,50,98.4,98.4,Low density,Protein sequence,protein_fident_max,50,0.0
7nah__1__1.A__1.C,0.0,1,100.0,50,98.4,98.4,Low density,Protein sequence,protein_fident_max,50,0.0
7nai__1__1.A__1.C,0.0,1,100.0,50,98.4,98.4,Low density,Protein sequence,protein_fident_max,50,0.0
7nb3__1__1.A__1.C,0.0,1,100.0,45,92.08888888888889,92.08888888888889,Low density,Protein sequence,protein_fident_max,50,0.0
7nb7__1__1.A__1.E,0.75,1,100.0,228,96.83333333333333,96.83333333333333,High density,Protein sequence,protein_fident_max,50,75.0
7nbt__1__1.A_2.A__1.C,1.0,1,100.0,837,97.28076463560335,97.28076463560335,High density,Protein sequence,protein_fident_max,50,100.0
7nbw__1__1.A_2.A__1.B,0.75,1,99.0,25,99.0,99.0,Low density,Protein sequence,protein_fident_max,50,75.0
7ng1__1__2.A__2.C_2.D,0.0,1,100.0,4,100.0,100.0,Low density,Protein sequence,protein_fident_max,50,0.0
7ngd__1__1.A__1.B,0.75,1,100.0,147,99.44897959183673,99.44897959183673,Low density,Protein sequence,protein_fident_max,50,75.0
7ngg__1__2.A__2.B,1.0,1,100.0,147,99.43537414965986,99.43537414965986,Low density,Protein sequence,protein_fident_max,50,100.0
7ngi__1__2.A__2.C,0.0,1,100.0,147,99.44897959183673,99.44897959183673,Low density,Protein sequence,protein_fident_max,50,0.0
7ngj__1__1.A__1.B,0.5,1,100.0,147,99.45578231292517,99.45578231292517,Low density,Protein sequence,protein_fident_max,50,50.0
7ngk__1__2.A__2.C,0.0,1,100.0,147,99.44897959183673,99.44897959183673,Low density,Protein sequence,protein_fident_max,50,0.0
7ngm__1__2.A__2.B,0.75,1,100.0,147,99.44897959183673,99.44897959183673,Low density,Protein sequence,protein_fident_max,50,75.0
7ngs__1__1.A__1.B,0.75,1,100.0,147,99.45578231292517,99.45578231292517,Low density,Protein sequence,protein_fident_max,50,75.0
7ngw__1__2.A__2.B,1.0,1,100.0,147,99.44897959183673,99.44897959183673,Low density,Protein sequence,protein_fident_max,50,100.0
7ngx__1__1.A__1.B,0.25,1,100.0,147,99.45578231292517,99.45578231292517,Low density,Protein sequence,protein_fident_max,50,25.0
7ngy__1__2.A__2.B,0.5,1,100.0,147,99.421768707483,99.421768707483,Low density,Protein sequence,protein_fident_max,50,50.0
7nlk__1__1.A__1.C_1.E,0.5,1,99.0,5,99.0,99.0,Low density,Protein sequence,protein_fident_max,50,50.0
7nlm__1__1.A__1.B_1.C,0.0,1,99.0,5,99.0,99.0,Low density,Protein sequence,protein_fident_max,50,0.0
7nlv__1__1.A_1.C__1.G,1.0,1,100.0,873,98.01489117983964,98.01489117983964,High density,Protein sequence,protein_fident_max,50,100.0
7nqw__1__1.A__1.D_1.E_1.F,0.5,1,100.0,203,93.8128078817734,93.8128078817734,High density,Protein sequence,protein_fident_max,50,50.0
7nr5__1__1.A__1.F,0.75,1,100.0,197,94.80203045685279,94.80203045685279,High density,Protein sequence,protein_fident_max,50,75.0
7nr6__1__1.B__1.H,1.0,1,100.0,21,99.52380952380952,99.52380952380952,Low density,Protein sequence,protein_fident_max,50,100.0
7nr8__1__1.A__1.F_1.I,0.5,1,100.0,203,93.80788177339902,93.80788177339902,High density,Protein sequence,protein_fident_max,50,50.0
7ntb__1__1.A__1.B_1.C,0.75,1,100.0,1061,95.44863336475024,95.44863336475024,High density,Protein sequence,protein_fident_max,50,75.0
7ntz__1__1.A__1.B,1.0,1,98.0,44,71.04545454545455,71.04545454545455,Low density,Protein sequence,protein_fident_max,50,100.0
7nu0__1__1.A__1.C_1.D_1.E,0.875,2,98.0,84,71.64285714285714,71.64285714285714,Low density,Protein sequence,protein_fident_max,50,87.5
7nud__1__1.B__1.D,0.0,1,100.0,64,94.546875,94.546875,Low density,Protein sequence,protein_fident_max,50,0.0
7nue__1__1.A__1.C,0.0,1,100.0,64,95.1875,95.1875,Low density,Protein sequence,protein_fident_max,50,0.0
7nwa__1__1.A_1.B__1.E,0.75,1,99.0,77,63.87012987012987,63.87012987012987,Low density,Protein sequence,protein_fident_max,50,75.0
7nwc__1__1.A_1.B__1.G,0.0,1,99.0,77,63.8051948051948,63.8051948051948,Low density,Protein sequence,protein_fident_max,50,0.0
7nxu__1__1.A__1.B_1.C_1.D,0.0,1,47.0,0,,47.0,No neighbours,Protein sequence,protein_fident_max,50,0.0
7nya__1__1.A_1.B__1.F,0.0,1,99.0,77,63.922077922077925,63.922077922077925,Low density,Protein sequence,protein_fident_max,50,0.0
7nzn__1__1.A_2.A__1.B,0.0,1,99.0,265,59.85283018867924,59.85283018867924,High density,Protein sequence,protein_fident_max,50,0.0
7nzy__1__1.A__1.E,0.75,1,100.0,130,88.36153846153846,88.36153846153846,Low density,Protein sequence,protein_fident_max,50,75.0
7o1b__1__1.A__1.E,0.0,1,97.0,11,81.54545454545455,81.54545454545455,Low density,Protein sequence,protein_fident_max,50,0.0
7o2t__1__1.A_2.A__1.B,0.0,1,100.0,25,100.0,100.0,Low density,Protein sequence,protein_fident_max,50,0.0
7o46__1__1.A_2.A__1.B,1.0,1,100.0,836,97.31459330143541,97.31459330143541,High density,Protein sequence,protein_fident_max,50,100.0
7o6x__1__1.A__1.E,1.0,1,100.0,426,96.74178403755869,96.74178403755869,High density,Protein sequence,protein_fident_max,50,100.0
7o7j__1__1.A__1.B,0.0,1,88.0,2,85.5,85.5,Low density,Protein sequence,protein_fident_max,50,0.0
7o7k__1__1.A__1.E,0.5,1,100.0,184,98.07608695652173,98.07608695652173,High density,Protein sequence,protein_fident_max,50,50.0
7o9i__1__1.A__1.B,0.0,1,100.0,10,90.4,90.4,Low density,Protein sequence,protein_fident_max,50,0.0
7oa1__1__1.A__1.D_1.H,1.0,1,100.0,4,100.0,100.0,Low density,Protein sequence,protein_fident_max,50,100.0
7oa4__1__1.A__1.E_1.F_1.H_1.I,0.0,1,100.0,14,100.0,100.0,Low density,Protein sequence,protein_fident_max,50,0.0
7oat__1__1.B__1.F_1.G,1.0,1,100.0,749,95.37249666221629,95.37249666221629,High density,Protein sequence,protein_fident_max,50,100.0
7oed__1__1.A__1.C,0.5,1,100.0,31,97.87096774193549,97.87096774193549,Low density,Protein sequence,protein_fident_max,50,50.0
7of8__1__1.A__1.B,0.0,1,100.0,109,97.6697247706422,97.6697247706422,Low density,Protein sequence,protein_fident_max,50,0.0
7ofa__1__1.A__1.B_1.C,0.5,1,100.0,109,97.6697247706422,97.6697247706422,Low density,Protein sequence,protein_fident_max,50,50.0
7ohg__1__1.A__1.B_1.D_1.E_1.F,0.0,1,100.0,2,98.5,98.5,Low density,Protein sequence,protein_fident_max,50,0.0
7oj6__1__1.A_1.C__1.Y,0.0,1,100.0,57,73.6842105263158,73.6842105263158,Low density,Protein sequence,protein_fident_max,50,0.0
7ojo__1__1.A_1.B__1.E_1.F,0.75,2,100.0,852,96.76525821596245,96.76525821596245,High density,Protein sequence,protein_fident_max,50,75.0
7ojw__1__1.A_1.C__1.F,0.0,1,99.0,57,72.78947368421052,72.78947368421052,Low density,Protein sequence,protein_fident_max,50,0.0
7ojy__1__1.A_1.B__1.D,0.0,1,100.0,57,73.73684210526316,73.73684210526316,Low density,Protein sequence,protein_fident_max,50,0.0
7ok1__1__1.A_1.B__1.D,0.25,1,100.0,57,73.63157894736842,73.63157894736842,Low density,Protein sequence,protein_fident_max,50,25.0
7ok8__1__1.A__1.B_1.C_1.D,1.0,1,100.0,1061,95.44674835061262,95.44674835061262,High density,Protein sequence,protein_fident_max,50,100.0
7okc__1__1.A_2.A__2.B,0.0,1,100.0,57,80.6842105263158,80.6842105263158,Low density,Protein sequence,protein_fident_max,50,0.0
7oli__1__1.A__1.C,1.0,1,26.0,0,,26.0,No neighbours,Protein sequence,protein_fident_max,50,100.0
7olj__1__1.A_1.B__1.E,1.0,1,100.0,426,96.7605633802817,96.7605633802817,High density,Protein sequence,protein_fident_max,50,100.0
7oll__1__1.A_2.A__2.B_2.C_2.D,1.0,1,100.0,26,100.0,100.0,Low density,Protein sequence,protein_fident_max,50,100.0
7olr__1__1.A_2.A__2.B_2.C_2.D,1.0,2,100.0,52,100.0,100.0,Low density,Protein sequence,protein_fident_max,50,100.0
7om1__1__1.A_1.B__1.E,1.0,1,100.0,426,96.78873239436619,96.78873239436619,High density,Protein sequence,protein_fident_max,50,100.0
7omd__1__1.A__1.C_1.D,0.0,1,99.0,4,99.0,99.0,Low density,Protein sequence,protein_fident_max,50,0.0
7ome__1__1.A__1.B,0.0,1,67.0,5,63.6,63.6,Low density,Protein sequence,protein_fident_max,50,0.0
7omo__1__1.A__1.C,0.0,1,99.0,4,99.0,99.0,Low density,Protein sequence,protein_fident_max,50,0.0
7omr__1__1.A__1.B,0.0,1,99.0,4,99.0,99.0,Low density,Protein sequence,protein_fident_max,50,0.0
7on9__1__1.A__1.E_1.F,1.0,1,54.0,94,53.5,53.5,Low density,Protein sequence,protein_fident_max,50,100.0
7opm__1__1.A__1.D,0.75,1,100.0,205,92.82926829268293,92.82926829268293,High density,Protein sequence,protein_fident_max,50,75.0
7orq__1__1.A__1.B_1.C_1.D,1.0,1,100.0,1061,95.44769085768144,95.44769085768144,High density,Protein sequence,protein_fident_max,50,100.0
7osq__1__1.A__1.B_1.C,0.5,2,100.0,10,100.0,100.0,Low density,Protein sequence,protein_fident_max,50,50.0
7osx__1__1.A__1.C,0.75,1,100.0,77,67.03896103896103,67.03896103896103,Low density,Protein sequence,protein_fident_max,50,75.0
7oud__1__1.A__1.B_1.C,0.0,2,39.0,0,,39.0,No neighbours,Protein sequence,protein_fident_max,50,0.0
7ouj__1__1.A__1.B_1.D,0.5,2,41.0,0,,41.0,No neighbours,Protein sequence,protein_fident_max,50,50.0
7ovd__1__1.A__1.B,0.75,1,99.0,75,97.77333333333333,97.77333333333333,Low density,Protein sequence,protein_fident_max,50,75.0
7oy5__1__1.A__1.C,0.75,1,99.0,147,97.56462585034014,97.56462585034014,Low density,Protein sequence,protein_fident_max,50,75.0
7oyf__1__1.A_1.B__1.C_1.D_1.E_1.F_1.S,1.0,1,98.0,2,98.0,98.0,Low density,Protein sequence,protein_fident_max,50,100.0
7oze__1__1.A__1.E_1.F,0.75,1,56.0,1,56.0,56.0,Low density,Protein sequence,protein_fident_max,50,75.0
7p1a__1__1.A__1.B_1.D,0.5,1,100.0,1061,56.89820923656927,56.89820923656927,High density,Protein sequence,protein_fident_max,50,50.0
7p1e__1__1.A__1.C_1.G,0.0,1,83.0,14,83.0,83.0,Low density,Protein sequence,protein_fident_max,50,0.0
7p1f__1__1.A__1.C,1.0,1,83.0,14,83.0,83.0,Low density,Protein sequence,protein_fident_max,50,100.0
7p1o__1__1.A__1.D,1.0,1,83.0,14,83.0,83.0,Low density,Protein sequence,protein_fident_max,50,100.0
7p1s__1__1.A__1.E,1.0,1,76.0,14,75.92857142857143,75.92857142857143,Low density,Protein sequence,protein_fident_max,50,100.0
7p1u__1__1.A__1.C_1.D,0.75,1,76.0,14,76.0,76.0,Low density,Protein sequence,protein_fident_max,50,75.0
7p3b__1__1.A__1.C_1.D_1.E,1.0,1,49.0,0,,49.0,No neighbours,Protein sequence,protein_fident_max,50,100.0
7p3v__1__1.B__1.D,0.75,1,100.0,193,91.42487046632124,91.42487046632124,High density,Protein sequence,protein_fident_max,50,75.0
7p4c__1__1.A__1.E_1.F,0.75,1,100.0,18,100.0,100.0,Low density,Protein sequence,protein_fident_max,50,75.0
7p4o__1__1.A__1.C_1.F,0.375,2,100.0,250,95.4,95.4,High density,Protein sequence,protein_fident_max,50,37.5
7p4v__1__1.A_3.A__1.B,0.25,1,81.0,163,55.87116564417178,55.87116564417178,High density,Protein sequence,protein_fident_max,50,25.0
7p50__1__1.A_1.B__1.D_1.E_1.F,0.75,2,82.0,188,56.638297872340424,56.638297872340424,High density,Protein sequence,protein_fident_max,50,75.0
7p5e__1__1.A__1.B_1.D,1.0,1,100.0,109,97.6697247706422,97.6697247706422,Low density,Protein sequence,protein_fident_max,50,100.0
7p5f__1__1.A__1.C,0.75,1,100.0,109,97.6697247706422,97.6697247706422,Low density,Protein sequence,protein_fident_max,50,75.0
7p5i__1__1.A__1.D,1.0,1,100.0,109,97.6697247706422,97.6697247706422,Low density,Protein sequence,protein_fident_max,50,100.0
7p5k__1__1.A__1.C,0.5,1,100.0,109,97.6697247706422,97.6697247706422,Low density,Protein sequence,protein_fident_max,50,50.0
7p5n__1__1.A__1.C,0.5,1,100.0,109,97.6697247706422,97.6697247706422,Low density,Protein sequence,protein_fident_max,50,50.0
7p5p__1__1.A__1.D,1.0,1,100.0,109,97.6697247706422,97.6697247706422,Low density,Protein sequence,protein_fident_max,50,100.0
7p84__1__1.A_1.B__1.E_1.F_1.G_1.H,0.5,1,62.0,6,62.0,62.0,Low density,Protein sequence,protein_fident_max,50,50.0
7p8m__1__1.A_1.B__1.E_1.F_1.G_1.H,0.5,1,62.0,6,62.0,62.0,Low density,Protein sequence,protein_fident_max,50,50.0
7p97__1__1.A__1.C_1.D_1.E,0.75,1,20.0,0,,20.0,No neighbours,Protein sequence,protein_fident_max,50,75.0
7p9p__1__1.B_2.A__2.D_2.I,0.0,2,30.0,0,,30.0,No neighbours,Protein sequence,protein_fident_max,50,0.0
7pa1__1__1.A__1.D,1.0,1,29.0,0,,29.0,No neighbours,Protein sequence,protein_fident_max,50,100.0
7paw__1__1.B__1.C,0.0,1,97.0,24,92.16666666666667,92.16666666666667,Low density,Protein sequence,protein_fident_max,50,0.0
7pax__1__2.A_2.B__2.C_2.D_2.E,1.0,1,100.0,6,99.66666666666667,99.66666666666667,Low density,Protein sequence,protein_fident_max,50,100.0
7pcc__1__1.A_1.B__1.C_1.I,1.0,1,34.0,0,,34.0,No neighbours,Protein sequence,protein_fident_max,50,100.0
7pcg__1__1.A_1.B__1.F_1.H_1.J_1.K_1.L,0.75,2,34.0,0,,34.0,No neighbours,Protein sequence,protein_fident_max,50,75.0
7pci__1__1.A_2.A__2.B_2.C_2.D_2.E_2.F,0.75,2,34.0,0,,34.0,No neighbours,Protein sequence,protein_fident_max,50,75.0
7pcl__1__1.A_1.B__1.G_1.H_1.I_1.J,0.875,2,34.0,0,,34.0,No neighbours,Protein sequence,protein_fident_max,50,87.5
7pcm__1__1.A_1.B__1.F_1.I_1.J_1.K,1.0,2,34.0,0,,34.0,No neighbours,Protein sequence,protein_fident_max,50,100.0
7pco__1__1.A_1.B__1.F_1.H_1.I_1.J,0.875,2,34.0,0,,34.0,No neighbours,Protein sequence,protein_fident_max,50,87.5
7pcs__1__1.B__1.G_1.H,1.0,1,46.0,0,,46.0,No neighbours,Protein sequence,protein_fident_max,50,100.0
7pct__1__1.A_1.B__1.F_1.G_1.I_1.J_1.K,0.625,2,34.0,0,,34.0,No neighbours,Protein sequence,protein_fident_max,50,62.5
7pd6__1__1.A_1.B__1.K,0.0,1,100.0,694,87.89337175792507,87.89337175792507,High density,Protein sequence,protein_fident_max,50,0.0
7pdb__1__1.C_1.D__1.H,0.25,1,98.0,694,87.23198847262248,87.23198847262248,High density,Protein sequence,protein_fident_max,50,25.0
7pdr__1__1.A_1.E__1.I,0.0,1,98.0,694,87.29538904899135,87.29538904899135,High density,Protein sequence,protein_fident_max,50,0.0
7pdt__1__1.A__1.E,1.0,1,98.0,231,95.50649350649351,95.50649350649351,High density,Protein sequence,protein_fident_max,50,100.0
7pe4__1__1.A__1.B_1.C,1.0,1,79.0,36,76.88888888888889,76.88888888888889,Low density,Protein sequence,protein_fident_max,50,100.0
7pe5__1__1.D_1.E__1.I,0.0,1,98.0,694,87.80259365994236,87.80259365994236,High density,Protein sequence,protein_fident_max,50,0.0
7pe6__1__1.A_1.B__1.F,0.0,1,98.0,694,87.86887608069165,87.86887608069165,High density,Protein sequence,protein_fident_max,50,0.0
7pfm__1__1.A_1.B__1.C,1.0,1,100.0,837,97.27956989247312,97.27956989247312,High density,Protein sequence,protein_fident_max,50,100.0
7phe__1__1.A__1.C,0.0,1,92.0,34,79.44117647058823,79.44117647058823,Low density,Protein sequence,protein_fident_max,50,0.0
7phj__1__1.A__1.B_1.C,0.25,1,100.0,110,65.49090909090908,65.49090909090908,Low density,Protein sequence,protein_fident_max,50,25.0
7phn__1__1.A__1.B_1.C,1.0,1,100.0,110,91.24545454545455,91.24545454545455,Low density,Protein sequence,protein_fident_max,50,100.0
7pi1__1__1.A__1.F,0.75,1,39.0,0,,39.0,No neighbours,Protein sequence,protein_fident_max,50,75.0
7pj9__1__1.A__1.C,1.0,1,100.0,104,99.375,99.375,Low density,Protein sequence,protein_fident_max,50,100.0
7pjk__1__1.A__1.E,1.0,1,100.0,89,98.96629213483146,98.96629213483146,Low density,Protein sequence,protein_fident_max,50,100.0
7pjm__1__1.A_1.B__1.D_1.G_1.H,0.75,2,100.0,442,89.19909502262443,89.19909502262443,High density,Protein sequence,protein_fident_max,50,75.0
7plf__1__1.A__1.C_1.D,0.0,1,100.0,1054,62.42504743833017,62.42504743833017,High density,Protein sequence,protein_fident_max,50,0.0
7pom__1__1.C__1.I_1.J,1.0,1,100.0,62,99.96774193548387,99.96774193548387,Low density,Protein sequence,protein_fident_max,50,100.0
7pox__1__1.A__1.C,0.0,1,89.0,426,83.16901408450704,83.16901408450704,High density,Protein sequence,protein_fident_max,50,0.0
7ppg__1__1.A_1.B__1.E_1.G_1.H,1.0,1,100.0,144,99.70833333333333,99.70833333333333,Low density,Protein sequence,protein_fident_max,50,100.0
7pph__1__1.A_1.B__1.H_1.J,0.75,1,100.0,144,99.45833333333333,99.45833333333333,Low density,Protein sequence,protein_fident_max,50,75.0
7pqs__1__1.A__1.C,0.5,1,99.0,18,93.61111111111111,93.61111111111111,Low density,Protein sequence,protein_fident_max,50,50.0
7pqv__1__1.A__1.B,1.0,1,100.0,147,97.21768707482993,97.21768707482993,Low density,Protein sequence,protein_fident_max,50,100.0
7pri__1__1.A__1.C_1.F,0.0,1,100.0,4,100.0,100.0,Low density,Protein sequence,protein_fident_max,50,0.0
7psc__1__1.A_1.B__1.C_1.D,1.0,1,100.0,88,90.75,90.75,Low density,Protein sequence,protein_fident_max,50,100.0
7pu9__1__1.A__1.B_1.C,0.0,2,100.0,141,92.04255319148936,92.04255319148936,Low density,Protein sequence,protein_fident_max,50,0.0
7puw__1__1.B__1.G_1.H,1.0,1,100.0,94,100.0,100.0,Low density,Protein sequence,protein_fident_max,50,100.0
7pvn__1__1.A__1.C_1.H_1.J,1.0,1,42.0,0,,42.0,No neighbours,Protein sequence,protein_fident_max,50,100.0
7pwu__1__1.A__1.C,1.0,1,99.0,77,67.3896103896104,67.3896103896104,Low density,Protein sequence,protein_fident_max,50,100.0
7pwy__1__1.A_1.B__1.I_1.J,0.0,1,100.0,6,100.0,100.0,Low density,Protein sequence,protein_fident_max,50,0.0
7pz1__1__1.A__1.D,0.75,1,99.0,23,89.1304347826087,89.1304347826087,Low density,Protein sequence,protein_fident_max,50,75.0
7pzu__1__1.A__1.B_1.C,0.0,1,100.0,110,91.51818181818182,91.51818181818182,Low density,Protein sequence,protein_fident_max,50,0.0
7pzv__1__1.A__1.B_1.C,0.25,1,100.0,110,91.38181818181818,91.38181818181818,Low density,Protein sequence,protein_fident_max,50,25.0
7q1n__1__1.A__1.F_1.K,0.0,2,100.0,5176,78.2179289026275,78.2179289026275,High density,Protein sequence,protein_fident_max,50,0.0
7q1o__1__1.A__1.I_1.L,0.125,2,100.0,5176,78.17851622874807,78.17851622874807,High density,Protein sequence,protein_fident_max,50,12.5
7q29__1__1.A__1.G_1.I_1.J_1.O,1.0,1,100.0,314,63.66242038216561,63.66242038216561,High density,Protein sequence,protein_fident_max,50,100.0
7q2o__1__1.A_1.B__1.D,0.0,1,99.0,49,96.34693877551021,96.34693877551021,Low density,Protein sequence,protein_fident_max,50,0.0
7q6f__1__1.A__1.C_1.D,1.0,1,24.0,0,,24.0,No neighbours,Protein sequence,protein_fident_max,50,100.0
7q6g__1__1.A__1.B_1.C,1.0,1,25.0,0,,25.0,No neighbours,Protein sequence,protein_fident_max,50,100.0
7q6v__1__1.A__1.E,0.25,1,100.0,102,98.97058823529412,98.97058823529412,Low density,Protein sequence,protein_fident_max,50,25.0
7q6w__1__1.A__1.E,0.25,1,100.0,102,98.97058823529412,98.97058823529412,Low density,Protein sequence,protein_fident_max,50,25.0
7q7c__1__1.A__1.B_1.C,1.0,1,99.0,7,97.85714285714286,97.85714285714286,Low density,Protein sequence,protein_fident_max,50,100.0
7q7i__1__1.A__1.B,1.0,1,100.0,346,77.55491329479769,77.55491329479769,High density,Protein sequence,protein_fident_max,50,100.0
7q7k__1__1.A__1.B,0.75,1,100.0,346,77.5635838150289,77.5635838150289,High density,Protein sequence,protein_fident_max,50,75.0
7q7t__1__1.A_2.A__2.C,1.0,1,100.0,101,98.97029702970298,98.97029702970298,Low density,Protein sequence,protein_fident_max,50,100.0
7q7v__1__1.A_2.A__2.B,1.0,1,100.0,101,98.91089108910892,98.91089108910892,Low density,Protein sequence,protein_fident_max,50,100.0
7q8k__1__1.A__1.C_1.F_1.H,1.0,1,99.0,309,61.00970873786408,61.00970873786408,High density,Protein sequence,protein_fident_max,50,100.0
7q8q__1__1.A__1.C_1.E_1.J,0.0,1,99.0,309,60.89967637540453,60.89967637540453,High density,Protein sequence,protein_fident_max,50,0.0
7q8z__1__1.A__1.E,0.5,1,100.0,13,88.53846153846153,88.53846153846153,Low density,Protein sequence,protein_fident_max,50,50.0
7q90__1__1.A__1.D,0.5,1,100.0,13,88.53846153846153,88.53846153846153,Low density,Protein sequence,protein_fident_max,50,50.0
7qa3__1__1.A__1.C,0.75,1,100.0,25,100.0,100.0,Low density,Protein sequence,protein_fident_max,50,75.0
7qaa__1__1.B__1.D,0.25,1,99.0,55,88.63636363636364,88.63636363636364,Low density,Protein sequence,protein_fident_max,50,25.0
7qdt__1__1.A__1.B,1.0,1,99.0,63,84.07936507936508,84.07936507936508,Low density,Protein sequence,protein_fident_max,50,100.0
7qea__1__1.A__1.C,0.25,1,22.0,0,,22.0,No neighbours,Protein sequence,protein_fident_max,50,25.0
7qei__1__1.A__1.B,1.0,1,73.0,25,72.16,72.16,Low density,Protein sequence,protein_fident_max,50,100.0
7qfe__1__1.A__1.D,0.0,1,100.0,322,91.37888198757764,91.37888198757764,High density,Protein sequence,protein_fident_max,50,0.0
7qfo__1__1.A_2.A__1.C_1.D,1.0,1,83.0,27,71.5925925925926,71.5925925925926,Low density,Protein sequence,protein_fident_max,50,100.0
7qg1__1__1.A__1.C,1.0,1,97.0,185,93.54594594594595,93.54594594594595,High density,Protein sequence,protein_fident_max,50,100.0
7qg3__1__1.A__1.C,1.0,1,98.0,185,95.55675675675676,95.55675675675676,High density,Protein sequence,protein_fident_max,50,100.0
7qg5__1__1.A__1.C,1.0,1,99.0,185,94.13513513513513,94.13513513513513,High density,Protein sequence,protein_fident_max,50,100.0
7qgm__1__2.A__2.B_2.C_2.E,0.25,1,100.0,61,95.29508196721312,95.29508196721312,Low density,Protein sequence,protein_fident_max,50,25.0
7qgz__1__1.A__1.B_1.C,0.25,1,100.0,1061,95.44863336475024,95.44863336475024,High density,Protein sequence,protein_fident_max,50,25.0
7qh1__1__1.A__1.E_1.F,0.5,1,100.0,5,100.0,100.0,Low density,Protein sequence,protein_fident_max,50,50.0
7qhd__1__1.A__1.J_1.P,0.0,1,100.0,2588,78.1676970633694,78.1676970633694,High density,Protein sequence,protein_fident_max,50,0.0
7qhe__1__1.A__1.I,0.0,1,100.0,2588,78.15417310664606,78.15417310664606,High density,Protein sequence,protein_fident_max,50,0.0
7qhl__1__1.A__1.E,1.0,1,99.0,534,92.00561797752809,92.00561797752809,High density,Protein sequence,protein_fident_max,50,100.0
7qhz__1__1.A__1.B,1.0,1,100.0,27,91.66666666666667,91.66666666666667,Low density,Protein sequence,protein_fident_max,50,100.0
7qi0__1__1.A__1.C,0.75,1,98.0,27,89.66666666666667,89.66666666666667,Low density,Protein sequence,protein_fident_max,50,75.0
7qk0__1__1.A_2.A__1.B_2.E,1.0,1,100.0,101,98.91089108910892,98.91089108910892,Low density,Protein sequence,protein_fident_max,50,100.0
7qls__1__1.A__1.C_1.D_1.E,0.25,1,99.0,16,97.875,97.875,Low density,Protein sequence,protein_fident_max,50,25.0
7qnh__1__1.B__1.E_1.F,1.0,1,99.0,8,98.0,98.0,Low density,Protein sequence,protein_fident_max,50,100.0
7qnn__1__1.A__1.C,0.0,1,99.0,14,93.21428571428571,93.21428571428571,Low density,Protein sequence,protein_fident_max,50,0.0
7qqa__1__1.A_1.B__1.H_1.I,1.0,1,66.0,48,64.4375,64.4375,Low density,Protein sequence,protein_fident_max,50,100.0
7qrb__1__1.A__1.G,0.0,1,100.0,130,89.53076923076924,89.53076923076924,Low density,Protein sequence,protein_fident_max,50,0.0
7qrc__1__1.A__1.D,0.75,1,66.0,25,65.12,65.12,Low density,Protein sequence,protein_fident_max,50,75.0
7qrk__1__1.A__1.B_1.C_1.D,0.25,1,100.0,1061,95.44863336475024,95.44863336475024,High density,Protein sequence,protein_fident_max,50,25.0
7qt2__1__1.A_1.B__1.E,0.75,1,96.0,2023,59.42807711319822,59.42807711319822,High density,Protein sequence,protein_fident_max,50,75.0
7qt6__1__1.A__1.B,0.25,1,100.0,836,97.32057416267942,97.32057416267942,High density,Protein sequence,protein_fident_max,50,25.0
7qty__1__1.A__1.C,0.0,1,82.0,7,66.0,66.0,Low density,Protein sequence,protein_fident_max,50,0.0
7qv8__1__1.A__1.C_1.D,0.0,1,74.0,92,58.82608695652174,58.82608695652174,Low density,Protein sequence,protein_fident_max,50,0.0
7qy9__1__1.A__1.C,1.0,1,67.0,6,67.0,67.0,Low density,Protein sequence,protein_fident_max,50,100.0
7qyn__1__1.B__1.O,0.0,1,100.0,2588,63.79791344667697,63.79791344667697,High density,Protein sequence,protein_fident_max,50,0.0
7qzl__1__1.B__1.F_1.H,0.625,2,100.0,2,100.0,100.0,Low density,Protein sequence,protein_fident_max,50,62.5
7r02__1__1.B__1.L,0.0,1,100.0,2588,63.45749613601237,63.45749613601237,High density,Protein sequence,protein_fident_max,50,0.0
7r0a__1__1.A__1.C,0.0,1,100.0,2588,63.30950540958269,63.30950540958269,High density,Protein sequence,protein_fident_max,50,0.0
7r0d__1__1.A_1.B__1.E_1.F,0.0,1,100.0,21,99.47619047619048,99.47619047619048,Low density,Protein sequence,protein_fident_max,50,0.0
7r26__1__1.A__1.B,1.0,1,97.0,84,92.97619047619048,92.97619047619048,Low density,Protein sequence,protein_fident_max,50,100.0
7r2v__1__1.A__1.C_1.D,1.0,1,89.0,8,87.125,87.125,Low density,Protein sequence,protein_fident_max,50,100.0
7r2y__1__1.A_1.C__1.G_1.H,0.75,1,99.0,33,69.87878787878788,69.87878787878788,Low density,Protein sequence,protein_fident_max,50,75.0
7r3a__1__1.A_1.E__1.V_1.W,0.625,2,56.0,28,55.714285714285715,55.714285714285715,Low density,Protein sequence,protein_fident_max,50,62.5
7r4a__1__1.A__1.C,1.0,1,100.0,77,67.12987012987013,67.12987012987013,Low density,Protein sequence,protein_fident_max,50,100.0
7r5d__1__1.A__1.C,1.0,1,99.0,77,67.1948051948052,67.1948051948052,Low density,Protein sequence,protein_fident_max,50,100.0
7r6g__1__1.A__1.C,0.0,1,75.0,8,75.0,75.0,Low density,Protein sequence,protein_fident_max,50,0.0
7r6z__1__1.A__1.C_1.E_1.F,0.0,1,100.0,277,99.26353790613719,99.26353790613719,High density,Protein sequence,protein_fident_max,50,0.0
7r7e__1__1.A__1.C_1.D_1.F,1.0,1,43.0,0,,43.0,No neighbours,Protein sequence,protein_fident_max,50,100.0
7r7l__1__1.A__1.C,1.0,1,99.0,74,93.97297297297297,93.97297297297297,Low density,Protein sequence,protein_fident_max,50,100.0
7r7r__1__1.A__1.B,1.0,1,100.0,57,96.96491228070175,96.96491228070175,Low density,Protein sequence,protein_fident_max,50,100.0
7r9n__1__1.B__1.E,0.75,1,100.0,34,94.91176470588235,94.91176470588235,Low density,Protein sequence,protein_fident_max,50,75.0
7r9p__1__1.A__1.C,0.75,1,99.0,34,95.0,95.0,Low density,Protein sequence,protein_fident_max,50,75.0
7r9t__1__1.A__1.C,0.0,1,100.0,34,96.0,96.0,Low density,Protein sequence,protein_fident_max,50,0.0
7rae__1__1.A__1.C,1.0,1,79.0,350,67.58,67.58,High density,Protein sequence,protein_fident_max,50,100.0
7raf__1__1.A__1.C,1.0,1,78.0,351,67.66096866096866,67.66096866096866,High density,Protein sequence,protein_fident_max,50,100.0
7rbw__1__1.A__1.C,0.5,1,45.0,0,,45.0,No neighbours,Protein sequence,protein_fident_max,50,50.0
7rck__1__1.A__1.C_1.D,1.0,1,98.0,4,98.0,98.0,Low density,Protein sequence,protein_fident_max,50,100.0
7rdp__1__1.A__1.B,1.0,1,100.0,108,98.5925925925926,98.5925925925926,Low density,Protein sequence,protein_fident_max,50,100.0
7rf9__1__1.A_1.B__1.G,1.0,1,29.0,0,,29.0,No neighbours,Protein sequence,protein_fident_max,50,100.0
7rh1__1__1.A__1.D,0.25,1,100.0,108,98.06481481481481,98.06481481481481,Low density,Protein sequence,protein_fident_max,50,25.0
7rh3__1__1.A__1.C,0.25,1,100.0,108,98.06481481481481,98.06481481481481,Low density,Protein sequence,protein_fident_max,50,25.0
7rh4__1__1.A__1.C,0.5,1,100.0,108,98.06481481481481,98.06481481481481,Low density,Protein sequence,protein_fident_max,50,50.0
7rke__1__1.A__1.E,0.75,1,97.0,1026,87.91228070175438,87.91228070175438,High density,Protein sequence,protein_fident_max,50,75.0
7rl2__1__1.A__1.C,0.0,1,100.0,313,59.50479233226837,59.50479233226837,High density,Protein sequence,protein_fident_max,50,0.0
7rls__1__1.A_2.A__2.B,0.5,1,100.0,843,96.93712930011863,96.93712930011863,High density,Protein sequence,protein_fident_max,50,50.0
7rmb__1__1.A_2.A__2.B,0.25,1,100.0,836,97.32057416267942,97.32057416267942,High density,Protein sequence,protein_fident_max,50,25.0
7rmw__1__1.A__1.G,0.0,1,97.0,4,97.0,97.0,Low density,Protein sequence,protein_fident_max,50,0.0
7rn4__1__1.A_2.A__2.B,0.25,1,100.0,843,96.932384341637,96.932384341637,High density,Protein sequence,protein_fident_max,50,25.0
7rnk__1__1.A_2.A__2.B,0.5,1,100.0,836,97.32057416267942,97.32057416267942,High density,Protein sequence,protein_fident_max,50,50.0
7rnm__1__1.B__1.F,0.75,1,100.0,1026,89.98732943469786,89.98732943469786,High density,Protein sequence,protein_fident_max,50,75.0
7ror__1__1.A__1.C_1.D,1.0,1,100.0,2,100.0,100.0,Low density,Protein sequence,protein_fident_max,50,100.0
7ros__1__1.A__1.C,1.0,1,98.0,2,98.0,98.0,Low density,Protein sequence,protein_fident_max,50,100.0
7rq0__1__1.A_1.B__1.L,0.5,1,98.0,389,90.4293059125964,90.4293059125964,High density,Protein sequence,protein_fident_max,50,50.0
7rre__1__1.A__1.B_1.C_1.D,0.0,1,100.0,1061,95.44769085768144,95.44769085768144,High density,Protein sequence,protein_fident_max,50,0.0
7rsp__1__1.A__1.C_1.D,0.5,1,99.0,22,84.68181818181819,84.68181818181819,Low density,Protein sequence,protein_fident_max,50,50.0
7rsv__1__1.A__1.C_1.D,0.75,1,100.0,22,84.9090909090909,84.9090909090909,Low density,Protein sequence,protein_fident_max,50,75.0
7rwe__1__1.A__1.B,0.0,1,96.0,528,85.33712121212122,85.33712121212122,High density,Protein sequence,protein_fident_max,50,0.0
7rwf__1__1.A__1.C,0.0,1,100.0,537,94.39851024208566,94.39851024208566,High density,Protein sequence,protein_fident_max,50,0.0
7rxo__1__1.A__1.C,0.0,1,97.0,535,88.23364485981308,88.23364485981308,High density,Protein sequence,protein_fident_max,50,0.0
7s04__1__2.A__2.B_2.C_2.D,1.0,2,52.0,76,50.8421052631579,50.8421052631579,Low density,Protein sequence,protein_fident_max,50,100.0
7s0u__1__1.A__1.F_1.G,0.5,2,98.0,166,96.92771084337349,96.92771084337349,High density,Protein sequence,protein_fident_max,50,50.0
7s14__1__1.A_1.B__1.E_1.K,1.0,1,98.0,10,81.4,81.4,Low density,Protein sequence,protein_fident_max,50,100.0
7s1c__1__1.A__1.C,0.5,1,100.0,42,96.76190476190476,96.76190476190476,Low density,Protein sequence,protein_fident_max,50,50.0
7s1d__1__1.A__1.C,0.0,1,100.0,42,96.76190476190476,96.76190476190476,Low density,Protein sequence,protein_fident_max,50,0.0
7s1q__1__1.A__1.C_1.D,0.5,2,100.0,166,98.75903614457832,98.75903614457832,High density,Protein sequence,protein_fident_max,50,50.0
7s1r__1__1.A__1.C_1.D,0.5,2,100.0,166,98.75903614457832,98.75903614457832,High density,Protein sequence,protein_fident_max,50,50.0
7s1s__1__1.A__1.C_1.D,0.5,2,100.0,166,98.75903614457832,98.75903614457832,High density,Protein sequence,protein_fident_max,50,50.0
7s2k__1__2.B__2.H_2.I,0.5,2,34.0,0,,34.0,No neighbours,Protein sequence,protein_fident_max,50,50.0
7s5f__1__1.A__1.E_1.F,0.5,2,45.0,0,,45.0,No neighbours,Protein sequence,protein_fident_max,50,50.0
7s6u__1__1.A__1.B,0.75,1,48.0,0,,48.0,No neighbours,Protein sequence,protein_fident_max,50,75.0
7s6v__1__1.A__1.B,0.5,1,48.0,0,,48.0,No neighbours,Protein sequence,protein_fident_max,50,50.0
7s7t__1__1.A__1.B,0.0,1,98.0,33,90.57575757575758,90.57575757575758,Low density,Protein sequence,protein_fident_max,50,0.0
7s7x__1__1.A__1.D,0.0,1,99.0,1,99.0,99.0,Low density,Protein sequence,protein_fident_max,50,0.0
7s84__1__1.A__1.B,0.0,1,98.0,537,91.90875232774674,91.90875232774674,High density,Protein sequence,protein_fident_max,50,0.0
7sa0__1__1.A__1.F,0.0,1,98.0,537,92.29795158286778,92.29795158286778,High density,Protein sequence,protein_fident_max,50,0.0
7scr__1__1.E__1.K,0.25,1,99.0,28,97.60714285714286,97.60714285714286,Low density,Protein sequence,protein_fident_max,50,25.0
7scw__1__1.A_1.B__1.C_1.D,1.0,1,100.0,1036,91.19980694980696,91.19980694980696,High density,Protein sequence,protein_fident_max,50,100.0
7sdd__1__2.A__2.B,0.25,1,28.0,0,,28.0,No neighbours,Protein sequence,protein_fident_max,50,25.0
7sdr__1__1.A__1.D,0.5,1,100.0,60,97.06666666666666,97.06666666666666,Low density,Protein sequence,protein_fident_max,50,50.0
7se9__1__1.A__1.C_1.D,0.0,1,94.0,1,94.0,94.0,Low density,Protein sequence,protein_fident_max,50,0.0
7sec__1__1.A__1.D_1.G,0.0,1,95.0,1,95.0,95.0,Low density,Protein sequence,protein_fident_max,50,0.0
7ser__1__1.A__1.C_1.D,0.5,2,100.0,166,98.75903614457832,98.75903614457832,High density,Protein sequence,protein_fident_max,50,50.0
7ses__1__1.A__1.C_1.D,0.5,2,100.0,166,98.75903614457832,98.75903614457832,High density,Protein sequence,protein_fident_max,50,50.0
7sfo__1__1.A__1.E,1.0,1,97.0,1026,87.60721247563353,87.60721247563353,High density,Protein sequence,protein_fident_max,50,100.0
7sgg__1__1.A__1.B_1.D,0.5,1,99.0,37,74.32432432432432,74.32432432432432,Low density,Protein sequence,protein_fident_max,50,50.0
7sgi__1__1.A__1.B_1.C,0.25,1,99.0,37,74.45945945945945,74.45945945945945,Low density,Protein sequence,protein_fident_max,50,25.0
7sgk__1__1.A__1.B_1.C,0.25,1,100.0,37,74.54054054054055,74.54054054054055,Low density,Protein sequence,protein_fident_max,50,25.0
7sh0__1__1.A__1.C_1.D_1.H,0.0,1,99.0,249,75.13253012048193,75.13253012048193,High density,Protein sequence,protein_fident_max,50,0.0
7shh__1__1.A__1.E,1.0,1,100.0,89,98.9438202247191,98.9438202247191,Low density,Protein sequence,protein_fident_max,50,100.0
7si4__1__1.A__1.B,1.0,1,100.0,67,99.07462686567165,99.07462686567165,Low density,Protein sequence,protein_fident_max,50,100.0
7si5__1__1.A__1.D,1.0,1,100.0,67,99.07462686567165,99.07462686567165,Low density,Protein sequence,protein_fident_max,50,100.0
7sia__1__1.A_1.B__1.C,0.5,1,99.0,389,91.4241645244216,91.4241645244216,High density,Protein sequence,protein_fident_max,50,50.0
7siu__1__1.A__1.C,0.0,1,99.0,34,94.23529411764706,94.23529411764706,Low density,Protein sequence,protein_fident_max,50,0.0
7skk__1__1.A__1.E_1.F,0.625,2,99.0,4,99.0,99.0,Low density,Protein sequence,protein_fident_max,50,62.5
7slr__1__1.A_1.B__1.C,0.75,1,100.0,475,98.17684210526316,98.17684210526316,High density,Protein sequence,protein_fident_max,50,75.0
7sls__1__1.A_1.B__1.C,1.0,1,100.0,475,98.18947368421053,98.18947368421053,High density,Protein sequence,protein_fident_max,50,100.0
7slz__1__1.A__1.B,0.0,1,98.0,7,96.14285714285714,96.14285714285714,Low density,Protein sequence,protein_fident_max,50,0.0
7snz__1__1.A_1.B__1.C,0.25,1,100.0,475,98.0821052631579,98.0821052631579,High density,Protein sequence,protein_fident_max,50,25.0
7so1__1__1.A_1.B__1.C,0.0,1,100.0,475,97.86736842105263,97.86736842105263,High density,Protein sequence,protein_fident_max,50,0.0
7sok__1__1.A__1.E,1.0,1,100.0,63,96.46031746031746,96.46031746031746,Low density,Protein sequence,protein_fident_max,50,100.0
7spy__1__1.A_2.A__2.B_2.C,0.75,1,47.0,0,,47.0,No neighbours,Protein sequence,protein_fident_max,50,75.0
7sqe__1__1.A__1.D,0.5,1,100.0,60,96.98333333333333,96.98333333333333,Low density,Protein sequence,protein_fident_max,50,50.0
7sqm__1__1.A__1.B,1.0,1,100.0,29,99.93103448275862,99.93103448275862,Low density,Protein sequence,protein_fident_max,50,100.0
7sqn__1__1.A__1.B_1.E,0.875,2,97.0,300,72.30666666666667,72.30666666666667,High density,Protein sequence,protein_fident_max,50,87.5
7ssj__1__1.A__1.G_1.H,1.0,1,100.0,27,95.25925925925925,95.25925925925925,Low density,Protein sequence,protein_fident_max,50,100.0
7stq__1__1.A_2.A__1.B_1.D_1.E,0.875,2,100.0,344,99.72093023255815,99.72093023255815,High density,Protein sequence,protein_fident_max,50,87.5
7suf__1__1.A__1.B_1.D,1.0,1,100.0,162,94.98148148148148,94.98148148148148,High density,Protein sequence,protein_fident_max,50,100.0
7sv1__1__1.A__1.C_1.D,0.0,1,100.0,1061,93.22902921771913,93.22902921771913,High density,Protein sequence,protein_fident_max,50,0.0
7sv5__1__1.A__1.C_1.D,0.0,1,100.0,13,98.23076923076923,98.23076923076923,Low density,Protein sequence,protein_fident_max,50,0.0
7sxg__1__1.A__1.C,0.25,1,85.0,150,82.81333333333333,82.81333333333333,Low density,Protein sequence,protein_fident_max,50,25.0
7sxj__1__1.A__1.C,1.0,1,99.0,150,96.38666666666667,96.38666666666667,Low density,Protein sequence,protein_fident_max,50,100.0
7szb__1__1.A__1.E,0.0,1,100.0,2,100.0,100.0,Low density,Protein sequence,protein_fident_max,50,0.0
7szc__1__1.A__1.F,0.0,1,100.0,2,100.0,100.0,Low density,Protein sequence,protein_fident_max,50,0.0
7szp__1__1.A_1.B__1.E_1.J,1.0,1,84.0,12,83.66666666666667,83.66666666666667,Low density,Protein sequence,protein_fident_max,50,100.0
7szr__1__1.A__1.G,0.0,1,99.0,32,91.75,91.75,Low density,Protein sequence,protein_fident_max,50,0.0
7t0a__1__1.A_1.B__1.BA_1.CA_1.GA_1.HA,0.75,1,100.0,32,99.65625,99.65625,Low density,Protein sequence,protein_fident_max,50,75.0
7t0c__1__1.A_1.B__1.VA,0.25,1,100.0,32,99.15625,99.15625,Low density,Protein sequence,protein_fident_max,50,25.0
7t0e__1__1.A_1.B__1.C_1.CA_1.HB_1.IB,1.0,2,100.0,64,99.65625,99.65625,Low density,Protein sequence,protein_fident_max,50,100.0
7t0f__1__1.A_1.B__1.C,0.5,1,99.0,1350,63.574814814814815,63.574814814814815,High density,Protein sequence,protein_fident_max,50,50.0
7t1d__1__1.A_1.B__1.G_1.I,0.0,1,100.0,113,77.06194690265487,77.06194690265487,Low density,Protein sequence,protein_fident_max,50,0.0
7t2z__1__1.A_1.B__1.F_1.H,0.5,2,96.0,20,78.2,78.2,Low density,Protein sequence,protein_fident_max,50,50.0
7t33__1__1.A_1.B__1.E_1.H,0.625,2,96.0,20,78.2,78.2,Low density,Protein sequence,protein_fident_max,50,62.5
7t39__1__1.A__1.B,0.0,1,100.0,1,100.0,100.0,Low density,Protein sequence,protein_fident_max,50,0.0
7t4t__1__1.A__1.C_1.E,0.5,1,100.0,26,98.34615384615384,98.34615384615384,Low density,Protein sequence,protein_fident_max,50,50.0
7t5k__1__1.A__1.D,0.75,1,98.0,6,98.0,98.0,Low density,Protein sequence,protein_fident_max,50,75.0
7t5r__1__1.A_1.C__1.I_1.J,0.0,2,100.0,114,73.6842105263158,73.6842105263158,Low density,Protein sequence,protein_fident_max,50,0.0
7t5x__1__1.A_1.C__1.I,0.25,1,100.0,57,73.57894736842105,73.57894736842105,Low density,Protein sequence,protein_fident_max,50,25.0
7t5y__1__1.B__1.G,1.0,1,98.0,6,98.0,98.0,Low density,Protein sequence,protein_fident_max,50,100.0
7t5z__1__1.A_1.C__1.I,0.0,1,100.0,57,73.57894736842105,73.57894736842105,Low density,Protein sequence,protein_fident_max,50,0.0
7t60__1__1.B_1.C__1.M,0.25,1,100.0,57,73.78947368421052,73.78947368421052,Low density,Protein sequence,protein_fident_max,50,25.0
7t61__1__1.B_1.C__1.L,0.0,1,100.0,57,73.73684210526316,73.73684210526316,Low density,Protein sequence,protein_fident_max,50,0.0
7t6c__1__1.A__1.E,0.25,1,98.0,6,98.0,98.0,Low density,Protein sequence,protein_fident_max,50,25.0
7t6h__1__1.A__1.C_1.D,1.0,2,98.0,12,98.0,98.0,Low density,Protein sequence,protein_fident_max,50,100.0
7t7m__1__1.A__1.I,1.0,1,100.0,138,89.8695652173913,89.8695652173913,Low density,Protein sequence,protein_fident_max,50,100.0
7tab__1__1.A__1.B,1.0,1,100.0,15,92.26666666666667,92.26666666666667,Low density,Protein sequence,protein_fident_max,50,100.0
7tba__1__1.A__1.U_1.V_1.W,0.5,1,100.0,122,60.90983606557377,60.90983606557377,Low density,Protein sequence,protein_fident_max,50,50.0
7tbc__1__1.A__1.B_1.J_1.L_1.S,0.0,1,39.0,0,,39.0,No neighbours,Protein sequence,protein_fident_max,50,0.0
7tbd__1__1.A__1.E,0.0,1,38.0,0,,38.0,No neighbours,Protein sequence,protein_fident_max,50,0.0
7tbu__1__1.A__1.D,0.0,1,63.0,10,63.0,63.0,Low density,Protein sequence,protein_fident_max,50,0.0
7te8__1__1.A_1.B__1.E,0.0,1,78.0,588,60.68197278911565,60.68197278911565,High density,Protein sequence,protein_fident_max,50,0.0
7tev__1__1.A_2.A__2.D,1.0,1,100.0,100,90.51,90.51,Low density,Protein sequence,protein_fident_max,50,100.0
7tjo__1__1.A__1.E,0.25,1,100.0,9208,63.04430929626412,63.04430929626412,High density,Protein sequence,protein_fident_max,50,25.0
7tm5__1__1.A__1.C_1.D_1.E,1.0,1,89.0,19,88.15789473684211,88.15789473684211,Low density,Protein sequence,protein_fident_max,50,100.0
7tm6__1__1.A__1.C_1.D,1.0,2,89.0,38,88.15789473684211,88.15789473684211,Low density,Protein sequence,protein_fident_max,50,100.0
7tmf__1__1.A_1.B__1.J_1.P,1.0,1,78.0,2,78.0,78.0,Low density,Protein sequence,protein_fident_max,50,100.0
7toc__1__1.A_1.B__1.C_1.D_1.G_1.L,0.75,1,34.0,0,,34.0,No neighbours,Protein sequence,protein_fident_max,50,75.0
7tuo__1__1.A__1.B,0.0,1,28.0,0,,28.0,No neighbours,Protein sequence,protein_fident_max,50,0.0
7twu__1__1.B__1.N,1.0,1,100.0,205,100.0,100.0,High density,Protein sequence,protein_fident_max,50,100.0
7txk__1__1.A__1.C,0.5,1,37.0,0,,37.0,No neighbours,Protein sequence,protein_fident_max,50,50.0
7txp__1__1.A_2.A__2.B,1.0,1,31.0,0,,31.0,No neighbours,Protein sequence,protein_fident_max,50,100.0
7tzb__1__1.A__1.C,1.0,1,90.0,2,89.5,89.5,Low density,Protein sequence,protein_fident_max,50,100.0
7u0r__1__1.B__1.I_1.J_1.K_1.L,0.75,2,38.0,0,,38.0,No neighbours,Protein sequence,protein_fident_max,50,75.0
7u0t__1__1.A_1.B__1.H,0.5,1,100.0,155,78.05806451612904,78.05806451612904,High density,Protein sequence,protein_fident_max,50,50.0
7u1m__1__1.A__1.D,0.0,1,100.0,34,92.55882352941177,92.55882352941177,Low density,Protein sequence,protein_fident_max,50,0.0
7u1u__1__1.A_2.A__1.B_1.D,1.0,1,100.0,172,99.72093023255815,99.72093023255815,High density,Protein sequence,protein_fident_max,50,100.0
7u2p__1__1.A_1.B__1.C_1.D,0.75,1,100.0,294,67.54081632653062,67.54081632653062,High density,Protein sequence,protein_fident_max,50,75.0
7u2z__1__1.A__1.C,0.0,1,100.0,147,98.33333333333333,98.33333333333333,Low density,Protein sequence,protein_fident_max,50,0.0
7u30__1__1.A__1.I,1.0,1,100.0,88,98.75,98.75,Low density,Protein sequence,protein_fident_max,50,100.0
7u31__1__1.A__1.D,0.75,1,100.0,147,98.52380952380952,98.52380952380952,Low density,Protein sequence,protein_fident_max,50,75.0
7u3m__1__1.A__1.B_1.C,0.5,1,100.0,37,74.45945945945945,74.45945945945945,Low density,Protein sequence,protein_fident_max,50,50.0
7u4o__1__1.A__1.G,0.75,1,100.0,6,100.0,100.0,Low density,Protein sequence,protein_fident_max,50,75.0
7u59__1__1.A__1.E_1.F,0.5,1,99.0,37,74.35135135135135,74.35135135135135,Low density,Protein sequence,protein_fident_max,50,50.0
7u5z__1__1.A_1.B__1.C,0.75,1,100.0,475,97.20421052631579,97.20421052631579,High density,Protein sequence,protein_fident_max,50,75.0
7u64__1__1.A_1.B__1.S,0.75,1,93.0,1354,63.85819793205317,63.85819793205317,High density,Protein sequence,protein_fident_max,50,75.0
7u6a__1__1.A__1.B_1.F,0.0,1,100.0,37,74.48648648648648,74.48648648648648,Low density,Protein sequence,protein_fident_max,50,0.0
7u6b__1__1.A__1.B_1.E,1.0,1,99.0,37,74.43243243243244,74.43243243243244,Low density,Protein sequence,protein_fident_max,50,100.0
7u70__1__1.A__1.C,1.0,1,100.0,325,82.27076923076923,82.27076923076923,High density,Protein sequence,protein_fident_max,50,100.0
7u8v__1__1.A__1.C,0.0,1,96.0,43,85.23255813953489,85.23255813953489,Low density,Protein sequence,protein_fident_max,50,0.0
7u8w__1__1.A__1.C,0.0,1,97.0,43,83.48837209302326,83.48837209302326,Low density,Protein sequence,protein_fident_max,50,0.0
7u8x__1__1.A__1.B,0.0,1,99.0,43,83.65116279069767,83.65116279069767,Low density,Protein sequence,protein_fident_max,50,0.0
7u8y__1__1.B__1.G_1.H_1.I_1.J,0.0,2,100.0,64,98.40625,98.40625,Low density,Protein sequence,protein_fident_max,50,0.0
7u8z__1__1.A__1.F_1.G,0.0,1,100.0,85,97.78823529411764,97.78823529411764,Low density,Protein sequence,protein_fident_max,50,0.0
7u98__1__1.A__1.E,0.5,1,99.0,379,92.53825857519789,92.53825857519789,High density,Protein sequence,protein_fident_max,50,50.0
7u99__1__1.A__1.B,1.0,1,100.0,379,92.05013192612137,92.05013192612137,High density,Protein sequence,protein_fident_max,50,100.0
7u9a__1__1.A__1.B,1.0,1,98.0,379,91.15567282321899,91.15567282321899,High density,Protein sequence,protein_fident_max,50,100.0
7u9u__1__2.A__2.C_2.D,1.0,1,100.0,190,92.87368421052632,92.87368421052632,High density,Protein sequence,protein_fident_max,50,100.0
7uad__1__1.A__1.B,1.0,1,70.0,264,68.49242424242425,68.49242424242425,High density,Protein sequence,protein_fident_max,50,100.0
7uas__1__1.A__1.C,1.0,1,100.0,142,99.05633802816901,99.05633802816901,Low density,Protein sequence,protein_fident_max,50,100.0
7ubo__1__1.A__1.E,0.5,1,100.0,589,76.31748726655348,76.31748726655348,High density,Protein sequence,protein_fident_max,50,50.0
7udq__1__1.A__1.C,0.5,1,90.0,1,90.0,90.0,Low density,Protein sequence,protein_fident_max,50,50.0
7ue4__1__1.A_2.A__2.F,1.0,1,100.0,26,94.61538461538461,94.61538461538461,Low density,Protein sequence,protein_fident_max,50,100.0
7ue6__1__1.A_2.A__2.C_2.F_2.G_2.H,1.0,2,100.0,52,94.53846153846153,94.53846153846153,Low density,Protein sequence,protein_fident_max,50,100.0
7ue8__1__1.A_2.A__2.D,1.0,1,100.0,26,94.61538461538461,94.61538461538461,Low density,Protein sequence,protein_fident_max,50,100.0
7ueo__1__1.A_2.A__2.B_2.C_2.E,1.0,1,100.0,26,94.61538461538461,94.61538461538461,Low density,Protein sequence,protein_fident_max,50,100.0
7ueo__1__1.A_2.A__2.D,1.0,1,100.0,26,94.61538461538461,94.61538461538461,Low density,Protein sequence,protein_fident_max,50,100.0
7uep__1__1.A_2.A__2.B_2.C_2.D_2.E,1.0,2,100.0,52,94.76923076923077,94.76923076923077,Low density,Protein sequence,protein_fident_max,50,100.0
7ueq__1__1.A_2.A__2.B_2.C_2.D,1.0,2,100.0,52,94.61538461538461,94.61538461538461,Low density,Protein sequence,protein_fident_max,50,100.0
7ueu__1__1.A_2.A__2.B,1.0,1,100.0,26,94.61538461538461,94.61538461538461,Low density,Protein sequence,protein_fident_max,50,100.0
7ueu__1__1.A_2.A__2.C_2.D_2.E,1.0,1,100.0,26,94.61538461538461,94.61538461538461,Low density,Protein sequence,protein_fident_max,50,100.0
7uf0__1__1.A_2.A__1.B,1.0,1,100.0,9,96.0,96.0,Low density,Protein sequence,protein_fident_max,50,100.0
7ug5__1__1.A__1.E,0.75,1,100.0,204,82.6029411764706,82.6029411764706,High density,Protein sequence,protein_fident_max,50,75.0
7ugb__1__1.A__1.C,0.5,1,99.0,208,91.11057692307692,91.11057692307692,High density,Protein sequence,protein_fident_max,50,50.0
7ugl__1__1.A__1.C,0.0,1,100.0,166,99.26506024096386,99.26506024096386,High density,Protein sequence,protein_fident_max,50,0.0
7ugl__1__1.A__1.D,1.0,1,100.0,166,99.26506024096386,99.26506024096386,High density,Protein sequence,protein_fident_max,50,100.0
7uj4__1__1.A__1.C_1.D,1.0,1,96.0,56,93.44642857142857,93.44642857142857,Low density,Protein sequence,protein_fident_max,50,100.0
7uj7__1__1.A__1.E,1.0,1,97.0,1026,85.20760233918129,85.20760233918129,High density,Protein sequence,protein_fident_max,50,100.0
7uj8__1__1.A__1.C,1.0,1,100.0,1026,86.46393762183236,86.46393762183236,High density,Protein sequence,protein_fident_max,50,100.0
7ujc__1__1.B__1.D,1.0,1,98.0,1026,86.81091617933723,86.81091617933723,High density,Protein sequence,protein_fident_max,50,100.0
7ujf__1__1.A__1.E,1.0,1,98.0,1026,88.35964912280701,88.35964912280701,High density,Protein sequence,protein_fident_max,50,100.0
7ujo__1__1.D__1.H,1.0,1,98.0,1026,87.19688109161794,87.19688109161794,High density,Protein sequence,protein_fident_max,50,100.0
7ujy__1__1.B__1.F,1.0,1,98.0,1026,87.0692007797271,87.0692007797271,High density,Protein sequence,protein_fident_max,50,100.0
7uk7__1__1.A__1.B_1.C_1.D_1.F,1.0,1,24.0,0,,24.0,No neighbours,Protein sequence,protein_fident_max,50,100.0
7ukr__1__1.A__1.C,0.75,1,96.0,115,93.34782608695652,93.34782608695652,Low density,Protein sequence,protein_fident_max,50,75.0
7ule__1__1.A_2.A__2.B_2.C_2.D_2.E_2.F,0.75,2,100.0,4,100.0,100.0,Low density,Protein sequence,protein_fident_max,50,75.0
7ulf__1__1.A_2.A__2.B_2.C_2.D_2.E,0.5,2,100.0,4,100.0,100.0,Low density,Protein sequence,protein_fident_max,50,50.0
7um4__1__1.A__1.I,1.0,1,39.0,0,,39.0,No neighbours,Protein sequence,protein_fident_max,50,100.0
7umo__1__1.A__1.G_1.I,0.0,1,99.0,11,94.18181818181819,94.18181818181819,Low density,Protein sequence,protein_fident_max,50,0.0
7un0__1__1.A__1.G,0.75,1,100.0,6,100.0,100.0,Low density,Protein sequence,protein_fident_max,50,75.0
7uoh__1__1.A__1.C_1.D,0.5,2,100.0,166,98.75903614457832,98.75903614457832,High density,Protein sequence,protein_fident_max,50,50.0
7uoy__1__1.A__1.C_1.D_1.F,1.0,1,100.0,163,99.73006134969326,99.73006134969326,High density,Protein sequence,protein_fident_max,50,100.0
7ur3__1__1.A__1.B,0.0,1,100.0,725,87.53241379310344,87.53241379310344,High density,Protein sequence,protein_fident_max,50,0.0
7ur9__1__1.A_1.B__1.D,0.25,1,100.0,843,96.93119810201661,96.93119810201661,High density,Protein sequence,protein_fident_max,50,25.0
7usg__1__1.A__1.B,1.0,1,100.0,204,91.12254901960785,91.12254901960785,High density,Protein sequence,protein_fident_max,50,100.0
7ush__1__1.A__1.B,1.0,1,100.0,204,91.12254901960785,91.12254901960785,High density,Protein sequence,protein_fident_max,50,100.0
7usi__1__1.A__1.G,0.5,1,100.0,589,83.07640067911714,83.07640067911714,High density,Protein sequence,protein_fident_max,50,50.0
7utw__1__1.A_1.B__1.C_1.E_1.F,1.0,2,100.0,606,86.16171617161716,86.16171617161716,High density,Protein sequence,protein_fident_max,50,100.0
7uum__1__1.A_2.A__1.B_1.C,0.5,2,100.0,12,99.0,99.0,Low density,Protein sequence,protein_fident_max,50,50.0
7uw2__1__1.A__1.C,1.0,1,100.0,231,97.22510822510823,97.22510822510823,High density,Protein sequence,protein_fident_max,50,100.0
7uw4__1__1.A__1.C,1.0,1,100.0,231,97.22943722943722,97.22943722943722,High density,Protein sequence,protein_fident_max,50,100.0
7uy0__1__1.A__1.E,1.0,1,83.0,339,67.96755162241888,67.96755162241888,High density,Protein sequence,protein_fident_max,50,100.0
7uy1__1__1.A__1.C_1.D,0.5,2,100.0,166,98.8433734939759,98.8433734939759,High density,Protein sequence,protein_fident_max,50,50.0
7uy4__1__1.A__1.C_1.D_1.E_1.F,0.375,2,46.0,0,,46.0,No neighbours,Protein sequence,protein_fident_max,50,37.5
7uyf__1__1.A__1.C_1.D,0.5,2,100.0,166,98.80722891566265,98.80722891566265,High density,Protein sequence,protein_fident_max,50,50.0
7v04__1__1.A__1.B_1.C_1.D,1.0,1,99.0,340,95.43529411764706,95.43529411764706,High density,Protein sequence,protein_fident_max,50,100.0
7v0h__1__1.B__1.N_1.P,0.5,2,42.0,0,,42.0,No neighbours,Protein sequence,protein_fident_max,50,50.0
7v13__1__1.A__1.C,1.0,1,100.0,151,93.41059602649007,93.41059602649007,High density,Protein sequence,protein_fident_max,50,100.0
7v16__1__1.A__1.C,1.0,1,100.0,151,93.41059602649007,93.41059602649007,High density,Protein sequence,protein_fident_max,50,100.0
7v17__1__1.A__1.C,1.0,1,100.0,151,93.41059602649007,93.41059602649007,High density,Protein sequence,protein_fident_max,50,100.0
7v18__1__1.A__1.C,0.75,1,100.0,151,93.41059602649007,93.41059602649007,High density,Protein sequence,protein_fident_max,50,75.0
7v1o__1__1.A__1.D,0.5,1,38.0,0,,38.0,No neighbours,Protein sequence,protein_fident_max,50,50.0
7v34__1__1.A__1.C_1.D_1.G,0.5,2,24.0,0,,24.0,No neighbours,Protein sequence,protein_fident_max,50,50.0
7v3d__1__1.A_1.B__1.F,1.0,1,69.0,131,64.50381679389314,64.50381679389314,Low density,Protein sequence,protein_fident_max,50,100.0
7v3s__1__1.A__1.B,1.0,1,98.0,112,93.73214285714286,93.73214285714286,Low density,Protein sequence,protein_fident_max,50,100.0
7v6x__1__1.A__1.B_1.C,0.0,1,100.0,30,97.0,97.0,Low density,Protein sequence,protein_fident_max,50,0.0
7v9d__1__2.A__2.B_2.C_2.G,1.0,1,99.0,208,64.625,64.625,High density,Protein sequence,protein_fident_max,50,100.0
7va2__1__1.A__1.D_1.E,0.0,1,70.0,13,65.15384615384616,65.15384615384616,Low density,Protein sequence,protein_fident_max,50,0.0
7vb3__1__1.A_1.B__1.R_1.T_1.U,1.0,1,37.0,0,,37.0,No neighbours,Protein sequence,protein_fident_max,50,100.0
7vb6__1__1.A_1.B__1.E_1.G_1.I,0.5,2,38.0,0,,38.0,No neighbours,Protein sequence,protein_fident_max,50,50.0
7vbt__1__1.B__1.D,0.0,1,99.0,13,93.23076923076923,93.23076923076923,Low density,Protein sequence,protein_fident_max,50,0.0
7vbv__1__1.B__1.N,0.25,1,99.0,110,85.95454545454545,85.95454545454545,Low density,Protein sequence,protein_fident_max,50,25.0
7vdp__1__1.A__1.E_1.F,1.0,1,99.0,407,57.73464373464373,57.73464373464373,High density,Protein sequence,protein_fident_max,50,100.0
7vdq__1__1.A__1.E,1.0,1,98.0,404,58.663366336633665,58.663366336633665,High density,Protein sequence,protein_fident_max,50,100.0
7vdr__1__1.A__1.E_1.F_1.N,1.0,1,100.0,412,58.78398058252427,58.78398058252427,High density,Protein sequence,protein_fident_max,50,100.0
7vds__1__1.A__1.E,0.75,1,98.0,404,58.806930693069305,58.806930693069305,High density,Protein sequence,protein_fident_max,50,75.0
7vej__1__1.A__1.C_1.F_1.G,0.5,2,97.0,2,97.0,97.0,Low density,Protein sequence,protein_fident_max,50,50.0
7vem__1__1.A_1.B__1.C_1.D,0.75,1,25.0,0,,25.0,No neighbours,Protein sequence,protein_fident_max,50,75.0
7vez__1__1.A_1.D__1.E,0.25,1,77.0,70,65.14285714285714,65.14285714285714,Low density,Protein sequence,protein_fident_max,50,25.0
7vf6__1__1.B__1.H_1.J,0.75,1,31.0,0,,31.0,No neighbours,Protein sequence,protein_fident_max,50,75.0
7vhy__1__1.A__1.F,1.0,1,100.0,34,94.79411764705883,94.79411764705883,Low density,Protein sequence,protein_fident_max,50,100.0
7vhz__1__1.A__1.F,1.0,1,100.0,34,95.1470588235294,95.1470588235294,Low density,Protein sequence,protein_fident_max,50,100.0
7vi0__1__1.A__1.F,0.75,1,100.0,35,93.8,93.8,Low density,Protein sequence,protein_fident_max,50,75.0
7vi7__1__1.A__1.C,0.0,1,32.0,0,,32.0,No neighbours,Protein sequence,protein_fident_max,50,0.0
7vjt__1__1.A__1.C,1.0,1,100.0,11,98.63636363636364,98.63636363636364,Low density,Protein sequence,protein_fident_max,50,100.0
7vkf__1__1.A__1.B_1.C,0.625,2,100.0,6,100.0,100.0,Low density,Protein sequence,protein_fident_max,50,62.5
7vkg__1__1.A__1.B,0.75,1,100.0,41,92.1219512195122,92.1219512195122,Low density,Protein sequence,protein_fident_max,50,75.0
7vkh__1__1.A__1.C,0.75,1,100.0,41,92.1219512195122,92.1219512195122,Low density,Protein sequence,protein_fident_max,50,75.0
7vm0__1__1.A__1.C_1.D,0.75,1,31.0,0,,31.0,No neighbours,Protein sequence,protein_fident_max,50,75.0
7vm7__1__1.A__1.B,0.75,1,100.0,178,98.03370786516854,98.03370786516854,High density,Protein sequence,protein_fident_max,50,75.0
7vmy__1__1.A__1.C_1.D_1.E,0.0,1,44.0,0,,44.0,No neighbours,Protein sequence,protein_fident_max,50,0.0
7vnh__1__1.A__1.C,0.25,1,30.0,0,,30.0,No neighbours,Protein sequence,protein_fident_max,50,25.0
7vns__1__1.A_2.A__2.C,0.0,1,99.0,12,99.0,99.0,Low density,Protein sequence,protein_fident_max,50,0.0
7vo5__1__1.A__1.B,0.0,1,32.0,0,,32.0,No neighbours,Protein sequence,protein_fident_max,50,0.0
7voc__1__1.A__1.B_1.D_1.E,0.75,2,22.0,0,,22.0,No neighbours,Protein sequence,protein_fident_max,50,75.0
7vpe__1__1.A__1.B,0.0,1,27.0,0,,27.0,No neighbours,Protein sequence,protein_fident_max,50,0.0
7vq9__1__1.A_1.B__1.I_1.J_1.K,0.375,2,88.0,34,87.29411764705883,87.29411764705883,Low density,Protein sequence,protein_fident_max,50,37.5
7vqb__1__1.A_1.B__1.H_1.I_1.J,0.875,2,87.0,34,86.88235294117646,86.88235294117646,Low density,Protein sequence,protein_fident_max,50,87.5
7vqp__1__1.A__1.C,1.0,1,100.0,269,86.08921933085502,86.08921933085502,High density,Protein sequence,protein_fident_max,50,100.0
7vqt__1__1.A__1.G_1.H,0.5,2,100.0,187,98.0855614973262,98.0855614973262,High density,Protein sequence,protein_fident_max,50,50.0
7vqu__1__1.A__1.G_1.H,0.5,2,100.0,187,97.36363636363636,97.36363636363636,High density,Protein sequence,protein_fident_max,50,50.0
7vre__1__1.A__1.B,1.0,1,98.0,379,92.08707124010554,92.08707124010554,High density,Protein sequence,protein_fident_max,50,100.0
7vrh__1__1.A__1.D,0.0,1,100.0,589,82.45161290322581,82.45161290322581,High density,Protein sequence,protein_fident_max,50,0.0
7vsl__1__1.A__1.D,0.75,1,100.0,5,100.0,100.0,Low density,Protein sequence,protein_fident_max,50,75.0
7vte__1__1.A__1.F,1.0,1,33.0,0,,33.0,No neighbours,Protein sequence,protein_fident_max,50,100.0
7vtf__1__1.A_1.B__1.F,0.75,1,33.0,0,,33.0,No neighbours,Protein sequence,protein_fident_max,50,75.0
7vtg__1__1.A__1.E,1.0,1,32.0,0,,32.0,No neighbours,Protein sequence,protein_fident_max,50,100.0
7vve__1__1.A__1.D_1.H,0.0,1,56.0,3,56.0,56.0,Low density,Protein sequence,protein_fident_max,50,0.0
7vvt__1__1.A__1.C,0.0,1,100.0,836,97.33612440191388,97.33612440191388,High density,Protein sequence,protein_fident_max,50,0.0
7vwe__1__1.A__1.D,1.0,1,99.0,660,71.32727272727273,71.32727272727273,High density,Protein sequence,protein_fident_max,50,100.0
7vwf__1__1.A_1.B__1.C_1.E,0.5,2,100.0,1288,71.34860248447205,71.34860248447205,High density,Protein sequence,protein_fident_max,50,50.0
7vwg__1__1.A__1.D,1.0,1,100.0,660,71.10757575757576,71.10757575757576,High density,Protein sequence,protein_fident_max,50,100.0
7vwh__1__1.B__1.F,1.0,1,100.0,660,70.60606060606061,70.60606060606061,High density,Protein sequence,protein_fident_max,50,100.0
7w0g__1__1.B__1.D,1.0,1,100.0,660,70.46515151515152,70.46515151515152,High density,Protein sequence,protein_fident_max,50,100.0
7w15__1__1.A__1.C_1.D_1.E_1.F,0.375,2,39.0,0,,39.0,No neighbours,Protein sequence,protein_fident_max,50,37.5
7w1i__1__1.A__1.B,0.0,1,33.0,0,,33.0,No neighbours,Protein sequence,protein_fident_max,50,0.0
7w2d__1__1.B__1.R,0.0,1,71.0,15,70.93333333333334,70.93333333333334,Low density,Protein sequence,protein_fident_max,50,0.0
7w2f__1__1.A__1.M,0.25,1,71.0,15,70.33333333333333,70.33333333333333,Low density,Protein sequence,protein_fident_max,50,25.0
7w3l__1__1.A__1.B_1.C_1.J,0.5,2,100.0,187,98.0855614973262,98.0855614973262,High density,Protein sequence,protein_fident_max,50,50.0
7w3p__1__1.A__1.C,0.25,1,100.0,336,99.05357142857143,99.05357142857143,High density,Protein sequence,protein_fident_max,50,25.0
7w41__1__1.A__1.B,0.0,1,95.0,37,61.108108108108105,61.108108108108105,Low density,Protein sequence,protein_fident_max,50,0.0
7w4x__1__1.A__1.C_1.D_1.E,0.5,1,100.0,347,96.91066282420749,96.91066282420749,High density,Protein sequence,protein_fident_max,50,50.0
7w4y__1__1.A__1.E,0.75,1,100.0,347,96.91066282420749,96.91066282420749,High density,Protein sequence,protein_fident_max,50,75.0
7w6f__1__1.A_1.B__1.C,0.75,1,96.0,2,96.0,96.0,Low density,Protein sequence,protein_fident_max,50,75.0
7w8v__1__1.A__1.B_1.D,0.75,2,67.0,6,60.333333333333336,60.333333333333336,Low density,Protein sequence,protein_fident_max,50,75.0
7w9z__1__1.B__1.F_1.G,1.0,1,43.0,0,,43.0,No neighbours,Protein sequence,protein_fident_max,50,100.0
7wbs__1__1.A_1.B__1.D,0.75,1,100.0,837,94.10035842293907,94.10035842293907,High density,Protein sequence,protein_fident_max,50,75.0
7wc6__1__1.A__1.F,1.0,1,99.0,447,66.80760626398211,66.80760626398211,High density,Protein sequence,protein_fident_max,50,100.0
7wc7__1__1.A__1.M,0.75,1,99.0,454,66.86123348017621,66.86123348017621,High density,Protein sequence,protein_fident_max,50,75.0
7wc8__1__1.A__1.H,0.25,1,99.0,451,66.89135254988913,66.89135254988913,High density,Protein sequence,protein_fident_max,50,25.0
7wcf__1__1.A__1.B_1.C_1.D,0.75,1,22.0,0,,22.0,No neighbours,Protein sequence,protein_fident_max,50,75.0
7wcl__1__1.A__1.C,1.0,1,100.0,347,74.65994236311239,74.65994236311239,High density,Protein sequence,protein_fident_max,50,100.0
7wcv__1__1.A__1.B_1.C_1.D,1.0,2,100.0,46,97.78260869565217,97.78260869565217,Low density,Protein sequence,protein_fident_max,50,100.0
7wdp__1__1.A__1.B_1.C,0.25,2,51.0,136,50.088235294117645,50.088235294117645,Low density,Protein sequence,protein_fident_max,50,25.0
7wdt__1__1.A__1.B,0.75,1,98.0,1,98.0,98.0,Low density,Protein sequence,protein_fident_max,50,75.0
7wdt__1__1.A__1.C,0.0,1,98.0,1,98.0,98.0,Low density,Protein sequence,protein_fident_max,50,0.0
7wdu__1__1.A__1.C,0.0,1,98.0,1,98.0,98.0,Low density,Protein sequence,protein_fident_max,50,0.0
7wdv__1__1.A__1.B_1.C,0.5,2,51.0,112,50.107142857142854,50.107142857142854,Low density,Protein sequence,protein_fident_max,50,50.0
7wew__1__1.A__1.K,0.75,1,35.0,0,,35.0,No neighbours,Protein sequence,protein_fident_max,50,75.0
7wf5__1__1.A__1.C,1.0,1,100.0,246,83.8821138211382,83.8821138211382,High density,Protein sequence,protein_fident_max,50,100.0
7wgl__1__1.A__1.D,1.0,1,100.0,660,71.05151515151515,71.05151515151515,High density,Protein sequence,protein_fident_max,50,100.0
7wgn__1__1.A__1.B,0.25,1,100.0,660,70.97121212121212,70.97121212121212,High density,Protein sequence,protein_fident_max,50,25.0
7wgo__1__1.A__1.C,0.0,1,100.0,660,83.51060606060607,83.51060606060607,High density,Protein sequence,protein_fident_max,50,0.0
7wgq__1__1.A__1.C,0.75,1,100.0,660,83.46666666666667,83.46666666666667,High density,Protein sequence,protein_fident_max,50,75.0
7wjs__1__1.A__1.D_1.G,1.0,1,100.0,589,95.79456706281833,95.79456706281833,High density,Protein sequence,protein_fident_max,50,100.0
7wl4__1__1.A__1.E_1.F,0.25,2,100.0,1177,95.57179269328802,95.57179269328802,High density,Protein sequence,protein_fident_max,50,25.0
7wlx__1__1.A__1.C,0.0,1,98.0,63,91.77777777777777,91.77777777777777,Low density,Protein sequence,protein_fident_max,50,0.0
7wmf__1__1.A__1.C_1.E,0.5,1,100.0,37,97.5945945945946,97.5945945945946,Low density,Protein sequence,protein_fident_max,50,50.0
7wmh__1__1.A__1.C,0.25,1,98.0,63,92.04761904761905,92.04761904761905,Low density,Protein sequence,protein_fident_max,50,25.0
7wmi__1__1.B__1.F_1.G,0.25,1,100.0,37,98.21621621621621,98.21621621621621,Low density,Protein sequence,protein_fident_max,50,25.0
7wmj__1__1.A__1.C,0.0,1,97.0,63,91.3015873015873,91.3015873015873,Low density,Protein sequence,protein_fident_max,50,0.0
7wmk__1__1.A__1.B_1.G,1.0,1,88.0,8,78.5,78.5,Low density,Protein sequence,protein_fident_max,50,100.0
7wmo__1__1.A__1.C,0.0,1,97.0,63,91.04761904761905,91.04761904761905,Low density,Protein sequence,protein_fident_max,50,0.0
7wpx__1__1.A__1.B_1.C,0.25,2,100.0,4,100.0,100.0,Low density,Protein sequence,protein_fident_max,50,25.0
7wqm__1__1.A__1.C_1.D,0.5,2,100.0,354,83.83050847457628,83.83050847457628,High density,Protein sequence,protein_fident_max,50,50.0
7wqs__1__1.A__1.C_1.D,0.5,2,100.0,354,83.84180790960453,83.84180790960453,High density,Protein sequence,protein_fident_max,50,50.0
7wrg__1__1.A__1.C_1.D,1.0,1,52.0,10,50.7,50.7,Low density,Protein sequence,protein_fident_max,50,100.0
7wua__1__1.A__1.E_1.F_1.G,0.5,1,43.0,0,,43.0,No neighbours,Protein sequence,protein_fident_max,50,50.0
7wuy__1__1.A_1.B__1.D_1.EA,0.5,2,24.0,0,,24.0,No neighbours,Protein sequence,protein_fident_max,50,50.0
7wzv__1__1.A__1.C_1.E_1.F_1.K_1.O,0.75,2,24.0,0,,24.0,No neighbours,Protein sequence,protein_fident_max,50,75.0
7wzx__1__1.A__1.B_1.D_1.E_1.I,0.875,2,22.0,0,,22.0,No neighbours,Protein sequence,protein_fident_max,50,87.5
7x0b__1__1.A__1.C_1.E_1.N,1.0,1,22.0,0,,22.0,No neighbours,Protein sequence,protein_fident_max,50,100.0
7x1o__1__1.A__1.C_1.D,0.875,2,98.0,184,67.17391304347827,67.17391304347827,High density,Protein sequence,protein_fident_max,50,87.5
7x2y__1__1.B__1.R_1.S,0.0,2,24.0,0,,24.0,No neighbours,Protein sequence,protein_fident_max,50,0.0
7x3l__1__1.A__1.C_1.D,0.875,2,100.0,354,83.6045197740113,83.6045197740113,High density,Protein sequence,protein_fident_max,50,87.5
7x3m__1__1.A__1.C_1.D,0.875,2,100.0,354,83.8361581920904,83.8361581920904,High density,Protein sequence,protein_fident_max,50,87.5
7x3o__1__1.A__1.C_1.D,0.75,2,99.0,354,81.51412429378531,81.51412429378531,High density,Protein sequence,protein_fident_max,50,75.0
7x4g__1__1.A__1.B_1.C_1.D,0.0,2,34.0,0,,34.0,No neighbours,Protein sequence,protein_fident_max,50,0.0
7x4u__1__1.A__1.B,1.0,1,100.0,199,94.678391959799,94.678391959799,High density,Protein sequence,protein_fident_max,50,100.0
7x5w__1__2.A__2.B_2.C,0.5,1,99.0,30,96.76666666666667,96.76666666666667,Low density,Protein sequence,protein_fident_max,50,50.0
7x69__1__1.A__1.B_1.C,0.5,1,100.0,30,96.93333333333334,96.93333333333334,Low density,Protein sequence,protein_fident_max,50,50.0
7x7j__1__1.A__1.C_1.D,0.5,2,26.0,0,,26.0,No neighbours,Protein sequence,protein_fident_max,50,50.0
7x7k__1__1.A__1.C_1.D,0.5,2,27.0,0,,27.0,No neighbours,Protein sequence,protein_fident_max,50,50.0
7x7x__1__1.A__1.C,0.0,1,100.0,322,90.3695652173913,90.3695652173913,High density,Protein sequence,protein_fident_max,50,0.0
7x81__1__1.A_1.B__1.D,0.0,1,22.0,0,,22.0,No neighbours,Protein sequence,protein_fident_max,50,0.0
7x86__1__1.A_1.C__1.G,0.0,1,24.0,0,,24.0,No neighbours,Protein sequence,protein_fident_max,50,0.0
7x9d__1__1.A__1.E,0.0,1,100.0,51,86.98039215686275,86.98039215686275,Low density,Protein sequence,protein_fident_max,50,0.0
7x9l__1__1.A__1.C_1.E_1.F,1.0,1,100.0,8,100.0,100.0,Low density,Protein sequence,protein_fident_max,50,100.0
7xaa__1__1.A__1.C_1.D_1.E,0.25,1,100.0,347,96.88472622478386,96.88472622478386,High density,Protein sequence,protein_fident_max,50,25.0
7xbb__1__1.A__1.C_1.D_1.E,0.75,1,100.0,347,96.9135446685879,96.9135446685879,High density,Protein sequence,protein_fident_max,50,75.0
7xbt__1__1.A__1.B_1.C,1.0,1,40.0,0,,40.0,No neighbours,Protein sequence,protein_fident_max,50,100.0
7xbv__1__1.A__1.B,0.5,1,39.0,0,,39.0,No neighbours,Protein sequence,protein_fident_max,50,50.0
7xdv__1__1.A__1.C_1.D,0.75,1,38.0,0,,38.0,No neighbours,Protein sequence,protein_fident_max,50,75.0
7xdy__1__1.A__1.C_1.D,0.75,1,38.0,0,,38.0,No neighbours,Protein sequence,protein_fident_max,50,75.0
7xef__1__1.A__1.E,0.0,1,99.0,39,94.94871794871794,94.94871794871794,Low density,Protein sequence,protein_fident_max,50,0.0
7xej__1__1.A_2.A__1.B,1.0,1,100.0,23,93.3913043478261,93.3913043478261,Low density,Protein sequence,protein_fident_max,50,100.0
7xek__1__1.A_2.A__1.B,1.0,1,100.0,23,93.3913043478261,93.3913043478261,Low density,Protein sequence,protein_fident_max,50,100.0
7xen__1__1.A_2.A__2.B,0.75,1,96.0,20,96.0,96.0,Low density,Protein sequence,protein_fident_max,50,75.0
7xep__1__1.A_2.A__1.E,1.0,1,100.0,23,93.47826086956522,93.47826086956522,Low density,Protein sequence,protein_fident_max,50,100.0
7xeq__1__1.A_2.A__2.D,1.0,1,100.0,19,97.3157894736842,97.3157894736842,Low density,Protein sequence,protein_fident_max,50,100.0
7xes__1__1.A_2.A__2.D,0.5,1,100.0,19,97.3157894736842,97.3157894736842,Low density,Protein sequence,protein_fident_max,50,50.0
7xet__1__1.A_2.A__1.B,1.0,1,100.0,23,93.47826086956522,93.47826086956522,Low density,Protein sequence,protein_fident_max,50,100.0
7xf7__1__1.A__1.B,0.0,1,100.0,248,62.63709677419355,62.63709677419355,High density,Protein sequence,protein_fident_max,50,0.0
7xgi__1__1.A__1.B_1.C_1.D,0.625,2,100.0,368,97.59239130434783,97.59239130434783,High density,Protein sequence,protein_fident_max,50,62.5
7xh6__1__1.A__1.E,1.0,1,100.0,166,99.36746987951807,99.36746987951807,High density,Protein sequence,protein_fident_max,50,100.0
7xhh__1__1.B__1.D,0.25,1,99.0,34,97.38235294117646,97.38235294117646,Low density,Protein sequence,protein_fident_max,50,25.0
7xhq__1__1.A__1.C,0.75,1,97.0,74,91.37837837837837,91.37837837837837,Low density,Protein sequence,protein_fident_max,50,75.0
7xhy__1__1.A__1.B_1.G,1.0,1,98.0,53,89.32075471698113,89.32075471698113,Low density,Protein sequence,protein_fident_max,50,100.0
7xi7__1__1.A__1.B,1.0,1,100.0,112,96.58928571428571,96.58928571428571,Low density,Protein sequence,protein_fident_max,50,100.0
7xis__1__1.A__1.B_1.C_1.D,0.0,1,99.0,430,82.8232558139535,82.8232558139535,High density,Protein sequence,protein_fident_max,50,0.0
7xjb__1__1.A__1.E_1.F_1.G,0.625,2,100.0,368,97.7663043478261,97.7663043478261,High density,Protein sequence,protein_fident_max,50,62.5
7xk9__1__1.A__1.C,1.0,1,100.0,620,77.35,77.35,High density,Protein sequence,protein_fident_max,50,100.0
7xka__1__1.A__1.C,1.0,1,100.0,639,77.28638497652582,77.28638497652582,High density,Protein sequence,protein_fident_max,50,100.0
7xlp__1__1.A__1.B,1.0,1,99.0,147,96.83673469387755,96.83673469387755,Low density,Protein sequence,protein_fident_max,50,100.0
7xmk__1__1.A__1.D,1.0,1,99.0,32,95.8125,95.8125,Low density,Protein sequence,protein_fident_max,50,100.0
7xnc__1__1.A__1.B,0.75,1,99.0,147,96.53061224489795,96.53061224489795,Low density,Protein sequence,protein_fident_max,50,75.0
7xoz__1__1.B__1.F,0.0,1,99.0,6,99.0,99.0,Low density,Protein sequence,protein_fident_max,50,0.0
7xpo__1__1.B__1.H,0.75,1,57.0,79,52.87341772151899,52.87341772151899,Low density,Protein sequence,protein_fident_max,50,75.0
7xqv__1__1.A__1.D_1.E,1.0,1,91.0,245,65.43265306122449,65.43265306122449,High density,Protein sequence,protein_fident_max,50,100.0
7xqz__1__1.A__1.B_1.C_1.D,0.0,1,22.0,0,,22.0,No neighbours,Protein sequence,protein_fident_max,50,0.0
7xr7__1__1.A__1.B_1.C_1.D,0.25,1,22.0,0,,22.0,No neighbours,Protein sequence,protein_fident_max,50,25.0
7xrr__1__1.A__1.B,0.25,1,95.0,30,71.73333333333333,71.73333333333333,Low density,Protein sequence,protein_fident_max,50,25.0
7xsv__1__1.A__1.B,1.0,1,100.0,199,98.82914572864321,98.82914572864321,High density,Protein sequence,protein_fident_max,50,100.0
7xua__1__1.B__1.N,0.25,1,100.0,138,86.18840579710145,86.18840579710145,Low density,Protein sequence,protein_fident_max,50,25.0
7xuc__1__1.A__1.H,0.0,1,99.0,138,85.4927536231884,85.4927536231884,Low density,Protein sequence,protein_fident_max,50,0.0
7xvh__1__2.A__2.B_2.C,1.0,1,100.0,30,97.23333333333333,97.23333333333333,Low density,Protein sequence,protein_fident_max,50,100.0
7xw8__1__1.A__1.E_1.F,0.5,2,100.0,187,96.72727272727273,96.72727272727273,High density,Protein sequence,protein_fident_max,50,50.0
7xyj__1__1.A_1.B__1.E_1.F,1.0,1,100.0,734,58.84877384196185,58.84877384196185,High density,Protein sequence,protein_fident_max,50,100.0
7xzr__1__1.A_1.C__1.E_1.F,0.0,1,100.0,40,89.5,89.5,Low density,Protein sequence,protein_fident_max,50,0.0
7y02__1__1.A__1.B_1.C,0.0,2,100.0,160,99.475,99.475,High density,Protein sequence,protein_fident_max,50,0.0
7y03__1__1.A__1.B_1.C,0.125,2,100.0,160,99.475,99.475,High density,Protein sequence,protein_fident_max,50,12.5
7y06__1__1.A__1.B_1.C,0.125,2,100.0,160,99.475,99.475,High density,Protein sequence,protein_fident_max,50,12.5
7y0f__1__1.B__1.G,0.25,1,100.0,2,100.0,100.0,Low density,Protein sequence,protein_fident_max,50,25.0
7y1h__1__1.B__1.H_1.I_1.K_1.L,0.75,1,98.0,184,66.8695652173913,66.8695652173913,High density,Protein sequence,protein_fident_max,50,75.0
7y3s__1__1.B__1.G_1.H_1.J_1.K,1.0,1,100.0,184,67.34782608695652,67.34782608695652,High density,Protein sequence,protein_fident_max,50,100.0
7y4a__1__1.A__1.I_1.J_1.K,1.0,1,100.0,279,63.89964157706093,63.89964157706093,High density,Protein sequence,protein_fident_max,50,100.0
7y4u__1__1.A__1.B,0.0,1,100.0,112,93.98214285714286,93.98214285714286,Low density,Protein sequence,protein_fident_max,50,0.0
7y88__1__1.A__1.B_1.C_1.D,0.5,1,31.0,0,,31.0,No neighbours,Protein sequence,protein_fident_max,50,50.0
7ya4__1__1.A__1.E_1.F,1.0,1,80.0,22,76.0,76.0,Low density,Protein sequence,protein_fident_max,50,100.0
7ycc__1__1.A__1.D_1.E_1.F,0.875,2,99.0,2069,89.61140647655873,89.61140647655873,High density,Protein sequence,protein_fident_max,50,87.5
7yce__1__1.A__1.B_1.C_1.D_1.E,0.75,2,99.0,2067,91.20416061925496,91.20416061925496,High density,Protein sequence,protein_fident_max,50,75.0
7yd2__1__1.A_1.B__1.K,0.0,1,30.0,0,,30.0,No neighbours,Protein sequence,protein_fident_max,50,0.0
7ydx__1__2.B__2.H,1.0,1,99.0,32,95.84375,95.84375,Low density,Protein sequence,protein_fident_max,50,100.0
7yh9__1__1.A__1.G_1.H_1.I,0.0,1,100.0,62,95.61290322580645,95.61290322580645,Low density,Protein sequence,protein_fident_max,50,0.0
7yha__1__1.A__1.E_1.F_1.G_1.H,0.0,2,100.0,124,95.61290322580645,95.61290322580645,Low density,Protein sequence,protein_fident_max,50,0.0
7yhb__1__1.A__1.C_1.D_1.E,0.0,1,100.0,103,99.42718446601941,99.42718446601941,Low density,Protein sequence,protein_fident_max,50,0.0
7yhc__1__1.A__1.I_1.J_1.K,0.0,1,100.0,103,99.42718446601941,99.42718446601941,Low density,Protein sequence,protein_fident_max,50,0.0
7yj9__1__1.A_2.A__2.B,0.25,1,71.0,70,61.3,61.3,Low density,Protein sequence,protein_fident_max,50,25.0
7yja__1__1.A_1.B__1.E,0.0,1,71.0,70,61.31428571428572,61.31428571428572,Low density,Protein sequence,protein_fident_max,50,0.0
7yjb__1__1.A_2.A__2.B,0.0,1,71.0,70,61.24285714285714,61.24285714285714,Low density,Protein sequence,protein_fident_max,50,0.0
7yop__1__1.A_1.B__1.E,0.0,1,61.0,74,57.67567567567568,57.67567567567568,Low density,Protein sequence,protein_fident_max,50,0.0
7yp5__1__1.B__1.J_1.K,0.0,1,38.0,0,,38.0,No neighbours,Protein sequence,protein_fident_max,50,0.0
7yp6__1__1.A__1.D_1.E_1.L,0.0,1,39.0,0,,39.0,No neighbours,Protein sequence,protein_fident_max,50,0.0
7yqf__1__1.B__1.J_1.K,0.75,1,99.0,347,95.07780979827089,95.07780979827089,High density,Protein sequence,protein_fident_max,50,75.0
7ys8__1__1.B__1.E_1.F,1.0,1,45.0,0,,45.0,No neighbours,Protein sequence,protein_fident_max,50,100.0
7ysx__1__1.B__1.J,1.0,1,99.0,347,95.1585014409222,95.1585014409222,High density,Protein sequence,protein_fident_max,50,100.0
7yxd__1__1.A__1.I,1.0,1,97.0,353,62.90934844192635,62.90934844192635,High density,Protein sequence,protein_fident_max,50,100.0
7yxe__1__1.A__1.C,1.0,1,99.0,4,96.5,96.5,Low density,Protein sequence,protein_fident_max,50,100.0
7yzs__1__1.A__1.B,0.5,1,35.0,0,,35.0,No neighbours,Protein sequence,protein_fident_max,50,50.0
7yzu__1__1.A__1.B,1.0,1,35.0,0,,35.0,No neighbours,Protein sequence,protein_fident_max,50,100.0
7z0w__1__1.A_1.B__1.J_1.K,0.5,2,100.0,48,83.58333333333333,83.58333333333333,Low density,Protein sequence,protein_fident_max,50,50.0
7z1g__1__1.A__1.B_1.D,1.0,1,100.0,150,97.23333333333333,97.23333333333333,Low density,Protein sequence,protein_fident_max,50,100.0
7z1r__1__1.A_2.A__1.B,0.25,1,99.0,124,62.443548387096776,62.443548387096776,Low density,Protein sequence,protein_fident_max,50,25.0
7z1v__1__1.A__1.C,1.0,1,99.0,77,67.41558441558442,67.41558441558442,Low density,Protein sequence,protein_fident_max,50,100.0
7z1w__1__1.A__1.C,1.0,1,99.0,77,67.41558441558442,67.41558441558442,Low density,Protein sequence,protein_fident_max,50,100.0
7z2q__1__1.A__1.C,1.0,1,99.0,77,67.40259740259741,67.40259740259741,Low density,Protein sequence,protein_fident_max,50,100.0
7z39__1__1.A__1.C,0.0,1,100.0,453,93.58940397350993,93.58940397350993,High density,Protein sequence,protein_fident_max,50,0.0
7z3k__1__1.A__1.D_1.DA_1.E_1.F_1.P,0.5,1,99.0,250,95.544,95.544,High density,Protein sequence,protein_fident_max,50,50.0
7z3y__1__1.A__1.D,0.5,1,99.0,23,89.17391304347827,89.17391304347827,Low density,Protein sequence,protein_fident_max,50,50.0
7z41__1__1.A__1.C,0.75,1,99.0,77,67.35064935064935,67.35064935064935,Low density,Protein sequence,protein_fident_max,50,75.0
7z57__1__1.A__1.B_1.C_1.J,0.0,2,100.0,642,91.34890965732087,91.34890965732087,High density,Protein sequence,protein_fident_max,50,0.0
7z5b__1__1.A__1.D,0.75,1,100.0,23,89.65217391304348,89.65217391304348,Low density,Protein sequence,protein_fident_max,50,75.0
7z5n__1__1.A__1.I_1.L_1.M,1.0,1,100.0,184,97.60326086956522,97.60326086956522,High density,Protein sequence,protein_fident_max,50,100.0
7z5u__1__1.A__1.B_1.C,0.5,1,97.0,6,62.166666666666664,62.166666666666664,Low density,Protein sequence,protein_fident_max,50,50.0
7z5x__1__1.A__1.C,1.0,1,96.0,3,96.0,96.0,Low density,Protein sequence,protein_fident_max,50,100.0
7z62__1__2.A_2.B__2.C_2.D,0.0,1,100.0,159,99.75471698113208,99.75471698113208,High density,Protein sequence,protein_fident_max,50,0.0
7z63__1__1.A__1.E_1.F,0.5,1,100.0,159,99.75471698113208,99.75471698113208,High density,Protein sequence,protein_fident_max,50,50.0
7z6c__1__1.A__1.B_1.C_1.D,0.5833333333333334,3,100.0,399,98.90225563909775,98.90225563909775,High density,Protein sequence,protein_fident_max,50,58.333333333333336
7z6z__1__1.A__1.H_1.I_1.J_1.O_1.Y,0.75,1,100.0,314,90.55414012738854,90.55414012738854,High density,Protein sequence,protein_fident_max,50,75.0
7z70__1__1.A__1.C_1.E_1.L,1.0,1,100.0,314,63.14331210191083,63.14331210191083,High density,Protein sequence,protein_fident_max,50,100.0
7z74__1__1.A__1.B_1.C,0.5,1,30.0,0,,30.0,No neighbours,Protein sequence,protein_fident_max,50,50.0
7z78__1__1.A__1.D,1.0,1,100.0,15,95.33333333333333,95.33333333333333,Low density,Protein sequence,protein_fident_max,50,100.0
7z9t__1__1.A__1.C,0.5,1,100.0,429,95.45221445221445,95.45221445221445,High density,Protein sequence,protein_fident_max,50,50.0
7za0__1__1.A__1.B,0.25,1,99.0,49,95.55102040816327,95.55102040816327,Low density,Protein sequence,protein_fident_max,50,25.0
7zaa__1__1.A__1.C,1.0,1,100.0,589,95.49235993208829,95.49235993208829,High density,Protein sequence,protein_fident_max,50,100.0
7zbv__1__1.A__1.B_1.E,0.0,1,99.0,6,62.833333333333336,62.833333333333336,Low density,Protein sequence,protein_fident_max,50,0.0
7zeg__1__1.A__1.C,0.5,1,55.0,7,53.285714285714285,53.285714285714285,Low density,Protein sequence,protein_fident_max,50,50.0
7zej__1__1.A_2.B__1.C_1.D,0.625,2,100.0,32,100.0,100.0,Low density,Protein sequence,protein_fident_max,50,62.5
7zer__1__1.A__1.B_1.C,1.0,1,31.0,0,,31.0,No neighbours,Protein sequence,protein_fident_max,50,100.0
7zf0__1__1.A__1.B_1.C_1.I_1.J_1.K,1.0,1,30.0,0,,30.0,No neighbours,Protein sequence,protein_fident_max,50,100.0
7zfv__1__1.A__1.C,0.0,1,100.0,589,95.48726655348048,95.48726655348048,High density,Protein sequence,protein_fident_max,50,0.0
7zg9__1__1.A__1.C,0.0,1,99.0,1,99.0,99.0,Low density,Protein sequence,protein_fident_max,50,0.0
7zgb__1__1.A__1.B,0.5,1,100.0,1,100.0,100.0,Low density,Protein sequence,protein_fident_max,50,50.0
7zgc__1__1.A__1.B,0.25,1,100.0,1,100.0,100.0,Low density,Protein sequence,protein_fident_max,50,25.0
7zgd__1__1.A__1.B,0.25,1,100.0,1,100.0,100.0,Low density,Protein sequence,protein_fident_max,50,25.0
7zhf__1__1.A_2.A__1.B_1.C,0.75,1,33.0,0,,33.0,No neighbours,Protein sequence,protein_fident_max,50,75.0
7zi0__1__1.A__1.C,0.25,1,99.0,484,78.5599173553719,78.5599173553719,High density,Protein sequence,protein_fident_max,50,25.0
7zif__1__1.A__1.B_1.C,0.0,1,100.0,58,71.12068965517241,71.12068965517241,Low density,Protein sequence,protein_fident_max,50,0.0
7zig__1__1.A__1.B_1.C,0.25,1,98.0,58,70.6896551724138,70.6896551724138,Low density,Protein sequence,protein_fident_max,50,25.0
7zih__1__1.A__1.B_1.C,0.25,1,99.0,58,71.03448275862068,71.03448275862068,Low density,Protein sequence,protein_fident_max,50,25.0
7zii__1__1.A__1.B_1.C,0.25,1,98.0,58,70.86206896551724,70.86206896551724,Low density,Protein sequence,protein_fident_max,50,25.0
7zij__1__1.A__1.B_1.C,0.25,1,98.0,58,70.86206896551724,70.86206896551724,Low density,Protein sequence,protein_fident_max,50,25.0
7zik__1__1.A__1.D,0.5,1,99.0,58,68.82758620689656,68.82758620689656,Low density,Protein sequence,protein_fident_max,50,50.0
7ziy__1__1.A__1.C,0.75,1,100.0,37,93.70270270270271,93.70270270270271,Low density,Protein sequence,protein_fident_max,50,75.0
7zj0__1__1.A__1.C,0.5,1,100.0,37,93.64864864864865,93.64864864864865,Low density,Protein sequence,protein_fident_max,50,50.0
7zjp__1__1.A__1.C,1.0,1,96.0,38,77.36842105263158,77.36842105263158,Low density,Protein sequence,protein_fident_max,50,100.0
7zjq__1__1.A__1.E,0.75,1,99.0,38,75.23684210526316,75.23684210526316,Low density,Protein sequence,protein_fident_max,50,75.0
7zks__1__1.A__1.B,0.25,1,99.0,21,87.71428571428571,87.71428571428571,Low density,Protein sequence,protein_fident_max,50,25.0
7zkx__1__1.A__1.B_1.L,0.0,1,99.0,22,78.36363636363636,78.36363636363636,Low density,Protein sequence,protein_fident_max,50,0.0
7zl5__1__1.A__1.C_1.D_1.E,0.75,1,100.0,1054,62.43074003795066,62.43074003795066,High density,Protein sequence,protein_fident_max,50,75.0
7zo2__1__2.A__2.B_2.C_2.F,0.0,1,100.0,110,95.2,95.2,Low density,Protein sequence,protein_fident_max,50,0.0
7zo3__1__2.A__2.B_2.C_2.G,0.0,1,100.0,110,95.2,95.2,Low density,Protein sequence,protein_fident_max,50,0.0
7zo4__1__1.A__1.B_1.C_1.G,0.5,1,100.0,110,95.2,95.2,Low density,Protein sequence,protein_fident_max,50,50.0
7zsm__1__1.A_2.A__1.B,1.0,1,100.0,196,93.58673469387755,93.58673469387755,High density,Protein sequence,protein_fident_max,50,100.0
7zso__1__1.A_1.C__1.S,0.25,1,100.0,196,93.5561224489796,93.5561224489796,High density,Protein sequence,protein_fident_max,50,25.0
7zsq__1__1.B_1.C__1.G_1.I,0.75,1,100.0,27,95.22222222222223,95.22222222222223,Low density,Protein sequence,protein_fident_max,50,75.0
7zst__1__1.B_1.C__1.H,0.0,1,99.0,3,98.66666666666667,98.66666666666667,Low density,Protein sequence,protein_fident_max,50,0.0
7zwb__1__1.A__1.D,0.0,1,100.0,1061,95.44769085768144,95.44769085768144,High density,Protein sequence,protein_fident_max,50,0.0
7zxw__1__1.A__1.C_1.D_1.G,0.5,1,100.0,52,98.5,98.5,Low density,Protein sequence,protein_fident_max,50,50.0
7zxz__1__2.A_2.B__2.E,0.0,1,98.0,873,96.27491408934708,96.27491408934708,High density,Protein sequence,protein_fident_max,50,0.0
7zym__1__1.A__1.B,0.75,1,98.0,379,91.03430079155673,91.03430079155673,High density,Protein sequence,protein_fident_max,50,75.0
7zyn__1__1.A__1.B,0.75,1,98.0,379,91.02902374670185,91.02902374670185,High density,Protein sequence,protein_fident_max,50,75.0
7zzs__1__1.A__1.D_1.J_1.L,0.625,2,100.0,178,99.02247191011236,99.02247191011236,High density,Protein sequence,protein_fident_max,50,62.5
7zzt__1__1.A__1.D_1.J,0.75,1,100.0,89,99.02247191011236,99.02247191011236,Low density,Protein sequence,protein_fident_max,50,75.0
7zzu__1__1.A__1.M_1.P,0.5,1,100.0,89,99.02247191011236,99.02247191011236,Low density,Protein sequence,protein_fident_max,50,50.0
7zzw__1__1.A__1.I_1.L,0.75,1,100.0,89,99.02247191011236,99.02247191011236,Low density,Protein sequence,protein_fident_max,50,75.0
8a0b__1__1.A__1.D_1.H,0.75,1,100.0,89,99.02247191011236,99.02247191011236,Low density,Protein sequence,protein_fident_max,50,75.0
8a0t__1__1.A__1.C,0.0,1,100.0,135,97.67407407407407,97.67407407407407,Low density,Protein sequence,protein_fident_max,50,0.0
8a0z__1__1.A__1.C_1.D_1.F,1.0,2,43.0,0,,43.0,No neighbours,Protein sequence,protein_fident_max,50,100.0
8a12__1__1.A__1.D_1.G,0.75,1,99.0,6,93.0,93.0,Low density,Protein sequence,protein_fident_max,50,75.0
8a2p__1__1.A__1.B,0.75,1,100.0,609,78.31691297208539,78.31691297208539,High density,Protein sequence,protein_fident_max,50,75.0
8a34__1__1.A__1.C_1.D,0.0,1,100.0,135,97.52592592592593,97.52592592592593,Low density,Protein sequence,protein_fident_max,50,0.0
8a3a__1__1.A__1.B,1.0,1,100.0,135,97.70370370370371,97.70370370370371,Low density,Protein sequence,protein_fident_max,50,100.0
8a4a__1__1.B__1.C_1.D,1.0,1,96.0,77,58.55844155844156,58.55844155844156,Low density,Protein sequence,protein_fident_max,50,100.0
8a4q__1__1.A_2.A__1.B,0.0,1,100.0,836,97.32177033492823,97.32177033492823,High density,Protein sequence,protein_fident_max,50,0.0
8a56__1__1.A_1.B__1.I,0.75,1,51.0,9,51.0,51.0,Low density,Protein sequence,protein_fident_max,50,75.0
8a66__1__1.A__1.C,1.0,1,98.0,46,65.54347826086956,65.54347826086956,Low density,Protein sequence,protein_fident_max,50,100.0
8a6v__1__1.A__1.C_1.D_1.E_1.F_1.G,0.875,2,48.0,0,,48.0,No neighbours,Protein sequence,protein_fident_max,50,87.5
8a70__1__1.A_1.B__1.D_1.E_1.F_1.G,0.5,1,48.0,0,,48.0,No neighbours,Protein sequence,protein_fident_max,50,50.0
8a7a__1__1.A_1.B__1.C_1.E_1.F_1.G,0.5,1,48.0,0,,48.0,No neighbours,Protein sequence,protein_fident_max,50,50.0
8a7i__1__1.A__1.C,0.0,1,100.0,87,92.97701149425288,92.97701149425288,Low density,Protein sequence,protein_fident_max,50,0.0
8a9i__1__1.A__1.B,0.5,1,31.0,0,,31.0,No neighbours,Protein sequence,protein_fident_max,50,50.0
8acm__1__1.A__1.E,0.5,1,100.0,439,94.9384965831435,94.9384965831435,High density,Protein sequence,protein_fident_max,50,50.0
8ad7__1__1.A__1.J,1.0,1,100.0,61,73.44262295081967,73.44262295081967,Low density,Protein sequence,protein_fident_max,50,100.0
8adf__1__1.B__1.D,0.25,1,96.0,660,77.91666666666667,77.91666666666667,High density,Protein sequence,protein_fident_max,50,25.0
8adj__1__1.A__1.D,0.75,1,44.0,0,,44.0,No neighbours,Protein sequence,protein_fident_max,50,75.0
8ai3__1__1.A__1.C_1.E,1.0,1,20.0,0,,20.0,No neighbours,Protein sequence,protein_fident_max,50,100.0
8ai7__1__1.A__1.Q,0.0,1,100.0,2588,77.83153013910355,77.83153013910355,High density,Protein sequence,protein_fident_max,50,0.0
8aij__1__1.C_1.D__1.O_1.P_1.Q,0.25,1,100.0,229,95.73362445414847,95.73362445414847,High density,Protein sequence,protein_fident_max,50,25.0
8ajk__1__1.A_1.B__1.D_1.E,1.0,1,49.0,0,,49.0,No neighbours,Protein sequence,protein_fident_max,50,100.0
8ak3__1__1.A__1.B_1.C,1.0,1,37.0,0,,37.0,No neighbours,Protein sequence,protein_fident_max,50,100.0
8ak5__1__1.A__1.C_1.E_1.F_1.G,0.5,2,100.0,152,99.75,99.75,High density,Protein sequence,protein_fident_max,50,50.0
8ak6__1__1.A__1.E_1.F_1.H,0.5,1,100.0,76,99.59210526315789,99.59210526315789,Low density,Protein sequence,protein_fident_max,50,50.0
8ak7__1__1.A__1.C_1.E_1.G,0.5,2,100.0,152,99.67105263157895,99.67105263157895,High density,Protein sequence,protein_fident_max,50,50.0
8ak8__1__1.A__1.C_1.F_1.L,0.5,2,100.0,152,99.67105263157895,99.67105263157895,High density,Protein sequence,protein_fident_max,50,50.0
8akd__1__1.A__1.C_1.E,0.5,2,100.0,152,99.67105263157895,99.67105263157895,High density,Protein sequence,protein_fident_max,50,50.0
8akg__1__1.A__1.F_1.O,0.5,1,100.0,76,99.67105263157895,99.67105263157895,Low density,Protein sequence,protein_fident_max,50,50.0
8am2__1__1.A__1.D,0.0,1,100.0,2588,78.16460587326121,78.16460587326121,High density,Protein sequence,protein_fident_max,50,0.0
8aop__1__1.A__1.E,0.5,1,100.0,89,98.96629213483146,98.96629213483146,Low density,Protein sequence,protein_fident_max,50,50.0
8apt__1__1.A_2.A__1.B,1.0,1,100.0,112,91.58035714285714,91.58035714285714,Low density,Protein sequence,protein_fident_max,50,100.0
8apu__1__1.A_2.A__1.B,1.0,1,100.0,112,91.59821428571429,91.59821428571429,Low density,Protein sequence,protein_fident_max,50,100.0
8apw__1__1.A_2.A__2.C,1.0,1,99.0,112,91.04464285714286,91.04464285714286,Low density,Protein sequence,protein_fident_max,50,100.0
8aqf__1__1.A__1.B,0.0,1,100.0,25,98.4,98.4,Low density,Protein sequence,protein_fident_max,50,0.0
8aqj__1__1.A_3.A__3.B,0.5,1,100.0,873,97.95761741122566,97.95761741122566,High density,Protein sequence,protein_fident_max,50,50.0
8arj__1__1.A__1.B,1.0,1,99.0,57,96.15789473684211,96.15789473684211,Low density,Protein sequence,protein_fident_max,50,100.0
8ase__1__1.B__1.F_1.G,0.5,1,100.0,813,95.12054120541205,95.12054120541205,High density,Protein sequence,protein_fident_max,50,50.0
8asf__1__1.B__1.E,0.0,1,100.0,813,98.63714637146371,98.63714637146371,High density,Protein sequence,protein_fident_max,50,0.0
8atb__1__1.A__1.C,1.0,1,96.0,185,94.04324324324324,94.04324324324324,High density,Protein sequence,protein_fident_max,50,100.0
8atl__1__1.A__1.C,1.0,1,97.0,185,94.4972972972973,94.4972972972973,High density,Protein sequence,protein_fident_max,50,100.0
8aty__1__1.A__1.B_1.C,0.0,2,100.0,1288,83.24301242236025,83.24301242236025,High density,Protein sequence,protein_fident_max,50,0.0
8au8__1__1.A_1.B__1.C_1.D_1.H,0.5,2,100.0,162,97.34567901234568,97.34567901234568,High density,Protein sequence,protein_fident_max,50,50.0
8aue__1__1.A__1.C_1.D,0.5,2,99.0,60,76.9,76.9,Low density,Protein sequence,protein_fident_max,50,50.0
8aui__1__1.A_1.B__1.C_1.D_1.G,0.3333333333333333,3,100.0,243,97.34567901234568,97.34567901234568,High density,Protein sequence,protein_fident_max,50,33.33333333333333
8auj__1__1.A__1.C_1.D,0.5,2,99.0,60,76.53333333333333,76.53333333333333,Low density,Protein sequence,protein_fident_max,50,50.0
8av1__1__1.B__1.J_1.M,1.0,1,100.0,150,97.12,97.12,Low density,Protein sequence,protein_fident_max,50,100.0
8aw1__1__1.A__1.C,1.0,1,97.0,112,92.41964285714286,92.41964285714286,Low density,Protein sequence,protein_fident_max,50,100.0
8aw7__1__1.A__1.B_1.C,0.25,1,100.0,6,71.66666666666667,71.66666666666667,Low density,Protein sequence,protein_fident_max,50,25.0
8axp__1__1.A__1.C,0.0,1,50.0,6,50.0,50.0,Low density,Protein sequence,protein_fident_max,50,0.0
8ay6__1__1.A_1.B__1.C,0.5,1,97.0,130,65.53076923076924,65.53076923076924,Low density,Protein sequence,protein_fident_max,50,50.0
8ay8__1__1.A_1.B__1.D,1.0,1,99.0,129,66.11627906976744,66.11627906976744,Low density,Protein sequence,protein_fident_max,50,100.0
8aya__1__1.A_1.B__1.C,1.0,1,99.0,132,66.91666666666667,66.91666666666667,Low density,Protein sequence,protein_fident_max,50,100.0
8azd__1__1.A__1.C,1.0,1,100.0,298,99.90939597315436,99.90939597315436,High density,Protein sequence,protein_fident_max,50,100.0
8azi__1__1.A__1.C,1.0,1,100.0,298,99.90939597315436,99.90939597315436,High density,Protein sequence,protein_fident_max,50,100.0
8azl__1__1.A__1.C,1.0,1,100.0,298,99.90939597315436,99.90939597315436,High density,Protein sequence,protein_fident_max,50,100.0
8azm__1__1.A__1.C,1.0,1,100.0,298,99.90939597315436,99.90939597315436,High density,Protein sequence,protein_fident_max,50,100.0
8azo__1__1.A__1.C,1.0,1,100.0,298,99.90939597315436,99.90939597315436,High density,Protein sequence,protein_fident_max,50,100.0
8azp__1__1.A__1.C,1.0,1,100.0,298,99.90939597315436,99.90939597315436,High density,Protein sequence,protein_fident_max,50,100.0
8b08__1__1.B__1.E,1.0,1,100.0,400,85.1825,85.1825,High density,Protein sequence,protein_fident_max,50,100.0
8b1n__1__1.A_1.B__1.C_1.Q,1.0,1,46.0,0,,46.0,No neighbours,Protein sequence,protein_fident_max,50,100.0
8b1v__1__1.A_1.B__1.E,0.0,1,64.0,12,58.666666666666664,58.666666666666664,Low density,Protein sequence,protein_fident_max,50,0.0
8b25__1__1.A_1.B__1.J,0.0,1,64.0,12,58.666666666666664,58.666666666666664,Low density,Protein sequence,protein_fident_max,50,0.0
8b35__1__1.A_1.B__1.E,0.0,1,75.0,70,64.4,64.4,Low density,Protein sequence,protein_fident_max,50,0.0
8b43__1__1.A__1.H_1.I_1.J_1.K_1.L,0.0,3,100.0,12,99.5,99.5,Low density,Protein sequence,protein_fident_max,50,0.0
8b5s__1__1.B__1.D,0.0,1,50.0,1,50.0,50.0,Low density,Protein sequence,protein_fident_max,50,0.0
8b62__1__1.A__1.C,0.5,1,50.0,1,50.0,50.0,Low density,Protein sequence,protein_fident_max,50,50.0
8b6m__1__1.A_1.B__1.E,1.0,1,100.0,426,96.84976525821597,96.84976525821597,High density,Protein sequence,protein_fident_max,50,100.0
8b72__1__1.A_1.B__1.F_1.G,0.0,1,100.0,47,95.7872340425532,95.7872340425532,Low density,Protein sequence,protein_fident_max,50,0.0
8b75__1__1.A__1.B,0.75,1,100.0,75,99.09333333333333,99.09333333333333,Low density,Protein sequence,protein_fident_max,50,75.0
8b80__1__1.A__1.F_1.G,0.75,1,100.0,28,98.28571428571429,98.28571428571429,Low density,Protein sequence,protein_fident_max,50,75.0
8b8h__1__1.A_1.B__1.H_1.K,1.0,1,100.0,4,99.0,99.0,Low density,Protein sequence,protein_fident_max,50,100.0
8b8x__1__1.A_1.C__1.E,0.25,1,99.0,660,83.9530303030303,83.9530303030303,High density,Protein sequence,protein_fident_max,50,25.0
8b8z__1__1.A__1.E,0.25,1,99.0,660,82.5878787878788,82.5878787878788,High density,Protein sequence,protein_fident_max,50,25.0
8b91__1__1.A__1.E,0.0,1,98.0,660,82.88636363636364,82.88636363636364,High density,Protein sequence,protein_fident_max,50,0.0
8b9h__1__1.A__1.B,0.75,1,100.0,32,99.75,99.75,Low density,Protein sequence,protein_fident_max,50,75.0
8b9u__1__1.A_1.B__1.C_1.H,0.0,1,100.0,19,96.26315789473684,96.26315789473684,Low density,Protein sequence,protein_fident_max,50,0.0
8bab__1__1.A__1.H_1.I,0.75,1,100.0,32,99.0,99.0,Low density,Protein sequence,protein_fident_max,50,75.0
8baj__1__1.A__1.B,1.0,1,99.0,69,87.1304347826087,87.1304347826087,Low density,Protein sequence,protein_fident_max,50,100.0
8bam__1__1.A__1.C_1.D,0.875,2,98.0,36,72.38888888888889,72.38888888888889,Low density,Protein sequence,protein_fident_max,50,87.5
8bcy__1__1.A__1.C,0.75,1,98.0,84,89.10714285714286,89.10714285714286,Low density,Protein sequence,protein_fident_max,50,75.0
8bdm__1__1.C__1.M,1.0,1,100.0,154,99.5,99.5,High density,Protein sequence,protein_fident_max,50,100.0
8bgc__1__1.A__1.F,1.0,1,100.0,453,93.15452538631347,93.15452538631347,High density,Protein sequence,protein_fident_max,50,100.0
8bgt__1__1.A_2.A__2.D,0.0,1,25.0,0,,25.0,No neighbours,Protein sequence,protein_fident_max,50,0.0
8bgx__1__1.A_1.D__1.E_1.F_1.I,0.625,2,24.0,0,,24.0,No neighbours,Protein sequence,protein_fident_max,50,62.5
8bgy__1__1.A_1.B__1.E_1.F,0.5,2,24.0,0,,24.0,No neighbours,Protein sequence,protein_fident_max,50,50.0
8bgz__1__1.A_1.B__1.F,0.0,1,24.0,0,,24.0,No neighbours,Protein sequence,protein_fident_max,50,0.0
8bh0__1__1.A_1.D__1.J,0.0,1,24.0,0,,24.0,No neighbours,Protein sequence,protein_fident_max,50,0.0
8bi6__1__1.A__1.D,0.0,1,100.0,45,91.73333333333333,91.73333333333333,Low density,Protein sequence,protein_fident_max,50,0.0
8bid__1__1.C_2.A__2.F_2.G,0.0,1,24.0,0,,24.0,No neighbours,Protein sequence,protein_fident_max,50,0.0
8bih__1__1.A_1.L__1.N,0.0,1,24.0,0,,24.0,No neighbours,Protein sequence,protein_fident_max,50,0.0
8bir__1__1.A_1.B__1.D,0.0,1,26.0,0,,26.0,No neighbours,Protein sequence,protein_fident_max,50,0.0
8bj3__1__1.A_1.B__1.C,1.0,1,31.0,0,,31.0,No neighbours,Protein sequence,protein_fident_max,50,100.0
8bjd__1__1.A__1.B,1.0,1,100.0,1,100.0,100.0,Low density,Protein sequence,protein_fident_max,50,100.0
8bji__1__1.A_1.B__1.C_1.D,1.0,1,100.0,1008,93.9672619047619,93.9672619047619,High density,Protein sequence,protein_fident_max,50,100.0
8bjt__1__1.A__1.C,1.0,1,100.0,40,87.725,87.725,Low density,Protein sequence,protein_fident_max,50,100.0
8bju__1__1.A__1.B,1.0,1,100.0,24,97.95833333333333,97.95833333333333,Low density,Protein sequence,protein_fident_max,50,100.0
8bk0__1__1.A__1.H,1.0,1,98.0,112,82.51785714285714,82.51785714285714,Low density,Protein sequence,protein_fident_max,50,100.0
8bl0__1__1.A__1.C_1.E,0.75,2,100.0,152,99.6842105263158,99.6842105263158,High density,Protein sequence,protein_fident_max,50,75.0
8bl1__1__1.A__1.C_1.E,0.75,2,100.0,152,99.67105263157895,99.67105263157895,High density,Protein sequence,protein_fident_max,50,75.0
8blz__1__1.A__1.B_1.D,1.0,1,100.0,13,77.76923076923077,77.76923076923077,Low density,Protein sequence,protein_fident_max,50,100.0
8bnx__1__1.A__1.C,0.0,1,40.0,0,,40.0,No neighbours,Protein sequence,protein_fident_max,50,0.0
8bo3__1__1.A__1.B,1.0,1,100.0,151,93.4635761589404,93.4635761589404,High density,Protein sequence,protein_fident_max,50,100.0
8bo4__1__1.A__1.C,1.0,1,98.0,151,91.19205298013244,91.19205298013244,High density,Protein sequence,protein_fident_max,50,100.0
8boc__1__1.A__1.B,1.0,1,96.0,112,78.40178571428571,78.40178571428571,Low density,Protein sequence,protein_fident_max,50,100.0
8bok__1__1.A__1.B,1.0,1,99.0,112,80.4375,80.4375,Low density,Protein sequence,protein_fident_max,50,100.0
8bq4__1__1.B__1.D,0.25,1,67.0,74,65.10810810810811,65.10810810810811,Low density,Protein sequence,protein_fident_max,50,25.0
8br0__1__1.A_1.B__1.E_1.F_1.G,1.0,2,100.0,2002,92.63936063936065,92.63936063936065,High density,Protein sequence,protein_fident_max,50,100.0
8br5__1__1.A__1.E,1.0,1,100.0,185,96.55135135135136,96.55135135135136,High density,Protein sequence,protein_fident_max,50,100.0
8br6__1__1.A__1.C,1.0,1,99.0,185,95.08648648648649,95.08648648648649,High density,Protein sequence,protein_fident_max,50,100.0
8bsg__1__1.A__1.B,0.25,1,100.0,322,73.77950310559007,73.77950310559007,High density,Protein sequence,protein_fident_max,50,25.0
8bst__1__1.A__1.R,0.75,1,100.0,1148,60.95296167247387,60.95296167247387,High density,Protein sequence,protein_fident_max,50,75.0
8bsu__1__1.A_1.D__1.I_1.OA_1.SA,0.5,2,100.0,2296,61.09581881533101,61.09581881533101,High density,Protein sequence,protein_fident_max,50,50.0
8bt0__1__1.A__1.M,1.0,1,98.0,82,96.1219512195122,96.1219512195122,Low density,Protein sequence,protein_fident_max,50,100.0
8bt2__1__1.A__1.M,1.0,1,100.0,82,97.6829268292683,97.6829268292683,Low density,Protein sequence,protein_fident_max,50,100.0
8bvx__1__1.A__1.D_1.F,0.25,1,100.0,23,89.6086956521739,89.6086956521739,Low density,Protein sequence,protein_fident_max,50,25.0
8bxx__1__1.A__1.E_1.F,1.0,1,99.0,38,71.1842105263158,71.1842105263158,Low density,Protein sequence,protein_fident_max,50,100.0
8bzx__1__1.A_1.B__1.E_1.F,0.75,1,85.0,2,85.0,85.0,Low density,Protein sequence,protein_fident_max,50,75.0
8c08__1__1.A__1.C_1.D,1.0,1,98.0,32,97.78125,97.78125,Low density,Protein sequence,protein_fident_max,50,100.0
8c0q__1__1.A__1.B_1.C,0.25,1,100.0,1061,95.44392082940622,95.44392082940622,High density,Protein sequence,protein_fident_max,50,25.0
8c0r__1__1.A__1.B_1.C,0.25,1,100.0,1061,95.44203581526861,95.44203581526861,High density,Protein sequence,protein_fident_max,50,25.0
8c1f__1__1.A__1.B_1.C_1.D_1.J,0.5,2,100.0,598,94.80602006688963,94.80602006688963,High density,Protein sequence,protein_fident_max,50,50.0
8c1m__1__1.A__1.C,0.0,1,100.0,298,94.97315436241611,94.97315436241611,High density,Protein sequence,protein_fident_max,50,0.0
8c3i__1__1.B__1.D,1.0,1,100.0,63,98.0,98.0,Low density,Protein sequence,protein_fident_max,50,100.0
8c3n__1__1.A__1.C_1.D,1.0,1,92.0,115,72.62608695652175,72.62608695652175,Low density,Protein sequence,protein_fident_max,50,100.0
8c3r__1__1.A__1.C,0.0,1,100.0,184,97.79347826086956,97.79347826086956,High density,Protein sequence,protein_fident_max,50,0.0
8c47__1__1.B__1.E_1.F,1.0,1,74.0,952,70.53256302521008,70.53256302521008,High density,Protein sequence,protein_fident_max,50,100.0
8c4w__1__1.A__1.J_1.K_1.P,0.25,2,100.0,250,96.2,96.2,High density,Protein sequence,protein_fident_max,50,25.0
8c6f__1__1.A__1.B_1.C,1.0,1,100.0,37,67.54054054054055,67.54054054054055,Low density,Protein sequence,protein_fident_max,50,100.0
8c6l__1__1.A__1.C,0.75,1,100.0,453,94.36423841059603,94.36423841059603,High density,Protein sequence,protein_fident_max,50,75.0
8c6n__1__1.A__1.B,0.75,1,100.0,453,94.33333333333333,94.33333333333333,High density,Protein sequence,protein_fident_max,50,75.0
8c6o__1__1.A__1.C,1.0,1,99.0,74,72.70270270270271,72.70270270270271,Low density,Protein sequence,protein_fident_max,50,100.0
8c6p__1__1.A__1.B,0.0,1,100.0,331,91.53474320241692,91.53474320241692,High density,Protein sequence,protein_fident_max,50,0.0
8c6q__1__1.A__1.C,0.0,1,100.0,331,91.53474320241692,91.53474320241692,High density,Protein sequence,protein_fident_max,50,0.0
8c6s__1__1.A__1.C,0.0,1,100.0,331,91.53474320241692,91.53474320241692,High density,Protein sequence,protein_fident_max,50,0.0
8c6z__1__1.A__1.C_1.E,0.0,1,31.0,0,,31.0,No neighbours,Protein sequence,protein_fident_max,50,0.0
8c70__1__1.A__1.B,0.0,1,100.0,331,91.53474320241692,91.53474320241692,High density,Protein sequence,protein_fident_max,50,0.0
8c71__1__1.A__1.C,0.0,1,100.0,331,90.59818731117825,90.59818731117825,High density,Protein sequence,protein_fident_max,50,0.0
8c74__1__1.A__1.C,0.0,1,100.0,331,91.53474320241692,91.53474320241692,High density,Protein sequence,protein_fident_max,50,0.0
8c7r__1__1.A__1.C_1.D,0.625,2,100.0,250,96.312,96.312,High density,Protein sequence,protein_fident_max,50,62.5
8c9d__1__1.A__1.D,0.5,1,48.0,0,,48.0,No neighbours,Protein sequence,protein_fident_max,50,50.0
8c9e__1__1.A__1.C,1.0,1,63.0,3,62.333333333333336,62.333333333333336,Low density,Protein sequence,protein_fident_max,50,100.0
8c9s__1__1.B__1.F_1.G,1.0,1,57.0,25,53.88,53.88,Low density,Protein sequence,protein_fident_max,50,100.0
8caa__1__1.B__1.F,1.0,1,98.0,38,77.63157894736842,77.63157894736842,Low density,Protein sequence,protein_fident_max,50,100.0
8cbh__1__1.A__1.C,0.25,1,98.0,74,93.45945945945945,93.45945945945945,Low density,Protein sequence,protein_fident_max,50,25.0
8cbr__1__1.A_1.B_1.D__1.E,0.0,1,98.0,389,92.7146529562982,92.7146529562982,High density,Protein sequence,protein_fident_max,50,0.0
8cbs__1__1.B_1.C_1.D__1.L,0.0,1,98.0,389,93.01799485861183,93.01799485861183,High density,Protein sequence,protein_fident_max,50,0.0
8cbu__1__1.A_1.B_1.D__1.M,0.0,1,99.0,389,92.96915167095116,92.96915167095116,High density,Protein sequence,protein_fident_max,50,0.0
8ccj__1__1.A_2.A__1.B_1.J,1.0,1,100.0,10,71.6,71.6,Low density,Protein sequence,protein_fident_max,50,100.0
8cdw__1__1.B__1.D,1.0,1,94.0,34,90.08823529411765,90.08823529411765,Low density,Protein sequence,protein_fident_max,50,100.0
8cdx__1__1.A__1.C_1.D,0.25,1,100.0,1054,62.43074003795066,62.43074003795066,High density,Protein sequence,protein_fident_max,50,25.0
8cdz__1__1.A__1.C_1.D_1.E,0.25,1,100.0,1054,62.42979127134725,62.42979127134725,High density,Protein sequence,protein_fident_max,50,25.0
8ceq__1__1.A__1.C,1.0,1,96.0,52,94.13461538461539,94.13461538461539,Low density,Protein sequence,protein_fident_max,50,100.0
8ces__1__1.A__1.C,0.25,1,96.0,52,94.09615384615384,94.09615384615384,Low density,Protein sequence,protein_fident_max,50,25.0
8cev__1__1.A__1.C,1.0,1,96.0,52,94.15384615384616,94.15384615384616,Low density,Protein sequence,protein_fident_max,50,100.0
8cex__1__1.A__1.D,0.75,1,99.0,23,88.8695652173913,88.8695652173913,Low density,Protein sequence,protein_fident_max,50,75.0
8cey__1__1.A__1.D,0.0,1,96.0,23,87.91304347826087,87.91304347826087,Low density,Protein sequence,protein_fident_max,50,0.0
8chc__1__1.A__1.B,0.75,1,82.0,11,80.9090909090909,80.9090909090909,Low density,Protein sequence,protein_fident_max,50,75.0
8chk__1__1.A__1.D,1.0,1,100.0,145,77.29655172413793,77.29655172413793,Low density,Protein sequence,protein_fident_max,50,100.0
8chl__1__1.A__1.C_1.E,1.0,1,100.0,145,77.29655172413793,77.29655172413793,Low density,Protein sequence,protein_fident_max,50,100.0
8cij__1__1.A__1.B,0.0,1,96.0,34,91.67647058823529,91.67647058823529,Low density,Protein sequence,protein_fident_max,50,0.0
8cji__1__1.A__1.B_1.C,0.25,1,100.0,58,71.1896551724138,71.1896551724138,Low density,Protein sequence,protein_fident_max,50,25.0
8cjj__1__1.A__1.B_1.C,0.25,1,100.0,58,71.12068965517241,71.12068965517241,Low density,Protein sequence,protein_fident_max,50,25.0
8cjk__1__1.A__1.B_1.C,0.25,1,100.0,58,71.08620689655173,71.08620689655173,Low density,Protein sequence,protein_fident_max,50,25.0
8cjo__1__1.A__1.B_1.C,0.0,1,99.0,58,70.89655172413794,70.89655172413794,Low density,Protein sequence,protein_fident_max,50,0.0
8cju__1__1.A__1.B,0.0,1,82.0,11,80.9090909090909,80.9090909090909,Low density,Protein sequence,protein_fident_max,50,0.0
8ck5__1__1.A__1.D,1.0,1,100.0,269,85.95910780669145,85.95910780669145,High density,Protein sequence,protein_fident_max,50,100.0
8ckc__1__2.A__2.D,1.0,1,100.0,269,85.95539033457248,85.95539033457248,High density,Protein sequence,protein_fident_max,50,100.0
8ckh__1__1.A_1.B__1.D,0.0,1,86.0,4,85.5,85.5,Low density,Protein sequence,protein_fident_max,50,0.0
8cnh__1__1.A__1.B_1.L,0.5,1,100.0,75,98.56,98.56,Low density,Protein sequence,protein_fident_max,50,50.0
8cnm__1__1.A_1.B__1.F_1.N_1.S,0.375,2,100.0,152,99.76315789473684,99.76315789473684,High density,Protein sequence,protein_fident_max,50,37.5
8cno__1__1.A_1.B__1.C_1.E_1.F,0.25,2,100.0,152,99.76315789473684,99.76315789473684,High density,Protein sequence,protein_fident_max,50,25.0
8cnt__1__1.A__1.B_1.C,0.0,1,58.0,11,57.09090909090909,57.09090909090909,Low density,Protein sequence,protein_fident_max,50,0.0
8con__1__1.A_2.A__2.D_2.J,1.0,1,100.0,259,52.77606177606177,52.77606177606177,High density,Protein sequence,protein_fident_max,50,100.0
8coq__1__1.A__1.C_1.D,0.625,2,100.0,286,93.74125874125875,93.74125874125875,High density,Protein sequence,protein_fident_max,50,62.5
8cou__1__1.A__1.V,0.5,1,100.0,30,71.2,71.2,Low density,Protein sequence,protein_fident_max,50,50.0
8cov__1__1.A__1.D,0.25,1,100.0,30,71.2,71.2,Low density,Protein sequence,protein_fident_max,50,25.0
8cow__1__1.B__1.I_1.J,1.0,2,100.0,286,93.74825174825175,93.74825174825175,High density,Protein sequence,protein_fident_max,50,100.0
8cp4__1__2.A__2.H_2.I,0.0,1,28.0,0,,28.0,No neighbours,Protein sequence,protein_fident_max,50,0.0
8cp7__1__1.A__1.B,0.75,1,99.0,16,94.9375,94.9375,Low density,Protein sequence,protein_fident_max,50,75.0
8cp9__1__1.A__1.C_1.D,0.5,1,99.0,16,96.1875,96.1875,Low density,Protein sequence,protein_fident_max,50,50.0
8cpb__1__1.B__1.H,0.0,1,100.0,16,96.5625,96.5625,Low density,Protein sequence,protein_fident_max,50,0.0
8cq8__1__1.A__1.C_1.D_1.E,1.0,2,100.0,286,93.74125874125875,93.74125874125875,High density,Protein sequence,protein_fident_max,50,100.0
8cq9__1__1.B__1.I_1.J_1.K,1.0,2,100.0,286,93.75524475524476,93.75524475524476,High density,Protein sequence,protein_fident_max,50,100.0
8cqv__1__1.A_1.B__1.K_1.P,1.0,1,46.0,0,,46.0,No neighbours,Protein sequence,protein_fident_max,50,100.0
8crj__1__1.A__1.B,0.0,1,57.0,6,56.166666666666664,56.166666666666664,Low density,Protein sequence,protein_fident_max,50,0.0
8crl__1__1.A__1.C,1.0,1,60.0,6,59.166666666666664,59.166666666666664,Low density,Protein sequence,protein_fident_max,50,100.0
8crp__1__1.A_1.C__1.E_1.I,0.5,2,100.0,1746,97.57502863688431,97.57502863688431,High density,Protein sequence,protein_fident_max,50,50.0
8csg__1__1.A__1.C_1.D,0.625,2,100.0,166,98.65060240963855,98.65060240963855,High density,Protein sequence,protein_fident_max,50,62.5
8cta__1__1.A_1.B_1.D__1.Q,1.0,1,100.0,389,91.7840616966581,91.7840616966581,High density,Protein sequence,protein_fident_max,50,100.0
8ctb__1__1.A__1.C_1.D,0.5,2,100.0,166,98.65060240963855,98.65060240963855,High density,Protein sequence,protein_fident_max,50,50.0
8cu7__1__1.A__1.C,0.75,1,100.0,613,80.37030995106036,80.37030995106036,High density,Protein sequence,protein_fident_max,50,75.0
8cvc__1__1.A__1.C_1.J_1.O_1.P,0.5,1,86.0,3,84.66666666666667,84.66666666666667,Low density,Protein sequence,protein_fident_max,50,50.0
8cvd__1__1.A__1.B_1.K_1.L,0.5,1,86.0,3,84.66666666666667,84.66666666666667,Low density,Protein sequence,protein_fident_max,50,50.0
8cve__1__1.A__1.B_1.K_1.L,0.75,2,85.0,6,84.33333333333333,84.33333333333333,Low density,Protein sequence,protein_fident_max,50,75.0
8cvf__1__1.A__1.D_1.E_1.F_1.G,0.5,1,86.0,3,84.66666666666667,84.66666666666667,Low density,Protein sequence,protein_fident_max,50,50.0
8cvg__1__1.A__1.B_1.F_1.J,0.5,2,86.0,6,84.66666666666667,84.66666666666667,Low density,Protein sequence,protein_fident_max,50,50.0
8cyu__1__1.A_1.B__1.F,1.0,1,100.0,843,96.93950177935943,96.93950177935943,High density,Protein sequence,protein_fident_max,50,100.0
8cyz__1__1.A_1.C__1.E,1.0,1,100.0,843,96.93950177935943,96.93950177935943,High density,Protein sequence,protein_fident_max,50,100.0
8cz7__1__1.A_1.C__1.E,1.0,1,100.0,843,96.93950177935943,96.93950177935943,High density,Protein sequence,protein_fident_max,50,100.0
8czl__1__1.A__1.C_1.D,0.5,1,100.0,2,100.0,100.0,Low density,Protein sequence,protein_fident_max,50,50.0
8d19__1__1.A__1.C_1.D,1.0,1,100.0,2,100.0,100.0,Low density,Protein sequence,protein_fident_max,50,100.0
8d3e__1__1.A__1.C_1.D,1.0,1,100.0,74,93.5945945945946,93.5945945945946,Low density,Protein sequence,protein_fident_max,50,100.0
8d3h__1__1.A__1.C_1.D,0.625,2,99.0,74,93.1891891891892,93.1891891891892,Low density,Protein sequence,protein_fident_max,50,62.5
8d3j__1__1.A__1.D_1.E_1.F,0.625,2,99.0,74,93.02702702702703,93.02702702702703,Low density,Protein sequence,protein_fident_max,50,62.5
8d5b__1__1.A__1.B_1.G_1.H,1.0,1,98.0,8,77.125,77.125,Low density,Protein sequence,protein_fident_max,50,100.0
8d6c__1__1.A__1.F,1.0,1,97.0,9,96.33333333333333,96.33333333333333,Low density,Protein sequence,protein_fident_max,50,100.0
8d6e__1__1.A__1.D,1.0,1,98.0,9,98.0,98.0,Low density,Protein sequence,protein_fident_max,50,100.0
8d6f__1__1.A__1.D,1.0,1,95.0,9,95.0,95.0,Low density,Protein sequence,protein_fident_max,50,100.0
8d6m__1__1.A__1.C,0.25,1,77.0,4,76.5,76.5,Low density,Protein sequence,protein_fident_max,50,25.0
8d6t__1__1.A__1.C,0.25,1,100.0,4,98.25,98.25,Low density,Protein sequence,protein_fident_max,50,25.0
8d9b__1__1.A__1.C_1.D,1.0,1,100.0,85,97.31764705882352,97.31764705882352,Low density,Protein sequence,protein_fident_max,50,100.0
8d9c__1__1.A__1.C_1.D,1.0,1,100.0,85,97.31764705882352,97.31764705882352,Low density,Protein sequence,protein_fident_max,50,100.0
8db0__1__1.A__1.E,0.75,1,24.0,0,,24.0,No neighbours,Protein sequence,protein_fident_max,50,75.0
8dcd__1__1.A__1.E_1.Q_1.R,0.25,1,100.0,20,99.95,99.95,Low density,Protein sequence,protein_fident_max,50,25.0
8ddb__1__1.A__1.B_1.C_1.E,1.0,1,99.0,340,94.87647058823529,94.87647058823529,High density,Protein sequence,protein_fident_max,50,100.0
8dil__1__1.A_1.B__1.K_1.L_1.M,1.0,1,89.0,2,89.0,89.0,Low density,Protein sequence,protein_fident_max,50,100.0
8dj6__1__1.C__1.F_1.O,0.0,1,83.0,35,78.22857142857143,78.22857142857143,Low density,Protein sequence,protein_fident_max,50,0.0
8djv__1__1.A__1.B_1.C_1.D,1.0,1,99.0,340,95.29117647058824,95.29117647058824,High density,Protein sequence,protein_fident_max,50,100.0
8dk4__1__1.A__1.C,1.0,1,100.0,660,83.47727272727273,83.47727272727273,High density,Protein sequence,protein_fident_max,50,100.0
8dkp__1__1.A__1.C_1.D,0.875,2,79.0,300,73.94,73.94,High density,Protein sequence,protein_fident_max,50,87.5
8dkq__1__1.A__1.C_1.D,0.875,2,79.0,300,73.52,73.52,High density,Protein sequence,protein_fident_max,50,87.5
8dkt__1__1.A_1.B__1.D_1.E,0.5,1,75.0,48,64.4375,64.4375,Low density,Protein sequence,protein_fident_max,50,50.0
8dml__1__1.B__1.J,0.25,1,100.0,3,97.33333333333333,97.33333333333333,Low density,Protein sequence,protein_fident_max,50,25.0
8doc__1__2.A__2.B_2.D_2.E,1.0,1,99.0,24,97.75,97.75,Low density,Protein sequence,protein_fident_max,50,100.0
8dos__1__1.A_1.B__1.C_1.G,0.0,1,85.0,5,83.4,83.4,Low density,Protein sequence,protein_fident_max,50,0.0
8dpb__1__1.A_1.B__1.I_1.J,1.0,1,99.0,14,73.28571428571429,73.28571428571429,Low density,Protein sequence,protein_fident_max,50,100.0
8dq8__1__1.B__1.F_1.G,1.0,2,98.0,44,96.9090909090909,96.9090909090909,Low density,Protein sequence,protein_fident_max,50,100.0
8dqd__1__1.A__1.B,0.75,1,24.0,0,,24.0,No neighbours,Protein sequence,protein_fident_max,50,75.0
8dqh__1__1.B__1.J_1.K_1.L,1.0,1,36.0,0,,36.0,No neighbours,Protein sequence,protein_fident_max,50,100.0
8dqs__1__1.A__1.B_1.C_1.D,0.5,1,100.0,340,96.04117647058824,96.04117647058824,High density,Protein sequence,protein_fident_max,50,50.0
8dsc__1__1.B__1.L,0.0,1,100.0,144,99.45833333333333,99.45833333333333,Low density,Protein sequence,protein_fident_max,50,0.0
8dse__1__1.A_1.B__1.C_1.G,0.375,2,100.0,288,99.70833333333333,99.70833333333333,High density,Protein sequence,protein_fident_max,50,37.5
8dsh__1__1.A_1.B__1.C,0.0,1,100.0,144,99.70833333333333,99.70833333333333,Low density,Protein sequence,protein_fident_max,50,0.0
8dsh__1__1.A_1.B__1.E_1.F,0.0,2,100.0,288,99.70833333333333,99.70833333333333,High density,Protein sequence,protein_fident_max,50,0.0
8dsm__1__1.A_1.B__1.J,0.5,1,100.0,144,99.45833333333333,99.45833333333333,Low density,Protein sequence,protein_fident_max,50,50.0
8dsr__1__1.A__1.C,0.0,1,39.0,0,,39.0,No neighbours,Protein sequence,protein_fident_max,50,0.0
8dt1__1__1.B__1.J_1.K,1.0,1,67.0,16,66.0,66.0,Low density,Protein sequence,protein_fident_max,50,100.0
8dt5__1__1.B__1.I_1.M_1.O,0.0,1,100.0,2588,62.868238021638334,62.868238021638334,High density,Protein sequence,protein_fident_max,50,0.0
8du3__1__1.A__1.B,1.0,1,100.0,615,79.40325203252033,79.40325203252033,High density,Protein sequence,protein_fident_max,50,100.0
8du9__1__1.B__1.D,0.0,1,96.0,1026,85.20175438596492,85.20175438596492,High density,Protein sequence,protein_fident_max,50,0.0
8dub__1__1.A__1.C,0.0,1,98.0,1026,88.29239766081871,88.29239766081871,High density,Protein sequence,protein_fident_max,50,0.0
8duh__1__1.A__1.C,0.25,1,99.0,1026,88.8869395711501,88.8869395711501,High density,Protein sequence,protein_fident_max,50,25.0
8dui__1__1.A__1.C,0.25,1,98.0,1026,88.18128654970761,88.18128654970761,High density,Protein sequence,protein_fident_max,50,25.0
8duk__1__1.A__1.E,0.25,1,99.0,1026,89.00974658869396,89.00974658869396,High density,Protein sequence,protein_fident_max,50,25.0
8dv7__1__1.B__1.D,0.0,1,96.0,1026,86.80799220272904,86.80799220272904,High density,Protein sequence,protein_fident_max,50,0.0
8dv8__1__1.A__1.C,0.0,1,97.0,1026,84.35867446393762,84.35867446393762,High density,Protein sequence,protein_fident_max,50,0.0
8dvh__1__1.A__1.C_1.D,0.5,1,38.0,0,,38.0,No neighbours,Protein sequence,protein_fident_max,50,50.0
8dvo__1__1.A__1.B_1.C_1.D,0.0,1,100.0,340,96.03529411764706,96.03529411764706,High density,Protein sequence,protein_fident_max,50,0.0
8dxk__1__1.A_1.B__1.C,1.0,1,100.0,475,98.40842105263158,98.40842105263158,High density,Protein sequence,protein_fident_max,50,100.0
8e0h__1__1.A__1.C,0.75,1,94.0,19,70.26315789473684,70.26315789473684,Low density,Protein sequence,protein_fident_max,50,75.0
8e1h__1__1.A__1.C_1.E_1.F,1.0,1,49.0,0,,49.0,No neighbours,Protein sequence,protein_fident_max,50,100.0
8e1i__1__1.A__1.C_1.D_1.E_1.F,1.0,1,49.0,0,,49.0,No neighbours,Protein sequence,protein_fident_max,50,100.0
8e1o__1__1.A__1.D,1.0,1,100.0,38,85.39473684210526,85.39473684210526,Low density,Protein sequence,protein_fident_max,50,100.0
8e1t__1__1.A__1.C_1.E,1.0,1,49.0,0,,49.0,No neighbours,Protein sequence,protein_fident_max,50,100.0
8e1x__1__1.A__1.C,0.25,1,97.0,368,73.06521739130434,73.06521739130434,High density,Protein sequence,protein_fident_max,50,25.0
8e4s__1__1.A__1.B_1.C_1.D,0.0,1,100.0,340,95.88235294117646,95.88235294117646,High density,Protein sequence,protein_fident_max,50,0.0
8e5i__1__1.A__1.B_1.E,1.0,1,52.0,12,51.583333333333336,51.583333333333336,Low density,Protein sequence,protein_fident_max,50,100.0
8e5m__1__1.A_1.E__1.U,0.0,1,100.0,311,92.47588424437299,92.47588424437299,High density,Protein sequence,protein_fident_max,50,0.0
8e62__1__1.A_1.C__1.G_1.H,0.75,2,31.0,0,,31.0,No neighbours,Protein sequence,protein_fident_max,50,75.0
8e81__1__1.A__1.B,0.5,1,99.0,162,94.25925925925925,94.25925925925925,High density,Protein sequence,protein_fident_max,50,50.0
8e9e__1__1.A_1.B__1.I_1.J_1.K,1.0,2,100.0,272,99.56617647058823,99.56617647058823,High density,Protein sequence,protein_fident_max,50,100.0
8e9r__1__1.A_1.B__1.E_1.F,1.0,1,99.0,164,98.17073170731707,98.17073170731707,High density,Protein sequence,protein_fident_max,50,100.0
8ea6__1__1.A_1.B__1.C,0.0,1,35.0,0,,35.0,No neighbours,Protein sequence,protein_fident_max,50,0.0
8eef__1__1.A__1.C_1.D,0.625,2,40.0,0,,40.0,No neighbours,Protein sequence,protein_fident_max,50,62.5
8efj__1__1.A__1.D,0.0,1,100.0,436,95.50688073394495,95.50688073394495,High density,Protein sequence,protein_fident_max,50,0.0
8egf__1__1.A__1.B_1.C,1.0,1,98.0,67,95.95522388059702,95.95522388059702,Low density,Protein sequence,protein_fident_max,50,100.0
8egz__1__1.B__1.I,1.0,1,67.0,400,57.255,57.255,High density,Protein sequence,protein_fident_max,50,100.0
8eh0__1__1.A__1.C_1.E,0.5,2,68.0,800,57.51,57.51,High density,Protein sequence,protein_fident_max,50,50.0
8emu__1__1.A__1.E,0.0,1,100.0,1061,95.44769085768144,95.44769085768144,High density,Protein sequence,protein_fident_max,50,0.0
8eni__1__2.A__2.B,0.25,1,100.0,25,99.6,99.6,Low density,Protein sequence,protein_fident_max,50,25.0
8eq9__1__1.A__1.B,0.25,1,98.0,10,96.9,96.9,Low density,Protein sequence,protein_fident_max,50,25.0
8eqz__1__1.A__1.C,0.0,1,100.0,99,96.83838383838383,96.83838383838383,Low density,Protein sequence,protein_fident_max,50,0.0
8er0__1__1.A__1.C_1.D,0.875,2,95.0,90,85.02222222222223,85.02222222222223,Low density,Protein sequence,protein_fident_max,50,87.5
8erb__1__1.A_1.C__1.Q,1.0,1,54.0,12,54.0,54.0,Low density,Protein sequence,protein_fident_max,50,100.0
8erd__1__1.A__1.B,1.0,1,100.0,537,93.8193668528864,93.8193668528864,High density,Protein sequence,protein_fident_max,50,100.0
8erj__1__1.A_2.C__1.I,1.0,1,54.0,12,54.0,54.0,Low density,Protein sequence,protein_fident_max,50,100.0
8etd__1__1.B__1.E_1.F,1.0,1,87.0,277,59.51985559566787,59.51985559566787,High density,Protein sequence,protein_fident_max,50,100.0
8evx__1__1.A__1.C_1.D_1.E_1.F_1.G,1.0,1,38.0,0,,38.0,No neighbours,Protein sequence,protein_fident_max,50,100.0
8evz__1__1.A__1.D_1.E_1.F_1.G,1.0,1,57.0,60,53.766666666666666,53.766666666666666,Low density,Protein sequence,protein_fident_max,50,100.0
8ewz__1__1.A__1.B_1.C_1.H,0.25,1,100.0,46,99.69565217391305,99.69565217391305,Low density,Protein sequence,protein_fident_max,50,25.0
8ex1__1__1.A__1.B,1.0,1,100.0,32,99.75,99.75,Low density,Protein sequence,protein_fident_max,50,100.0
8ex2__1__1.A__1.B,1.0,1,100.0,32,99.625,99.625,Low density,Protein sequence,protein_fident_max,50,100.0
8ex3__1__1.A__1.B_1.C,0.5,1,100.0,46,99.69565217391305,99.69565217391305,Low density,Protein sequence,protein_fident_max,50,50.0
8exl__1__1.A__1.B,1.0,1,99.0,66,95.0,95.0,Low density,Protein sequence,protein_fident_max,50,100.0
8exu__1__1.A__1.B,1.0,1,99.0,66,95.34848484848484,95.34848484848484,Low density,Protein sequence,protein_fident_max,50,100.0
8eym__1__1.A_1.B__1.C_1.E,0.5,1,27.0,0,,27.0,No neighbours,Protein sequence,protein_fident_max,50,50.0
8ez1__1__1.A_1.B__1.D,0.25,1,100.0,100,90.55,90.55,Low density,Protein sequence,protein_fident_max,50,25.0
8f1g__1__1.A__1.C,0.0,1,100.0,142,99.58450704225352,99.58450704225352,Low density,Protein sequence,protein_fident_max,50,0.0
8f1z__1__1.A__1.B,1.0,1,99.0,379,91.1820580474934,91.1820580474934,High density,Protein sequence,protein_fident_max,50,100.0
8f4q__1__1.A__1.F,0.0,1,99.0,67,97.80597014925372,97.80597014925372,Low density,Protein sequence,protein_fident_max,50,0.0
8f71__1__1.B__1.E_1.F,1.0,1,32.0,0,,32.0,No neighbours,Protein sequence,protein_fident_max,50,100.0
8f8k__1__1.A__1.F_1.G_1.I_1.J_1.K,0.0,1,42.0,0,,42.0,No neighbours,Protein sequence,protein_fident_max,50,0.0
8f8l__1__1.A__1.B_1.D_1.E,0.0,1,43.0,0,,43.0,No neighbours,Protein sequence,protein_fident_max,50,0.0
8f8m__1__1.A__1.C,0.0,1,100.0,19,94.42105263157895,94.42105263157895,Low density,Protein sequence,protein_fident_max,50,0.0
8fb1__1__1.A__1.C,0.75,1,100.0,336,97.99702380952381,97.99702380952381,High density,Protein sequence,protein_fident_max,50,75.0
8fb1__1__1.A__1.D,0.75,1,100.0,336,97.99702380952381,97.99702380952381,High density,Protein sequence,protein_fident_max,50,75.0
8fcd__1__1.A_1.B__1.C,1.0,1,100.0,475,97.84842105263158,97.84842105263158,High density,Protein sequence,protein_fident_max,50,100.0
8fdb__1__1.A_1.B__1.D_1.F_1.H,0.125,2,27.0,0,,27.0,No neighbours,Protein sequence,protein_fident_max,50,12.5
8fdx__1__1.A__1.B_1.C,1.0,2,100.0,92,99.93478260869566,99.93478260869566,Low density,Protein sequence,protein_fident_max,50,100.0
8fdz__1__1.A__1.B_1.C,1.0,2,100.0,92,99.93478260869566,99.93478260869566,Low density,Protein sequence,protein_fident_max,50,100.0
8fe6__1__1.A__1.I,1.0,1,100.0,127,98.74015748031496,98.74015748031496,Low density,Protein sequence,protein_fident_max,50,100.0
8fe8__1__1.A_1.B__1.C,0.75,1,100.0,475,98.44,98.44,High density,Protein sequence,protein_fident_max,50,75.0
8fe9__1__1.A__1.B,1.0,1,99.0,20,96.3,96.3,Low density,Protein sequence,protein_fident_max,50,100.0
8fen__1__1.A__1.B_1.C,0.625,2,68.0,36,67.55555555555556,67.55555555555556,Low density,Protein sequence,protein_fident_max,50,62.5
8fev__1__1.A__1.C_1.D,0.5,2,43.0,0,,43.0,No neighbours,Protein sequence,protein_fident_max,50,50.0
8fgz__1__1.A__1.B,1.0,1,99.0,333,74.30330330330331,74.30330330330331,High density,Protein sequence,protein_fident_max,50,100.0
8fh4__1__1.A__1.E,0.5,1,100.0,34,95.91176470588235,95.91176470588235,Low density,Protein sequence,protein_fident_max,50,50.0
8fh5__1__1.A__1.B_1.C,1.0,2,100.0,456,88.31140350877193,88.31140350877193,High density,Protein sequence,protein_fident_max,50,100.0
8fh9__1__1.A__1.B_1.C,1.0,2,100.0,456,88.30701754385964,88.30701754385964,High density,Protein sequence,protein_fident_max,50,100.0
8fjt__1__1.A_1.B__1.C_1.E,0.5,2,99.0,178,67.20224719101124,67.20224719101124,High density,Protein sequence,protein_fident_max,50,50.0
8fju__1__1.A_1.B__1.C_1.D,0.5,2,99.0,178,67.48314606741573,67.48314606741573,High density,Protein sequence,protein_fident_max,50,50.0
8fjx__1__1.A__1.B_1.C,0.625,2,100.0,92,99.93478260869566,99.93478260869566,Low density,Protein sequence,protein_fident_max,50,62.5
8fjy__1__1.A__1.B_1.C,0.75,2,100.0,92,99.93478260869566,99.93478260869566,Low density,Protein sequence,protein_fident_max,50,75.0
8fjz__1__1.C__1.I,1.0,1,100.0,34,95.97058823529412,95.97058823529412,Low density,Protein sequence,protein_fident_max,50,100.0
8fko__1__1.C__1.I,0.5,1,100.0,34,95.97058823529412,95.97058823529412,Low density,Protein sequence,protein_fident_max,50,50.0
8fly__1__1.A__1.K,0.5,1,100.0,9211,62.93746607317338,62.93746607317338,High density,Protein sequence,protein_fident_max,50,50.0
8flz__1__1.A__1.K,0.25,1,100.0,9211,62.96004776897188,62.96004776897188,High density,Protein sequence,protein_fident_max,50,25.0
8fm0__1__1.A__1.K,0.25,1,100.0,9210,63.10010857763301,63.10010857763301,High density,Protein sequence,protein_fident_max,50,25.0
8fm2__1__1.A__1.K,0.25,1,100.0,9210,63.110966340933764,63.110966340933764,High density,Protein sequence,protein_fident_max,50,25.0
8fm3__1__1.A__1.K,0.25,1,100.0,9210,62.96927252985885,62.96927252985885,High density,Protein sequence,protein_fident_max,50,25.0
8fm4__1__1.A__1.K,0.25,1,100.0,9209,63.02584428276686,63.02584428276686,High density,Protein sequence,protein_fident_max,50,25.0
8fm5__1__1.A__1.K,0.0,1,100.0,9211,63.08229291065031,63.08229291065031,High density,Protein sequence,protein_fident_max,50,0.0
8fm7__1__1.A__1.K,0.25,1,100.0,9208,63.05049956559513,63.05049956559513,High density,Protein sequence,protein_fident_max,50,25.0
8fm8__1__1.A__1.K,0.0,1,100.0,9211,63.041797850396264,63.041797850396264,High density,Protein sequence,protein_fident_max,50,0.0
8fo5__1__1.A_1.B__1.E,0.0,1,94.0,681,71.59618208516886,71.59618208516886,High density,Protein sequence,protein_fident_max,50,0.0
8fp1__1__1.A__1.B,0.75,1,97.0,41,56.90243902439025,56.90243902439025,Low density,Protein sequence,protein_fident_max,50,75.0
8fp5__1__1.A__1.C_1.D,0.75,1,100.0,537,93.8510242085661,93.8510242085661,High density,Protein sequence,protein_fident_max,50,75.0
8fqx__1__1.A__1.B_1.C,0.5,1,100.0,1061,95.44769085768144,95.44769085768144,High density,Protein sequence,protein_fident_max,50,50.0
8fsi__1__1.A__1.B_1.C_1.D_1.F,0.75,1,95.0,2,95.0,95.0,Low density,Protein sequence,protein_fident_max,50,75.0
8ftr__1__2.A__2.B,0.75,1,25.0,0,,25.0,No neighbours,Protein sequence,protein_fident_max,50,75.0
8fts__1__2.A__2.B_2.C_2.D,0.75,1,27.0,0,,27.0,No neighbours,Protein sequence,protein_fident_max,50,75.0
8fwp__1__1.A_1.B__1.D_1.E,0.25,1,48.0,0,,48.0,No neighbours,Protein sequence,protein_fident_max,50,25.0
8fwz__1__1.B__1.E,1.0,1,62.0,28,61.32142857142857,61.32142857142857,Low density,Protein sequence,protein_fident_max,50,100.0
8fx1__1__1.A__1.C,0.75,1,62.0,28,60.75,60.75,Low density,Protein sequence,protein_fident_max,50,75.0
8fx2__1__1.B__1.D,1.0,1,62.0,28,61.07142857142857,61.07142857142857,Low density,Protein sequence,protein_fident_max,50,100.0
8fx3__1__1.B__1.D,0.75,1,60.0,28,58.535714285714285,58.535714285714285,Low density,Protein sequence,protein_fident_max,50,75.0
8fxn__1__1.A__1.B,0.0,1,100.0,166,99.36746987951807,99.36746987951807,High density,Protein sequence,protein_fident_max,50,0.0
8fy7__1__1.A_1.B__1.C,1.0,1,100.0,837,97.26403823178016,97.26403823178016,High density,Protein sequence,protein_fident_max,50,100.0
8fz1__1__1.A__1.G_1.I_1.K,0.5,1,100.0,160,95.70625,95.70625,High density,Protein sequence,protein_fident_max,50,50.0
8g20__1__1.A__1.C_1.D_1.G,0.25,1,100.0,85,97.74117647058823,97.74117647058823,Low density,Protein sequence,protein_fident_max,50,25.0
8g3e__1__1.A__1.C,0.0,1,100.0,142,99.3943661971831,99.3943661971831,Low density,Protein sequence,protein_fident_max,50,0.0
8g3s__1__1.A__1.E,1.0,1,100.0,900,92.79444444444445,92.79444444444445,High density,Protein sequence,protein_fident_max,50,100.0
8g63__1__1.A__1.B,1.0,1,98.0,379,91.45118733509234,91.45118733509234,High density,Protein sequence,protein_fident_max,50,100.0
8g68__1__1.A__1.C,0.0,1,100.0,264,99.25378787878788,99.25378787878788,High density,Protein sequence,protein_fident_max,50,0.0
8g69__1__1.A__1.C,0.0,1,100.0,264,99.3030303030303,99.3030303030303,High density,Protein sequence,protein_fident_max,50,0.0
8g8x__1__1.A__1.C,1.0,1,98.0,338,76.90828402366864,76.90828402366864,High density,Protein sequence,protein_fident_max,50,100.0
8gb4__1__1.A__1.E_1.F_1.G,0.875,2,100.0,758,93.3825857519789,93.3825857519789,High density,Protein sequence,protein_fident_max,50,87.5
8gcz__1__1.A__1.N,0.25,1,100.0,9211,65.60254044077733,65.60254044077733,High density,Protein sequence,protein_fident_max,50,25.0
8gdk__1__1.A__1.O,0.75,1,100.0,9208,65.64248479582972,65.64248479582972,High density,Protein sequence,protein_fident_max,50,75.0
8gds__1__1.A__1.E,0.0,1,99.0,121,88.50413223140495,88.50413223140495,Low density,Protein sequence,protein_fident_max,50,0.0
8gem__1__1.A__1.B,0.5,1,100.0,108,60.425925925925924,60.425925925925924,Low density,Protein sequence,protein_fident_max,50,50.0
8geu__1__1.A__1.B,0.75,1,100.0,108,60.129629629629626,60.129629629629626,Low density,Protein sequence,protein_fident_max,50,75.0
8gev__1__1.A__1.B,0.75,1,100.0,108,60.425925925925924,60.425925925925924,Low density,Protein sequence,protein_fident_max,50,75.0
8gez__1__1.A__1.B,0.0,1,100.0,5,99.8,99.8,Low density,Protein sequence,protein_fident_max,50,0.0
8gf0__1__1.A__1.B,0.25,1,100.0,5,99.8,99.8,Low density,Protein sequence,protein_fident_max,50,25.0
8gfd__1__1.A__1.B,0.0,1,100.0,5,99.8,99.8,Low density,Protein sequence,protein_fident_max,50,0.0
8gff__1__1.A__1.B,0.0,1,100.0,5,99.8,99.8,Low density,Protein sequence,protein_fident_max,50,0.0
8gfg__1__1.A__1.B,0.0,1,100.0,5,99.8,99.8,Low density,Protein sequence,protein_fident_max,50,0.0
8gfh__1__1.A__1.B_1.C,0.375,2,100.0,10,99.8,99.8,Low density,Protein sequence,protein_fident_max,50,37.5
8gfq__1__1.A__1.B,0.75,1,100.0,5,99.8,99.8,Low density,Protein sequence,protein_fident_max,50,75.0
8gfs__1__1.A__1.B,0.0,1,100.0,5,99.8,99.8,Low density,Protein sequence,protein_fident_max,50,0.0
8gja__1__1.A_1.B__1.G_1.H,1.0,1,31.0,0,,31.0,No neighbours,Protein sequence,protein_fident_max,50,100.0
8gjb__1__1.B__1.G_1.H,1.0,1,72.0,50,72.0,72.0,Low density,Protein sequence,protein_fident_max,50,100.0
8gkf__1__1.A__1.J,0.75,1,100.0,15,85.13333333333334,85.13333333333334,Low density,Protein sequence,protein_fident_max,50,75.0
8gm5__1__1.A__1.D,0.75,1,38.0,0,,38.0,No neighbours,Protein sequence,protein_fident_max,50,75.0
8gne__1__1.A__1.B,0.5,1,99.0,572,78.95104895104895,78.95104895104895,High density,Protein sequence,protein_fident_max,50,50.0
8gne__1__1.A__1.E,0.0,1,99.0,572,78.95104895104895,78.95104895104895,High density,Protein sequence,protein_fident_max,50,0.0
8gpc__1__1.A__1.C_1.D_1.E,1.0,1,100.0,163,99.70552147239263,99.70552147239263,High density,Protein sequence,protein_fident_max,50,100.0
8gpd__1__1.A__1.C_1.D_1.E,1.0,1,100.0,163,99.70552147239263,99.70552147239263,High density,Protein sequence,protein_fident_max,50,100.0
8gpe__1__1.A__1.C_1.D_1.E,1.0,1,100.0,163,99.71165644171779,99.71165644171779,High density,Protein sequence,protein_fident_max,50,100.0
8grw__1__1.A_1.B__1.C_1.D,0.0,1,61.0,72,57.611111111111114,57.611111111111114,Low density,Protein sequence,protein_fident_max,50,0.0
8gtg__1__1.A__1.C,0.5,1,100.0,12,74.41666666666667,74.41666666666667,Low density,Protein sequence,protein_fident_max,50,50.0
8gti__1__1.A__1.H,0.0,1,100.0,12,74.41666666666667,74.41666666666667,Low density,Protein sequence,protein_fident_max,50,0.0
8gtm__1__1.A__1.C,0.25,1,100.0,12,74.41666666666667,74.41666666666667,Low density,Protein sequence,protein_fident_max,50,25.0
8gtv__1__1.A_2.B__2.D,0.0,1,100.0,836,97.33612440191388,97.33612440191388,High density,Protein sequence,protein_fident_max,50,0.0
8gu1__1__1.A_1.B__1.D,0.0,1,100.0,5,100.0,100.0,Low density,Protein sequence,protein_fident_max,50,0.0
8gvj__1__1.A__1.B,0.0,1,100.0,112,94.28571428571429,94.28571428571429,Low density,Protein sequence,protein_fident_max,50,0.0
8gwd__1__2.A__2.B_2.C,0.5,1,100.0,30,96.96666666666667,96.96666666666667,Low density,Protein sequence,protein_fident_max,50,50.0
8gww__1__1.A__1.C,0.75,1,98.0,74,93.91891891891892,93.91891891891892,Low density,Protein sequence,protein_fident_max,50,75.0
8gyd__1__1.A_1.B__1.K,0.0,1,100.0,67,92.44776119402985,92.44776119402985,Low density,Protein sequence,protein_fident_max,50,0.0
8gyj__1__1.A_1.B__1.D_1.I,0.0,1,34.0,0,,34.0,No neighbours,Protein sequence,protein_fident_max,50,0.0
8gzc__1__1.A__1.F,1.0,1,100.0,36,92.83333333333333,92.83333333333333,Low density,Protein sequence,protein_fident_max,50,100.0
8h4j__1__1.A_1.D__1.I_1.O,0.5,2,99.0,8,99.0,99.0,Low density,Protein sequence,protein_fident_max,50,50.0
8h53__1__1.A__1.E_1.F_1.P_1.Q,1.0,1,63.0,4,62.25,62.25,Low density,Protein sequence,protein_fident_max,50,100.0
8h59__1__1.A__1.B,0.0,1,52.0,148,50.3445945945946,50.3445945945946,Low density,Protein sequence,protein_fident_max,50,0.0
8h5y__1__1.A__1.D_1.E,0.0,1,22.0,0,,22.0,No neighbours,Protein sequence,protein_fident_max,50,0.0
8h7r__1__1.A__1.B,0.25,1,72.0,361,56.74792243767313,56.74792243767313,High density,Protein sequence,protein_fident_max,50,25.0
8h99__1__1.B__1.H_1.J_1.K,1.0,1,100.0,37,99.43243243243244,99.43243243243244,Low density,Protein sequence,protein_fident_max,50,100.0
8haq__1__1.A__1.C,0.25,1,98.0,243,80.33333333333333,80.33333333333333,High density,Protein sequence,protein_fident_max,50,25.0
8hcc__1__1.B__1.I_1.J_1.K,1.0,1,99.0,32,96.875,96.875,Low density,Protein sequence,protein_fident_max,50,100.0
8hch__1__1.C__1.J,0.0,1,100.0,32,98.8125,98.8125,Low density,Protein sequence,protein_fident_max,50,0.0
8hd3__1__1.A__1.C,0.0,1,100.0,186,97.93010752688173,97.93010752688173,High density,Protein sequence,protein_fident_max,50,0.0
8he2__1__1.A__1.B_1.C,0.0,1,27.0,0,,27.0,No neighbours,Protein sequence,protein_fident_max,50,0.0
8he8__1__1.A__1.D_1.E,1.0,1,98.0,22,84.04545454545455,84.04545454545455,Low density,Protein sequence,protein_fident_max,50,100.0
8hf8__1__1.A__1.C,1.0,1,100.0,660,71.07878787878788,71.07878787878788,High density,Protein sequence,protein_fident_max,50,100.0
8hfh__1__1.A__1.B_1.C,0.75,1,95.0,5,93.8,93.8,Low density,Protein sequence,protein_fident_max,50,75.0
8hfn__1__1.A__1.C_1.D,0.0,1,97.0,2,97.0,97.0,Low density,Protein sequence,protein_fident_max,50,0.0
8hi5__1__1.A__1.B_1.C,0.5,2,50.0,8,50.0,50.0,Low density,Protein sequence,protein_fident_max,50,50.0
8hjg__1__1.A__1.E_1.F,1.0,1,28.0,0,,28.0,No neighbours,Protein sequence,protein_fident_max,50,100.0
8hko__1__1.A__1.D_1.E_1.G_1.H,1.0,1,98.0,17,94.23529411764706,94.23529411764706,Low density,Protein sequence,protein_fident_max,50,100.0
8hlj__1__1.A__1.C,1.0,1,98.0,17,94.11764705882354,94.11764705882354,Low density,Protein sequence,protein_fident_max,50,100.0
8ho6__1__1.A__1.B_1.C,0.0,1,41.0,0,,41.0,No neighbours,Protein sequence,protein_fident_max,50,0.0
8hp4__1__1.A_1.B__1.C_1.D,1.0,1,67.0,57,63.91228070175438,63.91228070175438,Low density,Protein sequence,protein_fident_max,50,100.0
8hpc__1__1.A_1.H__1.P,0.75,1,99.0,12,99.0,99.0,Low density,Protein sequence,protein_fident_max,50,75.0
8hrv__1__1.A_1.B_1.C__1.E_1.H,0.75,1,47.0,0,,47.0,No neighbours,Protein sequence,protein_fident_max,50,75.0
8htg__1__1.A__1.F_1.G,1.0,1,81.0,33,78.72727272727273,78.72727272727273,Low density,Protein sequence,protein_fident_max,50,100.0
8hul__1__1.A__1.C,1.0,1,100.0,660,71.0030303030303,71.0030303030303,High density,Protein sequence,protein_fident_max,50,100.0
8hum__1__1.A__1.C,1.0,1,100.0,660,83.38939393939394,83.38939393939394,High density,Protein sequence,protein_fident_max,50,100.0
8huu__1__1.A__1.C,0.0,1,99.0,36,76.33333333333333,76.33333333333333,Low density,Protein sequence,protein_fident_max,50,0.0
8hx2__1__1.A__1.B_1.C,0.25,1,100.0,30,96.93333333333334,96.93333333333334,Low density,Protein sequence,protein_fident_max,50,25.0
8hxh__1__1.A__1.B_1.C,1.0,1,100.0,30,96.93333333333334,96.93333333333334,Low density,Protein sequence,protein_fident_max,50,100.0
8hxu__1__1.A__1.C_1.D_1.E,0.25,1,100.0,103,99.42718446601941,99.42718446601941,Low density,Protein sequence,protein_fident_max,50,25.0
8hy6__1__1.A__1.C_1.D_1.E,0.25,1,100.0,163,99.68711656441718,99.68711656441718,High density,Protein sequence,protein_fident_max,50,25.0
8hyk__1__1.A__1.B_1.C,0.25,1,33.0,0,,33.0,No neighbours,Protein sequence,protein_fident_max,50,25.0
8hym__1__2.A__2.B_2.C,1.0,1,100.0,30,97.0,97.0,Low density,Protein sequence,protein_fident_max,50,100.0
8hyp__1__2.A__2.B_2.C,0.5,1,100.0,30,96.93333333333334,96.93333333333334,Low density,Protein sequence,protein_fident_max,50,50.0
8hz7__1__1.A__1.B_1.C,1.0,1,100.0,30,96.9,96.9,Low density,Protein sequence,protein_fident_max,50,100.0
8i0d__1__1.A__1.B,0.0,1,48.0,0,,48.0,No neighbours,Protein sequence,protein_fident_max,50,0.0
8i19__1__1.A__1.C_1.D_1.E,1.0,1,100.0,135,97.62222222222222,97.62222222222222,Low density,Protein sequence,protein_fident_max,50,100.0
8i1o__1__1.A__1.F,1.0,1,100.0,93,63.24731182795699,63.24731182795699,Low density,Protein sequence,protein_fident_max,50,100.0
8i2n__1__1.A__1.C,0.75,1,98.0,32,94.71875,94.71875,Low density,Protein sequence,protein_fident_max,50,75.0
8i2u__1__1.A__1.B_1.C,1.0,1,100.0,30,96.8,96.8,Low density,Protein sequence,protein_fident_max,50,100.0
8i4i__1__1.A__1.C,1.0,1,99.0,76,56.11842105263158,56.11842105263158,Low density,Protein sequence,protein_fident_max,50,100.0
8ie5__1__1.A__1.B,0.75,1,99.0,62,91.40322580645162,91.40322580645162,Low density,Protein sequence,protein_fident_max,50,75.0
8ie6__1__1.A__1.B,0.25,1,100.0,62,92.6774193548387,92.6774193548387,Low density,Protein sequence,protein_fident_max,50,25.0
8im3__1__2.C__2.K_2.L,0.0,1,86.0,2,86.0,86.0,Low density,Protein sequence,protein_fident_max,50,0.0
8in7__1__1.A__1.B,0.25,1,44.0,0,,44.0,No neighbours,Protein sequence,protein_fident_max,50,25.0
8ina__1__1.A__1.B_1.C,1.0,1,44.0,0,,44.0,No neighbours,Protein sequence,protein_fident_max,50,100.0
8ind__1__1.A__1.B_1.C_1.D,0.5,2,45.0,0,,45.0,No neighbours,Protein sequence,protein_fident_max,50,50.0
8ino__1__1.A__1.B_1.C_1.D,0.5,2,45.0,0,,45.0,No neighbours,Protein sequence,protein_fident_max,50,50.0
8inv__1__1.A__1.B_1.C_1.D,0.5,2,44.0,0,,44.0,No neighbours,Protein sequence,protein_fident_max,50,50.0
8iqn__1__1.A__1.B,0.75,1,100.0,269,84.23048327137546,84.23048327137546,High density,Protein sequence,protein_fident_max,50,75.0
8iqt__1__1.A__1.B,1.0,1,100.0,269,84.23048327137546,84.23048327137546,High density,Protein sequence,protein_fident_max,50,100.0
8iqu__1__1.A__1.B,1.0,1,35.0,0,,35.0,No neighbours,Protein sequence,protein_fident_max,50,100.0
8iui__1__1.A__1.C,0.0,1,64.0,394,57.48223350253807,57.48223350253807,High density,Protein sequence,protein_fident_max,50,0.0
8ivg__1__1.A__1.B_1.C,0.0,1,100.0,109,98.41284403669725,98.41284403669725,Low density,Protein sequence,protein_fident_max,50,0.0
8ivn__1__1.A_1.B__1.C,0.0,1,29.0,0,,29.0,No neighbours,Protein sequence,protein_fident_max,50,0.0
8ivr__1__1.A__1.B,0.25,1,100.0,109,98.43119266055047,98.43119266055047,Low density,Protein sequence,protein_fident_max,50,25.0
8ivs__1__1.A_1.B__1.C,0.0,1,29.0,0,,29.0,No neighbours,Protein sequence,protein_fident_max,50,0.0
8ivt__1__1.A_1.B__1.F,0.0,1,29.0,0,,29.0,No neighbours,Protein sequence,protein_fident_max,50,0.0
8ivu__1__1.A_1.B__1.I,0.75,1,100.0,144,99.70833333333333,99.70833333333333,Low density,Protein sequence,protein_fident_max,50,75.0
8iw3__1__1.A_1.B__1.C,0.0,1,29.0,0,,29.0,No neighbours,Protein sequence,protein_fident_max,50,0.0
8iw6__1__1.A_1.B__1.F,0.0,1,29.0,0,,29.0,No neighbours,Protein sequence,protein_fident_max,50,0.0
8ix9__1__2.A__2.D_2.E_2.F,0.75,1,28.0,0,,28.0,No neighbours,Protein sequence,protein_fident_max,50,75.0
8izc__1__1.A_1.B__1.I,0.25,1,100.0,130,89.67692307692307,89.67692307692307,Low density,Protein sequence,protein_fident_max,50,25.0
8j1g__1__1.B__1.H_1.I,0.75,2,23.0,0,,23.0,No neighbours,Protein sequence,protein_fident_max,50,75.0
8j30__1__1.A__1.C,0.0,1,98.0,2,98.0,98.0,Low density,Protein sequence,protein_fident_max,50,0.0
8j3c__1__1.A__1.B_1.C,1.0,1,100.0,30,97.06666666666666,97.06666666666666,Low density,Protein sequence,protein_fident_max,50,100.0
8j40__1__1.A_2.A__1.D,0.0,1,70.0,24,60.541666666666664,60.541666666666664,Low density,Protein sequence,protein_fident_max,50,0.0
8j5e__1__1.A__1.B,0.0,1,24.0,0,,24.0,No neighbours,Protein sequence,protein_fident_max,50,0.0
8j5f__1__2.A__2.B,0.25,1,26.0,0,,26.0,No neighbours,Protein sequence,protein_fident_max,50,25.0
8j5x__1__1.A__1.B,1.0,1,99.0,79,90.9367088607595,90.9367088607595,Low density,Protein sequence,protein_fident_max,50,100.0
8j7j__1__1.A_1.B__1.C,0.0,1,29.0,0,,29.0,No neighbours,Protein sequence,protein_fident_max,50,0.0
8j8x__1__1.A__1.B_1.C,1.0,1,100.0,30,97.1,97.1,Low density,Protein sequence,protein_fident_max,50,100.0
8jby__1__1.A__1.C,1.0,1,98.0,22,74.0,74.0,Low density,Protein sequence,protein_fident_max,50,100.0
8jc5__1__1.A__1.E_1.F,1.0,1,94.0,3,92.33333333333333,92.33333333333333,Low density,Protein sequence,protein_fident_max,50,100.0
8jdb__1__1.A__1.B_1.C,0.75,2,29.0,0,,29.0,No neighbours,Protein sequence,protein_fident_max,50,75.0
8jdg__1__1.A__1.B_1.C,0.75,2,28.0,0,,28.0,No neighbours,Protein sequence,protein_fident_max,50,75.0
8jdn__1__1.A__1.B_1.C,1.0,2,28.0,0,,28.0,No neighbours,Protein sequence,protein_fident_max,50,100.0
8jdo__1__1.A__1.B_1.C,0.75,2,28.0,0,,28.0,No neighbours,Protein sequence,protein_fident_max,50,75.0
8jdp__1__1.A__1.B_1.C,1.0,2,28.0,0,,28.0,No neighbours,Protein sequence,protein_fident_max,50,100.0
8jdq__1__1.A__1.B_1.C,0.625,2,28.0,0,,28.0,No neighbours,Protein sequence,protein_fident_max,50,62.5
8jdr__1__1.A__1.B_1.C,1.0,2,28.0,0,,28.0,No neighbours,Protein sequence,protein_fident_max,50,100.0
8jds__1__1.A__1.B_1.C_1.D,0.875,2,29.0,0,,29.0,No neighbours,Protein sequence,protein_fident_max,50,87.5
8jdt__1__1.A__1.B_1.C_1.D,1.0,2,28.0,0,,28.0,No neighbours,Protein sequence,protein_fident_max,50,100.0
8jdv__1__1.A__1.B_1.C_1.D,1.0,1,29.0,0,,29.0,No neighbours,Protein sequence,protein_fident_max,50,100.0
8jdx__1__1.A__1.B_1.C_1.D,1.0,2,29.0,0,,29.0,No neighbours,Protein sequence,protein_fident_max,50,100.0
8jdy__1__1.A__1.B_1.C_1.D,1.0,2,28.0,0,,28.0,No neighbours,Protein sequence,protein_fident_max,50,100.0
8jdz__1__1.A__1.B_1.C_1.D,1.0,2,28.0,0,,28.0,No neighbours,Protein sequence,protein_fident_max,50,100.0
8jg8__1__1.A__1.B,1.0,1,100.0,299,93.93979933110369,93.93979933110369,High density,Protein sequence,protein_fident_max,50,100.0
8jjk__1__1.A__1.B_1.F_1.G_1.H,0.5,1,65.0,2,65.0,65.0,Low density,Protein sequence,protein_fident_max,50,50.0
8jk8__1__1.A__1.B_1.C_1.D,0.75,1,65.0,2,65.0,65.0,Low density,Protein sequence,protein_fident_max,50,75.0
8jkp__1__2.A__2.B_2.C_2.D_2.E,0.5,1,65.0,2,65.0,65.0,Low density,Protein sequence,protein_fident_max,50,50.0
8jkr__1__1.A__1.B_1.G_1.H_1.I,0.5,1,66.0,2,65.5,65.5,Low density,Protein sequence,protein_fident_max,50,50.0
8jm8__1__1.A__1.C_1.I,1.0,2,99.0,226,89.48672566371681,89.48672566371681,High density,Protein sequence,protein_fident_max,50,100.0
8jmo__1__1.A__1.D,0.25,1,56.0,3,55.666666666666664,55.666666666666664,Low density,Protein sequence,protein_fident_max,50,25.0
8jmp__1__1.A__1.D,0.0,1,56.0,3,56.0,56.0,Low density,Protein sequence,protein_fident_max,50,0.0
8jmz__1__1.A__1.C_1.E_1.J,0.5,1,100.0,341,75.15542521994135,75.15542521994135,High density,Protein sequence,protein_fident_max,50,50.0
8jot__1__1.A__1.B,0.0,1,100.0,188,60.61702127659574,60.61702127659574,High density,Protein sequence,protein_fident_max,50,0.0
8jqp__1__2.A__2.C_2.D_2.E,1.0,1,47.0,0,,47.0,No neighbours,Protein sequence,protein_fident_max,50,100.0
8jqz__1__1.A_2.B__1.C,0.0,1,98.0,2,97.0,97.0,Low density,Protein sequence,protein_fident_max,50,0.0
8jt3__1__1.A_1.C__1.E,1.0,1,100.0,24,100.0,100.0,Low density,Protein sequence,protein_fident_max,50,100.0
8ju9__1__1.A_2.A_4.A__1.B,0.25,1,29.0,0,,29.0,No neighbours,Protein sequence,protein_fident_max,50,25.0
8jwy__1__1.A__1.B,1.0,1,100.0,558,72.53225806451613,72.53225806451613,High density,Protein sequence,protein_fident_max,50,100.0
8jya__1__1.B__1.G,0.0,1,80.0,14,79.28571428571429,79.28571428571429,Low density,Protein sequence,protein_fident_max,50,0.0
8jyc__1__1.A_1.B_1.C__1.T,0.0,1,100.0,14,93.57142857142857,93.57142857142857,Low density,Protein sequence,protein_fident_max,50,0.0
8jye__1__1.A_1.B_1.D__1.P,0.0,1,100.0,14,93.78571428571429,93.78571428571429,Low density,Protein sequence,protein_fident_max,50,0.0
8jyf__1__1.B__1.F,0.0,1,80.0,14,79.28571428571429,79.28571428571429,Low density,Protein sequence,protein_fident_max,50,0.0
8jyg__1__1.A_1.B__1.C_1.Y,0.5,1,100.0,42,99.97619047619048,99.97619047619048,Low density,Protein sequence,protein_fident_max,50,50.0
8k4c__1__1.B__1.G,0.75,1,100.0,347,96.02017291066282,96.02017291066282,High density,Protein sequence,protein_fident_max,50,75.0
8k5y__1__1.A__1.H,0.0,1,100.0,427,61.18501170960187,61.18501170960187,High density,Protein sequence,protein_fident_max,50,0.0
8k9y__1__1.A__1.C_1.E,0.25,1,78.0,3,78.0,78.0,Low density,Protein sequence,protein_fident_max,50,25.0
8ke1__1__2.A__2.B_2.C_2.D_2.E,1.0,1,100.0,180,95.75555555555556,95.75555555555556,High density,Protein sequence,protein_fident_max,50,100.0
8ke2__1__2.A__2.B_2.C_2.D_2.E,0.5,1,100.0,180,94.96666666666667,94.96666666666667,High density,Protein sequence,protein_fident_max,50,50.0
8ke4__1__2.A__2.B_2.C_2.D_2.E,0.5,2,100.0,180,96.07777777777778,96.07777777777778,High density,Protein sequence,protein_fident_max,50,50.0
8ogh__1__1.A_1.B__1.M_1.R,0.0,1,41.0,0,,41.0,No neighbours,Protein sequence,protein_fident_max,50,0.0
8oku__1__1.A_1.B__1.C,0.0,1,56.0,9,54.888888888888886,54.888888888888886,Low density,Protein sequence,protein_fident_max,50,0.0
8oli__1__1.A__1.B_1.C,0.75,1,100.0,1061,95.44863336475024,95.44863336475024,High density,Protein sequence,protein_fident_max,50,75.0
8omp__1__1.A__1.B_1.C,0.0,1,100.0,1061,95.44863336475024,95.44863336475024,High density,Protein sequence,protein_fident_max,50,0.0
8onn__1__1.A__1.F,0.5,1,32.0,0,,32.0,No neighbours,Protein sequence,protein_fident_max,50,50.0
8oo2__1__1.A_1.B__1.C_1.D,0.0,1,44.0,0,,44.0,No neighbours,Protein sequence,protein_fident_max,50,0.0
8ooj__1__1.B__1.H,0.5,1,100.0,319,95.07523510971787,95.07523510971787,High density,Protein sequence,protein_fident_max,50,50.0
8oov__1__1.A_1.B__1.D,1.0,1,100.0,324,66.38888888888889,66.38888888888889,High density,Protein sequence,protein_fident_max,50,100.0
8oq2__1__1.B__1.H_1.I,1.0,1,99.0,22,84.5909090909091,84.5909090909091,Low density,Protein sequence,protein_fident_max,50,100.0
8otv__1__1.A_1.B__1.F,0.0,1,22.0,0,,22.0,No neighbours,Protein sequence,protein_fident_max,50,0.0
8ou2__1__1.A__1.C,1.0,1,100.0,25,97.4,97.4,Low density,Protein sequence,protein_fident_max,50,100.0
8ou3__1__1.A_1.C__1.E,1.0,1,100.0,89,98.92134831460675,98.92134831460675,Low density,Protein sequence,protein_fident_max,50,100.0
8ou5__1__1.A_1.C__1.E,1.0,1,100.0,89,98.96629213483146,98.96629213483146,Low density,Protein sequence,protein_fident_max,50,100.0
8ouk__1__1.A__1.B_1.C,1.0,1,40.0,0,,40.0,No neighbours,Protein sequence,protein_fident_max,50,100.0
8oum__1__1.A__1.F_1.G,1.0,1,44.0,0,,44.0,No neighbours,Protein sequence,protein_fident_max,50,100.0
8oun__1__1.A__1.C_1.D,1.0,1,45.0,0,,45.0,No neighbours,Protein sequence,protein_fident_max,50,100.0
8ouu__1__1.A__1.F,0.0,1,99.0,112,94.08928571428571,94.08928571428571,Low density,Protein sequence,protein_fident_max,50,0.0
8ov7__1__1.A__1.B,0.0,1,99.0,112,93.34821428571429,93.34821428571429,Low density,Protein sequence,protein_fident_max,50,0.0
8ovr__1__1.A__1.B,0.0,1,31.0,0,,31.0,No neighbours,Protein sequence,protein_fident_max,50,0.0
8ovs__1__1.A__1.C_1.F_1.I_1.Q_1.T,0.5,1,70.0,2,69.5,69.5,Low density,Protein sequence,protein_fident_max,50,50.0
8ozv__1__1.A_2.A__1.B_1.C,0.625,2,55.0,54,53.22222222222222,53.22222222222222,Low density,Protein sequence,protein_fident_max,50,62.5
8p0e__1__1.A__1.C,1.0,1,31.0,0,,31.0,No neighbours,Protein sequence,protein_fident_max,50,100.0
8p0m__1__1.C__1.L,0.0,1,98.0,38,76.28947368421052,76.28947368421052,Low density,Protein sequence,protein_fident_max,50,0.0
8p0o__1__1.A__1.H_1.P,0.0,1,71.0,2,70.5,70.5,Low density,Protein sequence,protein_fident_max,50,0.0
8p0p__1__1.A__1.C,0.0,1,71.0,2,70.5,70.5,Low density,Protein sequence,protein_fident_max,50,0.0
8p1e__1__1.D_1.E__1.P,0.0,1,100.0,694,89.4077809798271,89.4077809798271,High density,Protein sequence,protein_fident_max,50,0.0
8p1p__1__1.A__1.E,0.0,1,20.0,0,,20.0,No neighbours,Protein sequence,protein_fident_max,50,0.0
8p41__1__1.A__1.K_1.L,0.0,2,100.0,610,99.79016393442623,99.79016393442623,High density,Protein sequence,protein_fident_max,50,0.0
8p44__1__1.A_1.B__1.E,0.0,1,94.0,9,94.0,94.0,Low density,Protein sequence,protein_fident_max,50,0.0
8p4z__1__1.A__1.C,1.0,1,95.0,8,93.375,93.375,Low density,Protein sequence,protein_fident_max,50,100.0
8p5c__1__1.A_1.B__1.C,0.0,1,100.0,843,96.95136417556347,96.95136417556347,High density,Protein sequence,protein_fident_max,50,0.0
8paf__1__1.A_1.B__1.C,1.0,1,100.0,72,94.01388888888889,94.01388888888889,Low density,Protein sequence,protein_fident_max,50,100.0
8pbo__1__1.A__1.C,1.0,1,100.0,660,84.35151515151514,84.35151515151514,High density,Protein sequence,protein_fident_max,50,100.0
8pfl__1__1.A__1.C,0.0,1,98.0,1,98.0,98.0,Low density,Protein sequence,protein_fident_max,50,0.0
8ph4__1__1.A_1.B__1.D_1.F,0.0,1,100.0,841,97.06896551724138,97.06896551724138,High density,Protein sequence,protein_fident_max,50,0.0
8pj0__1__1.A_1.B__1.V,0.75,1,100.0,30,71.2,71.2,Low density,Protein sequence,protein_fident_max,50,75.0
8pj7__1__1.A__1.B,0.25,1,100.0,41,91.63414634146342,91.63414634146342,Low density,Protein sequence,protein_fident_max,50,25.0
8pji__1__1.A__1.E,1.0,1,100.0,41,91.02439024390245,91.02439024390245,Low density,Protein sequence,protein_fident_max,50,100.0
8pom__1__1.A__1.C,1.0,1,100.0,38,85.63157894736842,85.63157894736842,Low density,Protein sequence,protein_fident_max,50,100.0
8pp0__1__1.A__1.C,0.75,1,100.0,231,97.55844155844156,97.55844155844156,High density,Protein sequence,protein_fident_max,50,75.0
8pp8__1__1.A__1.D,0.75,1,100.0,9,84.44444444444444,84.44444444444444,Low density,Protein sequence,protein_fident_max,50,75.0
8pp9__1__1.A__1.C_1.D_1.H,0.875,2,100.0,18,84.55555555555556,84.55555555555556,Low density,Protein sequence,protein_fident_max,50,87.5
8ppf__1__1.A__1.D,0.25,1,100.0,9,84.44444444444444,84.44444444444444,Low density,Protein sequence,protein_fident_max,50,25.0
8ppg__1__1.A__1.F_1.G_1.H_1.I,0.375,2,100.0,18,84.44444444444444,84.44444444444444,Low density,Protein sequence,protein_fident_max,50,37.5
8pq9__1__1.A__1.C,0.25,1,100.0,291,60.422680412371136,60.422680412371136,High density,Protein sequence,protein_fident_max,50,25.0
8pqa__1__1.A__1.C,0.0,1,99.0,320,59.5875,59.5875,High density,Protein sequence,protein_fident_max,50,0.0
8pqf__1__1.A__1.C,0.0,1,99.0,293,60.027303754266214,60.027303754266214,High density,Protein sequence,protein_fident_max,50,0.0
8pqq__1__1.B_1.D__1.J,0.5,1,23.0,0,,23.0,No neighbours,Protein sequence,protein_fident_max,50,50.0
8pqr__1__1.A_1.B_1.C__1.E,0.25,1,27.0,0,,27.0,No neighbours,Protein sequence,protein_fident_max,50,25.0
8prx__1__1.D__1.IA_1.JA_1.KA,0.25,1,100.0,310,65.21612903225807,65.21612903225807,High density,Protein sequence,protein_fident_max,50,25.0
8px2__1__1.A__1.B,1.0,1,100.0,204,91.58333333333333,91.58333333333333,High density,Protein sequence,protein_fident_max,50,100.0
8px8__1__1.A__1.D,0.75,1,100.0,204,91.54411764705883,91.54411764705883,High density,Protein sequence,protein_fident_max,50,75.0
8pyi__1__1.A__1.I,0.25,1,99.0,100,91.79,91.79,Low density,Protein sequence,protein_fident_max,50,25.0
8pyn__1__1.A__1.B,0.5,1,100.0,100,92.57,92.57,Low density,Protein sequence,protein_fident_max,50,50.0
8q0t__1__1.A__1.C,0.0,1,100.0,11,98.36363636363636,98.36363636363636,Low density,Protein sequence,protein_fident_max,50,0.0
8q0u__1__1.A__1.D,0.25,1,100.0,11,98.54545454545455,98.54545454545455,Low density,Protein sequence,protein_fident_max,50,25.0
8q17__1__1.A__1.F,0.0,1,100.0,11,98.54545454545455,98.54545454545455,Low density,Protein sequence,protein_fident_max,50,0.0
8q1m__1__1.A_1.B__1.G,0.0,1,100.0,574,97.71254355400697,97.71254355400697,High density,Protein sequence,protein_fident_max,50,0.0
8q2u__1__1.A__1.C,0.75,1,100.0,104,97.6826923076923,97.6826923076923,Low density,Protein sequence,protein_fident_max,50,75.0
8q2w__1__1.A__1.C,1.0,1,100.0,104,99.375,99.375,Low density,Protein sequence,protein_fident_max,50,100.0
8q2y__1__1.A__1.C,1.0,1,100.0,104,99.35576923076923,99.35576923076923,Low density,Protein sequence,protein_fident_max,50,100.0
8q31__1__1.A__1.C,1.0,1,100.0,104,97.8173076923077,97.8173076923077,Low density,Protein sequence,protein_fident_max,50,100.0
8q34__1__1.A__1.F,0.5,1,100.0,589,95.44142614601019,95.44142614601019,High density,Protein sequence,protein_fident_max,50,50.0
8q5v__1__1.A_1.B__1.P_1.Q,1.0,1,65.0,48,64.14583333333333,64.14583333333333,Low density,Protein sequence,protein_fident_max,50,100.0
8q5x__1__1.A_1.C__1.E_1.F,0.0,1,67.0,48,65.85416666666667,65.85416666666667,Low density,Protein sequence,protein_fident_max,50,0.0
8q9v__1__2.A__2.C_2.D_2.E,0.0,1,51.0,4,51.0,51.0,Low density,Protein sequence,protein_fident_max,50,0.0
8qc4__1__1.A__1.C,0.75,1,100.0,31,97.54838709677419,97.54838709677419,Low density,Protein sequence,protein_fident_max,50,75.0
8qc5__1__1.B__1.E_1.F,1.0,1,22.0,0,,22.0,No neighbours,Protein sequence,protein_fident_max,50,100.0
8qdy__1__1.A_2.A__1.B,0.25,1,100.0,147,85.07482993197279,85.07482993197279,Low density,Protein sequence,protein_fident_max,50,25.0
8qdz__1__1.A_2.A__2.B,0.5,1,100.0,147,85.08843537414965,85.08843537414965,Low density,Protein sequence,protein_fident_max,50,50.0
8qe0__1__1.A_2.A__2.B,0.5,1,100.0,147,85.07482993197279,85.07482993197279,Low density,Protein sequence,protein_fident_max,50,50.0
8qe1__1__1.A_2.A__1.B,0.75,1,100.0,147,85.06802721088435,85.06802721088435,Low density,Protein sequence,protein_fident_max,50,75.0
8qe3__1__1.A_2.A__1.B,0.75,1,100.0,147,85.12244897959184,85.12244897959184,Low density,Protein sequence,protein_fident_max,50,75.0
8qel__1__1.B__1.C,1.0,1,98.0,6,92.0,92.0,Low density,Protein sequence,protein_fident_max,50,100.0
8qhq__1__1.A_1.B__1.G,1.0,1,95.0,34,81.76470588235294,81.76470588235294,Low density,Protein sequence,protein_fident_max,50,100.0
8qic__1__1.B__1.F_1.J,0.0,1,100.0,37,99.45945945945945,99.45945945945945,Low density,Protein sequence,protein_fident_max,50,0.0
8qk2__1__1.A__1.D,1.0,1,99.0,4,96.25,96.25,Low density,Protein sequence,protein_fident_max,50,100.0
8qk5__1__1.A__1.D,0.0,1,98.0,4,94.5,94.5,Low density,Protein sequence,protein_fident_max,50,0.0
8qk9__1__1.A__1.D,0.75,1,83.0,4,81.5,81.5,Low density,Protein sequence,protein_fident_max,50,75.0
8qka__1__1.A__1.D,0.0,1,98.0,4,95.0,95.0,Low density,Protein sequence,protein_fident_max,50,0.0
8qkb__1__1.D__1.CA_1.HA,1.0,1,100.0,310,65.19032258064516,65.19032258064516,High density,Protein sequence,protein_fident_max,50,100.0
8qlr__1__1.B__1.F,1.0,1,100.0,53,86.69811320754717,86.69811320754717,Low density,Protein sequence,protein_fident_max,50,100.0
8qmx__1__1.A__1.C_1.D_1.F,0.3333333333333333,3,99.0,90,77.1,77.1,Low density,Protein sequence,protein_fident_max,50,33.33333333333333
8qmy__1__1.A__1.D_1.E,1.0,1,22.0,0,,22.0,No neighbours,Protein sequence,protein_fident_max,50,100.0
8qpn__1__1.A__1.B_1.I,1.0,1,100.0,63,98.98412698412699,98.98412698412699,Low density,Protein sequence,protein_fident_max,50,100.0
8qq4__1__1.A__1.B_1.I,1.0,1,100.0,63,98.98412698412699,98.98412698412699,Low density,Protein sequence,protein_fident_max,50,100.0
8qqg__1__1.A__1.D,1.0,1,98.0,193,91.80829015544042,91.80829015544042,High density,Protein sequence,protein_fident_max,50,100.0
8qqy__1__1.A__1.B,1.0,1,97.0,112,80.92857142857143,80.92857142857143,Low density,Protein sequence,protein_fident_max,50,100.0
8qtt__1__1.C__1.D_1.V,0.0,1,90.0,918,62.60348583877995,62.60348583877995,High density,Protein sequence,protein_fident_max,50,0.0
8qve__1__1.A__1.B_1.D,1.0,1,46.0,0,,46.0,No neighbours,Protein sequence,protein_fident_max,50,100.0
8qyg__1__1.A_1.B__1.C_1.L,1.0,1,54.0,6,54.0,54.0,Low density,Protein sequence,protein_fident_max,50,100.0
8qyq__1__1.A__1.H,0.0,1,97.0,45,68.08888888888889,68.08888888888889,Low density,Protein sequence,protein_fident_max,50,0.0
8qyu__1__1.A__1.K_1.L,0.25,1,100.0,41,70.29268292682927,70.29268292682927,Low density,Protein sequence,protein_fident_max,50,25.0
8qyw__1__1.A_2.A__1.C_1.E,0.5,1,98.0,6,97.0,97.0,Low density,Protein sequence,protein_fident_max,50,50.0
8r0i__1__1.A_2.A__1.D,0.75,1,100.0,30,71.2,71.2,Low density,Protein sequence,protein_fident_max,50,75.0
8r11__1__1.A_1.B__1.C,1.0,1,100.0,843,96.94424673784104,96.94424673784104,High density,Protein sequence,protein_fident_max,50,100.0
8r12__1__1.A_1.B__1.C,0.0,1,100.0,843,96.95373665480427,96.95373665480427,High density,Protein sequence,protein_fident_max,50,0.0
8r1n__1__1.A__1.C,0.0,1,100.0,199,98.69346733668341,98.69346733668341,High density,Protein sequence,protein_fident_max,50,0.0
8r1p__1__1.A_1.B__1.C,0.25,1,99.0,199,97.4321608040201,97.4321608040201,High density,Protein sequence,protein_fident_max,50,25.0
8r3d__1__1.B_1.E__1.J,1.0,1,98.0,42,81.21428571428571,81.21428571428571,Low density,Protein sequence,protein_fident_max,50,100.0
8r41__1__1.A__1.E_1.F_1.G,1.0,1,99.0,192,75.51041666666667,75.51041666666667,High density,Protein sequence,protein_fident_max,50,100.0
8r42__1__1.B__1.Q,0.25,1,100.0,196,75.67857142857143,75.67857142857143,High density,Protein sequence,protein_fident_max,50,25.0
8r4o__1__1.A__1.M,0.75,1,56.0,9,54.666666666666664,54.666666666666664,Low density,Protein sequence,protein_fident_max,50,75.0
8r4q__1__1.A__1.M_1.N,0.75,1,56.0,9,54.55555555555556,54.55555555555556,Low density,Protein sequence,protein_fident_max,50,75.0
8r4u__1__1.A__1.I,0.5,1,56.0,9,54.55555555555556,54.55555555555556,Low density,Protein sequence,protein_fident_max,50,50.0
8r4x__1__1.A__1.J_1.K_1.L_1.P,0.5,1,100.0,196,75.68877551020408,75.68877551020408,High density,Protein sequence,protein_fident_max,50,50.0
8r99__1__1.A__1.B_1.C,0.25,1,96.0,8,95.0,95.0,Low density,Protein sequence,protein_fident_max,50,25.0
8rb6__1__1.A__1.C_1.D,0.5,2,99.0,354,82.03389830508475,82.03389830508475,High density,Protein sequence,protein_fident_max,50,50.0
8rdk__1__1.A__1.D,0.0,1,100.0,29,99.89655172413794,99.89655172413794,Low density,Protein sequence,protein_fident_max,50,0.0
8s8x__1__1.A__1.C_1.E_1.F_1.I,0.5833333333333334,3,100.0,189,92.9047619047619,92.9047619047619,High density,Protein sequence,protein_fident_max,50,58.333333333333336
8s98__1__1.A__1.D,1.0,1,99.0,37,96.97297297297297,96.97297297297297,Low density,Protein sequence,protein_fident_max,50,100.0
8sam__1__1.A__1.C_1.D,0.0,1,23.0,0,,23.0,No neighbours,Protein sequence,protein_fident_max,50,0.0
8se5__1__1.A_1.B__1.H,0.25,1,34.0,0,,34.0,No neighbours,Protein sequence,protein_fident_max,50,25.0
8sf3__1__1.A__1.B_1.C,0.75,1,52.0,30,50.86666666666667,50.86666666666667,Low density,Protein sequence,protein_fident_max,50,75.0
8sft__1__1.A__1.E_1.F,0.5,2,21.0,0,,21.0,No neighbours,Protein sequence,protein_fident_max,50,50.0
8sge__1__1.A__1.H,0.75,1,98.0,6,97.83333333333333,97.83333333333333,Low density,Protein sequence,protein_fident_max,50,75.0
8sip__1__1.A_1.B__1.C,0.75,1,98.0,1280,61.72265625,61.72265625,High density,Protein sequence,protein_fident_max,50,75.0
8six__1__1.A__1.B,0.75,1,100.0,162,94.84567901234568,94.84567901234568,High density,Protein sequence,protein_fident_max,50,75.0
8sk0__1__1.B__1.G_1.H,0.75,1,64.0,6,63.666666666666664,63.666666666666664,Low density,Protein sequence,protein_fident_max,50,75.0
8slg__1__1.A__1.C,1.0,1,46.0,0,,46.0,No neighbours,Protein sequence,protein_fident_max,50,100.0
8sqg__1__1.A__1.C_1.D,0.25,1,100.0,277,99.38989169675091,99.38989169675091,High density,Protein sequence,protein_fident_max,50,25.0
8su1__1__1.A__1.C_1.D_1.E_1.F,1.0,1,100.0,18,99.16666666666667,99.16666666666667,Low density,Protein sequence,protein_fident_max,50,100.0
8sv9__1__1.A__1.C,1.0,1,100.0,25,82.52,82.52,Low density,Protein sequence,protein_fident_max,50,100.0
8svl__1__1.A__1.B_1.C_1.G,1.0,1,100.0,46,99.69565217391305,99.69565217391305,Low density,Protein sequence,protein_fident_max,50,100.0
8swe__1__1.A__1.E,1.0,1,100.0,362,74.72651933701657,74.72651933701657,High density,Protein sequence,protein_fident_max,50,100.0
8swr__1__1.A_1.B__1.I,1.0,1,99.0,3,99.0,99.0,Low density,Protein sequence,protein_fident_max,50,100.0
8swt__1__1.A_2.A__1.C_1.D,1.0,1,51.0,6,50.5,50.5,Low density,Protein sequence,protein_fident_max,50,100.0
8swu__1__1.A_1.B__1.D_1.E,1.0,1,51.0,1,51.0,51.0,Low density,Protein sequence,protein_fident_max,50,100.0
8sx2__1__1.A__1.C,1.0,1,30.0,0,,30.0,No neighbours,Protein sequence,protein_fident_max,50,100.0
8sx4__1__1.A__1.C,0.0,1,99.0,125,93.52,93.52,Low density,Protein sequence,protein_fident_max,50,0.0
8sxy__1__1.A__1.C,0.0,1,46.0,0,,46.0,No neighbours,Protein sequence,protein_fident_max,50,0.0
8sye__1__1.A__1.C,0.0,1,46.0,0,,46.0,No neighbours,Protein sequence,protein_fident_max,50,0.0
8sz3__1__1.A_2.B__1.G,0.0,1,99.0,64,97.796875,97.796875,Low density,Protein sequence,protein_fident_max,50,0.0
8sze__1__1.A__1.C,1.0,1,95.0,193,73.56994818652849,73.56994818652849,High density,Protein sequence,protein_fident_max,50,100.0
8szq__1__1.A__1.B_1.C,0.25,1,96.0,4,74.5,74.5,Low density,Protein sequence,protein_fident_max,50,25.0
8szs__1__1.A__1.B_1.C,0.25,1,96.0,4,74.25,74.25,Low density,Protein sequence,protein_fident_max,50,25.0
8t1q__1__1.A__1.B_1.F_1.G,0.25,1,93.0,2,93.0,93.0,Low density,Protein sequence,protein_fident_max,50,25.0
8t1y__1__1.A__1.B,1.0,1,30.0,0,,30.0,No neighbours,Protein sequence,protein_fident_max,50,100.0
8t27__1__1.A__1.B,1.0,1,30.0,0,,30.0,No neighbours,Protein sequence,protein_fident_max,50,100.0
8t2h__1__1.A__1.C_1.D_1.E,0.5,1,100.0,184,98.4945652173913,98.4945652173913,High density,Protein sequence,protein_fident_max,50,50.0
8t5k__1__1.A_2.A__1.B_2.B,0.5,2,98.0,118,91.9322033898305,91.9322033898305,Low density,Protein sequence,protein_fident_max,50,50.0
8t5n__1__1.A__1.B_1.M,1.0,1,45.0,0,,45.0,No neighbours,Protein sequence,protein_fident_max,50,100.0
8t8v__1__1.A__1.B_1.C_1.E_1.F,0.75,1,24.0,0,,24.0,No neighbours,Protein sequence,protein_fident_max,50,75.0
8t9v__1__1.A__1.B,0.75,1,100.0,80,99.475,99.475,Low density,Protein sequence,protein_fident_max,50,75.0
8tab__1__1.A__1.E_1.G,1.0,1,100.0,80,99.475,99.475,Low density,Protein sequence,protein_fident_max,50,100.0
8tc9__1__1.A__1.E_1.M,1.0,1,64.0,4,63.25,63.25,Low density,Protein sequence,protein_fident_max,50,100.0
8tce__1__1.A__1.C,0.25,1,86.0,19,68.3157894736842,68.3157894736842,Low density,Protein sequence,protein_fident_max,50,25.0
8tqv__1__1.A__1.C,0.0,1,98.0,11,96.9090909090909,96.9090909090909,Low density,Protein sequence,protein_fident_max,50,0.0
8tti__1__1.A__1.E,1.0,1,100.0,61,65.98360655737704,65.98360655737704,Low density,Protein sequence,protein_fident_max,50,100.0
8twj__1__1.A__1.B_1.C_1.D_1.E,0.75,1,99.0,1,99.0,99.0,Low density,Protein sequence,protein_fident_max,50,75.0
8typ__1__1.A__1.C,0.75,1,100.0,3,98.0,98.0,Low density,Protein sequence,protein_fident_max,50,75.0
8u0n__1__1.B__1.E_1.F,0.0,2,35.0,0,,35.0,No neighbours,Protein sequence,protein_fident_max,50,0.0
8u2e__1__1.A__1.B,0.0,1,100.0,220,80.22272727272727,80.22272727272727,High density,Protein sequence,protein_fident_max,50,0.0
8u2r__1__1.A__1.C,1.0,1,52.0,30,50.766666666666666,50.766666666666666,Low density,Protein sequence,protein_fident_max,50,100.0
8u37__1__1.A__1.B,0.5,1,99.0,38,62.026315789473685,62.026315789473685,Low density,Protein sequence,protein_fident_max,50,50.0
8u4w__1__1.A__1.E,0.75,1,99.0,151,92.66225165562913,92.66225165562913,High density,Protein sequence,protein_fident_max,50,75.0
8u7w__1__1.A__1.C,0.75,1,100.0,74,94.98648648648648,94.98648648648648,Low density,Protein sequence,protein_fident_max,50,75.0
8u7x__1__1.A__1.C,0.75,1,98.0,74,94.44594594594595,94.44594594594595,Low density,Protein sequence,protein_fident_max,50,75.0
8u8j__1__1.A__1.B,1.0,1,100.0,204,93.0343137254902,93.0343137254902,High density,Protein sequence,protein_fident_max,50,100.0
8u8k__1__1.A__1.B,1.0,1,100.0,204,93.07843137254902,93.07843137254902,High density,Protein sequence,protein_fident_max,50,100.0
8u97__1__1.A__1.B,1.0,1,73.0,6,71.5,71.5,Low density,Protein sequence,protein_fident_max,50,100.0
8uak__1__1.A__1.B,0.75,1,98.0,38,62.10526315789474,62.10526315789474,Low density,Protein sequence,protein_fident_max,50,75.0
8ufp__1__1.A_1.B__1.K,0.0,1,100.0,1358,82.86156111929307,82.86156111929307,High density,Protein sequence,protein_fident_max,50,0.0
8ug3__1__1.A_1.B__1.C,0.25,1,100.0,48,98.41666666666667,98.41666666666667,Low density,Protein sequence,protein_fident_max,50,25.0
8ui1__1__1.A__1.B_1.C,1.0,1,42.0,0,,42.0,No neighbours,Protein sequence,protein_fident_max,50,100.0
8ujy__1__1.B__1.D,1.0,1,100.0,142,99.06338028169014,99.06338028169014,Low density,Protein sequence,protein_fident_max,50,100.0
8uk6__1__1.A__1.C,0.0,1,41.0,0,,41.0,No neighbours,Protein sequence,protein_fident_max,50,0.0
8un3__1__1.A__1.E_1.F_1.H,0.5,2,100.0,2061,90.96360989810772,90.96360989810772,High density,Protein sequence,protein_fident_max,50,50.0
8uob__1__1.A__1.B,0.25,1,100.0,60,97.06666666666666,97.06666666666666,Low density,Protein sequence,protein_fident_max,50,25.0
8ur9__1__1.A_1.B__1.C,1.0,1,100.0,843,96.9644128113879,96.9644128113879,High density,Protein sequence,protein_fident_max,50,100.0
8usm__1__1.A__1.C,1.0,1,99.0,18,97.22222222222223,97.22222222222223,Low density,Protein sequence,protein_fident_max,50,100.0
8uuf__1__1.A__1.B,1.0,1,100.0,60,97.06666666666666,97.06666666666666,Low density,Protein sequence,protein_fident_max,50,100.0
8uuu__1__1.A__1.B,0.5,1,99.0,60,96.18333333333334,96.18333333333334,Low density,Protein sequence,protein_fident_max,50,50.0
8uuv__1__1.A__1.B,0.75,1,100.0,60,96.3,96.3,Low density,Protein sequence,protein_fident_max,50,75.0
8ux7__1__1.B__1.I,0.5,1,99.0,391,83.02046035805627,83.02046035805627,High density,Protein sequence,protein_fident_max,50,50.0
8v2t__1__1.A_3.A_4.A__3.C_4.B,1.0,1,100.0,20,99.2,99.2,Low density,Protein sequence,protein_fident_max,50,100.0
8v8e__1__1.A__1.D,0.0,1,100.0,851,96.78025851938895,96.78025851938895,High density,Protein sequence,protein_fident_max,50,0.0
8vh9__1__1.A_1.B__1.C_1.F,1.0,1,99.0,219,87.25570776255708,87.25570776255708,High density,Protein sequence,protein_fident_max,50,100.0
8vw1__1__1.A__1.B_1.C,1.0,1,100.0,23,98.69565217391305,98.69565217391305,Low density,Protein sequence,protein_fident_max,50,100.0
8w4s__1__1.A__1.D,0.25,1,100.0,55,90.65454545454546,90.65454545454546,Low density,Protein sequence,protein_fident_max,50,25.0
8wd4__1__1.A__1.B,1.0,1,98.0,379,91.85751978891821,91.85751978891821,High density,Protein sequence,protein_fident_max,50,100.0
8wdx__1__1.A__1.B,1.0,1,100.0,75,80.48,80.48,Low density,Protein sequence,protein_fident_max,50,100.0
8wjy__1__1.A__1.B,1.0,1,98.0,9,97.77777777777777,97.77777777777777,Low density,Protein sequence,protein_fident_max,50,100.0
8wmy__1__1.A__1.C_1.D_1.E,0.25,1,66.0,2,66.0,66.0,Low density,Protein sequence,protein_fident_max,50,25.0
8wnj__1__1.A__1.F,1.0,1,38.0,0,,38.0,No neighbours,Protein sequence,protein_fident_max,50,100.0
8wo2__1__1.A__1.D,1.0,1,38.0,0,,38.0,No neighbours,Protein sequence,protein_fident_max,50,100.0
8wr2__1__1.A__1.E_1.F,0.0,1,100.0,44,90.88636363636364,90.88636363636364,Low density,Protein sequence,protein_fident_max,50,0.0
8wrj__1__1.A__1.B,0.0,1,44.0,0,,44.0,No neighbours,Protein sequence,protein_fident_max,50,0.0
8wsm__1__1.A__1.B_1.C,1.0,1,86.0,1,86.0,86.0,Low density,Protein sequence,protein_fident_max,50,100.0
8wsw__1__1.A__1.E,0.0,1,100.0,16,74.5625,74.5625,Low density,Protein sequence,protein_fident_max,50,0.0
8wwo__1__1.A_2.D__2.K_2.L,1.0,1,24.0,0,,24.0,No neighbours,Protein sequence,protein_fident_max,50,100.0
8wzq__1__1.A__1.C,1.0,1,99.0,831,96.63778580024068,96.63778580024068,High density,Protein sequence,protein_fident_max,50,100.0
8x1a__1__1.A__1.B,0.75,1,73.0,8,70.0,70.0,Low density,Protein sequence,protein_fident_max,50,75.0
8x35__1__1.A_1.B__1.C_1.D_1.E,0.75,2,94.0,10,94.0,94.0,Low density,Protein sequence,protein_fident_max,50,75.0
8x6r__1__1.A__1.G_1.H_1.I,0.625,2,98.0,2065,89.25084745762712,89.25084745762712,High density,Protein sequence,protein_fident_max,50,62.5
8xhd__1__1.A_1.B__1.C,0.25,1,24.0,0,,24.0,No neighbours,Protein sequence,protein_fident_max,50,25.0
8xkf__1__1.A_1.C__1.M_1.S,0.75,1,44.0,0,,44.0,No neighbours,Protein sequence,protein_fident_max,50,75.0
8y33__1__1.A__1.B,0.0,1,80.0,23,51.30434782608695,51.30434782608695,Low density,Protein sequence,protein_fident_max,50,0.0
8yhw__1__1.A__1.E_1.F,1.0,1,99.0,32,91.0625,91.0625,Low density,Protein sequence,protein_fident_max,50,100.0
9eun__1__1.A__1.E,1.0,1,100.0,63,92.9047619047619,92.9047619047619,Low density,Protein sequence,protein_fident_max,50,100.0
9f40__1__1.A__1.Q,0.5,1,100.0,5,100.0,100.0,Low density,Protein sequence,protein_fident_max,50,50.0
9f41__1__1.A__1.Q,0.5,1,100.0,5,100.0,100.0,Low density,Protein sequence,protein_fident_max,50,50.0
