pdb_id,model,pose,is_top1,bisyrmsd_angstrom,lddt_pli,ligand_coverage,rmsd_success,lddt_pli_success,combined_success,confidence_score,ptm,iptm,ligand_iptm,complex_plddt,complex_iplddt,complex_ipde
10KZ,boltz1,0,True,0.8277263045310974,0.877811849117279,1.0,True,True,True,0.8583328127861023,0.8495566844940186,0.958328366279602,0.958328366279602,0.8333339691162109,0.8454459309577942,1.915789008140564
10KZ,boltz1,1,False,0.6971359252929688,0.8917989134788513,1.0,True,True,True,0.8577025532722473,0.8372026681900024,0.9499043226242065,0.9499043226242065,0.8346520662307739,0.8486620187759399,2.444157838821411
10KZ,boltz1,2,False,0.7400387525558472,0.8549540638923645,1.0,True,True,True,0.8565233945846558,0.8327934741973877,0.9610267877578735,0.9610267877578735,0.8303976058959961,0.8589524030685425,2.3001325130462646
10KZ,boltz1,3,False,0.727038562297821,0.8630208373069763,1.0,True,True,True,0.8540792465209961,0.8322162628173828,0.9624342918395996,0.9624342918395996,0.8269904255867004,0.8367050886154175,2.2087786197662354
10KZ,boltz1,4,False,0.522243857383728,0.881509006023407,1.0,True,True,True,0.8538710474967957,0.8290290236473083,0.9528235197067261,0.9528235197067261,0.8291329741477966,0.8429746627807617,2.3346731662750244
10KZ,boltz2,0,True,0.895522952079773,0.8427044749259949,1.0,True,True,True,0.8561981320381165,0.8050292134284973,0.9607400894165039,0.9607400894165039,0.8300625681877136,0.9025887250900269,0.7980605363845825
10KZ,boltz2,1,False,0.8345239162445068,0.8451307415962219,1.0,True,True,True,0.8365826606750488,0.7708781361579895,0.9451683759689331,0.9451683759689331,0.8094362616539001,0.8777889609336853,0.9451406002044678
10KZ,boltz2,2,False,0.7195581793785095,0.8004273772239685,1.0,True,True,True,0.8342496752738953,0.7193600535392761,0.9191330671310425,0.9191330671310425,0.8130288124084473,0.8625209331512451,1.2598769664764404
10KZ,boltz2,3,False,0.5423886179924011,0.9090029001235962,1.0,True,True,True,0.832303524017334,0.7920095324516296,0.9598251581192017,0.9598251581192017,0.8004231452941895,0.8796467781066895,0.8336981534957886
10KZ,boltz2,4,False,0.6580784320831299,0.8647423386573792,1.0,True,True,True,0.8287917971611023,0.7832013964653015,0.959143340587616,0.959143340587616,0.7962039709091187,0.8857324719429016,0.8410617113113403
10PJ,boltz1,0,True,3.0767455101013184,0.72783362865448,1.0,False,False,False,0.9144236445426941,0.9347686767578125,0.9346187710762024,0.9346187710762024,0.9093748331069946,0.8740977048873901,0.7756858468055725
10PJ,boltz1,1,False,2.871190071105957,0.7302631735801697,1.0,False,False,False,0.9133244752883911,0.9289767742156982,0.9291592836380005,0.9291592836380005,0.909365713596344,0.8686711192131042,0.8168931603431702
10PJ,boltz1,2,False,3.1471030712127686,0.7160000205039978,1.0,False,False,False,0.9115507006645203,0.9321522116661072,0.9252914190292358,0.9252914190292358,0.908115565776825,0.8677632212638855,0.8521172404289246
10PJ,boltz1,3,False,2.830500602722168,0.7502282857894897,1.0,False,False,False,0.9114950299263,0.9246187210083008,0.9249017834663391,0.9249017834663391,0.9081432819366455,0.8645539879798889,0.8505449295043945
10PJ,boltz1,4,False,3.186234474182129,0.6824324131011963,1.0,False,False,False,0.9059479832649231,0.9304863214492798,0.9092633128166199,0.9092633128166199,0.9051191806793213,0.8381220698356628,1.016535997390747
10PJ,boltz2,0,True,2.140737771987915,0.8128973841667175,1.0,False,True,False,0.9190791845321655,0.8969299793243408,0.9482761025428772,0.9482761025428772,0.9117799401283264,0.9254960417747498,0.7455924153327942
10PJ,boltz2,1,False,2.1998291015625,0.794697642326355,1.0,False,False,False,0.9190265536308289,0.8981061577796936,0.9614162445068359,0.9614162445068359,0.9084290862083435,0.9266951680183411,0.6078953146934509
10PJ,boltz2,2,False,2.3040030002593994,0.7638888955116272,1.0,False,False,False,0.9166385531425476,0.8948416113853455,0.9556494951248169,0.9556494951248169,0.9068858623504639,0.9247353672981262,0.6757907271385193
10PJ,boltz2,3,False,1.8368061780929565,0.7972679734230042,1.0,True,False,False,0.9115897417068481,0.8859895467758179,0.9444251656532288,0.9444251656532288,0.903380811214447,0.9197623133659363,0.728644847869873
10PJ,boltz2,4,False,2.4013259410858154,0.7174657583236694,1.0,False,False,False,0.8991010785102844,0.8517664074897766,0.9188971519470215,0.9188971519470215,0.894152045249939,0.906370997428894,0.9918081164360046
10QV,boltz1,0,True,2.909330368041992,0.5350294709205627,1.0,False,False,False,0.933393657207489,0.9452504515647888,0.9468271136283875,0.9729695320129395,0.9300353527069092,0.9420498013496399,0.6757159233093262
10QV,boltz1,1,False,2.8092124462127686,0.5880281925201416,1.0,False,False,False,0.9325653910636902,0.9394463300704956,0.9422004222869873,0.9735716581344604,0.9301566481590271,0.9435741901397705,0.6593171954154968
10QV,boltz1,2,False,2.844632863998413,0.5497702956199646,1.0,False,False,False,0.9325103759765625,0.9405855536460876,0.9431241750717163,0.9735081195831299,0.9298569560050964,0.931462824344635,0.7140753269195557
10QV,boltz1,3,False,3.5407888889312744,0.4471223056316376,1.0,False,False,False,0.9324450492858887,0.9420036673545837,0.943496823310852,0.9698047041893005,0.9296820759773254,0.9239917993545532,0.7864975929260254
10QV,boltz1,4,False,3.0183749198913574,0.5214723944664001,1.0,False,False,False,0.9301015734672546,0.9374189376831055,0.9401180744171143,0.9712448716163635,0.9275974035263062,0.924780011177063,0.751471221446991
10QV,boltz2,0,True,2.6360204219818115,0.6015509366989136,1.0,False,False,False,0.9055609703063965,0.8964949250221252,0.8964651226997375,0.9422522187232971,0.9078349471092224,0.9355498552322388,0.8158321976661682
10QV,boltz2,1,False,2.7198519706726074,0.5688244104385376,1.0,False,False,False,0.9030607342720032,0.8974752426147461,0.8979561924934387,0.9435186982154846,0.9043368697166443,0.9277368783950806,0.8411502242088318
10QV,boltz2,2,False,2.766360282897949,0.5380921959877014,1.0,False,False,False,0.8902637362480164,0.8655208349227905,0.8648288249969482,0.9174904227256775,0.8966224193572998,0.9153096675872803,1.0564161539077759
10QV,boltz2,3,False,2.7399446964263916,0.5515872836112976,1.0,False,False,False,0.8866690397262573,0.858181357383728,0.8538270592689514,0.9094234108924866,0.8948795199394226,0.9214770793914795,1.0895068645477295
10QV,boltz2,4,False,2.6024789810180664,0.5702170729637146,1.0,False,False,False,0.8842986226081848,0.8542567491531372,0.8510167002677917,0.9014931917190552,0.8926191329956055,0.9184910655021667,1.135714054107666
11LJ,boltz1,0,True,2.7337610721588135,0.6755826473236084,1.0,False,False,False,0.8305605053901672,0.8164548873901367,0.8134033679962158,0.9711238741874695,0.8348497748374939,0.8921253085136414,2.260153293609619
11LJ,boltz1,1,False,2.870314359664917,0.6681721806526184,1.0,False,False,False,0.8288798332214355,0.8086872696876526,0.804083526134491,0.9709348082542419,0.8350789546966553,0.8921663761138916,2.2456624507904053
11LJ,boltz1,2,False,2.80812931060791,0.666223406791687,1.0,False,False,False,0.8280526399612427,0.8147359490394592,0.811870813369751,0.9714701175689697,0.8320980668067932,0.8468273878097534,2.321615695953369
11LJ,boltz1,3,False,2.847017288208008,0.669432520866394,1.0,False,False,False,0.8260419964790344,0.8163706064224243,0.8116773366928101,0.9700829982757568,0.8296331763267517,0.8256735801696777,2.1345460414886475
11LJ,boltz1,4,False,2.8629024028778076,0.6721267700195312,1.0,False,False,False,0.8238371014595032,0.806483805179596,0.8059189915657043,0.9720854759216309,0.8283166289329529,0.8948056101799011,2.2090320587158203
11LJ,boltz2,0,True,2.779972791671753,0.6732861995697021,1.0,False,False,False,0.8325036764144897,0.8598992824554443,0.8765749335289001,0.9771826863288879,0.8214859366416931,0.8872754573822021,1.1213089227676392
11LJ,boltz2,1,False,2.8404223918914795,0.6409702301025391,1.0,False,False,False,0.8080252408981323,0.7710180282592773,0.8049373626708984,0.9486611485481262,0.8087972402572632,0.8692365288734436,1.6106098890304565
11LJ,boltz2,2,False,3.043330669403076,0.6338334679603577,1.0,False,False,False,0.8035193681716919,0.771962583065033,0.8118817806243896,0.9559975862503052,0.8014287352561951,0.867582380771637,1.4158649444580078
11LJ,boltz2,3,False,2.8814003467559814,0.6609137058258057,1.0,False,False,False,0.8005613088607788,0.7855562567710876,0.8062880635261536,0.954667866230011,0.7991296052932739,0.8666499257087708,1.5616189241409302
11LJ,boltz2,4,False,2.8007590770721436,0.6470445990562439,1.0,False,False,False,0.7940794825553894,0.7578961849212646,0.7696921825408936,0.9445908069610596,0.8001763224601746,0.8624548316001892,1.7090953588485718
11UC,boltz1,0,True,1.146186351776123,0.8585489392280579,1.0,True,True,True,0.927751362323761,0.9656810760498047,0.8878019452095032,0.8878019452095032,0.9377387166023254,0.8258581757545471,1.0584076642990112
11UC,boltz1,1,False,1.3926812410354614,0.8450665473937988,1.0,True,True,True,0.9273723363876343,0.9650225043296814,0.8885475397109985,0.8885475397109985,0.937078595161438,0.8277045488357544,1.051106333732605
11UC,boltz1,2,False,1.2665611505508423,0.8486841917037964,1.0,True,True,True,0.9266762733459473,0.9648269414901733,0.8837860822677612,0.8837860822677612,0.9373988509178162,0.8251702785491943,1.0887128114700317
11UC,boltz1,3,False,1.406556487083435,0.808932363986969,1.0,True,True,True,0.9266425967216492,0.9653090238571167,0.8825462460517883,0.8825462460517883,0.9376667141914368,0.8252727389335632,1.0784767866134644
11UC,boltz1,4,False,1.50277841091156,0.828125,1.0,True,True,True,0.9257580041885376,0.9644302129745483,0.8831247687339783,0.8831247687339783,0.9364162683486938,0.8245548009872437,1.0882258415222168
11UC,boltz2,0,True,0.8187445402145386,0.8839977979660034,1.0,True,True,True,0.9305028915405273,0.9323919415473938,0.9409140348434448,0.9409140348434448,0.9279001355171204,0.8910449147224426,0.7643572092056274
11UC,boltz2,1,False,0.8507091403007507,0.8866341710090637,1.0,True,True,True,0.9268627166748047,0.9185692667961121,0.9429823756217957,0.9429823756217957,0.9228328466415405,0.8831788301467896,0.7858788371086121
11UC,boltz2,2,False,0.9604764580726624,0.8124375343322754,1.0,True,True,True,0.9248291254043579,0.9165492653846741,0.9369702339172363,0.9369702339172363,0.9217938184738159,0.8782082200050354,0.8257595896720886
11UC,boltz2,3,False,0.8381079435348511,0.8640211820602417,1.0,True,True,True,0.9189078211784363,0.9009021520614624,0.9302577376365662,0.9302577376365662,0.9160704016685486,0.8730517029762268,0.8031671643257141
11UC,boltz2,4,False,0.9230849742889404,0.8106704354286194,1.0,True,True,True,0.9170867204666138,0.898581862449646,0.9239431619644165,0.9239431619644165,0.9153726100921631,0.8713820576667786,0.8954223990440369
11UE,boltz1,0,True,1.1736208200454712,0.8816254138946533,1.0,True,True,True,0.8405206799507141,0.8826047778129578,0.9849656820297241,0.9849656820297241,0.804409384727478,0.914380669593811,0.4619757831096649
11UE,boltz1,1,False,1.2393853664398193,0.8618881106376648,1.0,True,True,True,0.8385995626449585,0.8365433812141418,0.9861222505569458,0.9861222505569458,0.8017188906669617,0.9208009839057922,0.46775612235069275
11UE,boltz1,2,False,1.2425992488861084,0.8589239120483398,1.0,True,True,True,0.8373998403549194,0.8486916422843933,0.985826849937439,0.985826849937439,0.8002930879592896,0.91895991563797,0.45858338475227356
11UE,boltz1,3,False,1.1855803728103638,0.8673292994499207,1.0,True,True,True,0.835837721824646,0.8346900939941406,0.9855161905288696,0.9855161905288696,0.7984181642532349,0.9203019142150879,0.48150721192359924
11UE,boltz1,4,False,1.42532217502594,0.8269888758659363,1.0,True,True,True,0.8353227376937866,0.8355522751808167,0.9844701886177063,0.9844701886177063,0.7980359196662903,0.9119929075241089,0.47480127215385437
11UE,boltz2,0,True,1.135573387145996,0.8886890411376953,1.0,True,True,True,0.8014103770256042,0.7780227065086365,0.9656450748443604,0.9656450748443604,0.7603517174720764,0.8593126535415649,0.698156476020813
11UE,boltz2,1,False,1.1220027208328247,0.8845534920692444,1.0,True,True,True,0.7939464449882507,0.7557829022407532,0.9574908018112183,0.9574908018112183,0.7530603408813477,0.8520764112472534,0.7751085758209229
11UE,boltz2,2,False,1.1590120792388916,0.8824531435966492,1.0,True,True,True,0.7928308248519897,0.8393248319625854,0.9762858152389526,0.9762858152389526,0.746967077255249,0.8391509056091309,0.5686517953872681
11UE,boltz2,3,False,1.183579921722412,0.8870172500610352,1.0,True,True,True,0.7901422381401062,0.7865839004516602,0.9646901488304138,0.9646901488304138,0.7465052604675293,0.835334300994873,0.6996287107467651
11UE,boltz2,4,False,1.1900103092193604,0.8552733063697815,1.0,True,True,True,0.7820765376091003,0.7537513971328735,0.9473111033439636,0.9473111033439636,0.7407678961753845,0.8384263515472412,0.8488612174987793
13LW,boltz1,0,True,7.037753105163574,0.3025280833244324,1.0,False,False,False,0.8954814672470093,0.9459677934646606,0.8125932812690735,0.8125932812690735,0.9162035584449768,0.7629263401031494,1.4973478317260742
13LW,boltz1,1,False,6.93418550491333,0.3072687089443207,1.0,False,False,False,0.8881909251213074,0.9456334710121155,0.7838568091392517,0.7838568091392517,0.9142744541168213,0.7503882050514221,1.657701849937439
13LW,boltz1,2,False,7.204967498779297,0.21745076775550842,1.0,False,False,False,0.8728489875793457,0.9452462196350098,0.7248481512069702,0.7248481512069702,0.909849226474762,0.6939635872840881,2.0810530185699463
13LW,boltz1,3,False,1.4823203086853027,0.8363775014877319,1.0,True,True,True,0.8693380355834961,0.9385307431221008,0.716033935546875,0.716033935546875,0.9076640009880066,0.7036136388778687,2.2088277339935303
13LW,boltz1,4,False,1.5618228912353516,0.8196969628334045,1.0,True,True,True,0.8689061999320984,0.9391200542449951,0.7116642594337463,0.7116642594337463,0.9082167148590088,0.7006811499595642,2.1950576305389404
13LW,boltz2,0,True,0.5893570184707642,0.9188066720962524,1.0,True,True,True,0.9278837442398071,0.894110381603241,0.9637159109115601,0.9637159109115601,0.9189256429672241,0.9415590763092041,0.5769866704940796
13LW,boltz2,1,False,0.6913452744483948,0.9038742780685425,1.0,True,True,True,0.9259093999862671,0.8844953179359436,0.9614173769950867,0.9614173769950867,0.9170324206352234,0.9403153657913208,0.6030448079109192
13LW,boltz2,2,False,0.691014289855957,0.8616666793823242,1.0,True,True,True,0.9249663352966309,0.876602828502655,0.9591804146766663,0.9591804146766663,0.9164127707481384,0.9377052783966064,0.6339244246482849
13LW,boltz2,3,False,0.7440621256828308,0.8760330677032471,1.0,True,True,True,0.9241302609443665,0.8709035515785217,0.956531822681427,0.956531822681427,0.9160298705101013,0.9364444017410278,0.6275936365127563
13LW,boltz2,4,False,0.7037081122398376,0.8973087668418884,1.0,True,True,True,0.9234412908554077,0.8787824511528015,0.9576446413993835,0.9576446413993835,0.914890468120575,0.9375407695770264,0.6022066473960876
13LX,boltz1,0,True,7.076860427856445,0.2881828248500824,1.0,False,False,False,0.8961281776428223,0.9462178349494934,0.8150399923324585,0.8150399923324585,0.9164002537727356,0.7645488381385803,1.480377197265625
13LX,boltz1,1,False,6.994426727294922,0.29600217938423157,1.0,False,False,False,0.8885439038276672,0.945837140083313,0.7850963473320007,0.7850963473320007,0.9144058227539062,0.751194417476654,1.6501901149749756
13LX,boltz1,2,False,7.259451389312744,0.2087405025959015,1.0,False,False,False,0.8732064366340637,0.945420503616333,0.7261421084403992,0.7261421084403992,0.9099725484848022,0.6949183940887451,2.0724117755889893
13LX,boltz1,3,False,1.5401947498321533,0.8327123522758484,1.0,True,True,True,0.8691446185112,0.9384595155715942,0.7152496576309204,0.7152496576309204,0.9076183438301086,0.7031880617141724,2.2176032066345215
13LX,boltz1,4,False,1.6264945268630981,0.8094534873962402,1.0,True,True,True,0.8687005043029785,0.9390495419502258,0.7108449339866638,0.7108449339866638,0.908164381980896,0.7002230882644653,2.202592134475708
13LX,boltz2,0,True,0.9040247201919556,0.8748206496238708,1.0,True,True,True,0.9332031011581421,0.9045242667198181,0.9687584042549133,0.9687584042549133,0.9243142604827881,0.9469556212425232,0.5545051097869873
13LX,boltz2,1,False,0.850617527961731,0.8698225021362305,1.0,True,True,True,0.9316128492355347,0.8962007164955139,0.9675323367118835,0.9675323367118835,0.9226329922676086,0.9422560930252075,0.5607354044914246
13LX,boltz2,2,False,0.8648414611816406,0.8638297915458679,1.0,True,True,True,0.926210880279541,0.8868507146835327,0.9639638662338257,0.9639638662338257,0.9167726635932922,0.9399384260177612,0.5843643546104431
13LX,boltz2,3,False,0.9321539402008057,0.8128272294998169,1.0,True,True,True,0.9261153936386108,0.8877639174461365,0.9628199934959412,0.9628199934959412,0.9169393181800842,0.9392640590667725,0.5915544033050537
13LX,boltz2,4,False,1.0146126747131348,0.7856242060661316,1.0,True,False,False,0.9140690565109253,0.8376723527908325,0.9460451006889343,0.9460451006889343,0.906075119972229,0.9272531270980835,0.7322822213172913
21LN,boltz1,0,True,9.450179100036621,0.21066619455814362,1.0,False,False,False,0.8851038217544556,0.9178164601325989,0.8109221458435059,0.8109221458435059,0.9036492109298706,0.8028466105461121,1.6813968420028687
21LN,boltz1,1,False,9.390786170959473,0.21218182146549225,1.0,False,False,False,0.8845762014389038,0.9159036874771118,0.7986190915107727,0.7986190915107727,0.9060654640197754,0.7982105016708374,1.787163257598877
21LN,boltz1,2,False,9.44405460357666,0.20851215720176697,1.0,False,False,False,0.8845747709274292,0.916259765625,0.8055540323257446,0.8055540323257446,0.9043299555778503,0.8015153408050537,1.742188572883606
21LN,boltz1,3,False,9.424385070800781,0.21001414954662323,1.0,False,False,False,0.8830180168151855,0.9146416187286377,0.8031905889511108,0.8031905889511108,0.9029749035835266,0.8008593916893005,1.773800253868103
21LN,boltz1,4,False,9.450994491577148,0.20662346482276917,1.0,False,False,False,0.8822864294052124,0.9165494441986084,0.7964622378349304,0.7964622378349304,0.9037424921989441,0.7929549217224121,1.8144137859344482
21LN,boltz2,0,True,1.6243473291397095,0.7379146814346313,1.0,True,False,False,0.9141182899475098,0.9036386609077454,0.9528345465660095,0.9528345465660095,0.9044392108917236,0.9155812859535217,0.6495789289474487
21LN,boltz2,1,False,1.7905625104904175,0.7254948019981384,1.0,True,False,False,0.9106171727180481,0.9012880921363831,0.9545243978500366,0.9545243978500366,0.8996403813362122,0.910627543926239,0.6696953773498535
21LN,boltz2,2,False,1.8295568227767944,0.7086314558982849,1.0,True,False,False,0.9026561975479126,0.8840535879135132,0.9486570358276367,0.9486570358276367,0.8911559581756592,0.8999036550521851,0.6955636739730835
21LN,boltz2,3,False,1.7487846612930298,0.6995633244514465,1.0,True,False,False,0.8968814015388489,0.8645868301391602,0.9319745898246765,0.9319745898246765,0.8881080746650696,0.9036316275596619,0.7847707271575928
21LN,boltz2,4,False,1.724198818206787,0.6879180669784546,1.0,True,False,False,0.8810927271842957,0.8077821731567383,0.9111081957817078,0.9111081957817078,0.8735889196395874,0.8875981569290161,0.9212682247161865
22MJ,boltz1,0,True,9.406861305236816,0.17460015416145325,1.0,False,False,False,0.7093912363052368,0.8696971535682678,0.28143876791000366,0.28143876791000366,0.8163793087005615,0.43270647525787354,8.049090385437012
22MJ,boltz1,1,False,28.651683807373047,0.0,1.0,False,False,False,0.7008355259895325,0.8701010346412659,0.2633267641067505,0.2633267641067505,0.8102127313613892,0.30345016717910767,9.594050407409668
22MJ,boltz1,2,False,31.6777286529541,0.0,1.0,False,False,False,0.6955121755599976,0.8694145679473877,0.2260015457868576,0.2260015457868576,0.8128898739814758,0.31768906116485596,10.560028076171875
22MJ,boltz1,3,False,20.494773864746094,0.0049526272341609,1.0,False,False,False,0.6824599504470825,0.8637341856956482,0.17028765380382538,0.17028765380382538,0.8105030059814453,0.33715707063674927,9.324228286743164
22MJ,boltz1,4,False,29.254497528076172,0.0,1.0,False,False,False,0.6664530634880066,0.8545787334442139,0.11678975820541382,0.11678975820541382,0.8038688898086548,0.26527610421180725,12.032648086547852
22MJ,boltz2,0,True,20.56571388244629,0.015732266008853912,1.0,False,False,False,0.7930710911750793,0.8797447681427002,0.6812359690666199,0.6812359690666199,0.8210298418998718,0.570518434047699,3.809197425842285
22MJ,boltz2,1,False,19.25990104675293,0.034455958753824234,1.0,False,False,False,0.7919701933860779,0.8616966009140015,0.7512497901916504,0.7512497901916504,0.802150309085846,0.5168040990829468,3.175265312194824
22MJ,boltz2,2,False,22.009634017944336,0.028209108859300613,1.0,False,False,False,0.7657673358917236,0.787535548210144,0.6008309721946716,0.6008309721946716,0.8070014119148254,0.5973501205444336,4.020014762878418
22MJ,boltz2,3,False,21.618844985961914,0.0,1.0,False,False,False,0.7500697374343872,0.8024110198020935,0.5748677253723145,0.5748677253723145,0.7938702702522278,0.5903966426849365,5.378635406494141
22MJ,boltz2,4,False,21.808944702148438,0.0,1.0,False,False,False,0.7385200262069702,0.8267223238945007,0.4982142150402069,0.4982142150402069,0.7985964417457581,0.5871151685714722,5.868114471435547
24UH,boltz1,0,True,4.894623756408691,0.5350318551063538,1.0,False,False,False,0.9757963418960571,0.9790563583374023,0.9632498621940613,0.9632498621940613,0.9789329767227173,0.9286144971847534,0.4845072329044342
24UH,boltz1,1,False,4.9232635498046875,0.5344936847686768,1.0,False,False,False,0.9749385714530945,0.9790435433387756,0.9599416255950928,0.9599416255950928,0.9786878824234009,0.9260355830192566,0.49774420261383057
24UH,boltz1,2,False,4.6224517822265625,0.5342767238616943,1.0,False,False,False,0.9744516611099243,0.9786121249198914,0.9595613479614258,0.9595613479614258,0.9781741499900818,0.9216762185096741,0.5040199160575867
24UH,boltz1,3,False,4.843517780303955,0.5342639684677124,1.0,False,False,False,0.9742532968521118,0.9784370064735413,0.9579298496246338,0.9579298496246338,0.9783341884613037,0.9240061044692993,0.516149640083313
24UH,boltz1,4,False,4.794195652008057,0.5388817191123962,1.0,False,False,False,0.9741541147232056,0.979141891002655,0.957099437713623,0.957099437713623,0.9784178137779236,0.9221169948577881,0.5139318704605103
24UH,boltz2,0,True,2.996330976486206,0.5523333549499512,1.0,False,False,False,0.9622235298156738,0.9357559084892273,0.9315305352210999,0.9315305352210999,0.9698967933654785,0.9203792214393616,0.8208082318305969
24UH,boltz2,1,False,3.5314643383026123,0.4793781638145447,1.0,False,False,False,0.9594293832778931,0.9291055202484131,0.9296903610229492,0.9296903610229492,0.9668641686439514,0.9047818779945374,0.8382967114448547
24UH,boltz2,2,False,3.7886643409729004,0.46929317712783813,1.0,False,False,False,0.9557555317878723,0.9062688946723938,0.9143451452255249,0.9143451452255249,0.9661080837249756,0.9103636145591736,0.9772855639457703
24UH,boltz2,3,False,3.88020396232605,0.4682130515575409,1.0,False,False,False,0.9546889066696167,0.8752031922340393,0.9091935753822327,0.9091935753822327,0.9660627841949463,0.9125073552131653,0.9678782224655151
24UH,boltz2,4,False,4.013444900512695,0.4390496015548706,1.0,False,False,False,0.951135516166687,0.8355615139007568,0.8974820375442505,0.8974820375442505,0.9645488858222961,0.9210429191589355,1.0497819185256958
24WC,boltz1,0,True,0.596858024597168,0.9362441897392273,1.0,True,True,True,0.9846034049987793,0.9838398098945618,0.9896100759506226,0.9896100759506226,0.9833517074584961,0.9718098640441895,0.31541621685028076
24WC,boltz1,1,False,0.5894290804862976,0.9378882050514221,1.0,True,True,True,0.9844608306884766,0.9841343760490417,0.98934006690979,0.98934006690979,0.9832410216331482,0.9713405966758728,0.31849849224090576
24WC,boltz1,2,False,0.5677796602249146,0.9404388666152954,1.0,True,True,True,0.9842592477798462,0.9836989641189575,0.9894198179244995,0.9894198179244995,0.9829691052436829,0.9704571962356567,0.3209361135959625
24WC,boltz1,3,False,0.5980464816093445,0.9353582262992859,1.0,True,True,True,0.9841338992118835,0.9835212826728821,0.9896299839019775,0.9896299839019775,0.9827598333358765,0.9714738130569458,0.31788370013237
24WC,boltz1,4,False,0.6043089032173157,0.9328703880310059,1.0,True,True,True,0.9839456677436829,0.9833624362945557,0.988990306854248,0.988990306854248,0.9826844930648804,0.9703102111816406,0.3216744661331177
24WC,boltz2,0,True,2.0193583965301514,0.7829036712646484,1.0,False,False,False,0.9622851610183716,0.9264503121376038,0.9441935420036316,0.9441935420036316,0.966808021068573,0.92710280418396,0.7231720089912415
24WC,boltz2,1,False,3.3702340126037598,0.6826568245887756,1.0,False,False,False,0.9547497630119324,0.9117612242698669,0.925598680973053,0.925598680973053,0.9620375633239746,0.9175763130187988,0.8511760830879211
24WC,boltz2,2,False,3.1879937648773193,0.6937738060951233,1.0,False,False,False,0.9536004066467285,0.891726016998291,0.9225311279296875,0.9225311279296875,0.9613677263259888,0.917550265789032,0.8652163743972778
24WC,boltz2,3,False,3.304161548614502,0.6390498280525208,1.0,False,False,False,0.9517818689346313,0.8798004984855652,0.9193381667137146,0.9193381667137146,0.9598928093910217,0.9127594828605652,0.9032891988754272
24WC,boltz2,4,False,3.3099730014801025,0.6675692200660706,1.0,False,False,False,0.9477654695510864,0.8619990944862366,0.9093168377876282,0.9093168377876282,0.9573776125907898,0.9152209162712097,0.9099670648574829
29MO,boltz1,0,True,2.323378324508667,0.6802544593811035,1.0,False,False,False,0.9258295297622681,0.939870297908783,0.9056135416030884,0.9056135416030884,0.930883526802063,0.8171725273132324,0.8710231781005859
29MO,boltz1,1,False,2.960421562194824,0.679931640625,1.0,False,False,False,0.9256573915481567,0.9440075755119324,0.9033547639846802,0.9033547639846802,0.9312329888343811,0.802765965461731,0.8788141012191772
29MO,boltz1,2,False,4.864469528198242,0.5974498987197876,1.0,False,False,False,0.9249080419540405,0.9458146095275879,0.8930817246437073,0.8930817246437073,0.9328646659851074,0.8163588047027588,0.8460542559623718
29MO,boltz1,3,False,5.09226655960083,0.6099733114242554,1.0,False,False,False,0.9208477139472961,0.9401910901069641,0.8824570178985596,0.8824570178985596,0.9304453134536743,0.7955800890922546,0.9252445697784424
29MO,boltz1,4,False,5.545684337615967,0.5728782415390015,1.0,False,False,False,0.919261634349823,0.943945586681366,0.8710194230079651,0.8710194230079651,0.9313222169876099,0.8045066595077515,0.8757591843605042
29MO,boltz2,0,True,2.630711555480957,0.7776073813438416,1.0,False,False,False,0.9199706315994263,0.9042508602142334,0.9103880524635315,0.9103880524635315,0.922366201877594,0.8463869094848633,0.8506848216056824
29MO,boltz2,1,False,2.7832722663879395,0.7450189590454102,1.0,False,False,False,0.9122320413589478,0.8767083287239075,0.9022433161735535,0.9022433161735535,0.9147291779518127,0.8453731536865234,0.9631099104881287
29MO,boltz2,2,False,3.0080478191375732,0.6392632722854614,1.0,False,False,False,0.9099985361099243,0.8751718401908875,0.9030023217201233,0.9030023217201233,0.9117475152015686,0.8377720713615417,0.8901553750038147
29MO,boltz2,3,False,2.3025524616241455,0.7638636231422424,1.0,False,False,False,0.904340386390686,0.8417567014694214,0.8793814182281494,0.8793814182281494,0.9105801582336426,0.8355770707130432,1.022247552871704
29MO,boltz2,4,False,2.4933364391326904,0.6907193660736084,1.0,False,False,False,0.9028099179267883,0.846061110496521,0.8852503299713135,0.8852503299713135,0.9071998596191406,0.8319992423057556,0.9818731546401978
31HP,boltz1,0,True,1.1362746953964233,0.8266488313674927,1.0,True,True,True,0.9487596750259399,0.9640356302261353,0.9621862769126892,0.9621862769126892,0.945402979850769,0.8626835346221924,0.6457647681236267
31HP,boltz1,1,False,1.0685733556747437,0.8455473184585571,1.0,True,True,True,0.9485710263252258,0.9694207310676575,0.9616367220878601,0.9616367220878601,0.9453046321868896,0.8850880265235901,0.5892888307571411
31HP,boltz1,2,False,1.129841685295105,0.8590116500854492,1.0,True,True,True,0.9474458694458008,0.9671111106872559,0.9604684710502625,0.9604684710502625,0.944190263748169,0.8667107820510864,0.615475058555603
31HP,boltz1,3,False,1.166994333267212,0.7839506268501282,1.0,True,False,False,0.9470240473747253,0.9623090028762817,0.9561437368392944,0.9561437368392944,0.9447441697120667,0.8526149392127991,0.6924300789833069
31HP,boltz1,4,False,0.7334215641021729,0.8944552540779114,1.0,True,True,True,0.9463576078414917,0.9670092463493347,0.9579647779464722,0.9579647779464722,0.9434558749198914,0.8746082782745361,0.6355999112129211
31HP,boltz2,0,True,0.5291481018066406,0.9046793580055237,1.0,True,True,True,0.9328907132148743,0.8853486180305481,0.9260491132736206,0.9260491132736206,0.9346011281013489,0.9046511650085449,0.8547995090484619
31HP,boltz2,1,False,0.4792192280292511,0.9110915660858154,1.0,True,True,True,0.9325141906738281,0.875948965549469,0.9181445240974426,0.9181445240974426,0.9361066222190857,0.9021287560462952,0.9246637225151062
31HP,boltz2,2,False,0.5085285305976868,0.8934859037399292,1.0,True,True,True,0.9302199482917786,0.8840065002441406,0.9204437136650085,0.9204437136650085,0.9326639771461487,0.8956112861633301,0.9118906259536743
31HP,boltz2,3,False,0.667513370513916,0.8874795436859131,1.0,True,True,True,0.9295770525932312,0.8736064434051514,0.9139124155044556,0.9139124155044556,0.9334932565689087,0.9000505208969116,0.9563167691230774
31HP,boltz2,4,False,0.6756887435913086,0.8726575970649719,1.0,True,True,True,0.9293738603591919,0.8686375021934509,0.9147714376449585,0.9147714376449585,0.9330244660377502,0.8925356864929199,0.9241995215415955
31WA,boltz1,0,True,1.6379187107086182,0.8354002237319946,1.0,True,True,True,0.9034253358840942,0.9015626311302185,0.9776012897491455,0.9776012897491455,0.884881317615509,0.8959163427352905,0.4659693241119385
31WA,boltz1,1,False,1.145949125289917,0.8708147406578064,1.0,True,True,True,0.9025505781173706,0.8936177492141724,0.9789110422134399,0.9789110422134399,0.883460521697998,0.9038131833076477,0.4513312578201294
31WA,boltz1,2,False,0.9643979072570801,0.863611102104187,1.0,True,True,True,0.8982049226760864,0.8856244683265686,0.9774290919303894,0.9774290919303894,0.8783988356590271,0.90010005235672,0.4849736988544464
31WA,boltz1,3,False,0.7624807953834534,0.8667942881584167,1.0,True,True,True,0.8969408273696899,0.8848190307617188,0.978708028793335,0.978708028793335,0.8764990568161011,0.9007470607757568,0.46415290236473083
31WA,boltz1,4,False,0.7161226272583008,0.8549107313156128,1.0,True,True,True,0.8967439532279968,0.880884051322937,0.9770331382751465,0.9770331382751465,0.8766716718673706,0.8997126817703247,0.48378580808639526
31WA,boltz2,0,True,1.0325273275375366,0.8531669974327087,1.0,True,True,True,0.88932865858078,0.8270376920700073,0.9449662566184998,0.9449662566184998,0.8754192590713501,0.8855584859848022,0.8150631189346313
31WA,boltz2,1,False,1.5260088443756104,0.8550295829772949,1.0,True,True,True,0.8867060542106628,0.8415882587432861,0.9449240565299988,0.9449240565299988,0.8721515536308289,0.8888968825340271,0.7423330545425415
31WA,boltz2,2,False,0.5598469376564026,0.8544455170631409,1.0,True,True,True,0.881598949432373,0.8271694183349609,0.943038284778595,0.943038284778595,0.8662391304969788,0.8651466369628906,0.8016882538795471
31WA,boltz2,3,False,1.385400414466858,0.8133057355880737,1.0,True,True,True,0.8784052133560181,0.7985464334487915,0.9291006326675415,0.9291006326675415,0.8657313585281372,0.874405562877655,0.8389262557029724
31WA,boltz2,4,False,1.5635037422180176,0.7996485233306885,1.0,True,False,False,0.8572454452514648,0.7508750557899475,0.9039284586906433,0.9039284586906433,0.8455747365951538,0.8562313914299011,0.9822964668273926
31WB,boltz1,0,True,2.1616389751434326,0.6455410718917847,1.0,False,False,False,0.8913887143135071,0.8868257999420166,0.9611090421676636,0.9611090421676636,0.8739585876464844,0.8580024838447571,0.6715514063835144
31WB,boltz1,1,False,2.4918203353881836,0.6972249746322632,1.0,False,False,False,0.8891463279724121,0.8769871592521667,0.9600306153297424,0.9600306153297424,0.8714252710342407,0.8634243607521057,0.7001098394393921
31WB,boltz1,2,False,2.4773354530334473,0.6730961799621582,1.0,False,False,False,0.8880813717842102,0.8802331686019897,0.9581416845321655,0.9581416845321655,0.8705662488937378,0.861233651638031,0.716255247592926
31WB,boltz1,3,False,1.95891535282135,0.6744930744171143,1.0,True,False,False,0.886479377746582,0.8895924091339111,0.9549424648284912,0.9549424648284912,0.8693636059761047,0.8493964076042175,0.7295224070549011
31WB,boltz1,4,False,2.8197708129882812,0.6835784316062927,1.0,False,False,False,0.8846823573112488,0.875030517578125,0.9567167162895203,0.9567167162895203,0.8666738271713257,0.8583683371543884,0.7211781144142151
31WB,boltz2,0,True,1.4881019592285156,0.8322434425354004,1.0,True,True,True,0.8879186511039734,0.8365653157234192,0.9274887442588806,0.9274887442588806,0.8780261278152466,0.8751851320266724,0.902350664138794
31WB,boltz2,1,False,2.0219709873199463,0.828774631023407,1.0,False,True,False,0.8871334791183472,0.8620662093162537,0.9462595582008362,0.9462595582008362,0.8723520040512085,0.8709957599639893,0.7817637324333191
31WB,boltz2,2,False,1.7468215227127075,0.6533856391906738,1.0,True,False,False,0.8816507458686829,0.8107844591140747,0.913486659526825,0.913486659526825,0.8736917972564697,0.8611135482788086,1.0324358940124512
31WB,boltz2,3,False,1.5975868701934814,0.8341463208198547,1.0,True,True,True,0.8808662295341492,0.8203054666519165,0.9217057824134827,0.9217057824134827,0.8706563115119934,0.8697534203529358,0.9035753011703491
31WB,boltz2,4,False,0.6076791882514954,0.8388388156890869,1.0,True,True,True,0.8761950731277466,0.8282168507575989,0.932204008102417,0.932204008102417,0.8621928095817566,0.8547611236572266,0.8872581720352173
32PP,boltz1,0,True,2.4679338932037354,0.7045009732246399,1.0,False,False,False,0.9782149195671082,0.9763774275779724,0.9745298624038696,0.9745298624038696,0.9791362285614014,0.9755538105964661,0.3288067877292633
32PP,boltz1,1,False,2.4683077335357666,0.7007874250411987,1.0,False,False,False,0.9778531789779663,0.9760956168174744,0.9740630388259888,0.9740630388259888,0.9788007736206055,0.9756032228469849,0.3302399516105652
32PP,boltz1,2,False,2.4483485221862793,0.7081692814826965,1.0,False,False,False,0.9777258038520813,0.9758853316307068,0.9741042256355286,0.9741042256355286,0.9786311388015747,0.9756749868392944,0.33019018173217773
32PP,boltz1,3,False,2.465838670730591,0.7029703259468079,1.0,False,False,False,0.9776004552841187,0.9756035804748535,0.9737333655357361,0.9737333655357361,0.9785673022270203,0.9753957986831665,0.33092954754829407
32PP,boltz1,4,False,2.6620891094207764,0.6473634839057922,1.0,False,False,False,0.9744340777397156,0.9744636416435242,0.9642533659934998,0.9642533659934998,0.9769792556762695,0.9636130928993225,0.3680034577846527
32PP,boltz2,0,True,2.451768636703491,0.6742684841156006,1.0,False,False,False,0.9523970484733582,0.903725266456604,0.9258468151092529,0.9258468151092529,0.9590346217155457,0.9561939239501953,0.5498321056365967
32PP,boltz2,1,False,2.4403860569000244,0.6634125709533691,1.0,False,False,False,0.9515416026115417,0.906288743019104,0.9226332902908325,0.9226332902908325,0.9587686657905579,0.9522374868392944,0.5605722069740295
32PP,boltz2,2,False,2.418569326400757,0.6726495623588562,1.0,False,False,False,0.9505389332771301,0.9041314125061035,0.9177324771881104,0.9177324771881104,0.9587405323982239,0.9513601660728455,0.5878294706344604
32PP,boltz2,3,False,2.460435390472412,0.6743589639663696,1.0,False,False,False,0.9463380575180054,0.8858859539031982,0.9106557369232178,0.9106557369232178,0.9552587270736694,0.9508900046348572,0.5810507535934448
32PP,boltz2,4,False,2.4175193309783936,0.6592774987220764,1.0,False,False,False,0.9441677927970886,0.8783721923828125,0.9087013602256775,0.9087013602256775,0.9530344009399414,0.9458380937576294,0.6131603121757507
32QL,boltz1,0,True,8.529186248779297,0.18266978859901428,1.0,False,False,False,0.7938786745071411,0.9107195138931274,0.5430889129638672,0.5430889129638672,0.856576144695282,0.5271312594413757,3.2594902515411377
32QL,boltz1,1,False,7.579634189605713,0.24150381982326508,1.0,False,False,False,0.7923768162727356,0.909304678440094,0.5387240648269653,0.5387240648269653,0.8557899594306946,0.5276553630828857,3.2406132221221924
32QL,boltz1,2,False,8.542913436889648,0.16461063921451569,1.0,False,False,False,0.7906506061553955,0.9086413979530334,0.5192441344261169,0.5192441344261169,0.858502209186554,0.5070053339004517,3.196518898010254
32QL,boltz1,3,False,8.071595191955566,0.183415025472641,1.0,False,False,False,0.7901331782341003,0.906539797782898,0.5225338935852051,0.5225338935852051,0.8570330142974854,0.5111342668533325,3.460286855697632
32QL,boltz1,4,False,8.48315143585205,0.16833750903606415,1.0,False,False,False,0.7785471677780151,0.9038308262825012,0.4915692210197449,0.4915692210197449,0.8502916693687439,0.492648184299469,3.759894609451294
32QL,boltz2,0,True,7.826911449432373,0.21773584187030792,1.0,False,False,False,0.8204835653305054,0.8866376280784607,0.7521357536315918,0.7521357536315918,0.8375706076622009,0.5988146066665649,1.9906953573226929
32QL,boltz2,1,False,6.416156768798828,0.2931159436702728,1.0,False,False,False,0.8067022562026978,0.8787644505500793,0.6777299642562866,0.6777299642562866,0.8389452695846558,0.610900342464447,2.7454257011413574
32QL,boltz2,2,False,9.03693675994873,0.1651182472705841,1.0,False,False,False,0.8039993047714233,0.8938668370246887,0.7202029824256897,0.7202029824256897,0.8249484300613403,0.5294049978256226,2.09394907951355
32QL,boltz2,3,False,8.309443473815918,0.20057512819766998,1.0,False,False,False,0.8024994730949402,0.8963527083396912,0.6765915155410767,0.6765915155410767,0.8339764475822449,0.5514238476753235,2.7643837928771973
32QL,boltz2,4,False,7.687932014465332,0.20040862262248993,1.0,False,False,False,0.8022270202636719,0.8912878036499023,0.7592419981956482,0.7592419981956482,0.8129733204841614,0.5328794717788696,1.7940239906311035
32QM,boltz1,0,True,6.811731338500977,0.2808500826358795,1.0,False,False,False,0.8032787442207336,0.914562463760376,0.5789753198623657,0.5789753198623657,0.859354555606842,0.5377379059791565,2.956246852874756
32QM,boltz1,1,False,8.224428176879883,0.18115942180156708,1.0,False,False,False,0.7958962321281433,0.9139290452003479,0.5931448340415955,0.5931448340415955,0.8465840816497803,0.5184657573699951,3.0088651180267334
32QM,boltz1,2,False,6.2475457191467285,0.2877524197101593,1.0,False,False,False,0.7938404679298401,0.9080591201782227,0.5458462238311768,0.5458462238311768,0.8558390140533447,0.5373010635375977,3.3085885047912598
32QM,boltz1,3,False,6.776731014251709,0.23348017036914825,1.0,False,False,False,0.7842909693717957,0.9028818011283875,0.5037184357643127,0.5037184357643127,0.8544341325759888,0.5266991853713989,3.711268663406372
32QM,boltz1,4,False,8.269083976745605,0.16798831522464752,1.0,False,False,False,0.7799285054206848,0.9034519195556641,0.506454348564148,0.506454348564148,0.8482969999313354,0.4983471632003784,3.606511354446411
32QM,boltz2,0,True,7.468714714050293,0.26294219493865967,1.0,False,False,False,0.8818742632865906,0.958436906337738,0.9009657502174377,0.9009657502174377,0.8771014213562012,0.6595638394355774,0.9776881337165833
32QM,boltz2,1,False,8.41546630859375,0.1942523717880249,1.0,False,False,False,0.8629494905471802,0.9435842037200928,0.8017243146896362,0.8017243146896362,0.8782557845115662,0.6440850496292114,1.7170422077178955
32QM,boltz2,2,False,7.750608444213867,0.2446853667497635,1.0,False,False,False,0.844719409942627,0.9115197062492371,0.8272573351860046,0.8272573351860046,0.8490849733352661,0.6264336705207825,1.2798266410827637
32QM,boltz2,3,False,7.223190784454346,0.24527230858802795,1.0,False,False,False,0.8414981961250305,0.9128758907318115,0.7702754735946655,0.7702754735946655,0.8593038320541382,0.6430312991142273,1.87800931930542
32QM,boltz2,4,False,7.532772541046143,0.2865508794784546,1.0,False,False,False,0.8282748460769653,0.9020142555236816,0.7566949725151062,0.7566949725151062,0.8461698293685913,0.6060477495193481,1.79653799533844
35WF,boltz1,0,True,0.389370858669281,0.951137900352478,1.0,True,True,True,0.9578054547309875,0.9721094965934753,0.9911692142486572,0.9911692142486572,0.9494644999504089,0.9633371233940125,0.3043995797634125
35WF,boltz1,1,False,0.43709221482276917,0.9412550330162048,1.0,True,True,True,0.9578019380569458,0.9723997712135315,0.9912968277931213,0.9912968277931213,0.9494282007217407,0.9679669737815857,0.30024686455726624
35WF,boltz1,2,False,0.50797039270401,0.9412550330162048,1.0,True,True,True,0.9577823877334595,0.9699810147285461,0.9911800026893616,0.9911800026893616,0.9494329690933228,0.9673600196838379,0.3035537302494049
35WF,boltz1,3,False,0.45158252120018005,0.949726402759552,1.0,True,True,True,0.9575780630111694,0.969597339630127,0.9908589124679565,0.9908589124679565,0.9492579102516174,0.9656767845153809,0.3072538673877716
35WF,boltz1,4,False,0.5020959377288818,0.9429529905319214,1.0,True,True,True,0.9569058418273926,0.9679373502731323,0.9910672307014465,0.9910672307014465,0.9483654499053955,0.9671438336372375,0.3021778464317322
35WF,boltz2,0,True,0.6189577579498291,0.8990384340286255,1.0,True,True,True,0.9338854551315308,0.918169379234314,0.9759532809257507,0.9759532809257507,0.9233685731887817,0.9272549152374268,0.4714089035987854
35WF,boltz2,1,False,0.6765312552452087,0.901260495185852,1.0,True,True,True,0.9271866083145142,0.8953449130058289,0.966425895690918,0.966425895690918,0.917376697063446,0.9194400906562805,0.5053778886795044
35WF,boltz2,2,False,0.768770694732666,0.8827334046363831,1.0,True,True,True,0.9244135618209839,0.9006803631782532,0.9626184701919556,0.9626184701919556,0.9148623943328857,0.9140719175338745,0.5714237689971924
35WF,boltz2,3,False,0.849550187587738,0.8602777719497681,1.0,True,True,True,0.9232446551322937,0.8692094087600708,0.9574215412139893,0.9574215412139893,0.9147005081176758,0.9097302556037903,0.6093976497650146
35WF,boltz2,4,False,0.8044015765190125,0.867432713508606,1.0,True,True,True,0.9204761385917664,0.875374436378479,0.9547014236450195,0.9547014236450195,0.911919891834259,0.9113637208938599,0.5872530937194824
35WG,boltz1,0,True,0.694951057434082,0.9277493357658386,1.0,True,True,True,0.9572532773017883,0.9696377515792847,0.9903432130813599,0.9903432130813599,0.9489808082580566,0.9629944562911987,0.3067627549171448
35WG,boltz1,1,False,0.7691547274589539,0.9242038130760193,1.0,True,True,True,0.9566323161125183,0.9697731137275696,0.9905534386634827,0.9905534386634827,0.9481520056724548,0.9673265814781189,0.30377304553985596
35WG,boltz1,2,False,0.6888659596443176,0.9322916865348816,1.0,True,True,True,0.956464409828186,0.9687764048576355,0.9902070164680481,0.9902070164680481,0.9480286836624146,0.9643802046775818,0.31093713641166687
35WG,boltz1,3,False,0.7496793270111084,0.9324324131011963,1.0,True,True,True,0.956356406211853,0.9701500535011292,0.9901357293128967,0.9901357293128967,0.9479116201400757,0.9654746651649475,0.3098525404930115
35WG,boltz1,4,False,0.6618391275405884,0.9433465003967285,1.0,True,True,True,0.9562743902206421,0.9709499478340149,0.9902837872505188,0.9902837872505188,0.9477720260620117,0.9639071226119995,0.31082436442375183
35WG,boltz2,0,True,0.7382571697235107,0.8974799513816833,1.0,True,True,True,0.9355157613754272,0.9378169775009155,0.9774010181427002,0.9774010181427002,0.9250444769859314,0.9212320446968079,0.4366362690925598
35WG,boltz2,1,False,0.73775315284729,0.8854875564575195,1.0,True,True,True,0.9330018758773804,0.9261959195137024,0.9767026901245117,0.9767026901245117,0.9220766425132751,0.9180566668510437,0.44128844141960144
35WG,boltz2,2,False,1.0256227254867554,0.835026741027832,1.0,True,True,True,0.9278092384338379,0.8889197707176208,0.9575899243354797,0.9575899243354797,0.9203640818595886,0.9096544981002808,0.5614020228385925
35WG,boltz2,3,False,0.9476425051689148,0.8120020031929016,1.0,True,True,True,0.9128824472427368,0.8403961062431335,0.9424014091491699,0.9424014091491699,0.9055026173591614,0.8985611796379089,0.6771488785743713
35WG,boltz2,4,False,0.9211918711662292,0.8344123363494873,1.0,True,True,True,0.9111739993095398,0.8396673202514648,0.942763090133667,0.942763090133667,0.903276801109314,0.8992815613746643,0.6903196573257446
7EDQ,boltz1,0,True,9.708417892456055,0.09294436872005463,1.0,False,False,False,0.9750496745109558,0.9742612242698669,0.9661895036697388,0.7961873412132263,0.9772647619247437,0.9523934125900269,0.9033383727073669
7EDQ,boltz1,1,False,9.774765014648438,0.1000673845410347,1.0,False,False,False,0.974460244178772,0.9732854962348938,0.9648606181144714,0.7771821618080139,0.9768601059913635,0.9510710835456848,0.9763804078102112
7EDQ,boltz1,2,False,9.818805694580078,0.10087719559669495,1.0,False,False,False,0.9741989374160767,0.9729291200637817,0.9643406271934509,0.7720303535461426,0.9766635298728943,0.9505066871643066,0.9901330471038818
7EDQ,boltz1,3,False,9.77526569366455,0.0984332412481308,1.0,False,False,False,0.9740354418754578,0.9724829196929932,0.963828444480896,0.7712531685829163,0.9765872359275818,0.9499809145927429,1.0170718431472778
7EDQ,boltz1,4,False,9.95718002319336,0.09455782175064087,1.0,False,False,False,0.9731008410453796,0.9718081951141357,0.9626386165618896,0.750275731086731,0.9757164120674133,0.9474374055862427,1.1312360763549805
7EDQ,boltz2,0,True,9.754289627075195,0.13706433773040771,1.0,False,False,False,0.9628324508666992,0.9463493824005127,0.9331839680671692,0.9071146249771118,0.9702445268630981,0.9488241076469421,0.7226495146751404
7EDQ,boltz2,1,False,9.092905044555664,0.10204081982374191,1.0,False,False,False,0.9529705047607422,0.9237062931060791,0.9052147269248962,0.9371595978736877,0.9649094939231873,0.9494538903236389,0.7711284756660461
7EDQ,boltz2,2,False,9.352920532226562,0.13062499463558197,1.0,False,False,False,0.9520208239555359,0.9207936525344849,0.9029178023338318,0.9227029085159302,0.9642966389656067,0.9460504651069641,0.8104692697525024
7EDQ,boltz2,3,False,9.259060859680176,0.11964285373687744,1.0,False,False,False,0.9514507055282593,0.9228329658508301,0.9050341844558716,0.9633466601371765,0.963054895401001,0.949187695980072,0.6779345273971558
7EDQ,boltz2,4,False,8.965456008911133,0.13084112107753754,1.0,False,False,False,0.9455381631851196,0.9109407663345337,0.8901001811027527,0.9233423471450806,0.9593976140022278,0.9429360628128052,1.0618963241577148
8ZNN,boltz1,0,True,0.7221749424934387,0.90135258436203,1.0,True,True,True,0.9493926167488098,0.973797082901001,0.977238655090332,0.977238655090332,0.9424310922622681,0.9299935102462769,0.4299226701259613
8ZNN,boltz1,1,False,0.7600220441818237,0.9157170057296753,1.0,True,True,True,0.9492151141166687,0.9740720987319946,0.9775719046592712,0.9775719046592712,0.9421259164810181,0.9289292693138123,0.43345698714256287
8ZNN,boltz1,2,False,0.5977668166160583,0.9292497634887695,1.0,True,True,True,0.948743999004364,0.972950279712677,0.9773294925689697,0.9773294925689697,0.9415976405143738,0.930365264415741,0.4324954152107239
8ZNN,boltz1,3,False,0.6980447769165039,0.9084967374801636,1.0,True,True,True,0.948046088218689,0.9716827869415283,0.9755108952522278,0.9755108952522278,0.9411798715591431,0.9283830523490906,0.4507541358470917
8ZNN,boltz1,4,False,0.7942878007888794,0.892693042755127,1.0,True,True,True,0.9472282528877258,0.9719076752662659,0.9765701293945312,0.9765701293945312,0.9398927092552185,0.9279329180717468,0.441270649433136
8ZNN,boltz2,0,True,0.8482511043548584,0.853371262550354,1.0,True,True,True,0.9281831979751587,0.9133163094520569,0.9681838750839233,0.9681838750839233,0.9181829690933228,0.9262591600418091,0.5266860723495483
8ZNN,boltz2,1,False,0.8139723539352417,0.8641171455383301,1.0,True,True,True,0.923338770866394,0.8972021341323853,0.9609106183052063,0.9609106183052063,0.9139457941055298,0.9215424656867981,0.5799780488014221
8ZNN,boltz2,2,False,0.7876457571983337,0.8649144172668457,1.0,True,True,True,0.9226731061935425,0.897188663482666,0.9626601934432983,0.9626601934432983,0.9126763343811035,0.9209268689155579,0.5600557327270508
8ZNN,boltz2,3,False,0.9115076065063477,0.8366279006004333,1.0,True,True,True,0.9205623865127563,0.8844992518424988,0.9536275863647461,0.9536275863647461,0.9122960567474365,0.916525661945343,0.6303626298904419
8ZNN,boltz2,4,False,0.7910066246986389,0.851218581199646,1.0,True,True,True,0.9186390042304993,0.8775497078895569,0.9532032012939453,0.9532032012939453,0.9099978804588318,0.9168848395347595,0.6316232681274414
9HM1,boltz1,0,True,0.9020789861679077,0.8755725026130676,1.0,True,True,True,0.9544724225997925,0.9696635007858276,0.9767318367958069,0.9767318367958069,0.9489076137542725,0.9352248311042786,0.47525185346603394
9HM1,boltz1,1,False,0.9438764452934265,0.8717257380485535,1.0,True,True,True,0.9544526934623718,0.9718101024627686,0.9774115681648254,0.9774115681648254,0.948712944984436,0.9337648749351501,0.4747777581214905
9HM1,boltz1,2,False,0.8691543340682983,0.8746177554130554,1.0,True,True,True,0.9542997479438782,0.9681452512741089,0.9767720103263855,0.9767720103263855,0.948681652545929,0.9366111159324646,0.4742687940597534
9HM1,boltz1,3,False,0.8700672388076782,0.8894899487495422,1.0,True,True,True,0.9542528390884399,0.9700198769569397,0.9771021008491516,0.9771021008491516,0.948540449142456,0.9331120252609253,0.47436028718948364
9HM1,boltz1,4,False,0.9731965661048889,0.8736476302146912,1.0,True,True,True,0.9539819955825806,0.9690173268318176,0.9767560362815857,0.9767560362815857,0.9482884407043457,0.931930661201477,0.48260825872421265
9HM1,boltz2,0,True,1.3581234216690063,0.8125,1.0,True,True,True,0.9286713600158691,0.9248340129852295,0.9598116278648376,0.9598116278648376,0.9208863377571106,0.9105089902877808,0.676387369632721
9HM1,boltz2,1,False,0.5710668563842773,0.8816738724708557,1.0,True,True,True,0.9276220202445984,0.9315245151519775,0.9633254408836365,0.9633254408836365,0.9186961650848389,0.908735990524292,0.6397523283958435
9HM1,boltz2,2,False,0.8575484156608582,0.803164541721344,1.0,True,True,True,0.9219781756401062,0.9155234098434448,0.9540712833404541,0.9540712833404541,0.9139549732208252,0.9006600379943848,0.7476740479469299
9HM1,boltz2,3,False,0.6349204778671265,0.8549512028694153,1.0,True,True,True,0.917770504951477,0.9040989875793457,0.9552525281906128,0.9552525281906128,0.9083999991416931,0.896689236164093,0.7251728773117065
9HM1,boltz2,4,False,0.7249559164047241,0.848665714263916,1.0,True,True,True,0.9147751927375793,0.9027501344680786,0.951910674571991,0.951910674571991,0.905491292476654,0.8965497612953186,0.7203812599182129
9HTR,boltz1,0,True,0.5297492742538452,0.9585240483283997,1.0,True,True,True,0.9728220701217651,0.979245126247406,0.9626085162162781,0.9626085162162781,0.9753755331039429,0.9464199542999268,0.40114864706993103
9HTR,boltz1,1,False,0.5424663424491882,0.9585698246955872,1.0,True,True,True,0.9719423055648804,0.9784932136535645,0.9604700207710266,0.9604700207710266,0.9748104214668274,0.9454302787780762,0.40762507915496826
9HTR,boltz1,2,False,0.5720363855361938,0.9481077790260315,1.0,True,True,True,0.9710623025894165,0.9786537289619446,0.9599302411079407,0.9599302411079407,0.9738453030586243,0.9405204057693481,0.41153189539909363
9HTR,boltz1,3,False,0.9650407433509827,0.870095431804657,1.0,True,True,True,0.9664345979690552,0.9771708250045776,0.9503156542778015,0.9503156542778015,0.9704643487930298,0.9287245869636536,0.51349276304245
9HTR,boltz1,4,False,0.9539366364479065,0.8669312000274658,1.0,True,True,True,0.9662715196609497,0.9766294360160828,0.9508463740348816,0.9508463740348816,0.9701277613639832,0.9293463230133057,0.5158519744873047
9HTR,boltz2,0,True,3.0563528537750244,0.6676161289215088,1.0,False,False,False,0.9461499452590942,0.9125341773033142,0.9063939452171326,0.9063939452171326,0.9560889005661011,0.9188642501831055,0.6212611198425293
9HTR,boltz2,1,False,4.274759769439697,0.6265690326690674,1.0,False,False,False,0.944512665271759,0.9392023086547852,0.9275916218757629,0.9275916218757629,0.9487429261207581,0.893795907497406,0.5476031303405762
9HTR,boltz2,2,False,3.002168893814087,0.6650904417037964,1.0,False,False,False,0.9423398971557617,0.8924275040626526,0.8887789845466614,0.8887789845466614,0.9557300806045532,0.9222917556762695,0.7003902196884155
9HTR,boltz2,3,False,3.883861541748047,0.6240016222000122,1.0,False,False,False,0.9340727925300598,0.9002354145050049,0.8925086259841919,0.8925086259841919,0.9444637894630432,0.8922067284584045,0.6854615807533264
9HTR,boltz2,4,False,4.189565181732178,0.575872540473938,1.0,False,False,False,0.9241750836372375,0.8808934688568115,0.8775268197059631,0.8775268197059631,0.9358371496200562,0.8729264140129089,0.743523895740509
9HVS,boltz1,0,True,0.2410847693681717,0.9904000163078308,1.0,True,True,True,0.9817849397659302,0.9803434014320374,0.9811913371086121,0.9811913371086121,0.9819333553314209,0.9690503478050232,0.3974229395389557
9HVS,boltz1,1,False,0.21807369589805603,0.9959742426872253,1.0,True,True,True,0.981702446937561,0.9807501435279846,0.981399655342102,0.981399655342102,0.981778085231781,0.9689744114875793,0.39461976289749146
9HVS,boltz1,2,False,0.24401719868183136,0.9926947951316833,1.0,True,True,True,0.9814745783805847,0.9804497361183167,0.9819414019584656,0.9819414019584656,0.9813578724861145,0.9686532020568848,0.39000025391578674
9HVS,boltz1,3,False,0.24167421460151672,0.9947325587272644,1.0,True,True,True,0.9813993573188782,0.980489194393158,0.9814640879631042,0.9814640879631042,0.981383204460144,0.968970775604248,0.39556798338890076
9HVS,boltz1,4,False,0.2214726209640503,0.9947240352630615,1.0,True,True,True,0.980912983417511,0.9795114398002625,0.9810928106307983,0.9810928106307983,0.9808679819107056,0.9686355590820312,0.3987577557563782
9HVS,boltz2,0,True,0.34050533175468445,0.948326051235199,1.0,True,True,True,0.9797117114067078,0.9373635649681091,0.9691667556762695,0.9691667556762695,0.9823479056358337,0.9762983322143555,0.6876394152641296
9HVS,boltz2,1,False,0.41082438826560974,0.9388412237167358,1.0,True,True,True,0.977938175201416,0.9148361682891846,0.9639400839805603,0.9639400839805603,0.9814376831054688,0.9778822660446167,0.6944578289985657
9HVS,boltz2,2,False,0.30533623695373535,0.9559659361839294,1.0,True,True,True,0.9773346185684204,0.9123125672340393,0.959855854511261,0.959855854511261,0.9817042350769043,0.9748977422714233,0.7663213610649109
9HVS,boltz2,3,False,0.38600459694862366,0.9219833612442017,1.0,True,True,True,0.9764899015426636,0.9186994433403015,0.9580668210983276,0.9580668210983276,0.9810957312583923,0.9746387004852295,0.7639288306236267
9HVS,boltz2,4,False,0.36072278022766113,0.9039528369903564,1.0,True,True,True,0.9748750925064087,0.8979217410087585,0.9544306993484497,0.9544306993484497,0.9799861311912537,0.9729984998703003,0.746659517288208
9HVT,boltz1,0,True,0.35707226395606995,0.9492248296737671,1.0,True,True,True,0.9815963506698608,0.980867326259613,0.9817414283752441,0.9817414283752441,0.9815601110458374,0.9682534337043762,0.3859484791755676
9HVT,boltz1,1,False,0.3922666609287262,0.9619230628013611,1.0,True,True,True,0.9815433621406555,0.9808288216590881,0.9814035892486572,0.9814035892486572,0.9815782904624939,0.96812504529953,0.3902183771133423
9HVT,boltz1,2,False,0.3756537139415741,0.9552590250968933,1.0,True,True,True,0.9812796711921692,0.9806656837463379,0.9815906882286072,0.9815906882286072,0.9812019467353821,0.9680829644203186,0.3869572877883911
9HVT,boltz1,3,False,0.42085257172584534,0.9621559381484985,1.0,True,True,True,0.9811986088752747,0.980631411075592,0.9811729788780212,0.9811729788780212,0.9812050461769104,0.9670684337615967,0.39474472403526306
9HVT,boltz1,4,False,0.3821943700313568,0.9478840231895447,1.0,True,True,True,0.9805837869644165,0.9798540472984314,0.98116135597229,0.98116135597229,0.980439305305481,0.9673525094985962,0.39132481813430786
9HVT,boltz2,0,True,0.4050900936126709,0.967717707157135,1.0,True,True,True,0.9830247163772583,0.9579493999481201,0.9781766533851624,0.9781766533851624,0.9842367172241211,0.981593906879425,0.5677289366722107
9HVT,boltz2,1,False,0.4120175242424011,0.9248942136764526,1.0,True,True,True,0.9768695831298828,0.9146743416786194,0.9599028825759888,0.9599028825759888,0.9811112284660339,0.9764196276664734,0.7249963283538818
9HVT,boltz2,2,False,0.40442949533462524,0.9135802388191223,1.0,True,True,True,0.9762860536575317,0.9167149066925049,0.9564005732536316,0.9564005732536316,0.981257438659668,0.9770656228065491,0.7716966867446899
9HVT,boltz2,3,False,0.365897536277771,0.9244186282157898,1.0,True,True,True,0.9759783744812012,0.9133135080337524,0.9582043886184692,0.9582043886184692,0.9804219007492065,0.9757785201072693,0.7640843987464905
9HVT,boltz2,4,False,0.5360990762710571,0.8845144510269165,1.0,True,True,True,0.9715598225593567,0.8886443376541138,0.9425255060195923,0.9425255060195923,0.978818416595459,0.9706820249557495,0.8869187235832214
9HZ3,boltz1,0,True,2.9015870094299316,0.603017270565033,1.0,False,False,False,0.8805454969406128,0.9407293200492859,0.8368145227432251,0.8368145227432251,0.8914782404899597,0.6936441659927368,5.4148945808410645
9HZ3,boltz1,1,False,2.203232526779175,0.6380800604820251,1.0,False,False,False,0.8785788416862488,0.9289956092834473,0.8363257050514221,0.8363257050514221,0.8891421556472778,0.6985509991645813,5.366722583770752
9HZ3,boltz1,2,False,2.7326509952545166,0.5993617177009583,1.0,False,False,False,0.8696411848068237,0.9439672231674194,0.7919867634773254,0.7919867634773254,0.8890548348426819,0.668609619140625,6.947779178619385
9HZ3,boltz1,3,False,1.5694198608398438,0.6861007213592529,1.0,True,False,False,0.853371262550354,0.9322888851165771,0.7271096706390381,0.7271096706390381,0.8849366903305054,0.6353399157524109,9.353707313537598
9HZ3,boltz1,4,False,49.01369094848633,0.0,1.0,False,False,False,0.7714575529098511,0.9098233580589294,0.37727534770965576,0.37727534770965576,0.8700031042098999,0.511661946773529,21.792552947998047
9HZ3,boltz2,0,True,47.88284683227539,0.0,1.0,False,False,False,0.8457756042480469,0.8504860997200012,0.9389320611953735,0.9389320611953735,0.8224865198135376,0.8272265195846558,1.0353388786315918
9HZ3,boltz2,1,False,44.34920120239258,0.0,1.0,False,False,False,0.8347774744033813,0.8445817232131958,0.8765460252761841,0.8765460252761841,0.8243352770805359,0.7225724458694458,1.7215280532836914
9HZ3,boltz2,2,False,46.346431732177734,0.0,1.0,False,False,False,0.8329166173934937,0.8640405535697937,0.9058862328529358,0.9058862328529358,0.8146742582321167,0.7159907817840576,1.4969395399093628
9HZ3,boltz2,3,False,45.69213104248047,0.0,1.0,False,False,False,0.820400059223175,0.8465070724487305,0.8856478333473206,0.8856478333473206,0.8040881156921387,0.731087863445282,1.585318922996521
9HZ3,boltz2,4,False,44.471221923828125,0.0,1.0,False,False,False,0.8089370727539062,0.8387725949287415,0.8346644043922424,0.8346644043922424,0.8025051951408386,0.6910520792007446,2.0662307739257812
9I3Y,boltz1,0,True,11.786191940307617,0.17927733063697815,1.0,False,False,False,0.8534029722213745,0.8940248489379883,0.7217715978622437,0.7217715978622437,0.8863108158111572,0.7126134037971497,3.2156548500061035
9I3Y,boltz1,1,False,6.525753021240234,0.2267041951417923,1.0,False,False,False,0.8003037571907043,0.8811886310577393,0.5311479568481445,0.5311479568481445,0.8675926923751831,0.5669410228729248,5.304428577423096
9I3Y,boltz1,2,False,6.40806770324707,0.22577160596847534,1.0,False,False,False,0.7976351976394653,0.875155508518219,0.5235258340835571,0.5235258340835571,0.8661625385284424,0.5775853991508484,5.400427341461182
9I3Y,boltz1,3,False,4.845574378967285,0.3480055034160614,1.0,False,False,False,0.7823861837387085,0.8685085773468018,0.4822985827922821,0.4822985827922821,0.8574080467224121,0.5426361560821533,5.629972457885742
9I3Y,boltz1,4,False,3.0279624462127686,0.5214992165565491,1.0,False,False,False,0.7779366374015808,0.870642900466919,0.46278512477874756,0.46278512477874756,0.8567245006561279,0.5365992188453674,5.610641956329346
9I3Y,boltz2,0,True,12.644327163696289,0.11245092749595642,1.0,False,False,False,0.880002498626709,0.867253303527832,0.8783319592475891,0.8783319592475891,0.8804201483726501,0.8041492700576782,1.3673747777938843
9I3Y,boltz2,1,False,12.564661979675293,0.11899441480636597,1.0,False,False,False,0.8776251673698425,0.8417357802391052,0.8660875558853149,0.8660875558853149,0.8805095553398132,0.8214046955108643,1.4716191291809082
9I3Y,boltz2,2,False,12.478992462158203,0.12264429032802582,1.0,False,False,False,0.8736056089401245,0.8580371141433716,0.8829206824302673,0.8829206824302673,0.8712769150733948,0.7926339507102966,1.3435518741607666
9I3Y,boltz2,3,False,12.3086519241333,0.1176552101969719,1.0,False,False,False,0.871198296546936,0.8395736217498779,0.8555164933204651,0.8555164933204651,0.8751187324523926,0.8062258362770081,1.5883175134658813
9I3Y,boltz2,4,False,12.049609184265137,0.11159263551235199,1.0,False,False,False,0.8699020147323608,0.8495989441871643,0.8689305186271667,0.8689305186271667,0.8701449632644653,0.8152644038200378,1.4623055458068848
9I9E,boltz1,0,True,2.2616593837738037,0.5780960917472839,1.0,False,False,False,0.8962718844413757,0.9148437976837158,0.9730764031410217,0.9730764031410217,0.8770707249641418,0.8980231881141663,0.5977605581283569
9I9E,boltz1,1,False,2.0809645652770996,0.6091581583023071,1.0,False,False,False,0.8945270776748657,0.9015088081359863,0.9735057950019836,0.9735057950019836,0.874782383441925,0.8997277021408081,0.6143692135810852
9I9E,boltz1,2,False,1.6046918630599976,0.6832678914070129,1.0,True,False,False,0.8919845819473267,0.9155473709106445,0.9722240567207336,0.9722240567207336,0.871924638748169,0.8795690536499023,0.7205037474632263
9I9E,boltz1,3,False,1.7225663661956787,0.6678743958473206,1.0,True,False,False,0.8903490304946899,0.8990639448165894,0.9740951061248779,0.9740951061248779,0.8694125413894653,0.8880205750465393,0.6772147417068481
9I9E,boltz1,4,False,1.5106430053710938,0.6833003759384155,1.0,True,False,False,0.8876155614852905,0.9001918435096741,0.9700013995170593,0.9700013995170593,0.8670191764831543,0.8731213212013245,0.7825608253479004
9I9E,boltz2,0,True,0.8295150995254517,0.7731981873512268,1.0,True,False,False,0.8931504487991333,0.9189746975898743,0.9739664196968079,0.9739664196968079,0.8729463815689087,0.9156745076179504,0.4341248571872711
9I9E,boltz2,1,False,0.7441483736038208,0.7775800824165344,1.0,True,False,False,0.8926264643669128,0.898984968662262,0.9687299132347107,0.9687299132347107,0.8736006021499634,0.9113070368766785,0.5136432647705078
9I9E,boltz2,2,False,0.8445515632629395,0.7228127717971802,1.0,True,False,False,0.8772373199462891,0.8822491765022278,0.9557428956031799,0.9557428956031799,0.8576108813285828,0.8902990818023682,0.5476958155632019
9I9E,boltz2,3,False,0.9878008961677551,0.7200888991355896,1.0,True,False,False,0.8715373873710632,0.8677645325660706,0.9465253353118896,0.9465253353118896,0.852790355682373,0.8819775581359863,0.6337234973907471
9I9E,boltz2,4,False,0.9497761130332947,0.720707893371582,1.0,True,False,False,0.8668882250785828,0.8520801067352295,0.9451411962509155,0.9451411962509155,0.8473250269889832,0.882541835308075,0.6334868669509888
9I9G,boltz1,0,True,25.523868560791016,0.0,1.0,False,False,False,0.7001204490661621,0.8385466933250427,0.4845099449157715,0.4845099449157715,0.7540230751037598,0.4337650537490845,4.3653717041015625
9I9G,boltz1,1,False,24.737695693969727,0.0,1.0,False,False,False,0.693604588508606,0.8454474806785583,0.4406397044658661,0.4406397044658661,0.7568458318710327,0.4262886643409729,4.664937496185303
9I9G,boltz1,2,False,25.660062789916992,0.0,1.0,False,False,False,0.6839753985404968,0.836402416229248,0.4287154972553253,0.4287154972553253,0.7477903962135315,0.4015015959739685,4.94559383392334
9I9G,boltz1,3,False,25.459196090698242,0.0,1.0,False,False,False,0.6815828084945679,0.8374208211898804,0.4031592905521393,0.4031592905521393,0.7511886358261108,0.4048016369342804,5.162363052368164
9I9G,boltz1,4,False,6.438678741455078,0.2053072601556778,1.0,False,False,False,0.6260445713996887,0.7961177825927734,0.22314918041229248,0.22314918041229248,0.7267683744430542,0.35572490096092224,7.85806941986084
9I9G,boltz2,0,True,23.2056941986084,0.0,1.0,False,False,False,0.7523137927055359,0.8853817582130432,0.8121050596237183,0.8121050596237183,0.7373659610748291,0.5547212362289429,1.5627607107162476
9I9G,boltz2,1,False,24.486919403076172,0.0,1.0,False,False,False,0.7305354475975037,0.8833916187286377,0.7694482207298279,0.7694482207298279,0.7208072543144226,0.4882333278656006,1.9650709629058838
9I9G,boltz2,2,False,24.18641471862793,0.0,1.0,False,False,False,0.7205120325088501,0.8517712950706482,0.7012572288513184,0.7012572288513184,0.7253257632255554,0.5218096375465393,2.4372172355651855
9I9G,boltz2,3,False,23.062002182006836,0.0,1.0,False,False,False,0.7143102884292603,0.8270306587219238,0.6955068707466125,0.6955068707466125,0.719011127948761,0.5305298566818237,2.399794816970825
9I9G,boltz2,4,False,24.919044494628906,0.0,1.0,False,False,False,0.7104043364524841,0.8484554886817932,0.6857832074165344,0.6857832074165344,0.716559648513794,0.5017430186271667,2.5262672901153564
9KLY,boltz1,0,True,7.215753078460693,0.2682584226131439,1.0,False,False,False,0.8538541793823242,0.8338626027107239,0.8544424176216125,0.8544424176216125,0.8537071347236633,0.8492681384086609,0.8739559650421143
9KLY,boltz1,1,False,6.519547462463379,0.3459339141845703,1.0,False,False,False,0.8309303522109985,0.8250158429145813,0.7685731649398804,0.7685731649398804,0.8465196490287781,0.7696929574012756,1.311704158782959
9KLY,boltz1,2,False,6.520528793334961,0.35411393642425537,1.0,False,False,False,0.823887050151825,0.8211730718612671,0.7530979514122009,0.7530979514122009,0.841584324836731,0.750048041343689,1.4059449434280396
9KLY,boltz1,3,False,6.478718280792236,0.34113606810569763,1.0,False,False,False,0.8163553476333618,0.8114818930625916,0.757815420627594,0.757815420627594,0.8309903144836426,0.7564806938171387,1.4048405885696411
9KLY,boltz1,4,False,6.86284875869751,0.328125,1.0,False,False,False,0.8152751922607422,0.8179075121879578,0.7208503484725952,0.7208503484725952,0.8388813734054565,0.7233336567878723,1.6261948347091675
9KLY,boltz2,0,True,0.7482534050941467,0.8802982568740845,1.0,True,True,True,0.86182701587677,0.7709558606147766,0.9294195771217346,0.9294195771217346,0.8449288010597229,0.9005513191223145,0.582984447479248
9KLY,boltz2,1,False,2.738718032836914,0.6593008041381836,1.0,False,False,False,0.855530858039856,0.8014654517173767,0.9028913974761963,0.9028913974761963,0.8436906933784485,0.8741720914840698,0.6765279173851013
9KLY,boltz2,2,False,0.8632408976554871,0.8602150678634644,1.0,True,True,True,0.8490344285964966,0.7908757925033569,0.9376952648162842,0.9376952648162842,0.8268691897392273,0.8950619697570801,0.5736296772956848
9KLY,boltz2,3,False,1.1156871318817139,0.847437858581543,1.0,True,True,True,0.8450745344161987,0.8024964928627014,0.9426456093788147,0.9426456093788147,0.8206817507743835,0.8989559412002563,0.5529816746711731
9KLY,boltz2,4,False,0.6385470032691956,0.8600746393203735,1.0,True,True,True,0.8265520334243774,0.7507902979850769,0.9220218658447266,0.9220218658447266,0.8026845455169678,0.8798396587371826,0.6402332186698914
9LOK,boltz1,0,True,15.475061416625977,0.0,1.0,False,False,False,0.7512772083282471,0.5477151274681091,0.1622958779335022,0.36422237753868103,0.8985225558280945,0.5429978966712952,11.349102020263672
9LOK,boltz1,1,False,13.152775764465332,0.11014625430107117,1.0,False,False,False,0.7489518523216248,0.5418940782546997,0.15122608840465546,0.33305075764656067,0.8983833193778992,0.5130725502967834,11.314208984375
9LOK,boltz1,2,False,21.935585021972656,0.0,1.0,False,False,False,0.7467981576919556,0.537731945514679,0.14225880801677704,0.331777423620224,0.8979329466819763,0.5485751628875732,11.685481071472168
9LOK,boltz1,3,False,16.529966354370117,0.0026947574224323034,1.0,False,False,False,0.7447973489761353,0.5364403128623962,0.1435707062482834,0.36562755703926086,0.8951039910316467,0.5753837823867798,11.903205871582031
9LOK,boltz1,4,False,19.864233016967773,0.05780346691608429,1.0,False,False,False,0.741668701171875,0.5284170508384705,0.1277170032262802,0.29231154918670654,0.8951566219329834,0.5153548121452332,13.177287101745605
9LOK,boltz2,0,True,14.023180961608887,0.0,1.0,False,False,False,0.7915514707565308,0.5808115005493164,0.31946051120758057,0.7596967220306396,0.9095742702484131,0.8049890398979187,5.953016757965088
9LOK,boltz2,1,False,15.609580993652344,0.0,1.0,False,False,False,0.763213574886322,0.5209341645240784,0.2726132869720459,0.6973881721496582,0.8858636617660522,0.7350492477416992,6.9436726570129395
9LOK,boltz2,2,False,12.981761932373047,0.0,1.0,False,False,False,0.7522099614143372,0.5141703486442566,0.24407647550106049,0.6619419455528259,0.8792433142662048,0.7599229216575623,6.894373416900635
9LOK,boltz2,3,False,6.651688575744629,0.0,1.0,False,False,False,0.7473429441452026,0.49768611788749695,0.20737558603286743,0.6942137479782104,0.88233482837677,0.6941190361976624,6.637693405151367
9LOK,boltz2,4,False,6.10172700881958,0.0,1.0,False,False,False,0.7426982522010803,0.5034756660461426,0.20221072435379028,0.6882362961769104,0.8778201341629028,0.6889629364013672,6.966747283935547
9LZX,boltz1,0,True,19.849210739135742,0.0020983214490115643,1.0,False,False,False,0.7784267663955688,0.8954384326934814,0.4333314001560211,0.4333314001560211,0.8647005558013916,0.5828641057014465,6.25322961807251
9LZX,boltz1,1,False,18.18189239501953,0.0029801323544234037,1.0,False,False,False,0.7769010066986084,0.9026393294334412,0.43097057938575745,0.43097057938575745,0.8633835911750793,0.53554368019104,5.737739086151123
9LZX,boltz1,2,False,20.210878372192383,0.0005787037080153823,1.0,False,False,False,0.7615635991096497,0.8856850862503052,0.38783565163612366,0.38783565163612366,0.8549955487251282,0.5580196976661682,7.176555633544922
9LZX,boltz1,3,False,21.923959732055664,0.0,1.0,False,False,False,0.7566739916801453,0.8929634690284729,0.33483099937438965,0.33483099937438965,0.8621347546577454,0.5594775676727295,7.902955055236816
9LZX,boltz1,4,False,23.461645126342773,0.0,1.0,False,False,False,0.751940131187439,0.8969497084617615,0.3203621506690979,0.3203621506690979,0.8598346710205078,0.4782685935497284,7.627140998840332
9LZX,boltz2,0,True,17.346567153930664,0.03846153989434242,1.0,False,False,False,0.8276726007461548,0.8650965690612793,0.8248910903930664,0.8248910903930664,0.8283680081367493,0.643487274646759,2.0206940174102783
9LZX,boltz2,1,False,17.61100959777832,0.026579352095723152,1.0,False,False,False,0.8245512247085571,0.8536549210548401,0.8323372602462769,0.8323372602462769,0.8226047158241272,0.6992481350898743,2.115039348602295
9LZX,boltz2,2,False,16.813190460205078,0.0,1.0,False,False,False,0.8218942880630493,0.8657241463661194,0.7860403060913086,0.7860403060913086,0.8308578133583069,0.6149100065231323,2.3615028858184814
9LZX,boltz2,3,False,17.132959365844727,0.039274923503398895,1.0,False,False,False,0.8051372766494751,0.8500688672065735,0.7416636347770691,0.7416636347770691,0.821005642414093,0.6738554835319519,2.8061277866363525
9LZX,boltz2,4,False,18.09186553955078,0.0,1.0,False,False,False,0.7927058935165405,0.8613685965538025,0.7311484813690186,0.7311484813690186,0.8080952763557434,0.5604198575019836,2.8372232913970947
9MAW,boltz1,0,True,1.0612345933914185,0.7595870494842529,1.0,True,False,False,0.8837379217147827,0.9372678995132446,0.7883281707763672,0.7883281707763672,0.907590389251709,0.7427747249603271,1.6156097650527954
9MAW,boltz1,1,False,1.6881211996078491,0.6775766015052795,1.0,True,False,False,0.882538914680481,0.943323016166687,0.7654584050178528,0.7654584050178528,0.911808967590332,0.7471305727958679,2.010909080505371
9MAW,boltz1,2,False,1.1649190187454224,0.7458333373069763,1.0,True,False,False,0.877016544342041,0.9301544427871704,0.749004602432251,0.749004602432251,0.9090195298194885,0.7425549626350403,2.1045453548431396
9MAW,boltz1,3,False,1.5082452297210693,0.7112069129943848,1.0,True,False,False,0.8767762184143066,0.931383490562439,0.7478612065315247,0.7478612065315247,0.9090049266815186,0.7359910011291504,2.201953649520874
9MAW,boltz1,4,False,1.5258287191390991,0.6907514333724976,1.0,True,False,False,0.8749664425849915,0.9262786507606506,0.7435916066169739,0.7435916066169739,0.9078100919723511,0.7371405363082886,2.186797618865967
9MAW,boltz2,0,True,3.362156391143799,0.5040322542190552,1.0,False,False,False,0.9104059934616089,0.9174208641052246,0.9477258324623108,0.9477258324623108,0.9010760188102722,0.8634247183799744,0.61639404296875
9MAW,boltz2,1,False,3.477625846862793,0.4611486494541168,1.0,False,False,False,0.8968373537063599,0.8917911052703857,0.9158698320388794,0.9158698320388794,0.8920791745185852,0.8393053412437439,0.8073534369468689
9MAW,boltz2,2,False,3.054306983947754,0.5330296158790588,1.0,False,False,False,0.8850138783454895,0.8641313910484314,0.9026846885681152,0.9026846885681152,0.8805961608886719,0.8255628347396851,0.883204460144043
9MAW,boltz2,3,False,3.1897947788238525,0.47876858711242676,1.0,False,False,False,0.8671789169311523,0.8255481719970703,0.8654048442840576,0.8654048442840576,0.8676224946975708,0.8062950372695923,1.0540289878845215
9MAW,boltz2,4,False,1.8077210187911987,0.6576433181762695,1.0,True,False,False,0.857506275177002,0.8240464329719543,0.834297776222229,0.834297776222229,0.8633084297180176,0.7869998216629028,1.1923316717147827
9N3L,boltz1,0,True,5.942477703094482,0.24237029254436493,1.0,False,False,False,0.8703724145889282,0.9329172968864441,0.7646043300628662,0.7646043300628662,0.8968144655227661,0.6778525710105896,1.87638258934021
9N3L,boltz1,1,False,5.894789695739746,0.25974026322364807,1.0,False,False,False,0.8636384010314941,0.928479790687561,0.7415592670440674,0.7415592670440674,0.8941581845283508,0.6702066659927368,2.0331778526306152
9N3L,boltz1,2,False,6.078481197357178,0.23731102049350739,1.0,False,False,False,0.8631002306938171,0.9325764775276184,0.7415478825569153,0.7415478825569153,0.893488347530365,0.6389827132225037,2.0511560440063477
9N3L,boltz1,3,False,5.167849540710449,0.37257280945777893,1.0,False,False,False,0.8562968373298645,0.9245321154594421,0.721839964389801,0.721839964389801,0.8899110555648804,0.6457770466804504,2.292074203491211
9N3L,boltz1,4,False,8.009476661682129,0.10125260800123215,1.0,False,False,False,0.8107824325561523,0.9082124829292297,0.5630894899368286,0.5630894899368286,0.8727056980133057,0.5193637609481812,2.9976344108581543
9N3L,boltz2,0,True,6.82774543762207,0.17752867937088013,1.0,False,False,False,0.8647271990776062,0.8987110257148743,0.8430107235908508,0.8430107235908508,0.8701562881469727,0.7306375503540039,1.4191433191299438
9N3L,boltz2,1,False,6.4001145362854,0.18060395121574402,1.0,False,False,False,0.864205539226532,0.9063470363616943,0.8213626146316528,0.8213626146316528,0.8749162554740906,0.7199849486351013,1.539852499961853
9N3L,boltz2,2,False,6.623404502868652,0.18032296001911163,1.0,False,False,False,0.8585150837898254,0.914675235748291,0.8194820284843445,0.8194820284843445,0.8682733774185181,0.7011170983314514,1.5066403150558472
9N3L,boltz2,3,False,6.688767910003662,0.18965516984462738,1.0,False,False,False,0.8554407954216003,0.904128909111023,0.8239604830741882,0.8239604830741882,0.8633109331130981,0.6956143975257874,1.5103973150253296
9N3L,boltz2,4,False,6.501580238342285,0.193705216050148,1.0,False,False,False,0.8423405885696411,0.8793304562568665,0.7924625277519226,0.7924625277519226,0.8548100590705872,0.6857290863990784,1.715950846672058
9ND3,boltz1,0,True,1.2517175674438477,0.8586826324462891,1.0,True,True,True,0.9486420750617981,0.9581170678138733,0.9471379518508911,0.9471379518508911,0.9490180611610413,0.8939443230628967,0.5649718642234802
9ND3,boltz1,1,False,1.2743971347808838,0.8559523820877075,1.0,True,True,True,0.9485902786254883,0.9612667560577393,0.9471457004547119,0.9471457004547119,0.9489514827728271,0.8944563865661621,0.5636268854141235
9ND3,boltz1,2,False,1.2577115297317505,0.8592436909675598,1.0,True,True,True,0.9478133916854858,0.9540627002716064,0.9449607729911804,0.9449607729911804,0.9485265612602234,0.8928525447845459,0.5808658003807068
9ND3,boltz1,3,False,1.1996710300445557,0.8517751693725586,1.0,True,True,True,0.9469196200370789,0.9554639458656311,0.9438414573669434,0.9438414573669434,0.9476891756057739,0.8911581039428711,0.5868184566497803
9ND3,boltz1,4,False,0.902290940284729,0.8874251246452332,1.0,True,True,True,0.9458423852920532,0.9543901681900024,0.9408111572265625,0.9408111572265625,0.9471002221107483,0.8845140337944031,0.6136621832847595
9ND3,boltz2,0,True,0.8266692757606506,0.8987626433372498,1.0,True,True,True,0.9257270693778992,0.9051101207733154,0.9480286836624146,0.9480286836624146,0.9201516509056091,0.9166231155395508,0.5990848541259766
9ND3,boltz2,1,False,0.8929559588432312,0.9013528823852539,1.0,True,True,True,0.925451934337616,0.9079285860061646,0.9510800242424011,0.9510800242424011,0.9190449714660645,0.9121688604354858,0.587266743183136
9ND3,boltz2,2,False,0.9313289523124695,0.8353293538093567,1.0,True,True,True,0.9026733636856079,0.8536916971206665,0.9177262187004089,0.9177262187004089,0.8989101052284241,0.8867800831794739,0.7990022897720337
9ND3,boltz2,3,False,1.0207022428512573,0.8591370582580566,1.0,True,True,True,0.9014085531234741,0.8588935732841492,0.9157334566116333,0.9157334566116333,0.8978273272514343,0.8786720037460327,0.8009805679321289
9ND3,boltz2,4,False,0.9413126111030579,0.8269801735877991,1.0,True,True,True,0.89955073595047,0.8342403173446655,0.9078937768936157,0.9078937768936157,0.8974649310112,0.8870219588279724,0.8127807378768921
9NGP,boltz1,0,True,0.9999242424964905,0.9113659858703613,1.0,True,True,True,0.9199352264404297,0.9606993794441223,0.9793360233306885,0.9793360233306885,0.9050849676132202,0.903719425201416,0.43105849623680115
9NGP,boltz1,1,False,1.0210901498794556,0.9207636117935181,1.0,True,True,True,0.9198638200759888,0.9629486203193665,0.9787584543228149,0.9787584543228149,0.9051401615142822,0.9061294198036194,0.45111799240112305
9NGP,boltz1,2,False,1.2531663179397583,0.8997436165809631,1.0,True,True,True,0.9174425005912781,0.9581823348999023,0.976250410079956,0.976250410079956,0.9027405381202698,0.8985037207603455,0.4690362811088562
9NGP,boltz1,3,False,0.9487246870994568,0.9400105476379395,1.0,True,True,True,0.9170495271682739,0.9536450505256653,0.9805111289024353,0.9805111289024353,0.9011841416358948,0.9089146852493286,0.4587039053440094
9NGP,boltz1,4,False,1.4352573156356812,0.8961105346679688,1.0,True,True,True,0.9152436256408691,0.9518693089485168,0.9751015901565552,0.9751015901565552,0.9002791047096252,0.900285005569458,0.48482298851013184
9NGP,boltz2,0,True,0.9491791129112244,0.8955607414245605,1.0,True,True,True,0.9174447059631348,0.9142958521842957,0.966953694820404,0.966953694820404,0.9050674438476562,0.9038253426551819,0.6380659341812134
9NGP,boltz2,1,False,1.0103100538253784,0.9080459475517273,1.0,True,True,True,0.9114370346069336,0.9019975066184998,0.9595601558685303,0.9595601558685303,0.8994061946868896,0.8948955535888672,0.6479052901268005
9NGP,boltz2,2,False,1.2881979942321777,0.8596532344818115,1.0,True,True,True,0.9100443720817566,0.8982280492782593,0.9547067880630493,0.9547067880630493,0.898878812789917,0.8934829235076904,0.7124601602554321
9NGP,boltz2,3,False,1.04877507686615,0.869369387626648,1.0,True,True,True,0.9055095911026001,0.8648799061775208,0.9401612281799316,0.9401612281799316,0.8968466520309448,0.8920632004737854,0.7738515734672546
9NGP,boltz2,4,False,1.2005033493041992,0.8400921821594238,1.0,True,True,True,0.9034711122512817,0.8967008590698242,0.950097382068634,0.950097382068634,0.8918145298957825,0.8748955726623535,0.7383877635002136
9NWX,boltz1,0,True,4.47477912902832,0.617432713508606,1.0,False,False,False,0.9413914680480957,0.9565075039863586,0.9361913204193115,0.9361913204193115,0.9426915049552917,0.8945024013519287,0.8921024203300476
9NWX,boltz1,1,False,3.9416275024414062,0.6484283804893494,1.0,False,False,False,0.9366234540939331,0.9541791677474976,0.9194795489311218,0.9194795489311218,0.9409095048904419,0.8793693780899048,0.9798641800880432
9NWX,boltz1,2,False,4.194057464599609,0.6994981169700623,1.0,False,False,False,0.9347180128097534,0.9569687843322754,0.9145569205284119,0.9145569205284119,0.93975830078125,0.8630326390266418,0.8330221772193909
9NWX,boltz1,3,False,3.6431541442871094,0.6999414563179016,1.0,False,False,False,0.9306632876396179,0.9509353041648865,0.9020239114761353,0.9020239114761353,0.9378231763839722,0.8590760827064514,1.2634015083312988
9NWX,boltz1,4,False,3.370131492614746,0.7112845182418823,1.0,False,False,False,0.9289339780807495,0.9500170350074768,0.8993054628372192,0.8993054628372192,0.9363411664962769,0.8538404703140259,1.0154576301574707
9NWX,boltz2,0,True,0.4981011748313904,0.9343863725662231,1.0,True,True,True,0.9384783506393433,0.9344186186790466,0.9576156735420227,0.9576156735420227,0.9336940050125122,0.9030519127845764,0.5904027819633484
9NWX,boltz2,1,False,0.6552309393882751,0.9349939227104187,1.0,True,True,True,0.9323734045028687,0.9138110876083374,0.9513347744941711,0.9513347744941711,0.9276330471038818,0.900810718536377,0.6017422080039978
9NWX,boltz2,2,False,0.7184282541275024,0.9121937155723572,1.0,True,True,True,0.9300140142440796,0.8945492506027222,0.9374239444732666,0.9374239444732666,0.92816162109375,0.908429741859436,0.680012583732605
9NWX,boltz2,3,False,0.7561034560203552,0.8980186581611633,1.0,True,True,True,0.9264928102493286,0.8813397884368896,0.9309784173965454,0.9309784173965454,0.9253714084625244,0.9034565091133118,0.7066274285316467
9NWX,boltz2,4,False,0.8338840007781982,0.8765260577201843,1.0,True,True,True,0.918566882610321,0.8742357492446899,0.9246577620506287,0.9246577620506287,0.9170442223548889,0.8894183039665222,0.7418140769004822
9O73,boltz1,0,True,1.5392327308654785,0.7320261597633362,1.0,True,False,False,0.9010459184646606,0.9596260190010071,0.7782072424888611,0.7782072424888611,0.9317556023597717,0.7586989998817444,1.9118754863739014
9O73,boltz1,1,False,1.7595967054367065,0.7296025156974792,1.0,True,False,False,0.9000595211982727,0.9562979340553284,0.7770346403121948,0.7770346403121948,0.9308157563209534,0.7617470622062683,1.901171088218689
9O73,boltz1,2,False,0.8463991284370422,0.8594470024108887,1.0,True,True,True,0.8985671997070312,0.9506019353866577,0.7755362391471863,0.7755362391471863,0.9293249249458313,0.7573583722114563,1.928081750869751
9O73,boltz1,3,False,0.7708562016487122,0.8573943376541138,1.0,True,True,True,0.8954436182975769,0.9519378542900085,0.7607900500297546,0.7607900500297546,0.9291070699691772,0.7498896718025208,2.036222457885742
9O73,boltz1,4,False,4.644949436187744,0.4228448271751404,1.0,False,False,False,0.8861304521560669,0.9562287926673889,0.7214025259017944,0.7214025259017944,0.927312433719635,0.7112205028533936,2.1746301651000977
9O73,boltz2,0,True,0.5235331058502197,0.9141468405723572,1.0,True,True,True,0.892967700958252,0.8914406895637512,0.9432832598686218,0.9432832598686218,0.8803887963294983,0.8746173977851868,0.8272490501403809
9O73,boltz2,1,False,0.7956500053405762,0.8666008114814758,1.0,True,True,True,0.8832305669784546,0.856929361820221,0.9343662261962891,0.9343662261962891,0.8704467415809631,0.8710482120513916,0.9202213883399963
9O73,boltz2,2,False,0.618998110294342,0.8703703880310059,1.0,True,True,True,0.8793039321899414,0.8294618725776672,0.9323117733001709,0.9323117733001709,0.8660520315170288,0.8730980157852173,0.9135544896125793
9O73,boltz2,3,False,0.645940899848938,0.8850401639938354,1.0,True,True,True,0.8791791200637817,0.8448504209518433,0.9329110980033875,0.9329110980033875,0.8657461404800415,0.8690077662467957,0.9205931425094604
9O73,boltz2,4,False,0.512319028377533,0.8757143020629883,1.0,True,True,True,0.8775005340576172,0.8197226524353027,0.9106813073158264,0.9106813073158264,0.8692052960395813,0.8679310083389282,1.0456494092941284
9O7R,boltz1,0,True,2.1009206771850586,0.7204433679580688,1.0,False,False,False,0.8555436134338379,0.7557952404022217,0.8541566729545593,0.8541566729545593,0.8558903932571411,0.7758310437202454,4.059131145477295
9O7R,boltz1,1,False,1.019774317741394,0.8880156874656677,1.0,True,True,True,0.8432262539863586,0.7509094476699829,0.7981047034263611,0.7981047034263611,0.8545066714286804,0.7373358607292175,4.768688201904297
9O7R,boltz1,2,False,1.831576943397522,0.8078793883323669,1.0,True,True,True,0.8317596316337585,0.7519005537033081,0.7326675653457642,0.7326675653457642,0.8565326929092407,0.7190280556678772,5.680519104003906
9O7R,boltz1,3,False,1.7205904722213745,0.8034734725952148,1.0,True,True,True,0.823764443397522,0.748289942741394,0.7123410701751709,0.7123410701751709,0.8516202569007874,0.7048919796943665,6.316097736358643
9O7R,boltz1,4,False,1.889394760131836,0.7612456679344177,1.0,True,False,False,0.8234648704528809,0.7496413588523865,0.7086098194122314,0.7086098194122314,0.8521786332130432,0.6945258378982544,6.402891159057617
9O7R,boltz2,0,True,2.2446186542510986,0.574999988079071,1.0,False,False,False,0.8068102598190308,0.7028178572654724,0.8310543894767761,0.8310543894767761,0.8007492423057556,0.8070219159126282,3.707955837249756
9O7R,boltz2,1,False,2.670665979385376,0.6063481569290161,1.0,False,False,False,0.8057853579521179,0.7615022659301758,0.8318306803703308,0.8318306803703308,0.7992740869522095,0.7868948578834534,3.4436371326446533
9O7R,boltz2,2,False,2.114494800567627,0.6039401888847351,1.0,False,False,False,0.803250789642334,0.6771472692489624,0.8226128220558167,0.8226128220558167,0.7984102368354797,0.7993683218955994,3.785170555114746
9O7R,boltz2,3,False,2.1555416584014893,0.5829253196716309,1.0,False,False,False,0.8009545207023621,0.686604917049408,0.8261865377426147,0.8261865377426147,0.7946465015411377,0.7842123508453369,4.08306360244751
9O7R,boltz2,4,False,2.1708905696868896,0.5353260636329651,1.0,False,False,False,0.7844773530960083,0.6593708992004395,0.7754384875297546,0.7754384875297546,0.7867370247840881,0.7850683331489563,4.475431442260742
9OGW,boltz1,0,True,25.441574096679688,0.0,1.0,False,False,False,0.9018155932426453,0.950400710105896,0.8488045334815979,0.8488045334815979,0.9150683283805847,0.7751956582069397,1.4621517658233643
9OGW,boltz1,1,False,25.15085792541504,0.0,1.0,False,False,False,0.9009979367256165,0.9492279887199402,0.8498553037643433,0.8498553037643433,0.9137835502624512,0.7858927249908447,1.4751583337783813
9OGW,boltz1,2,False,25.52735137939453,0.0,1.0,False,False,False,0.899396538734436,0.948111891746521,0.8505949974060059,0.8505949974060059,0.911596953868866,0.7800285816192627,1.4842921495437622
9OGW,boltz1,3,False,25.580833435058594,0.0,1.0,False,False,False,0.8918784856796265,0.944890558719635,0.8220324516296387,0.8220324516296387,0.9093400239944458,0.7657318711280823,1.674582600593567
9OGW,boltz1,4,False,25.714542388916016,0.0,1.0,False,False,False,0.8557024002075195,0.9367849230766296,0.6700665354728699,0.6700665354728699,0.9021114110946655,0.6575731039047241,2.536806106567383
9OGW,boltz2,0,True,33.972023010253906,0.0,1.0,False,False,False,0.9176551103591919,0.9406701922416687,0.9425145387649536,0.9425145387649536,0.9114402532577515,0.8518900275230408,0.8562400937080383
9OGW,boltz2,1,False,32.80310821533203,0.0,1.0,False,False,False,0.9042452573776245,0.8946855664253235,0.9149052500724792,0.9149052500724792,0.9015803337097168,0.8551943898200989,1.079146146774292
9OGW,boltz2,2,False,32.968727111816406,0.0,1.0,False,False,False,0.9003251194953918,0.8731594681739807,0.9236293435096741,0.9236293435096741,0.8944990634918213,0.8419160842895508,0.9546263813972473
9OGW,boltz2,3,False,33.220706939697266,0.0,1.0,False,False,False,0.8988140225410461,0.8775038123130798,0.9081899523735046,0.9081899523735046,0.8964700102806091,0.8473226428031921,1.0217244625091553
9OGW,boltz2,4,False,32.821258544921875,0.0,1.0,False,False,False,0.8970990180969238,0.8668383955955505,0.9092538952827454,0.9092538952827454,0.8940603137016296,0.8505038022994995,1.0215156078338623
9OLE,boltz1,0,True,8.27391529083252,0.23364485800266266,1.0,False,False,False,0.883426308631897,0.9141870141029358,0.9079992771148682,0.9079992771148682,0.877282977104187,0.8077617883682251,1.2485718727111816
9OLE,boltz1,1,False,7.822259902954102,0.23302920162677765,1.0,False,False,False,0.8795345425605774,0.9085450172424316,0.9063887596130371,0.9063887596130371,0.8728209733963013,0.8005273938179016,1.2871694564819336
9OLE,boltz1,2,False,8.015089988708496,0.26395732164382935,1.0,False,False,False,0.8769763112068176,0.9113149642944336,0.9000096917152405,0.9000096917152405,0.8712179660797119,0.7795042395591736,1.240126609802246
9OLE,boltz1,3,False,7.871198654174805,0.25863486528396606,1.0,False,False,False,0.863753616809845,0.9059928059577942,0.849086582660675,0.849086582660675,0.8674203157424927,0.7424829006195068,1.6462669372558594
9OLE,boltz1,4,False,8.093472480773926,0.23888006806373596,1.0,False,False,False,0.8617212176322937,0.9082714915275574,0.8515178561210632,0.8515178561210632,0.8642721176147461,0.742784321308136,1.5976808071136475
9OLE,boltz2,0,True,0.9124518632888794,0.8803370594978333,1.0,True,True,True,0.861911952495575,0.8461471199989319,0.9547531008720398,0.9547531008720398,0.8387017250061035,0.8467495441436768,1.0162605047225952
9OLE,boltz2,1,False,0.8986896872520447,0.8312246799468994,1.0,True,True,True,0.8537428975105286,0.8195652365684509,0.9446312189102173,0.9446312189102173,0.8310208320617676,0.8383376598358154,1.120789885520935
9OLE,boltz2,2,False,0.9169608354568481,0.8361452221870422,1.0,True,True,True,0.8485004305839539,0.8098875880241394,0.9399382472038269,0.9399382472038269,0.8256409764289856,0.8347796201705933,1.1529783010482788
9OLE,boltz2,3,False,0.9581844806671143,0.8353115916252136,1.0,True,True,True,0.8456453084945679,0.7852022647857666,0.92885822057724,0.92885822057724,0.8248421549797058,0.8317345976829529,1.2011704444885254
9OLE,boltz2,4,False,0.9085068106651306,0.8376938104629517,1.0,True,True,True,0.8416692018508911,0.7845191359519958,0.9229125380516052,0.9229125380516052,0.8213583827018738,0.824804425239563,1.2257764339447021
9ORM,boltz1,0,True,1.4725793600082397,0.8797640800476074,1.0,True,True,True,0.9303865432739258,0.9423460364341736,0.9776553511619568,0.9776553511619568,0.9185693264007568,0.9172970652580261,0.5199369788169861
9ORM,boltz1,1,False,1.361327052116394,0.8810763955116272,1.0,True,True,True,0.9301940202713013,0.9430295825004578,0.9777830243110657,0.9777830243110657,0.9182966947555542,0.9203302264213562,0.5158207416534424
9ORM,boltz1,2,False,1.7695928812026978,0.8500000238418579,1.0,True,True,True,0.9298948049545288,0.9411100745201111,0.9778158664703369,0.9778158664703369,0.917914628982544,0.9225521087646484,0.500243604183197
9ORM,boltz1,3,False,1.6776047945022583,0.8650721907615662,1.0,True,True,True,0.9294103384017944,0.9405897259712219,0.9766750335693359,0.9766750335693359,0.9175942540168762,0.9161624312400818,0.5122667551040649
9ORM,boltz1,4,False,1.7961788177490234,0.836058497428894,1.0,True,True,True,0.9275118708610535,0.9338674545288086,0.9779932498931885,0.9779932498931885,0.9148915410041809,0.9211382865905762,0.5069679617881775
9ORM,boltz2,0,True,1.3949201107025146,0.8124006390571594,1.0,True,True,True,0.895425021648407,0.8781208992004395,0.9490039944648743,0.9490039944648743,0.8820303082466125,0.8942819833755493,0.9323035478591919
9ORM,boltz2,1,False,1.6448100805282593,0.7769230604171753,1.0,True,False,False,0.8941670656204224,0.8699580430984497,0.9473257660865784,0.9473257660865784,0.8808773756027222,0.8940064311027527,0.935116708278656
9ORM,boltz2,2,False,2.2077536582946777,0.7723076939582825,1.0,False,False,False,0.8917350769042969,0.8712314367294312,0.9419280290603638,0.9419280290603638,0.8791868090629578,0.8916651010513306,0.9803542494773865
9ORM,boltz2,3,False,2.0233945846557617,0.7467994093894958,1.0,False,False,False,0.8912790417671204,0.8512865304946899,0.9419326782226562,0.9419326782226562,0.8786156177520752,0.8964604139328003,0.9477793574333191
9ORM,boltz2,4,False,1.9317337274551392,0.7313116788864136,1.0,True,False,False,0.8829727172851562,0.8404722213745117,0.9355335235595703,0.9355335235595703,0.8698325157165527,0.8889199495315552,1.0236320495605469
9P09,boltz1,0,True,1.6913758516311646,0.7100903391838074,1.0,True,False,False,0.9098672866821289,0.9587728977203369,0.8502463102340698,0.8502463102340698,0.9247725605964661,0.746293306350708,3.1697919368743896
9P09,boltz1,1,False,1.881970763206482,0.6995515823364258,1.0,True,False,False,0.9096239805221558,0.9557892680168152,0.8586069345474243,0.8586069345474243,0.9223783016204834,0.745262086391449,3.0974109172821045
9P09,boltz1,2,False,1.8124585151672363,0.7077826857566833,1.0,True,False,False,0.9084525108337402,0.9563354849815369,0.8494349122047424,0.8494349122047424,0.9232068657875061,0.7491741180419922,3.0816774368286133
9P09,boltz1,3,False,5.658442497253418,0.31514477729797363,1.0,False,False,False,0.8797771334648132,0.9560452103614807,0.7212871313095093,0.7212871313095093,0.9193996787071228,0.6164265871047974,5.533268451690674
9P09,boltz1,4,False,5.823209762573242,0.3357594907283783,1.0,False,False,False,0.879653811454773,0.9551165699958801,0.7192811369895935,0.7192811369895935,0.919746994972229,0.5678683519363403,5.500428199768066
9P09,boltz2,0,True,1.7243988513946533,0.7119944095611572,1.0,True,False,False,0.9201728105545044,0.8972386717796326,0.9488102197647095,0.9488102197647095,0.9130134582519531,0.887374222278595,1.2971646785736084
9P09,boltz2,1,False,1.8405669927597046,0.6973860859870911,1.0,True,False,False,0.9182252883911133,0.8930322527885437,0.9472247362136841,0.9472247362136841,0.9109753966331482,0.8881605863571167,1.2841005325317383
9P09,boltz2,2,False,1.9716005325317383,0.6796565651893616,1.0,True,False,False,0.9177350997924805,0.9011163115501404,0.9486758708953857,0.9486758708953857,0.9099998474121094,0.8865870833396912,1.319318175315857
9P09,boltz2,3,False,1.8158098459243774,0.6638349294662476,1.0,True,False,False,0.9087575674057007,0.8674847483634949,0.9372979998588562,0.9372979998588562,0.901622474193573,0.8809974789619446,1.4190096855163574
9P09,boltz2,4,False,2.4004201889038086,0.6391001343727112,1.0,False,False,False,0.9047940969467163,0.8395172357559204,0.9322924017906189,0.9322924017906189,0.8979195952415466,0.8798303604125977,1.389936923980713
9PPL,boltz1,0,True,3.1303579807281494,0.48867449164390564,1.0,False,False,False,0.7929350137710571,0.8982586860656738,0.5482492446899414,0.5482492446899414,0.8541064858436584,0.6073243021965027,3.686870813369751
9PPL,boltz1,1,False,3.170485496520996,0.49607330560684204,1.0,False,False,False,0.7882403135299683,0.8975043892860413,0.5335129499435425,0.5335129499435425,0.8519221544265747,0.5931923389434814,3.857916831970215
9PPL,boltz1,2,False,6.996501922607422,0.26664304733276367,1.0,False,False,False,0.7779932618141174,0.8925819993019104,0.49238333106040955,0.49238333106040955,0.849395751953125,0.5790728330612183,4.505373954772949
9PPL,boltz1,3,False,6.748037338256836,0.3114933967590332,1.0,False,False,False,0.7761502265930176,0.8948377370834351,0.49478963017463684,0.49478963017463684,0.8464903831481934,0.5755917429924011,4.390928268432617
9PPL,boltz1,4,False,7.142611503601074,0.2708638310432434,1.0,False,False,False,0.7684100270271301,0.8873986601829529,0.46598032116889954,0.46598032116889954,0.8440174460411072,0.5518484115600586,4.7697858810424805
9PPL,boltz2,0,True,2.559281349182129,0.5833333134651184,1.0,False,False,False,0.9048416018486023,0.9116904735565186,0.8889971971511841,0.8889971971511841,0.9088026881217957,0.8644376397132874,0.9876708388328552
9PPL,boltz2,1,False,3.626725435256958,0.4382396340370178,1.0,False,False,False,0.8975152969360352,0.9005575776100159,0.8797906041145325,0.8797906041145325,0.9019464254379272,0.8594788908958435,0.9944150447845459
9PPL,boltz2,2,False,4.429497241973877,0.35719478130340576,1.0,False,False,False,0.8911336660385132,0.881134033203125,0.8634306192398071,0.8634306192398071,0.8980594873428345,0.8481959104537964,1.055580973625183
9PPL,boltz2,3,False,4.787331581115723,0.3405114412307739,1.0,False,False,False,0.8867653012275696,0.8691479563713074,0.8598865270614624,0.8598865270614624,0.8934850096702576,0.8561164140701294,1.059901475906372
9PPL,boltz2,4,False,1.8698394298553467,0.7176840305328369,1.0,True,False,False,0.8796221017837524,0.8571416735649109,0.8557776212692261,0.8557776212692261,0.885583221912384,0.8330844640731812,1.148802638053894
9PSQ,boltz1,0,True,8.727025032043457,0.15345744788646698,1.0,False,False,False,0.7713161706924438,0.7936145663261414,0.6177493929862976,0.6177493929862976,0.8097078800201416,0.5278662443161011,6.233492851257324
9PSQ,boltz1,1,False,8.183893203735352,0.15979380905628204,1.0,False,False,False,0.7657871246337891,0.7765952348709106,0.5985963344573975,0.5985963344573975,0.807584822177887,0.533574104309082,6.591662406921387
9PSQ,boltz1,2,False,8.066436767578125,0.17548543214797974,1.0,False,False,False,0.7584856748580933,0.7765030264854431,0.5909573435783386,0.5909573435783386,0.8003677725791931,0.5239285230636597,6.626041412353516
9PSQ,boltz1,3,False,8.047470092773438,0.16894018650054932,1.0,False,False,False,0.7502467632293701,0.7730068564414978,0.5289849638938904,0.5289849638938904,0.8055621981620789,0.4909408688545227,7.751585960388184
9PSQ,boltz1,4,False,8.106399536132812,0.1713709682226181,1.0,False,False,False,0.7468512654304504,0.7689121961593628,0.5338619351387024,0.5338619351387024,0.8000985980033875,0.4920785427093506,7.498326778411865
9PSQ,boltz2,0,True,39.46546173095703,0.0,1.0,False,False,False,0.7598282098770142,0.6520800590515137,0.7494125366210938,0.7494125366210938,0.7624320983886719,0.5539401769638062,4.675332546234131
9PSQ,boltz2,1,False,42.37675094604492,0.0,1.0,False,False,False,0.7517565488815308,0.6969826221466064,0.70797199010849,0.70797199010849,0.7627027034759521,0.5408182740211487,4.902498722076416
9PSQ,boltz2,2,False,7.041110992431641,0.31497326493263245,1.0,False,False,False,0.7296303510665894,0.7539194226264954,0.6594668030738831,0.6594668030738831,0.7471712231636047,0.4380693733692169,7.185853004455566
9PSQ,boltz2,3,False,6.624240398406982,0.28938519954681396,1.0,False,False,False,0.7227684259414673,0.6707068681716919,0.6753089427947998,0.6753089427947998,0.7346332669258118,0.46900323033332825,6.531056880950928
9PSQ,boltz2,4,False,5.307178020477295,0.44264543056488037,1.0,False,False,False,0.7157032489776611,0.6792212724685669,0.6349539756774902,0.6349539756774902,0.7358905673027039,0.4380168318748474,7.554353713989258
9Q8D,boltz1,0,True,0.9064300060272217,0.8909090757369995,1.0,True,True,True,0.9130488634109497,0.9117063283920288,0.9414981007575989,0.9414981007575989,0.9059364795684814,0.8478637337684631,1.0998460054397583
9Q8D,boltz1,1,False,1.014932632446289,0.8825198411941528,1.0,True,True,True,0.9124495387077332,0.9128804802894592,0.9398312568664551,0.9398312568664551,0.9056041240692139,0.8443729877471924,1.07998788356781
9Q8D,boltz1,2,False,0.8435935378074646,0.8992027044296265,1.0,True,True,True,0.9121394157409668,0.9141818881034851,0.9458209276199341,0.9458209276199341,0.9037190079689026,0.8493913412094116,1.039726734161377
9Q8D,boltz1,3,False,0.9483118057250977,0.877979576587677,1.0,True,True,True,0.9108430743217468,0.9186868071556091,0.9439636468887329,0.9439636468887329,0.9025629162788391,0.8461323380470276,1.0687636137008667
9Q8D,boltz1,4,False,0.7574256658554077,0.8961226940155029,1.0,True,True,True,0.9071353077888489,0.9070316553115845,0.9409512281417847,0.9409512281417847,0.8986812829971313,0.8429107069969177,1.1227943897247314
9Q8D,boltz2,0,True,1.4233908653259277,0.8240832686424255,1.0,True,True,True,0.8990976214408875,0.8867081999778748,0.951927661895752,0.951927661895752,0.8858901858329773,0.8829399347305298,0.8062509894371033
9Q8D,boltz2,1,False,0.8441487550735474,0.8594802618026733,1.0,True,True,True,0.8905912637710571,0.8610750436782837,0.9389705657958984,0.9389705657958984,0.8784964084625244,0.8781163096427917,0.9690600037574768
9Q8D,boltz2,2,False,1.447785496711731,0.8264081478118896,1.0,True,True,True,0.8902935981750488,0.8632873296737671,0.9329260587692261,0.9329260587692261,0.8796354532241821,0.875087320804596,0.9788260459899902
9Q8D,boltz2,3,False,1.5236669778823853,0.7954335808753967,1.0,True,False,False,0.8777338266372681,0.845824658870697,0.9234002828598022,0.9234002828598022,0.8663172125816345,0.8571292161941528,1.054785132408142
9Q8D,boltz2,4,False,1.4189362525939941,0.7925909757614136,1.0,True,False,False,0.8772993087768555,0.8376781940460205,0.9235636591911316,0.9235636591911316,0.8657332062721252,0.8654080629348755,1.0309100151062012
9QDY,boltz1,0,True,3.627173900604248,0.5662469863891602,1.0,False,False,False,0.9421744346618652,0.9646813273429871,0.9449390172958374,0.9449390172958374,0.9414832592010498,0.8919681906700134,0.5897524356842041
9QDY,boltz1,1,False,3.5402352809906006,0.570321798324585,1.0,False,False,False,0.9409715533256531,0.9643732905387878,0.9375238418579102,0.9375238418579102,0.9418334364891052,0.8904417157173157,0.6428053379058838
9QDY,boltz1,2,False,3.4351143836975098,0.579026460647583,1.0,False,False,False,0.9405538439750671,0.9646084308624268,0.9390976428985596,0.9390976428985596,0.9409179091453552,0.8844422698020935,0.6220943331718445
9QDY,boltz1,3,False,3.7066731452941895,0.5491124391555786,1.0,False,False,False,0.9379493594169617,0.9617803692817688,0.9353106617927551,0.9353106617927551,0.9386090636253357,0.883397102355957,0.6491914391517639
9QDY,boltz1,4,False,3.762610673904419,0.5274884104728699,1.0,False,False,False,0.9366170167922974,0.9617919325828552,0.932413637638092,0.932413637638092,0.9376677870750427,0.8832422494888306,0.6584910750389099
9QDY,boltz2,0,True,1.9313297271728516,0.6635429263114929,1.0,True,False,False,0.906842052936554,0.9278899431228638,0.9128024578094482,0.9128024578094482,0.905351996421814,0.861266553401947,0.8351583480834961
9QDY,boltz2,1,False,2.0475594997406006,0.6418378949165344,1.0,False,False,False,0.9064510464668274,0.926725447177887,0.9163656830787659,0.9163656830787659,0.903972327709198,0.8683883547782898,0.8072025775909424
9QDY,boltz2,2,False,1.7457886934280396,0.6413537859916687,1.0,True,False,False,0.9037452936172485,0.9186440706253052,0.913589596748352,0.913589596748352,0.9012842178344727,0.8643396496772766,0.7690832018852234
9QDY,boltz2,3,False,2.063627243041992,0.6826328635215759,1.0,False,False,False,0.9005258679389954,0.9253650903701782,0.8881335258483887,0.8881335258483887,0.9036238789558411,0.8595572113990784,0.9968617558479309
9QDY,boltz2,4,False,1.7735451459884644,0.6508427262306213,1.0,True,False,False,0.8868904113769531,0.8879517912864685,0.8686138391494751,0.8686138391494751,0.8914595246315002,0.8489729762077332,1.0457384586334229
9QZR,boltz1,0,True,3.0518903732299805,0.5373322367668152,1.0,False,False,False,0.9363839030265808,0.8365808129310608,0.8592699766159058,0.8592699766159058,0.9556623697280884,0.808007001876831,3.5409836769104004
9QZR,boltz1,1,False,2.453650712966919,0.6095651984214783,1.0,False,False,False,0.9362314939498901,0.8293914794921875,0.8617205023765564,0.8617205023765564,0.9548593163490295,0.8070799708366394,3.41567063331604
9QZR,boltz1,2,False,2.34857439994812,0.6245551705360413,1.0,False,False,False,0.9351159930229187,0.8127672076225281,0.8588196635246277,0.8588196635246277,0.9541900753974915,0.7973198890686035,3.536423444747925
9QZR,boltz1,3,False,3.142406940460205,0.5286544561386108,1.0,False,False,False,0.9348083734512329,0.8265364766120911,0.8561792373657227,0.8561792373657227,0.9544656276702881,0.80894535779953,3.6660633087158203
9QZR,boltz1,4,False,2.938876152038574,0.5508264303207397,1.0,False,False,False,0.9308063387870789,0.7883769273757935,0.8524624109268188,0.8524624109268188,0.9503923654556274,0.819398820400238,3.992306709289551
9QZR,boltz2,0,True,4.005221843719482,0.4338017702102661,1.0,False,False,False,0.9470928311347961,0.7109501361846924,0.9097466468811035,0.9097466468811035,0.9564293622970581,0.9021093845367432,1.768654465675354
9QZR,boltz2,1,False,3.720310926437378,0.4583936333656311,1.0,False,False,False,0.945595920085907,0.6829406023025513,0.9062600135803223,0.9062600135803223,0.9554298520088196,0.8972504734992981,1.7596515417099
9QZR,boltz2,2,False,3.882642984390259,0.4364466369152069,1.0,False,False,False,0.9451829195022583,0.7009726166725159,0.9092081189155579,0.9092081189155579,0.9541765451431274,0.900938093662262,1.824668049812317
9QZR,boltz2,3,False,3.898874282836914,0.4431972801685333,1.0,False,False,False,0.9405348896980286,0.6588978171348572,0.8994263410568237,0.8994263410568237,0.950812041759491,0.9078059196472168,1.8584274053573608
9QZR,boltz2,4,False,3.6498305797576904,0.4552190601825714,1.0,False,False,False,0.932515025138855,0.6242406964302063,0.8767510652542114,0.8767510652542114,0.9464560151100159,0.8881046772003174,2.155959129333496
9R1C,boltz1,0,True,7.079769611358643,0.1795397251844406,1.0,False,False,False,0.8912841081619263,0.7764762043952942,0.9581155180931091,0.9581155180931091,0.8745762705802917,0.8667583465576172,1.121863603591919
9R1C,boltz1,1,False,7.096174240112305,0.17396026849746704,1.0,False,False,False,0.8901202082633972,0.8835071325302124,0.9529180526733398,0.9529180526733398,0.8744207620620728,0.8569445013999939,1.0404497385025024
9R1C,boltz1,2,False,7.0380096435546875,0.18184654414653778,1.0,False,False,False,0.8892725706100464,0.7517752051353455,0.957733154296875,0.957733154296875,0.8721574544906616,0.873413622379303,1.166290044784546
9R1C,boltz1,3,False,7.120692253112793,0.17310087382793427,1.0,False,False,False,0.8890436887741089,0.8067395091056824,0.95234215259552,0.95234215259552,0.8732191324234009,0.8636738657951355,1.1156299114227295
9R1C,boltz1,4,False,7.006078720092773,0.17526578903198242,1.0,False,False,False,0.8884884119033813,0.7713385820388794,0.9520818591117859,0.9520818591117859,0.8725900650024414,0.8674697875976562,1.15578293800354
9R1C,boltz2,0,True,3.410217046737671,0.5791783928871155,1.0,False,False,False,0.8734025955200195,0.7175161242485046,0.9437600374221802,0.9437600374221802,0.8558132648468018,0.854525625705719,1.2895207405090332
9R1C,boltz2,1,False,3.3134541511535645,0.5969539284706116,1.0,False,False,False,0.8464414477348328,0.6822525858879089,0.9189515113830566,0.9189515113830566,0.8283140063285828,0.8098325729370117,1.2990550994873047
9R1C,boltz2,2,False,3.554053544998169,0.5453359484672546,1.0,False,False,False,0.8403879404067993,0.6686156392097473,0.9032058119773865,0.9032058119773865,0.8246834874153137,0.8102782368659973,1.5023279190063477
9R1C,boltz2,3,False,3.468817710876465,0.5467014908790588,1.0,False,False,False,0.83885657787323,0.6701231598854065,0.9050466418266296,0.9050466418266296,0.8223090767860413,0.8134262561798096,1.4716352224349976
9R1C,boltz2,4,False,3.3710625171661377,0.5570063591003418,1.0,False,False,False,0.8200027346611023,0.6368046402931213,0.8617078065872192,0.8617078065872192,0.8095764517784119,0.8004767298698425,1.7584776878356934
9R6I,boltz1,0,True,6.093417644500732,0.29015785455703735,1.0,False,False,False,0.9026443362236023,0.9400574564933777,0.8536124229431152,0.8536124229431152,0.9149022698402405,0.8257313370704651,1.432827115058899
9R6I,boltz1,1,False,6.136364459991455,0.2820855677127838,1.0,False,False,False,0.9015901684761047,0.9368751645088196,0.8508158922195435,0.8508158922195435,0.9142837524414062,0.8177269101142883,1.5015207529067993
9R6I,boltz1,2,False,6.016849040985107,0.2914426624774933,1.0,False,False,False,0.8988450169563293,0.9348835349082947,0.839686393737793,0.839686393737793,0.9136346578598022,0.8126904368400574,1.5900379419326782
9R6I,boltz1,3,False,6.040727138519287,0.2945612370967865,1.0,False,False,False,0.8974791765213013,0.933304488658905,0.8410742878913879,0.8410742878913879,0.9115803837776184,0.8113666772842407,1.6048591136932373
9R6I,boltz1,4,False,6.089032173156738,0.29361510276794434,1.0,False,False,False,0.8881911039352417,0.9339922070503235,0.8104204535484314,0.8104204535484314,0.9076338410377502,0.7840757966041565,1.8031316995620728
9R6I,boltz2,0,True,1.8545899391174316,0.712104082107544,1.0,True,False,False,0.8813381195068359,0.8458874225616455,0.865547776222229,0.865547776222229,0.8852857351303101,0.8195551633834839,1.2230807542800903
9R6I,boltz2,1,False,5.411471843719482,0.33568280935287476,1.0,False,False,False,0.8802671432495117,0.9018246531486511,0.8906336426734924,0.8906336426734924,0.877675473690033,0.7422622442245483,1.179397463798523
9R6I,boltz2,2,False,2.100818634033203,0.6873649954795837,1.0,False,False,False,0.872366726398468,0.8723596930503845,0.8240987658500671,0.8240987658500671,0.8844336867332458,0.7853469848632812,1.607576608657837
9R6I,boltz2,3,False,5.59779691696167,0.3050980269908905,1.0,False,False,False,0.8657935857772827,0.8482051491737366,0.853147029876709,0.853147029876709,0.8689551949501038,0.7349448204040527,1.4401915073394775
9R6I,boltz2,4,False,5.289278984069824,0.34496963024139404,1.0,False,False,False,0.8537960052490234,0.8581901788711548,0.8024664521217346,0.8024664521217346,0.8666284084320068,0.7320534586906433,1.7376126050949097
9RC9,boltz1,0,True,0.6866645812988281,0.9341425895690918,1.0,True,True,True,0.8924447298049927,0.8665698170661926,0.9784782528877258,0.9784782528877258,0.8709363341331482,0.9452148079872131,0.4559122622013092
9RC9,boltz1,1,False,0.7524991631507874,0.920142412185669,1.0,True,True,True,0.8916014432907104,0.8445336818695068,0.9762948155403137,0.9762948155403137,0.8704280853271484,0.9416074752807617,0.4860917925834656
9RC9,boltz1,2,False,0.6816071271896362,0.9292307496070862,1.0,True,True,True,0.8896570205688477,0.8519155979156494,0.9789829850196838,0.9789829850196838,0.867325484752655,0.9472652673721313,0.4470127522945404
9RC9,boltz1,3,False,0.8232103586196899,0.9101208448410034,1.0,True,True,True,0.8892537355422974,0.853676974773407,0.978195071220398,0.978195071220398,0.8670184016227722,0.9441165924072266,0.45918524265289307
9RC9,boltz1,4,False,0.7250453233718872,0.9287148714065552,1.0,True,True,True,0.885661780834198,0.8380815386772156,0.9786106944084167,0.9786106944084167,0.8624246120452881,0.9463158249855042,0.451030969619751
9RC9,boltz2,0,True,1.0216807126998901,0.8732046484947205,1.0,True,True,True,0.885296642780304,0.8306431174278259,0.9756067395210266,0.9756067395210266,0.8627190589904785,0.9191738963127136,0.5188926458358765
9RC9,boltz2,1,False,0.9161527156829834,0.8421592712402344,1.0,True,True,True,0.870501697063446,0.7932019233703613,0.9682409167289734,0.9682409167289734,0.8460668921470642,0.9055859446525574,0.5929667353630066
9RC9,boltz2,2,False,1.085629940032959,0.8538762927055359,1.0,True,True,True,0.8635940551757812,0.8040087819099426,0.9637386798858643,0.9637386798858643,0.8385578393936157,0.8992288708686829,0.5926943421363831
9RC9,boltz2,3,False,0.9606785774230957,0.8727954030036926,1.0,True,True,True,0.8596054315567017,0.8061835765838623,0.9678085446357727,0.9678085446357727,0.8325546383857727,0.8970832824707031,0.565326452255249
9RC9,boltz2,4,False,1.0846023559570312,0.8468013405799866,1.0,True,True,True,0.8516212701797485,0.7698981761932373,0.9549521207809448,0.9549521207809448,0.8257885575294495,0.8882267475128174,0.7317073345184326
9RFL,boltz1,0,True,0.8919649124145508,0.9155773520469666,1.0,True,True,True,0.9713374972343445,0.9811379909515381,0.955171525478363,0.955171525478363,0.9753790497779846,0.920941174030304,0.5267760753631592
9RFL,boltz1,1,False,0.9789280891418457,0.9194444417953491,1.0,True,True,True,0.9711335301399231,0.9809812903404236,0.95353764295578,0.95353764295578,0.9755324721336365,0.9271136522293091,0.5312671065330505
9RFL,boltz1,2,False,1.0244799852371216,0.9150110483169556,1.0,True,True,True,0.9710479974746704,0.9805991649627686,0.9550612568855286,0.9550612568855286,0.9750446081161499,0.9208284020423889,0.531409740447998
9RFL,boltz1,3,False,0.9468306303024292,0.9146341681480408,1.0,True,True,True,0.9709399938583374,0.98135906457901,0.9532045125961304,0.9532045125961304,0.9753739237785339,0.9244467616081238,0.5358703136444092
9RFL,boltz1,4,False,1.1075127124786377,0.898369550704956,1.0,True,True,True,0.9704021215438843,0.9812816977500916,0.9507648348808289,0.9507648348808289,0.9753115177154541,0.9232544302940369,0.5462967157363892
9RFL,boltz2,0,True,1.4573503732681274,0.7969052195549011,1.0,True,False,False,0.9712570905685425,0.9518618583679199,0.9748895764350891,0.9748895764350891,0.9703490138053894,0.950244665145874,0.44510018825531006
9RFL,boltz2,1,False,1.8414138555526733,0.7490723729133606,1.0,True,False,False,0.9662524461746216,0.9355481863021851,0.9609676599502563,0.9609676599502563,0.9675735831260681,0.9302379488945007,0.5408881902694702
9RFL,boltz2,2,False,1.592081904411316,0.8010110259056091,1.0,True,True,True,0.9656651616096497,0.945702850818634,0.9623280763626099,0.9623280763626099,0.966499388217926,0.9359999895095825,0.5018031597137451
9RFL,boltz2,3,False,1.3625001907348633,0.833922266960144,1.0,True,True,True,0.9601589441299438,0.9122849106788635,0.9449276924133301,0.9449276924133301,0.9639666676521301,0.9409704208374023,0.6234197020530701
9RFL,boltz2,4,False,1.6842238903045654,0.7634680271148682,1.0,True,False,False,0.9491416215896606,0.8698782920837402,0.9174445271492004,0.9174445271492004,0.9570658802986145,0.9229072332382202,0.8323405981063843
9RMF,boltz1,0,True,1.3815020322799683,0.8290398120880127,1.0,True,True,True,0.9017888903617859,0.9340469837188721,0.8945066928863525,0.8945066928863525,0.9036094546318054,0.810243546962738,1.2461124658584595
9RMF,boltz1,1,False,1.1087826490402222,0.8501805067062378,1.0,True,True,True,0.897940456867218,0.9345163106918335,0.8818590044975281,0.8818590044975281,0.9019607901573181,0.797269344329834,1.3529330492019653
9RMF,boltz1,2,False,1.071966528892517,0.8621523380279541,1.0,True,True,True,0.8962532877922058,0.9303605556488037,0.8841869235038757,0.8841869235038757,0.8992698788642883,0.8071724772453308,1.3385125398635864
9RMF,boltz1,3,False,1.3205945491790771,0.8092873692512512,1.0,True,True,True,0.8946658968925476,0.9369050860404968,0.8668474555015564,0.8668474555015564,0.9016205668449402,0.7949719429016113,1.5389553308486938
9RMF,boltz1,4,False,1.3228520154953003,0.8364346027374268,1.0,True,True,True,0.8939711451530457,0.9142979383468628,0.8792290687561035,0.8792290687561035,0.8976566791534424,0.7984885573387146,1.3805620670318604
9RMF,boltz2,0,True,2.3753650188446045,0.6771129965782166,1.0,False,False,False,0.9131461977958679,0.8619340062141418,0.9306210875511169,0.9306210875511169,0.9087775349617004,0.885930061340332,0.917896032333374
9RMF,boltz2,1,False,2.3477320671081543,0.6877450942993164,1.0,False,False,False,0.9125967025756836,0.8527772426605225,0.926125168800354,0.926125168800354,0.9092146158218384,0.8814741969108582,0.8859694004058838
9RMF,boltz2,2,False,1.9860553741455078,0.6999050378799438,1.0,True,False,False,0.9114047288894653,0.8438131809234619,0.925484299659729,0.925484299659729,0.9078848361968994,0.8871780633926392,0.935954749584198
9RMF,boltz2,3,False,2.4900097846984863,0.6367633938789368,1.0,False,False,False,0.909278392791748,0.845314085483551,0.9309301972389221,0.9309301972389221,0.9038654565811157,0.8860615491867065,0.8655275106430054
9RMF,boltz2,4,False,2.2143630981445312,0.6811904907226562,1.0,False,False,False,0.9041634798049927,0.8450796008110046,0.9128959774971008,0.9128959774971008,0.9019803404808044,0.8790784478187561,1.025834083557129
9RQV,boltz1,0,True,1.2886807918548584,0.9356392025947571,1.0,True,True,True,0.9829791784286499,0.983906090259552,0.9781328439712524,0.9781328439712524,0.9841907620429993,0.9694384932518005,0.30521297454833984
9RQV,boltz1,1,False,1.2900415658950806,0.9401408433914185,1.0,True,True,True,0.9829394221305847,0.9840598106384277,0.9783143401145935,0.9783143401145935,0.9840957522392273,0.9690479636192322,0.3061482608318329
9RQV,boltz1,2,False,1.2867076396942139,0.9349736571311951,1.0,True,True,True,0.9829097986221313,0.9840676188468933,0.9783939123153687,0.9783939123153687,0.984038770198822,0.9686945676803589,0.3058978319168091
9RQV,boltz1,3,False,1.3000538349151611,0.9353448152542114,1.0,True,True,True,0.9828630685806274,0.9843144416809082,0.9782095551490784,0.9782095551490784,0.9840263724327087,0.9687966704368591,0.3090129494667053
9RQV,boltz1,4,False,1.307064175605774,0.9352331757545471,1.0,True,True,True,0.9817034602165222,0.983535885810852,0.9751290082931519,0.9751290082931519,0.9833471179008484,0.9662648439407349,0.32733678817749023
9RQV,boltz2,0,True,0.7161159515380859,0.9590551257133484,1.0,True,True,True,0.975829005241394,0.9607604742050171,0.9538372159004211,0.9538372159004211,0.9813269972801208,0.969059944152832,0.41418251395225525
9RQV,boltz2,1,False,0.7376493811607361,0.9530045986175537,1.0,True,True,True,0.9739511609077454,0.940014660358429,0.9435734152793884,0.9435734152793884,0.981545627117157,0.9714328050613403,0.45245975255966187
9RQV,boltz2,2,False,0.7281942963600159,0.9375,1.0,True,True,True,0.9721008539199829,0.936112642288208,0.9359842538833618,0.9359842538833618,0.9811299443244934,0.9702261090278625,0.4832785725593567
9RQV,boltz2,3,False,1.1187288761138916,0.8961708545684814,1.0,True,True,True,0.9719240069389343,0.9276294112205505,0.9365131855010986,0.9365131855010986,0.9807767868041992,0.9694811701774597,0.4948842227458954
9RQV,boltz2,4,False,0.6604968905448914,0.945067286491394,1.0,True,True,True,0.970474123954773,0.919100284576416,0.9282400608062744,0.9282400608062744,0.98103266954422,0.9706943035125732,0.5175830721855164
9RQW,boltz1,0,True,1.008008360862732,0.9641003608703613,1.0,True,True,True,0.9806532859802246,0.9830867648124695,0.9735530614852905,0.9735530614852905,0.9824283719062805,0.9620981812477112,0.3172559440135956
9RQW,boltz1,1,False,0.934552788734436,0.9641608595848083,1.0,True,True,True,0.9804567098617554,0.983345627784729,0.9744296073913574,0.9744296073913574,0.981963574886322,0.9603557586669922,0.3167251646518707
9RQW,boltz1,2,False,0.7288906574249268,0.9689655303955078,1.0,True,True,True,0.980453372001648,0.9828983545303345,0.973091185092926,0.973091185092926,0.982293963432312,0.9621681571006775,0.3211258351802826
9RQW,boltz1,3,False,0.6908590793609619,0.9660652875900269,1.0,True,True,True,0.9801828265190125,0.983034074306488,0.9719833731651306,0.9719833731651306,0.9822327494621277,0.9614244699478149,0.3281169831752777
9RQW,boltz1,4,False,1.0318603515625,0.9591304063796997,1.0,True,True,True,0.9797104597091675,0.982489287853241,0.9719803333282471,0.9719803333282471,0.98164302110672,0.959092378616333,0.33012402057647705
9RQW,boltz2,0,True,0.463916152715683,0.9723520278930664,1.0,True,True,True,0.9783269762992859,0.9712162613868713,0.9671846628189087,0.9671846628189087,0.981112539768219,0.9675499796867371,0.35733944177627563
9RQW,boltz2,1,False,0.5251346230506897,0.9766718745231628,1.0,True,True,True,0.974303126335144,0.9523292779922485,0.949134886264801,0.949134886264801,0.9805952310562134,0.966056764125824,0.43821150064468384
9RQW,boltz2,2,False,0.659739077091217,0.9124639630317688,1.0,True,True,True,0.9705173373222351,0.9382022023200989,0.9366276264190674,0.9366276264190674,0.9789897203445435,0.9617487192153931,0.4799584150314331
9RQW,boltz2,3,False,0.6510452628135681,0.9314285516738892,1.0,True,True,True,0.9700567126274109,0.9371210932731628,0.9332988858222961,0.9332988858222961,0.9792461395263672,0.9618061184883118,0.505192756652832
9RQW,boltz2,4,False,0.6149871349334717,0.9119915962219238,1.0,True,True,True,0.96441650390625,0.9137623310089111,0.9184696078300476,0.9184696078300476,0.9759032726287842,0.9545406103134155,0.5620852708816528
9RQX,boltz1,0,True,0.7107550501823425,0.9799145460128784,1.0,True,True,True,0.9751251339912415,0.9809691309928894,0.9629006385803223,0.9629006385803223,0.9781813025474548,0.9467639327049255,0.3579065203666687
9RQX,boltz1,1,False,0.6261281967163086,0.9773890972137451,1.0,True,True,True,0.9750053286552429,0.9810062050819397,0.9631853103637695,0.9631853103637695,0.9779602885246277,0.946538507938385,0.3689122498035431
9RQX,boltz1,2,False,0.7813301682472229,0.9747933745384216,1.0,True,True,True,0.9748528599739075,0.9810957312583923,0.9618933796882629,0.9618933796882629,0.9780926704406738,0.9470395445823669,0.3696948289871216
9RQX,boltz1,3,False,0.9589148163795471,0.9598509669303894,1.0,True,True,True,0.9746541976928711,0.9809793829917908,0.9605422019958496,0.9605422019958496,0.9781821966171265,0.9471341371536255,0.3651559054851532
9RQX,boltz1,4,False,0.8394951820373535,0.9696581363677979,1.0,True,True,True,0.973325252532959,0.9809557795524597,0.960994303226471,0.960994303226471,0.9764079451560974,0.9397109746932983,0.36627480387687683
9RQX,boltz2,0,True,0.846048891544342,0.9307143092155457,1.0,True,True,True,0.9709590077400208,0.9521946907043457,0.9464606642723083,0.9464606642723083,0.9770835638046265,0.9565337300300598,0.4426637887954712
9RQX,boltz2,1,False,0.9970312118530273,0.9247881174087524,1.0,True,True,True,0.9705083966255188,0.9559605121612549,0.9442383050918579,0.9442383050918579,0.9770759344100952,0.9557465314865112,0.45366957783699036
9RQX,boltz2,2,False,1.042988657951355,0.9046787619590759,1.0,True,True,True,0.9659770727157593,0.934710681438446,0.9289923906326294,0.9289923906326294,0.9752232432365417,0.9534493684768677,0.5015999674797058
9RQX,boltz2,3,False,0.9854066967964172,0.9095890522003174,1.0,True,True,True,0.9655219316482544,0.9275056719779968,0.9256569743156433,0.9256569743156433,0.9754881858825684,0.9535015225410461,0.5208119750022888
9RQX,boltz2,4,False,1.1453741788864136,0.8561946749687195,1.0,True,True,True,0.9566426277160645,0.8950963020324707,0.8923137784004211,0.8923137784004211,0.9727247953414917,0.945507287979126,0.6498526930809021
9RV0,boltz1,0,True,4.044247150421143,0.48444700241088867,1.0,False,False,False,0.9589332342147827,0.9739981889724731,0.9345176219940186,0.9345176219940186,0.9650372266769409,0.8790313005447388,0.680253267288208
9RV0,boltz1,1,False,4.064424991607666,0.4752331078052521,1.0,False,False,False,0.9568843841552734,0.9722384214401245,0.9290749430656433,0.9290749430656433,0.9638367891311646,0.8712676167488098,0.711739182472229
9RV0,boltz1,2,False,4.147458076477051,0.46828141808509827,1.0,False,False,False,0.9546090364456177,0.9718230366706848,0.921593189239502,0.921593189239502,0.9628629684448242,0.8637561798095703,0.7472324967384338
9RV0,boltz1,3,False,4.306753158569336,0.46193182468414307,1.0,False,False,False,0.9534049034118652,0.9698184132575989,0.9174062609672546,0.9174062609672546,0.9624045491218567,0.8583263158798218,0.7613867521286011
9RV0,boltz1,4,False,4.149669170379639,0.47593581676483154,1.0,False,False,False,0.9495089650154114,0.9699662923812866,0.9001461267471313,0.9001461267471313,0.9618496894836426,0.8647571206092834,0.7796623706817627
9RV0,boltz2,0,True,4.747179985046387,0.47040170431137085,1.0,False,False,False,0.9697765111923218,0.9468121528625488,0.9551457166671753,0.9551457166671753,0.9734342098236084,0.9427288174629211,0.5769737362861633
9RV0,boltz2,1,False,4.723310470581055,0.4661673605442047,1.0,False,False,False,0.9683750867843628,0.9299607872962952,0.94870525598526,0.94870525598526,0.9732925891876221,0.9429755806922913,0.6069058775901794
9RV0,boltz2,2,False,4.691873073577881,0.4563572108745575,1.0,False,False,False,0.9654814004898071,0.9260375499725342,0.9391999244689941,0.9391999244689941,0.9720517992973328,0.9373583197593689,0.6559742093086243
9RV0,boltz2,3,False,4.516317367553711,0.4690000116825104,1.0,False,False,False,0.9651634097099304,0.9187796115875244,0.944411039352417,0.944411039352417,0.97035151720047,0.9398792386054993,0.6470821499824524
9RV0,boltz2,4,False,4.607882022857666,0.4430740177631378,1.0,False,False,False,0.9618189930915833,0.8962658047676086,0.9276488423347473,0.9276488423347473,0.9703615307807922,0.9408745169639587,0.7417568564414978
9RZO,boltz1,0,True,0.9690380096435547,0.9074960350990295,1.0,True,True,True,0.7950144410133362,0.9420097470283508,0.16249419748783112,0.16249419748783112,0.9531444907188416,0.8491583466529846,28.954917907714844
9RZO,boltz1,1,False,1.3140807151794434,0.8468468189239502,1.0,True,True,True,0.7917719483375549,0.944463849067688,0.14939522743225098,0.14939522743225098,0.9523661136627197,0.8450740575790405,29.467159271240234
9RZO,boltz1,2,False,1.637820839881897,0.7710798978805542,1.0,True,False,False,0.788852334022522,0.9416103959083557,0.14222602546215057,0.14222602546215057,0.9505088925361633,0.8247787356376648,29.51254653930664
9RZO,boltz1,3,False,1.3201217651367188,0.8117424249649048,1.0,True,True,True,0.788793683052063,0.9418901205062866,0.13813893496990204,0.13813893496990204,0.9514573216438293,0.8328007459640503,29.735458374023438
9RZO,boltz1,4,False,2.0637497901916504,0.6680272221565247,1.0,False,False,False,0.7807960510253906,0.9414424896240234,0.11829137057065964,0.11829137057065964,0.9464222192764282,0.7659180760383606,30.355300903320312
9RZO,boltz2,0,True,7.560989856719971,0.1373152732849121,1.0,False,False,False,0.913567841053009,0.8886111974716187,0.8298877477645874,0.8298877477645874,0.9344878792762756,0.8726900219917297,4.35321044921875
9RZO,boltz2,1,False,7.3914103507995605,0.1557268649339676,1.0,False,False,False,0.9106920957565308,0.8988497853279114,0.8173976540565491,0.8173976540565491,0.934015691280365,0.8740959763526917,5.335398197174072
9RZO,boltz2,2,False,7.471700668334961,0.1467304676771164,1.0,False,False,False,0.9031237363815308,0.8934825658798218,0.773974597454071,0.773974597454071,0.9354110956192017,0.8656244874000549,6.106482982635498
9RZO,boltz2,3,False,7.104704856872559,0.2277500033378601,1.0,False,False,False,0.8638854026794434,0.87455815076828,0.6284120678901672,0.6284120678901672,0.9227537512779236,0.7927761673927307,12.823615074157715
9RZO,boltz2,4,False,1.845164179801941,0.740777313709259,1.0,True,False,False,0.8383070826530457,0.9093613028526306,0.461145281791687,0.461145281791687,0.9325975775718689,0.8093762993812561,19.61379623413086
9RZP,boltz1,0,True,1.3401494026184082,0.8125920295715332,1.0,True,True,True,0.7928227782249451,0.94284588098526,0.15680095553398132,0.15680095553398132,0.9518282413482666,0.8289410471916199,29.31928825378418
9RZP,boltz1,1,False,1.6147855520248413,0.7906896471977234,1.0,True,False,False,0.7896133661270142,0.9429123401641846,0.1496400237083435,0.1496400237083435,0.9496066570281982,0.8205256462097168,29.536251068115234
9RZP,boltz1,2,False,1.6976213455200195,0.7726960182189941,1.0,True,False,False,0.7893639802932739,0.9436811208724976,0.14020955562591553,0.14020955562591553,0.9516525268554688,0.8205028176307678,29.814895629882812
9RZP,boltz1,3,False,1.4832457304000854,0.8063063025474548,1.0,True,True,True,0.7891945838928223,0.9438083171844482,0.14295358955860138,0.14295358955860138,0.9507548213005066,0.7998341917991638,29.59676170349121
9RZP,boltz1,4,False,1.4179655313491821,0.8128491640090942,1.0,True,True,True,0.7891613841056824,0.9422145485877991,0.1472521275281906,0.1472521275281906,0.9496387243270874,0.8203293085098267,29.621776580810547
9RZP,boltz2,0,True,7.229843616485596,0.15730838477611542,1.0,False,False,False,0.8944932818412781,0.8844841122627258,0.7328157424926758,0.7328157424926758,0.9349126219749451,0.8666658997535706,7.796449184417725
9RZP,boltz2,1,False,7.202931880950928,0.17860443890094757,1.0,False,False,False,0.8829919099807739,0.9079375267028809,0.6563884019851685,0.6563884019851685,0.9396427273750305,0.8639469146728516,11.201059341430664
9RZP,boltz2,2,False,4.899352073669434,0.5945626497268677,1.0,False,False,False,0.8793055415153503,0.854800820350647,0.7016767263412476,0.7016767263412476,0.9237127900123596,0.813774585723877,7.190493583679199
9RZP,boltz2,3,False,6.6400837898254395,0.22464503347873688,1.0,False,False,False,0.8768124580383301,0.892643392086029,0.6535484194755554,0.6535484194755554,0.9326284527778625,0.8358363509178162,11.93034553527832
9RZP,boltz2,4,False,5.731042861938477,0.6185984015464783,1.0,False,False,False,0.8332071304321289,0.9051122069358826,0.4306231141090393,0.4306231141090393,0.9338531494140625,0.8290722370147705,20.106660842895508
9S1U,boltz1,0,True,7.015377044677734,0.39555126428604126,1.0,False,False,False,0.8513525128364563,0.9160775542259216,0.6841210722923279,0.6841210722923279,0.8931604027748108,0.653701663017273,3.1229381561279297
9S1U,boltz1,1,False,7.126104354858398,0.40030261874198914,1.0,False,False,False,0.8457208871841431,0.915463387966156,0.6666882634162903,0.6666882634162903,0.8904789686203003,0.6457750797271729,3.2595906257629395
9S1U,boltz1,2,False,7.11351203918457,0.3731221556663513,1.0,False,False,False,0.8445072174072266,0.9175296425819397,0.6629907488822937,0.6629907488822937,0.8898863196372986,0.6327924132347107,3.2430202960968018
9S1U,boltz1,3,False,7.078224182128906,0.392785906791687,1.0,False,False,False,0.8365694880485535,0.9147300720214844,0.635116457939148,0.635116457939148,0.8869327902793884,0.6211795210838318,3.437962293624878
9S1U,boltz1,4,False,7.075199127197266,0.39605438709259033,1.0,False,False,False,0.8363971710205078,0.9137108325958252,0.6352249979972839,0.6352249979972839,0.8866902589797974,0.608607828617096,3.444866895675659
9S1U,boltz2,0,True,7.225623607635498,0.37168142199516296,1.0,False,False,False,0.8761898279190063,0.8416416645050049,0.884061336517334,0.884061336517334,0.8742218613624573,0.8248729705810547,1.6553064584732056
9S1U,boltz2,1,False,7.188459873199463,0.38184282183647156,1.0,False,False,False,0.8729721903800964,0.8362016677856445,0.8859861493110657,0.8859861493110657,0.8697187304496765,0.8172544836997986,1.5626726150512695
9S1U,boltz2,2,False,7.125307559967041,0.38950952887535095,1.0,False,False,False,0.8723529577255249,0.8266417384147644,0.8784670829772949,0.8784670829772949,0.8708244562149048,0.8171615600585938,1.5997998714447021
9S1U,boltz2,3,False,7.2182393074035645,0.3909431993961334,1.0,False,False,False,0.8644824028015137,0.7976328134536743,0.8864905834197998,0.8864905834197998,0.8589803576469421,0.8108178973197937,1.5138581991195679
9S1U,boltz2,4,False,7.6449875831604,0.2277422547340393,1.0,False,False,False,0.8498875498771667,0.771369218826294,0.8326495885848999,0.8326495885848999,0.854197084903717,0.7800068259239197,1.8626667261123657
9SI4,boltz1,0,True,0.8982643485069275,0.9342916011810303,1.0,True,True,True,0.9740898013114929,0.9808018803596497,0.9748388528823853,0.9748388528823853,0.9739025235176086,0.9495850801467896,0.38323038816452026
9SI4,boltz1,1,False,0.868198573589325,0.9418724179267883,1.0,True,True,True,0.9740743637084961,0.9804961681365967,0.9749453663825989,0.9749453663825989,0.9738566279411316,0.9499403834342957,0.38287490606307983
9SI4,boltz1,2,False,0.8711440563201904,0.9398148059844971,1.0,True,True,True,0.973858654499054,0.979834794998169,0.974091649055481,0.974091649055481,0.9738003611564636,0.9502593874931335,0.3869205415248871
9SI4,boltz1,3,False,0.9010071158409119,0.9315816760063171,1.0,True,True,True,0.9720910787582397,0.9799894690513611,0.9722476005554199,0.9722476005554199,0.9720519781112671,0.9442502856254578,0.39466041326522827
9SI4,boltz1,4,False,1.184883952140808,0.9287179708480835,1.0,True,True,True,0.9712104797363281,0.9796499013900757,0.968368649482727,0.968368649482727,0.9719209671020508,0.9427053928375244,0.40421903133392334
9SI4,boltz2,0,True,0.9443089962005615,0.9410664439201355,1.0,True,True,True,0.9683526158332825,0.9304350018501282,0.955982506275177,0.955982506275177,0.9714450836181641,0.958535373210907,0.49106255173683167
9SI4,boltz2,1,False,0.7025355696678162,0.9199183583259583,1.0,True,True,True,0.9645267724990845,0.9185528755187988,0.9513790607452393,0.9513790607452393,0.9678136706352234,0.9542791247367859,0.5262842178344727
9SI4,boltz2,2,False,0.6709915399551392,0.896276593208313,1.0,True,True,True,0.9624007344245911,0.9010891914367676,0.9413440823554993,0.9413440823554993,0.967664897441864,0.9547392129898071,0.5980406403541565
9SI4,boltz2,3,False,0.8557552099227905,0.8853887319564819,1.0,True,True,True,0.9598576426506042,0.8989680409431458,0.9418229460716248,0.9418229460716248,0.9643663763999939,0.9519515633583069,0.5800750851631165
9SI4,boltz2,4,False,1.1076523065567017,0.9027026891708374,1.0,True,True,True,0.9586513638496399,0.8975305557250977,0.9360418319702148,0.9360418319702148,0.9643036723136902,0.9473379850387573,0.5963390469551086
9SUV,boltz1,0,True,1.4928981065750122,0.8904939293861389,1.0,True,True,True,0.966008186340332,0.979511022567749,0.9836182594299316,0.9836182594299316,0.9616056680679321,0.9419174194335938,0.34514889121055603
9SUV,boltz1,1,False,1.598845362663269,0.8964622616767883,1.0,True,True,True,0.9659894108772278,0.9801865220069885,0.9830744862556458,0.9830744862556458,0.9617181420326233,0.9404782056808472,0.3460721969604492
9SUV,boltz1,2,False,1.5040398836135864,0.8996663689613342,1.0,True,True,True,0.9654936790466309,0.979368269443512,0.9832390546798706,0.9832390546798706,0.9610573649406433,0.9418222308158875,0.3470996916294098
9SUV,boltz1,3,False,1.5107682943344116,0.8934310078620911,1.0,True,True,True,0.9649699330329895,0.9783338308334351,0.9816282987594604,0.9816282987594604,0.9608052968978882,0.9423975348472595,0.35051557421684265
9SUV,boltz1,4,False,1.434286117553711,0.885308027267456,1.0,True,True,True,0.9648841619491577,0.9785118699073792,0.9830207824707031,0.9830207824707031,0.9603500962257385,0.942318856716156,0.3485458493232727
9SUV,boltz2,0,True,1.3617196083068848,0.8671416640281677,1.0,True,True,True,0.9669988751411438,0.9320987462997437,0.9646894335746765,0.9646894335746765,0.967576265335083,0.955348789691925,0.5285490155220032
9SUV,boltz2,1,False,1.1921131610870361,0.8555296063423157,1.0,True,True,True,0.9623864889144897,0.8979865908622742,0.9522542357444763,0.9522542357444763,0.9649195671081543,0.951379656791687,0.650722861289978
9SUV,boltz2,2,False,1.071494221687317,0.8625099658966064,1.0,True,True,True,0.9611333012580872,0.8960321545600891,0.9462041258811951,0.9462041258811951,0.9648656249046326,0.951477587223053,0.6365074515342712
9SUV,boltz2,3,False,1.107026219367981,0.8590551018714905,1.0,True,True,True,0.9611275792121887,0.9000487327575684,0.9513520002365112,0.9513520002365112,0.9635714292526245,0.9510860443115234,0.6171596050262451
9SUV,boltz2,4,False,1.1747173070907593,0.8608729243278503,1.0,True,True,True,0.9601148366928101,0.8910733461380005,0.9471093416213989,0.9471093416213989,0.9633662104606628,0.9504779577255249,0.659860372543335
9SZN,boltz1,0,True,0.9528864026069641,0.7796803712844849,1.0,True,False,False,0.9405996203422546,0.9643139839172363,0.962538480758667,0.962538480758667,0.935114860534668,0.8528051376342773,0.734647810459137
9SZN,boltz1,1,False,0.9876382350921631,0.7737240791320801,1.0,True,False,False,0.9400898218154907,0.9647079706192017,0.9598614573478699,0.9598614573478699,0.9351468682289124,0.8470634818077087,0.7829404473304749
9SZN,boltz1,2,False,1.0716642141342163,0.7361918687820435,1.0,True,False,False,0.9390295147895813,0.9641377925872803,0.9628608226776123,0.9628608226776123,0.9330716133117676,0.8505957126617432,0.7482868432998657
9SZN,boltz1,3,False,0.9689092040061951,0.7908522486686707,1.0,True,False,False,0.9389740228652954,0.9633972644805908,0.956596314907074,0.956596314907074,0.934568464756012,0.8460240364074707,0.7940810918807983
9SZN,boltz1,4,False,1.069581151008606,0.7109211683273315,1.0,True,False,False,0.9387757182121277,0.9618909955024719,0.9629809260368347,0.9629809260368347,0.9327244162559509,0.8454710245132446,0.7822049856185913
9SZN,boltz2,0,True,1.3138227462768555,0.7120853066444397,1.0,True,False,False,0.9060029983520508,0.877404510974884,0.8888828754425049,0.8888828754425049,0.9102829694747925,0.8226091861724854,1.6877983808517456
9SZN,boltz2,1,False,1.2909245491027832,0.6906370520591736,1.0,True,False,False,0.8799378275871277,0.849333643913269,0.82487952709198,0.82487952709198,0.8937023878097534,0.77498459815979,2.214747905731201
9SZN,boltz2,2,False,6.21927547454834,0.24100257456302643,1.0,False,False,False,0.8559426069259644,0.838438093662262,0.839889407157898,0.839889407157898,0.859955906867981,0.629096508026123,1.8809401988983154
9SZN,boltz2,3,False,19.26178550720215,0.012547221034765244,1.0,False,False,False,0.8357000350952148,0.8422675132751465,0.7676798701286316,0.7676798701286316,0.8527050614356995,0.5868421196937561,2.8583743572235107
9SZN,boltz2,4,False,15.071625709533691,0.009394826367497444,1.0,False,False,False,0.8182839155197144,0.7888461351394653,0.7521076798439026,0.7521076798439026,0.8348279595375061,0.5951652526855469,2.7823357582092285
9T08,boltz1,0,True,1.2905296087265015,0.9031733274459839,1.0,True,True,True,0.8898800015449524,0.9235340356826782,0.9486951231956482,0.9486951231956482,0.875176191329956,0.8426419496536255,0.76261305809021
9T08,boltz1,1,False,1.6139546632766724,0.8864715099334717,1.0,True,True,True,0.8895257115364075,0.9268438220024109,0.948530912399292,0.948530912399292,0.8747743964195251,0.8449316024780273,0.7528563141822815
9T08,boltz1,2,False,1.2177586555480957,0.9287189841270447,1.0,True,True,True,0.8894697427749634,0.9241713285446167,0.9472849369049072,0.9472849369049072,0.875015914440155,0.8443131446838379,0.7689664959907532
9T08,boltz1,3,False,1.2939157485961914,0.8764798641204834,1.0,True,True,True,0.8870036005973816,0.9271926879882812,0.9475446343421936,0.9475446343421936,0.8718683123588562,0.8406413793563843,0.7954337000846863
9T08,boltz1,4,False,1.675008773803711,0.7828428149223328,1.0,True,False,False,0.8850841522216797,0.9205055832862854,0.9451399445533752,0.9451399445533752,0.870070219039917,0.8343630433082581,0.8431205153465271
9T08,boltz2,0,True,1.47822105884552,0.9316641688346863,1.0,True,True,True,0.8897507786750793,0.8872118592262268,0.9333052039146423,0.9333052039146423,0.878862202167511,0.8649196624755859,0.8250508308410645
9T08,boltz2,1,False,1.1672790050506592,0.9002562165260315,1.0,True,True,True,0.8876716494560242,0.8820618391036987,0.9326751828193665,0.9326751828193665,0.8764207363128662,0.8642950654029846,0.829866349697113
9T08,boltz2,2,False,0.9672190546989441,0.9193968772888184,1.0,True,True,True,0.8816790580749512,0.8810712695121765,0.9211072325706482,0.9211072325706482,0.8718220591545105,0.8620932102203369,0.8210954070091248
9T08,boltz2,3,False,1.3185144662857056,0.8967188596725464,1.0,True,True,True,0.8814822435379028,0.8711612224578857,0.9186280369758606,0.9186280369758606,0.8721957206726074,0.858304500579834,0.8104289174079895
9T08,boltz2,4,False,1.4129654169082642,0.9155033230781555,1.0,True,True,True,0.8806479573249817,0.8636845350265503,0.917476236820221,0.917476236820221,0.8714408278465271,0.8633134961128235,0.8456801772117615
9T0D,boltz1,0,True,1.877668857574463,0.7352835536003113,1.0,True,False,False,0.8901031613349915,0.9245402216911316,0.9379341006278992,0.9379341006278992,0.8781454563140869,0.8295539021492004,0.9076187014579773
9T0D,boltz1,1,False,2.0576560497283936,0.7812736630439758,1.0,False,False,False,0.89006507396698,0.9266008138656616,0.943572998046875,0.943572998046875,0.8766881227493286,0.8347728252410889,0.8300604820251465
9T0D,boltz1,2,False,1.6557400226593018,0.7333333492279053,1.0,True,False,False,0.8888242840766907,0.9267717599868774,0.9432132840156555,0.9432132840156555,0.8752270340919495,0.8254973888397217,0.8680220246315002
9T0D,boltz1,3,False,1.8443512916564941,0.7853630781173706,1.0,True,False,False,0.8831644058227539,0.919610857963562,0.9422623515129089,0.9422623515129089,0.868389904499054,0.8298745155334473,0.8917883634567261
9T0D,boltz1,4,False,1.4563990831375122,0.7282308340072632,1.0,True,False,False,0.8782922029495239,0.9158323407173157,0.9359549880027771,0.9359549880027771,0.863876461982727,0.8153722882270813,0.9976101517677307
9T0D,boltz2,0,True,1.188292384147644,0.8748105764389038,1.0,True,True,True,0.9005290865898132,0.8978904485702515,0.9452852010726929,0.9452852010726929,0.8893401026725769,0.8824905157089233,0.766636073589325
9T0D,boltz2,1,False,1.2435500621795654,0.7859261631965637,1.0,True,False,False,0.8953566551208496,0.881871223449707,0.9222515225410461,0.9222515225410461,0.8886328935623169,0.8791504502296448,0.9238100647926331
9T0D,boltz2,2,False,1.372713327407837,0.7915814518928528,1.0,True,False,False,0.8908993005752563,0.8684145212173462,0.9167249202728271,0.9167249202728271,0.8844428062438965,0.8732815384864807,0.9002424478530884
9T0D,boltz2,3,False,1.2904433012008667,0.8109503984451294,1.0,True,True,True,0.8835288286209106,0.8634077310562134,0.9076206684112549,0.9076206684112549,0.8775058388710022,0.8689308166503906,0.8987591862678528
9T0D,boltz2,4,False,2.757328748703003,0.757777750492096,1.0,False,False,False,0.8722161054611206,0.8170071244239807,0.8746531009674072,0.8746531009674072,0.8716068863868713,0.8551327586174011,1.0351141691207886
9T43,boltz1,0,True,0.6406358480453491,0.9274789094924927,1.0,True,True,True,0.940230667591095,0.9319758415222168,0.9776428937911987,0.9776428937911987,0.9308775663375854,0.9475399255752563,0.7374597787857056
9T43,boltz1,1,False,0.6824666261672974,0.9195860028266907,1.0,True,True,True,0.9398657083511353,0.9227059483528137,0.9776996374130249,0.9776996374130249,0.9304071664810181,0.9488028287887573,0.7235718369483948
9T43,boltz1,2,False,0.6361653208732605,0.929100513458252,1.0,True,True,True,0.939653754234314,0.9254895448684692,0.9784454703330994,0.9784454703330994,0.9299558997154236,0.9475515484809875,0.723555862903595
9T43,boltz1,3,False,0.6522054672241211,0.9271052479743958,1.0,True,True,True,0.9388139843940735,0.9237791299819946,0.979658305644989,0.979658305644989,0.928602933883667,0.9472317695617676,0.689475417137146
9T43,boltz1,4,False,0.6423645615577698,0.9231975078582764,1.0,True,True,True,0.9386721849441528,0.9173175692558289,0.9775020480155945,0.9775020480155945,0.9289647340774536,0.9469074606895447,0.7162932753562927
9T43,boltz2,0,True,0.7095533609390259,0.8748850226402283,1.0,True,True,True,0.9447966814041138,0.8431912660598755,0.9494248032569885,0.9494248032569885,0.9436396360397339,0.9625424146652222,0.9766983389854431
9T43,boltz2,1,False,0.7307685613632202,0.8800644278526306,1.0,True,True,True,0.9447849988937378,0.8322809934616089,0.9442390203475952,0.9442390203475952,0.9449215531349182,0.9633774757385254,0.9988350868225098
9T43,boltz2,2,False,0.8361898064613342,0.8609361052513123,1.0,True,True,True,0.9423915147781372,0.8186319470405579,0.9434338212013245,0.9434338212013245,0.9421308636665344,0.9615811705589294,1.0714190006256104
9T43,boltz2,3,False,0.8045743107795715,0.8449339270591736,1.0,True,True,True,0.9414907693862915,0.8068638443946838,0.9385391473770142,0.9385391473770142,0.9422286152839661,0.9617062211036682,1.1471425294876099
9T43,boltz2,4,False,0.7563767433166504,0.8404255509376526,1.0,True,True,True,0.9335112571716309,0.7902963161468506,0.9299412369728088,0.9299412369728088,0.9344037771224976,0.9561142325401306,1.1645628213882446
9T9E,boltz1,0,True,11.355438232421875,0.09204413741827011,1.0,False,False,False,0.8937274813652039,0.9290854334831238,0.7591737508773804,0.7591737508773804,0.9273659586906433,0.7398490905761719,2.1972784996032715
9T9E,boltz1,1,False,4.260476589202881,0.46109771728515625,1.0,False,False,False,0.8156040906906128,0.887335479259491,0.4887069761753082,0.4887069761753082,0.8973284363746643,0.6381756663322449,5.152848720550537
9T9E,boltz1,2,False,4.011491298675537,0.46394798159599304,1.0,False,False,False,0.8065215945243835,0.8816079497337341,0.4609086215496063,0.4609086215496063,0.8929248452186584,0.6147552728652954,5.571516036987305
9T9E,boltz1,3,False,3.7699294090270996,0.4945848286151886,1.0,False,False,False,0.80462247133255,0.8808357119560242,0.4516947269439697,0.4516947269439697,0.8928543925285339,0.6118845343589783,5.71476936340332
9T9E,boltz1,4,False,4.139949321746826,0.4467020034790039,1.0,False,False,False,0.8003494143486023,0.8780481815338135,0.4362320303916931,0.4362320303916931,0.8913788199424744,0.6166031360626221,6.117621898651123
9T9E,boltz2,0,True,2.285999059677124,0.6343236565589905,1.0,False,False,False,0.9500826597213745,0.8940092921257019,0.9198741316795349,0.9198741316795349,0.9576348662376404,0.9279064536094666,0.721307098865509
9T9E,boltz2,1,False,2.4271984100341797,0.6179187297821045,1.0,False,False,False,0.9500754475593567,0.8947877883911133,0.9189842939376831,0.9189842939376831,0.9578481912612915,0.9247064590454102,0.755622148513794
9T9E,boltz2,2,False,2.367863178253174,0.6150121092796326,1.0,False,False,False,0.9474145770072937,0.8769753575325012,0.9085780382156372,0.9085780382156372,0.9571236968040466,0.9285529851913452,0.8051804900169373
9T9E,boltz2,3,False,2.309295654296875,0.6286496520042419,1.0,False,False,False,0.9432731866836548,0.8615977168083191,0.8970777988433838,0.8970777988433838,0.9548220038414001,0.9200288653373718,0.8777334690093994
9T9E,boltz2,4,False,2.31923508644104,0.614888608455658,1.0,False,False,False,0.9353383779525757,0.8522557020187378,0.8849768042564392,0.8849768042564392,0.9479288458824158,0.9082862138748169,0.9136464595794678
9T9F,boltz1,0,True,10.214314460754395,0.1330472081899643,1.0,False,False,False,0.9119564890861511,0.9409906268119812,0.8308065533638,0.8308065533638,0.9322440028190613,0.7877786755561829,1.5154056549072266
9T9F,boltz1,1,False,10.497217178344727,0.11056701093912125,1.0,False,False,False,0.909527599811554,0.9386860728263855,0.82208251953125,0.82208251953125,0.931388795375824,0.787042498588562,1.6581326723098755
9T9F,boltz1,2,False,3.9969141483306885,0.4669603407382965,1.0,False,False,False,0.7986966967582703,0.8741043210029602,0.4426066279411316,0.4426066279411316,0.8877192139625549,0.6194340586662292,6.497520446777344
9T9F,boltz1,3,False,3.850257158279419,0.47562357783317566,1.0,False,False,False,0.7980275750160217,0.8729052543640137,0.4393291771411896,0.4393291771411896,0.8877021670341492,0.6124792695045471,6.681269645690918
9T9F,boltz1,4,False,3.5523176193237305,0.48757225275039673,1.0,False,False,False,0.7974593639373779,0.873216986656189,0.4406778812408447,0.4406778812408447,0.8866547346115112,0.6051594614982605,6.55462646484375
9T9F,boltz2,0,True,2.2813754081726074,0.6526412963867188,1.0,False,False,False,0.953406035900116,0.912975013256073,0.9166767597198486,0.9166767597198486,0.962588369846344,0.9351427555084229,0.9366363286972046
9T9F,boltz2,1,False,2.1782987117767334,0.6415313482284546,1.0,False,False,False,0.9527124166488647,0.8929601311683655,0.9159587621688843,0.9159587621688843,0.9619008302688599,0.9409072995185852,0.8921219706535339
9T9F,boltz2,2,False,2.116842269897461,0.6623743772506714,1.0,False,False,False,0.9507770538330078,0.8994061350822449,0.9104450345039368,0.9104450345039368,0.960860013961792,0.9359302520751953,0.9505107998847961
9T9F,boltz2,3,False,2.1827425956726074,0.6398354768753052,1.0,False,False,False,0.9402866363525391,0.8654472827911377,0.8889917135238647,0.8889917135238647,0.9531103372573853,0.9193702936172485,1.0644100904464722
9T9F,boltz2,4,False,2.179736852645874,0.6331725716590881,1.0,False,False,False,0.9338318109512329,0.8303219079971313,0.8665080070495605,0.8665080070495605,0.9506627321243286,0.9260677099227905,1.0930206775665283
9TF9,boltz1,0,True,7.596993446350098,0.3208794593811035,1.0,False,False,False,0.9108487367630005,0.9428865313529968,0.9297588467597961,0.9297588467597961,0.9061211347579956,0.8622473478317261,0.9168357849121094
9TF9,boltz1,1,False,7.663211345672607,0.32077765464782715,1.0,False,False,False,0.9106343984603882,0.9444273114204407,0.932990312576294,0.932990312576294,0.9050453901290894,0.8662031292915344,0.8833996057510376
9TF9,boltz1,2,False,7.524703025817871,0.327469140291214,1.0,False,False,False,0.9102713465690613,0.9425266981124878,0.9302226305007935,0.9302226305007935,0.9052835702896118,0.8587453961372375,0.925776481628418
9TF9,boltz1,3,False,7.505399703979492,0.3293918967247009,1.0,False,False,False,0.9098201990127563,0.9429601430892944,0.9244555234909058,0.9244555234909058,0.9061613082885742,0.858944296836853,0.9991916418075562
9TF9,boltz1,4,False,7.5657782554626465,0.3272058963775635,1.0,False,False,False,0.9096988439559937,0.9389020800590515,0.9239288568496704,0.9239288568496704,0.9061414003372192,0.8580129742622375,0.9951662421226501
9TF9,boltz2,0,True,7.350316524505615,0.34749552607536316,1.0,False,False,False,0.9031853675842285,0.9292939901351929,0.9595585465431213,0.9595585465431213,0.8890920281410217,0.9127354621887207,0.737008273601532
9TF9,boltz2,1,False,6.964200496673584,0.34947946667671204,1.0,False,False,False,0.895341694355011,0.9132657051086426,0.956854522228241,0.956854522228241,0.8799634575843811,0.9016298055648804,0.6963930130004883
9TF9,boltz2,2,False,7.052051067352295,0.33000001311302185,1.0,False,False,False,0.885547935962677,0.8917716145515442,0.9437469244003296,0.9437469244003296,0.8709981441497803,0.8809640407562256,0.8527801632881165
9TF9,boltz2,3,False,7.398133754730225,0.3172244727611542,1.0,False,False,False,0.8801113367080688,0.9099547863006592,0.940136194229126,0.940136194229126,0.865105152130127,0.8679689764976501,0.9027188420295715
9TF9,boltz2,4,False,7.030395030975342,0.31552863121032715,1.0,False,False,False,0.8726950883865356,0.8666863441467285,0.9207813143730164,0.9207813143730164,0.8606734871864319,0.8733950257301331,0.9805753827095032
9TFA,boltz1,0,True,7.544787406921387,0.35233333706855774,1.0,False,False,False,0.9210443496704102,0.9502596259117126,0.9509285688400269,0.9509285688400269,0.9135732650756836,0.8891231417655945,0.7260005474090576
9TFA,boltz1,1,False,7.634511470794678,0.36094576120376587,1.0,False,False,False,0.9195588827133179,0.9451472759246826,0.9510590434074402,0.9510590434074402,0.9116838574409485,0.8882504105567932,0.7252559065818787
9TFA,boltz1,2,False,7.55155086517334,0.35682743787765503,1.0,False,False,False,0.9190443754196167,0.9472964406013489,0.9517037272453308,0.9517037272453308,0.9108795523643494,0.8891779780387878,0.712212085723877
9TFA,boltz1,3,False,7.459150791168213,0.3668459951877594,1.0,False,False,False,0.9184149503707886,0.9420552253723145,0.950786292552948,0.950786292552948,0.9103221893310547,0.8886995315551758,0.7150251269340515
9TFA,boltz1,4,False,7.645443916320801,0.35275352001190186,1.0,False,False,False,0.9157708883285522,0.9423372149467468,0.9439624547958374,0.9439624547958374,0.908722996711731,0.877074658870697,0.8117704391479492
9TFA,boltz2,0,True,7.037553310394287,0.38222360610961914,1.0,False,False,False,0.8816817402839661,0.9068437218666077,0.9568410515785217,0.9568410515785217,0.8628918528556824,0.8859821557998657,0.7020244002342224
9TFA,boltz2,1,False,6.8935933113098145,0.37853628396987915,1.0,False,False,False,0.8767356872558594,0.8851999044418335,0.9405450820922852,0.9405450820922852,0.8607833981513977,0.8789768218994141,0.8280037641525269
9TFA,boltz2,2,False,6.9846110343933105,0.38032886385917664,1.0,False,False,False,0.8742172122001648,0.8734826445579529,0.9405633211135864,0.9405633211135864,0.857630729675293,0.8843842148780823,0.8177483081817627
9TFA,boltz2,3,False,6.839428424835205,0.381594717502594,1.0,False,False,False,0.8661686778068542,0.8542109131813049,0.9285186529159546,0.9285186529159546,0.8505812287330627,0.8745443820953369,0.8830928206443787
9TFA,boltz2,4,False,6.983382701873779,0.3757225573062897,1.0,False,False,False,0.8574681282043457,0.8316693305969238,0.9156371355056763,0.9156371355056763,0.8429258465766907,0.8698241114616394,0.9470704197883606
9TFB,boltz1,0,True,7.085847854614258,0.3595537841320038,1.0,False,False,False,0.9193602800369263,0.9482054710388184,0.9500848650932312,0.9500848650932312,0.9116791486740112,0.8798323273658752,0.7384977340698242
9TFB,boltz1,1,False,7.183973789215088,0.3640606701374054,1.0,False,False,False,0.9174558520317078,0.9441149234771729,0.9492143392562866,0.9492143392562866,0.9095162749290466,0.879711925983429,0.7449373006820679
9TFB,boltz1,2,False,7.210639476776123,0.3623579442501068,1.0,False,False,False,0.9173253774642944,0.9448612928390503,0.9480416774749756,0.9480416774749756,0.9096463918685913,0.8773359656333923,0.7600292563438416
9TFB,boltz1,3,False,7.161139488220215,0.3592734932899475,1.0,False,False,False,0.916753888130188,0.9469873309135437,0.9453998804092407,0.9453998804092407,0.9095923900604248,0.8743035197257996,0.7872733473777771
9TFB,boltz1,4,False,7.176708221435547,0.36351895332336426,1.0,False,False,False,0.9158517718315125,0.9390887022018433,0.9493824243545532,0.9493824243545532,0.9074691534042358,0.8754879832267761,0.743648886680603
9TFB,boltz2,0,True,6.46002721786499,0.3993736505508423,1.0,False,False,False,0.8733848333358765,0.9174371361732483,0.9451743960380554,0.9451743960380554,0.8554374575614929,0.8597882390022278,0.8411096334457397
9TFB,boltz2,1,False,6.564645290374756,0.38616907596588135,1.0,False,False,False,0.8602505922317505,0.8791688680648804,0.9289794564247131,0.9289794564247131,0.8430683016777039,0.8532686233520508,0.8818530440330505
9TFB,boltz2,2,False,6.2949538230896,0.39027848839759827,1.0,False,False,False,0.8515825271606445,0.8541422486305237,0.9179826974868774,0.9179826974868774,0.8349825143814087,0.8434991836547852,1.001452922821045
9TFB,boltz2,3,False,6.166889190673828,0.37260207533836365,1.0,False,False,False,0.8407232165336609,0.832594096660614,0.9054812788963318,0.9054812788963318,0.8245337605476379,0.8286795616149902,1.0701930522918701
9TFB,boltz2,4,False,6.340853214263916,0.3721466660499573,1.0,False,False,False,0.8386291265487671,0.8362120985984802,0.8969222903251648,0.8969222903251648,0.8240558505058289,0.8359487056732178,1.127824306488037
9TK2,boltz1,0,True,7.621209621429443,0.2987726032733917,1.0,False,False,False,0.862228512763977,0.9262658953666687,0.6153701543807983,0.6153701543807983,0.923943042755127,0.6178340911865234,5.756970405578613
9TK2,boltz1,1,False,7.42764949798584,0.2976342737674713,1.0,False,False,False,0.8608962297439575,0.9252392053604126,0.6069821119308472,0.6069821119308472,0.9243747591972351,0.608481228351593,5.760939121246338
9TK2,boltz1,2,False,6.5316691398620605,0.3375340700149536,1.0,False,False,False,0.8553295135498047,0.9229825735092163,0.5770086646080017,0.5770086646080017,0.9249097108840942,0.6144576072692871,6.7461724281311035
9TK2,boltz1,3,False,6.615777492523193,0.3012223541736603,1.0,False,False,False,0.8546980023384094,0.9251953363418579,0.5774602293968201,0.5774602293968201,0.9240074753761292,0.6042687296867371,6.142579555511475
9TK2,boltz1,4,False,3.1319777965545654,0.5599547624588013,1.0,False,False,False,0.827849268913269,0.9275833964347839,0.45283079147338867,0.45283079147338867,0.9216039180755615,0.5513944029808044,7.888357162475586
9TK2,boltz2,0,True,0.674524188041687,0.8763020634651184,1.0,True,True,True,0.8958190679550171,0.83831387758255,0.8298794627189636,0.8298794627189636,0.9123040437698364,0.8885915279388428,2.446978807449341
9TK2,boltz2,1,False,0.6530066132545471,0.8447327017784119,1.0,True,True,True,0.893814742565155,0.7825280427932739,0.8387760519981384,0.8387760519981384,0.907574474811554,0.8928232192993164,2.1942734718322754
9TK2,boltz2,2,False,0.7670215964317322,0.8676961660385132,1.0,True,True,True,0.8934727907180786,0.8327062726020813,0.8339557647705078,0.8339557647705078,0.9083520174026489,0.870097815990448,2.3724875450134277
9TK2,boltz2,3,False,0.7852910161018372,0.8483740091323853,1.0,True,True,True,0.8903554081916809,0.8136917352676392,0.8239094614982605,0.8239094614982605,0.9069668650627136,0.8790397644042969,2.429955244064331
9TK2,boltz2,4,False,0.7300767302513123,0.8670731782913208,1.0,True,True,True,0.878204345703125,0.803508996963501,0.7913020849227905,0.7913020849227905,0.899929940700531,0.8488763570785522,2.830634593963623
9TKU,boltz1,0,True,8.653767585754395,0.3246913552284241,1.0,False,False,False,0.8063368797302246,0.6609192490577698,0.6494002938270569,0.6494002938270569,0.8455710411071777,0.5085107684135437,5.143459796905518
9TKU,boltz1,1,False,8.053258895874023,0.34078100323677063,1.0,False,False,False,0.8050159215927124,0.6604020595550537,0.6453754901885986,0.6453754901885986,0.8449259996414185,0.5082486271858215,5.334754467010498
9TKU,boltz1,2,False,9.236424446105957,0.31381261348724365,1.0,False,False,False,0.7968865633010864,0.6603890657424927,0.6093084216117859,0.6093084216117859,0.8437811136245728,0.47490450739860535,5.837416172027588
9TKU,boltz1,3,False,8.953886985778809,0.30125609040260315,1.0,False,False,False,0.7960268259048462,0.6575917601585388,0.6043215394020081,0.6043215394020081,0.8439531922340393,0.4727221429347992,5.5676422119140625
9TKU,boltz1,4,False,11.848465919494629,0.1640569418668747,1.0,False,False,False,0.7484744787216187,0.644071102142334,0.3864200711250305,0.3864200711250305,0.8389881253242493,0.41430509090423584,8.806689262390137
9TKU,boltz2,0,True,0.9167207479476929,0.8599078059196472,1.0,True,True,True,0.9115476608276367,0.8401264548301697,0.9068117141723633,0.9068117141723633,0.9127315878868103,0.878736674785614,1.612946629524231
9TKU,boltz2,1,False,0.6927909255027771,0.8650346398353577,1.0,True,True,True,0.9057146906852722,0.8199880719184875,0.8845931887626648,0.8845931887626648,0.9109951257705688,0.8782978653907776,1.8982166051864624
9TKU,boltz2,2,False,0.8028571605682373,0.8733396530151367,1.0,True,True,True,0.9004200100898743,0.8118296265602112,0.8553766012191772,0.8553766012191772,0.9116808176040649,0.8539246916770935,2.302736520767212
9TKU,boltz2,3,False,1.1109633445739746,0.8279248476028442,1.0,True,True,True,0.8930190205574036,0.7876203656196594,0.8467215895652771,0.8467215895652771,0.9045933485031128,0.8552185893058777,2.4158520698547363
9TKU,boltz2,4,False,0.8085924983024597,0.815702497959137,1.0,True,True,True,0.8910452723503113,0.7928470373153687,0.8631290197372437,0.8631290197372437,0.8980243802070618,0.8495942950248718,2.0482513904571533
9UAU,boltz1,0,True,1.2698341608047485,0.8565959930419922,1.0,True,True,True,0.9505413770675659,0.9742510318756104,0.9767849445343018,0.9767849445343018,0.9439805150032043,0.9293210506439209,0.4394879937171936
9UAU,boltz1,1,False,1.4053881168365479,0.8423396944999695,1.0,True,True,True,0.9505035281181335,0.9733697772026062,0.9759554266929626,0.9759554266929626,0.9441405534744263,0.9302476048469543,0.4402121603488922
9UAU,boltz1,2,False,0.8722957968711853,0.8890954256057739,1.0,True,True,True,0.9503345489501953,0.9736430048942566,0.9773228764533997,0.9773228764533997,0.9435874819755554,0.9321820735931396,0.43110203742980957
9UAU,boltz1,3,False,1.3699612617492676,0.8279028534889221,1.0,True,True,True,0.9501373171806335,0.9730108380317688,0.9757840633392334,0.9757840633392334,0.9437257051467896,0.9288564920425415,0.4459405839443207
9UAU,boltz1,4,False,1.3515070676803589,0.8507237434387207,1.0,True,True,True,0.9501137733459473,0.9732959270477295,0.9754307270050049,0.9754307270050049,0.9437845349311829,0.9286049604415894,0.448589563369751
9UAU,boltz2,0,True,1.3529123067855835,0.7951807379722595,1.0,True,False,False,0.9123746156692505,0.9128217101097107,0.9633990526199341,0.9633990526199341,0.8996185064315796,0.9058699607849121,0.6354594826698303
9UAU,boltz2,1,False,1.2679221630096436,0.8209183812141418,1.0,True,True,True,0.9121322631835938,0.9097629189491272,0.9593583345413208,0.9593583345413208,0.9003257155418396,0.9021640419960022,0.6671251654624939
9UAU,boltz2,2,False,1.263074278831482,0.828125,1.0,True,True,True,0.909937858581543,0.8892345428466797,0.9526628851890564,0.9526628851890564,0.8992566466331482,0.9049099087715149,0.7008000612258911
9UAU,boltz2,3,False,1.3536434173583984,0.8097667694091797,1.0,True,True,True,0.9083123207092285,0.889869749546051,0.9528247714042664,0.9528247714042664,0.8971842527389526,0.9052289724349976,0.6828279495239258
9UAU,boltz2,4,False,1.2768622636795044,0.8088526129722595,1.0,True,True,True,0.9042352437973022,0.8695132732391357,0.9543424844741821,0.9543424844741821,0.891708493232727,0.9024823904037476,0.7030114531517029
9UGF,boltz1,0,True,1.0805431604385376,0.8865266442298889,1.0,True,True,True,0.9331161379814148,0.9676910638809204,0.9439935088157654,0.9439935088157654,0.9303967952728271,0.8723872303962708,0.5908156633377075
9UGF,boltz1,1,False,0.896299421787262,0.9087802171707153,1.0,True,True,True,0.9330499768257141,0.96796053647995,0.9435381293296814,0.9435381293296814,0.9304279685020447,0.8703975081443787,0.5921239852905273
9UGF,boltz1,2,False,1.0128206014633179,0.8967171907424927,1.0,True,True,True,0.9321067929267883,0.96700519323349,0.9421566128730774,0.9421566128730774,0.9295943379402161,0.8693854808807373,0.5998975038528442
9UGF,boltz1,3,False,1.0581979751586914,0.8985020518302917,1.0,True,True,True,0.9310874938964844,0.9662627577781677,0.9412331581115723,0.9412331581115723,0.9285510182380676,0.8684713244438171,0.6057860851287842
9UGF,boltz1,4,False,1.1108382940292358,0.8897958993911743,1.0,True,True,True,0.929540753364563,0.9663509130477905,0.9337804317474365,0.9337804317474365,0.9284808039665222,0.8618943095207214,0.6481322646141052
9UGF,boltz2,0,True,3.370671272277832,0.6997635960578918,1.0,False,False,False,0.889853298664093,0.9046502113342285,0.9197440147399902,0.9197440147399902,0.8823806643486023,0.847259521484375,0.9406275749206543
9UGF,boltz2,1,False,3.663393497467041,0.6688982248306274,1.0,False,False,False,0.8839901089668274,0.8593420386314392,0.8968267440795898,0.8968267440795898,0.8807808756828308,0.8500290513038635,1.0272867679595947
9UGF,boltz2,2,False,3.1373605728149414,0.706741988658905,1.0,False,False,False,0.8816581964492798,0.8878258466720581,0.9126650094985962,0.9126650094985962,0.8739064931869507,0.8329808712005615,1.0302846431732178
9UGF,boltz2,3,False,3.0595173835754395,0.7457072734832764,1.0,False,False,False,0.8785498738288879,0.8858281970024109,0.9238642454147339,0.9238642454147339,0.8672212958335876,0.8219475150108337,0.9276498556137085
9UGF,boltz2,4,False,3.7485761642456055,0.687158465385437,1.0,False,False,False,0.8768202066421509,0.8544960021972656,0.9085620641708374,0.9085620641708374,0.8688847422599792,0.8287158012390137,0.9698149561882019
9UZT,boltz1,0,True,2.6425023078918457,0.896766185760498,1.0,False,True,False,0.9491412043571472,0.977773904800415,0.9606106281280518,0.9606106281280518,0.9462738633155823,0.9163184762001038,0.38278964161872864
9UZT,boltz1,1,False,2.636540651321411,0.903870165348053,1.0,False,True,False,0.9480927586555481,0.9755492210388184,0.9618464708328247,0.9618464708328247,0.9446542859077454,0.9145967364311218,0.38177451491355896
9UZT,boltz1,2,False,2.75113844871521,0.8909254670143127,1.0,False,True,False,0.9478136897087097,0.9760961532592773,0.9604824781417847,0.9604824781417847,0.9446464776992798,0.915365993976593,0.3848092257976532
9UZT,boltz1,3,False,2.6254143714904785,0.8999999761581421,1.0,False,True,False,0.9475768804550171,0.9789100289344788,0.9595516920089722,0.9595516920089722,0.9445832371711731,0.9108636975288391,0.3872416317462921
9UZT,boltz1,4,False,2.6819636821746826,0.8951414227485657,1.0,False,True,False,0.9461901783943176,0.9757240414619446,0.9585846662521362,0.9585846662521362,0.9430915117263794,0.9123778343200684,0.386184960603714
9UZT,boltz2,0,True,2.502472162246704,0.839958131313324,1.0,False,True,False,0.9203612208366394,0.921781063079834,0.9385091066360474,0.9385091066360474,0.9158242344856262,0.8931745290756226,0.5605133175849915
9UZT,boltz2,1,False,3.0494253635406494,0.8577957153320312,1.0,False,True,False,0.9176017045974731,0.9147855043411255,0.9266670346260071,0.9266670346260071,0.9153352975845337,0.8967157602310181,0.6141034364700317
9UZT,boltz2,2,False,3.0156517028808594,0.81982421875,1.0,False,True,False,0.9175021052360535,0.9137691259384155,0.9194681644439697,0.9194681644439697,0.9170106053352356,0.8925378918647766,0.673851728439331
9UZT,boltz2,3,False,2.521960496902466,0.8123167157173157,1.0,False,True,False,0.9141729474067688,0.9032402038574219,0.921637237071991,0.921637237071991,0.9123068451881409,0.8866312503814697,0.6776006817817688
9UZT,boltz2,4,False,1.6982316970825195,0.91850346326828,1.0,True,True,True,0.9109264612197876,0.9181468486785889,0.9107992649078369,0.9107992649078369,0.9109582901000977,0.8747962713241577,0.6618536114692688
9VBQ,boltz1,0,True,8.603386878967285,0.12823276221752167,1.0,False,False,False,0.8394080996513367,0.9080285429954529,0.7741054892539978,0.7741054892539978,0.8557338118553162,0.702056348323822,2.0989608764648438
9VBQ,boltz1,1,False,8.610995292663574,0.13062924146652222,1.0,False,False,False,0.8387603759765625,0.9078078866004944,0.7652596235275269,0.7652596235275269,0.857135534286499,0.6881553530693054,2.1641528606414795
9VBQ,boltz1,2,False,8.602754592895508,0.13415011763572693,1.0,False,False,False,0.8373721837997437,0.9056746959686279,0.7631722092628479,0.7631722092628479,0.8559222221374512,0.6914401054382324,2.1805357933044434
9VBQ,boltz1,3,False,8.574493408203125,0.12702114880084991,1.0,False,False,False,0.8334954977035522,0.9067213535308838,0.7508038282394409,0.7508038282394409,0.8541684150695801,0.6841598749160767,2.27567458152771
9VBQ,boltz1,4,False,8.594864845275879,0.1264946460723877,1.0,False,False,False,0.8305104970932007,0.9016509056091309,0.752662181854248,0.752662181854248,0.8499725461006165,0.6725108623504639,2.2771029472351074
9VBQ,boltz2,0,True,6.174989223480225,0.2188168168067932,1.0,False,False,False,0.8660088777542114,0.890488862991333,0.9172020554542542,0.9172020554542542,0.8532105088233948,0.7928529977798462,0.9037776589393616
9VBQ,boltz2,1,False,2.9373650550842285,0.43954703211784363,1.0,False,False,False,0.8137944340705872,0.8030344843864441,0.7970890402793884,0.7970890402793884,0.8179708123207092,0.7251572012901306,1.5544053316116333
9VBQ,boltz2,2,False,3.425420045852661,0.37101155519485474,1.0,False,False,False,0.8096059560775757,0.8228708505630493,0.8076989054679871,0.8076989054679871,0.810082733631134,0.6900423169136047,1.5760257244110107
9VBQ,boltz2,3,False,4.42495584487915,0.33020272850990295,1.0,False,False,False,0.8086581230163574,0.7891112565994263,0.817073404788971,0.817073404788971,0.8065543174743652,0.7096390724182129,1.5808595418930054
9VBQ,boltz2,4,False,7.958309650421143,0.18968304991722107,1.0,False,False,False,0.8040997385978699,0.8223991394042969,0.7654486894607544,0.7654486894607544,0.8137625455856323,0.6994118690490723,1.796164870262146
9VCZ,boltz1,0,True,4.875547885894775,0.6290076375007629,1.0,False,False,False,0.9069138765335083,0.9457575082778931,0.8184762001037598,0.8184762001037598,0.929023265838623,0.8084748983383179,0.7850857377052307
9VCZ,boltz1,1,False,5.105792045593262,0.5804896354675293,1.0,False,False,False,0.9063483476638794,0.944391667842865,0.8133925199508667,0.8133925199508667,0.9295872449874878,0.8055552840232849,0.8464557528495789
9VCZ,boltz1,2,False,4.762869358062744,0.6105623245239258,1.0,False,False,False,0.9057372808456421,0.9447513222694397,0.8128221035003662,0.8128221035003662,0.9289660453796387,0.804237961769104,0.8298477530479431
9VCZ,boltz1,3,False,5.649618148803711,0.5468299984931946,1.0,False,False,False,0.9017082452774048,0.9428678154945374,0.8062102794647217,0.8062102794647217,0.925582766532898,0.7837207913398743,0.8669576644897461
9VCZ,boltz1,4,False,5.0026984214782715,0.6433383226394653,1.0,False,False,False,0.9013276100158691,0.9417543411254883,0.7993367314338684,0.7993367314338684,0.9268253445625305,0.7982776165008545,0.8837264180183411
9VCZ,boltz2,0,True,1.463175892829895,0.876171886920929,1.0,True,True,True,0.9405257105827332,0.9085360169410706,0.8667848706245422,0.8667848706245422,0.9589609503746033,0.9269613027572632,0.5899447798728943
9VCZ,boltz2,1,False,1.625632882118225,0.8406344652175903,1.0,True,True,True,0.9393669962882996,0.9138386845588684,0.8669843077659607,0.8669843077659607,0.9574626684188843,0.9208928346633911,0.6173363327980042
9VCZ,boltz2,2,False,2.930879831314087,0.7681607604026794,1.0,False,False,False,0.9379019737243652,0.9147256016731262,0.8877661824226379,0.8877661824226379,0.9504359364509583,0.9072007536888123,0.5633818507194519
9VCZ,boltz2,3,False,1.4723584651947021,0.8774217367172241,1.0,True,True,True,0.9362127184867859,0.9083561301231384,0.8593666553497314,0.8593666553497314,0.9554241895675659,0.9144083857536316,0.6456732153892517
9VCZ,boltz2,4,False,1.7326174974441528,0.84112149477005,1.0,True,True,True,0.9342829585075378,0.893318235874176,0.8691461682319641,0.8691461682319641,0.9505671262741089,0.9096822738647461,0.6190075874328613
9VO8,boltz1,0,True,3.3050997257232666,0.7054324746131897,1.0,False,False,False,0.9007219076156616,0.8904916048049927,0.9631584882736206,0.9631584882736206,0.8851128220558167,0.8948783874511719,0.5177274942398071
9VO8,boltz1,1,False,3.325888156890869,0.6919733881950378,1.0,False,False,False,0.891404926776886,0.8846200704574585,0.9654163718223572,0.9654163718223572,0.8729020357131958,0.8849725723266602,0.5390494465827942
9VO8,boltz1,2,False,3.437753677368164,0.6777108311653137,1.0,False,False,False,0.8909145593643188,0.8850178718566895,0.9650801420211792,0.9650801420211792,0.872373104095459,0.8879165649414062,0.5292761325836182
9VO8,boltz1,3,False,3.3383708000183105,0.6951219439506531,1.0,False,False,False,0.8891957402229309,0.8838703632354736,0.9642256498336792,0.9642256498336792,0.8704382181167603,0.8824287056922913,0.5425392389297485
9VO8,boltz1,4,False,3.372997760772705,0.6863183975219727,1.0,False,False,False,0.8886833190917969,0.8768035769462585,0.9631869792938232,0.9631869792938232,0.8700574636459351,0.8792051076889038,0.5660635828971863
9VO8,boltz2,0,True,3.4132816791534424,0.6546860933303833,1.0,False,False,False,0.9091935157775879,0.8664417862892151,0.9449684023857117,0.9449684023857117,0.9002498388290405,0.9079168438911438,0.783283531665802
9VO8,boltz2,1,False,3.3926899433135986,0.652753472328186,1.0,False,False,False,0.9007593989372253,0.8270754218101501,0.9253517389297485,0.9253517389297485,0.8946113586425781,0.9028037190437317,0.8862043023109436
9VO8,boltz2,2,False,3.3005638122558594,0.6776430010795593,1.0,False,False,False,0.8934471011161804,0.8335949182510376,0.9233914613723755,0.9233914613723755,0.8859609961509705,0.8796113729476929,0.87115478515625
9VO8,boltz2,3,False,3.2745673656463623,0.6843891143798828,1.0,False,False,False,0.8725165128707886,0.8351844549179077,0.931305468082428,0.931305468082428,0.8578192591667175,0.8569238185882568,0.8601803779602051
9VO8,boltz2,4,False,3.1632025241851807,0.6666666865348816,1.0,False,False,False,0.8567264676094055,0.7480722665786743,0.8910576105117798,0.8910576105117798,0.8481436967849731,0.8495235443115234,1.011110544204712
9VQ5,boltz1,0,True,6.586598873138428,0.49026694893836975,1.0,False,False,False,0.8707277178764343,0.9067901372909546,0.866686999797821,0.788432776927948,0.8717379570007324,0.6594592332839966,3.4127402305603027
9VQ5,boltz1,1,False,5.5501861572265625,0.46893492341041565,1.0,False,False,False,0.8619617223739624,0.8944985270500183,0.8365321755409241,0.652287483215332,0.8683191537857056,0.6397227048873901,4.354274272918701
9VQ5,boltz1,2,False,6.034902572631836,0.4444444477558136,1.0,False,False,False,0.8597420454025269,0.8947374224662781,0.839142382144928,0.6873440146446228,0.8648919463157654,0.6451176404953003,4.147108554840088
9VQ5,boltz1,3,False,3.377124547958374,0.5800256133079529,1.0,False,False,False,0.8583744764328003,0.8864297866821289,0.822348415851593,0.6229166388511658,0.8673810362815857,0.6294164061546326,4.703742027282715
9VQ5,boltz1,4,False,4.6707892417907715,0.54027259349823,1.0,False,False,False,0.8472549319267273,0.8756827712059021,0.8088691234588623,0.6453126072883606,0.8568514585494995,0.633793294429779,4.9986162185668945
9VQ5,boltz2,0,True,5.342870235443115,0.3669724762439728,1.0,False,False,False,0.8466124534606934,0.8794710636138916,0.8257254958152771,0.7427178025245667,0.8518341779708862,0.6336472034454346,3.9189207553863525
9VQ5,boltz2,1,False,3.6902647018432617,0.49468085169792175,1.0,False,False,False,0.8434920310974121,0.863902747631073,0.802640974521637,0.784845232963562,0.8537047505378723,0.6397691369056702,4.088249206542969
9VQ5,boltz2,2,False,7.932972431182861,0.34891676902770996,1.0,False,False,False,0.828619658946991,0.8550105094909668,0.7917889952659607,0.7474288940429688,0.8378273844718933,0.5992382168769836,4.2669901847839355
9VQ5,boltz2,3,False,14.981801986694336,0.01607281155884266,1.0,False,False,False,0.8214327692985535,0.8569725751876831,0.7927513122558594,0.6157358884811401,0.8286031484603882,0.580228328704834,5.4084153175354
9VQ5,boltz2,4,False,24.471948623657227,0.0026240458246320486,1.0,False,False,False,0.8082135915756226,0.8079976439476013,0.7118337154388428,0.4071096181869507,0.8323085308074951,0.5678457021713257,7.496756076812744
9VZG,boltz1,0,True,6.599587917327881,0.32742154598236084,1.0,False,False,False,0.8200575113296509,0.9059938192367554,0.7081674337387085,0.7081674337387085,0.8480300307273865,0.6653934717178345,2.57167649269104
9VZG,boltz1,1,False,6.513483047485352,0.3295302093029022,1.0,False,False,False,0.8028658032417297,0.8969382643699646,0.6483697295188904,0.6483697295188904,0.841489851474762,0.644887387752533,3.1705105304718018
9VZG,boltz1,2,False,6.670030117034912,0.31716418266296387,1.0,False,False,False,0.7933241128921509,0.8933916687965393,0.6135702729225159,0.6135702729225159,0.8382625579833984,0.6250201463699341,3.544722080230713
9VZG,boltz1,3,False,6.6971869468688965,0.30502718687057495,1.0,False,False,False,0.7844661474227905,0.8930972814559937,0.5748211741447449,0.5748211741447449,0.8368774056434631,0.5954234004020691,3.866626739501953
9VZG,boltz1,4,False,6.6454854011535645,0.30121639370918274,1.0,False,False,False,0.7829769849777222,0.8880223631858826,0.5666238069534302,0.5666238069534302,0.8370652794837952,0.5994147658348083,4.022418022155762
9VZG,boltz2,0,True,0.806946873664856,0.867277979850769,1.0,True,True,True,0.8627804517745972,0.8993182182312012,0.9086484313011169,0.9086484313011169,0.8513134717941284,0.7468708157539368,0.8583787679672241
9VZG,boltz2,1,False,1.1256033182144165,0.8051002025604248,1.0,True,True,True,0.8562040328979492,0.8869796395301819,0.8812685012817383,0.8812685012817383,0.8499379754066467,0.7567038536071777,1.0231761932373047
9VZG,boltz2,2,False,1.7420904636383057,0.7779922485351562,1.0,True,False,False,0.8494216799736023,0.8856791257858276,0.8336304426193237,0.8336304426193237,0.8533695340156555,0.7507637739181519,1.3714133501052856
9VZG,boltz2,3,False,5.667722702026367,0.2898496389389038,1.0,False,False,False,0.8304756879806519,0.8855636119842529,0.7765640020370483,0.7765640020370483,0.8439536094665527,0.7014930844306946,1.603378415107727
9VZG,boltz2,4,False,2.7541658878326416,0.6173393130302429,1.0,False,False,False,0.8207771182060242,0.8520829677581787,0.7968783974647522,0.7968783974647522,0.8267518281936646,0.7068000435829163,1.5993950366973877
9VZS,boltz1,0,True,1.0731176137924194,0.8599849939346313,1.0,True,True,True,0.9484868049621582,0.9726296663284302,0.9679466485977173,0.9679466485977173,0.943621814250946,0.9063400030136108,0.5608916282653809
9VZS,boltz1,1,False,0.8584998846054077,0.8914728760719299,1.0,True,True,True,0.9474288821220398,0.9724310040473938,0.9660484790802002,0.9660484790802002,0.9427740573883057,0.9031768441200256,0.5801248550415039
9VZS,boltz1,2,False,1.2163761854171753,0.8422011733055115,1.0,True,True,True,0.9469707608222961,0.9721543788909912,0.9653775691986084,0.9653775691986084,0.9423691034317017,0.9014541506767273,0.5838991403579712
9VZS,boltz1,3,False,0.9078429341316223,0.8793233036994934,1.0,True,True,True,0.9469682574272156,0.971251904964447,0.965502917766571,0.965502917766571,0.9423346519470215,0.9030246734619141,0.5893727540969849
9VZS,boltz1,4,False,0.8466683626174927,0.8911719918251038,1.0,True,True,True,0.9468100666999817,0.9698588252067566,0.963225245475769,0.963225245475769,0.942706286907196,0.8999477624893188,0.6082183122634888
9VZS,boltz2,0,True,0.8475117087364197,0.8908501267433167,1.0,True,True,True,0.93268221616745,0.926594614982605,0.9548832178115845,0.9548832178115845,0.9271320104598999,0.9092890024185181,0.691607654094696
9VZS,boltz2,1,False,0.9174650311470032,0.8474864363670349,1.0,True,True,True,0.9286547899246216,0.9268820881843567,0.9481261968612671,0.9481261968612671,0.9237869381904602,0.9026839733123779,0.7910987138748169
9VZS,boltz2,2,False,0.8324142098426819,0.8904532790184021,1.0,True,True,True,0.9239211082458496,0.9013817310333252,0.9431979060173035,0.9431979060173035,0.9191019535064697,0.9050877094268799,0.775151252746582
9VZS,boltz2,3,False,0.9516417384147644,0.8231788277626038,1.0,True,True,True,0.9222548604011536,0.8877633810043335,0.9360399842262268,0.9360399842262268,0.9188085794448853,0.9039968252182007,0.8188334703445435
9VZS,boltz2,4,False,1.2446433305740356,0.8033249974250793,1.0,True,True,True,0.9129288792610168,0.8694551587104797,0.9245701432228088,0.9245701432228088,0.9100185036659241,0.8930690884590149,0.8866931796073914
9VZT,boltz1,0,True,2.326277732849121,0.6855158805847168,1.0,False,False,False,0.9481495022773743,0.9724356532096863,0.9671401977539062,0.9671401977539062,0.9434017539024353,0.9040204286575317,0.573132336139679
9VZT,boltz1,1,False,2.205430269241333,0.7038670182228088,1.0,False,False,False,0.947436511516571,0.9724904894828796,0.9660283327102661,0.9660283327102661,0.9427886009216309,0.9025852680206299,0.5828536748886108
9VZT,boltz1,2,False,2.113198757171631,0.7174796462059021,1.0,False,False,False,0.9469255208969116,0.9697638154029846,0.9633476734161377,0.9633476734161377,0.9428200125694275,0.9008809924125671,0.6077437996864319
9VZT,boltz1,3,False,2.054164171218872,0.7267206311225891,1.0,False,False,False,0.9466832876205444,0.9713329076766968,0.9646012783050537,0.9646012783050537,0.9422038793563843,0.9001520276069641,0.5979496836662292
9VZT,boltz1,4,False,2.509763479232788,0.6613429188728333,1.0,False,False,False,0.9464882016181946,0.9720011353492737,0.9639912843704224,0.9639912843704224,0.942112386226654,0.9002151489257812,0.5956124663352966
9VZT,boltz2,0,True,1.6498816013336182,0.7797619104385376,1.0,True,False,False,0.9284583926200867,0.9183974266052246,0.952900767326355,0.952900767326355,0.9223478436470032,0.8969466090202332,0.713334858417511
9VZT,boltz2,1,False,1.7673485279083252,0.7588832378387451,1.0,True,False,False,0.924862265586853,0.9006338119506836,0.9445175528526306,0.9445175528526306,0.9199484586715698,0.8969802260398865,0.7670281529426575
9VZT,boltz2,2,False,1.7681256532669067,0.7565217614173889,1.0,True,False,False,0.9232795834541321,0.8996680378913879,0.9460400342941284,0.9460400342941284,0.9175894856452942,0.8983193635940552,0.7534766793251038
9VZT,boltz2,3,False,2.2161667346954346,0.6846793293952942,1.0,False,False,False,0.91920006275177,0.8948326110839844,0.9413527846336365,0.9413527846336365,0.9136618375778198,0.884468138217926,0.7867924571037292
9VZT,boltz2,4,False,1.7658780813217163,0.7216705679893494,1.0,True,False,False,0.913372814655304,0.8630132079124451,0.9200207591056824,0.9200207591056824,0.911710798740387,0.8820717930793762,0.9647204279899597
9X53,boltz1,0,True,9.190271377563477,0.1223735436797142,1.0,False,False,False,0.9151579737663269,0.9378393292427063,0.8958880305290222,0.8958880305290222,0.9199754595756531,0.8531785011291504,0.7825251221656799
9X53,boltz1,1,False,9.329755783081055,0.11995341628789902,1.0,False,False,False,0.9084789156913757,0.9313632249832153,0.8763434886932373,0.8763434886932373,0.9165127873420715,0.8419479727745056,0.8710440397262573
9X53,boltz1,2,False,9.293107032775879,0.11887159198522568,1.0,False,False,False,0.9080053567886353,0.9328282475471497,0.8758968710899353,0.8758968710899353,0.9160324931144714,0.8421499133110046,0.8936240077018738
9X53,boltz1,3,False,9.372302055358887,0.12322834879159927,1.0,False,False,False,0.90697181224823,0.9327042102813721,0.8723401427268982,0.8723401427268982,0.9156298041343689,0.8367332220077515,0.9028173089027405
9X53,boltz1,4,False,9.329935073852539,0.12824547290802002,1.0,False,False,False,0.8738805055618286,0.9094043970108032,0.7821048498153687,0.7821048498153687,0.8968244194984436,0.7726185321807861,1.383488416671753
9X53,boltz2,0,True,7.279534816741943,0.19351230561733246,1.0,False,False,False,0.9061788320541382,0.8978219032287598,0.9001663327217102,0.9001663327217102,0.907681941986084,0.8722108006477356,0.6319699883460999
9X53,boltz2,1,False,7.423617839813232,0.188951313495636,1.0,False,False,False,0.8996714353561401,0.8835387825965881,0.8892903923988342,0.8892903923988342,0.9022666811943054,0.8715075254440308,0.6523213386535645
9X53,boltz2,2,False,6.991214275360107,0.20608855783939362,1.0,False,False,False,0.8922334909439087,0.8686436414718628,0.8665492534637451,0.8665492534637451,0.8986545205116272,0.8587648868560791,0.7506888508796692
9X53,boltz2,3,False,6.831437110900879,0.22453874349594116,1.0,False,False,False,0.8801695108413696,0.8790808320045471,0.8617992401123047,0.8617992401123047,0.8847620487213135,0.8348715901374817,0.753386378288269
9X53,boltz2,4,False,6.531558513641357,0.24635036289691925,1.0,False,False,False,0.8666049838066101,0.8913986682891846,0.8304594159126282,0.8304594159126282,0.875641405582428,0.7703198194503784,0.9349566102027893
9Y56,boltz1,0,True,0.8327261209487915,0.9313187003135681,1.0,True,True,True,0.9515721201896667,0.968254804611206,0.9704414010047913,0.9704414010047913,0.946854829788208,0.9170526266098022,0.42015406489372253
9Y56,boltz1,1,False,0.7521896958351135,0.9252512454986572,1.0,True,True,True,0.9504844546318054,0.9689321517944336,0.9696764945983887,0.9696764945983887,0.945686399936676,0.9151261448860168,0.4244692623615265
9Y56,boltz1,2,False,0.7043507099151611,0.935169517993927,1.0,True,True,True,0.948950469493866,0.9668477177619934,0.9697815775871277,0.9697815775871277,0.9437426924705505,0.9129956960678101,0.42557844519615173
9Y56,boltz1,3,False,1.2246812582015991,0.9306260347366333,1.0,True,True,True,0.9486085772514343,0.9660661220550537,0.963242769241333,0.963242769241333,0.9449500441551208,0.9105011820793152,0.4333931803703308
9Y56,boltz1,4,False,1.28916597366333,0.9085619449615479,1.0,True,True,True,0.9466080665588379,0.9657215476036072,0.9613236784934998,0.9613236784934998,0.9429291486740112,0.9033941030502319,0.4546705484390259
9Y56,boltz2,0,True,1.10636568069458,0.9367017149925232,1.0,True,True,True,0.9430444836616516,0.9077000617980957,0.9423555135726929,0.9423555135726929,0.9432166814804077,0.9391185641288757,0.6402408480644226
9Y56,boltz2,1,False,1.1681140661239624,0.9216445684432983,1.0,True,True,True,0.9404260516166687,0.9097890257835388,0.9394294619560242,0.9394294619560242,0.9406752586364746,0.9343990683555603,0.6426910161972046
9Y56,boltz2,2,False,1.2746294736862183,0.9111192226409912,1.0,True,True,True,0.9342769384384155,0.8756883144378662,0.9224603176116943,0.9224603176116943,0.9372310638427734,0.9277029037475586,0.7262461185455322
9Y56,boltz2,3,False,1.272709608078003,0.9149659872055054,1.0,True,True,True,0.93177729845047,0.8767895102500916,0.9232660531997681,0.9232660531997681,0.9339051246643066,0.9217069149017334,0.7176001667976379
9Y56,boltz2,4,False,1.0577740669250488,0.9122998714447021,1.0,True,True,True,0.9275903701782227,0.8611097931861877,0.9158248901367188,0.9158248901367188,0.9305316805839539,0.9246991276741028,0.7990667223930359
9Y57,boltz1,0,True,0.5352305173873901,0.9724708795547485,1.0,True,True,True,0.9504901170730591,0.9680122137069702,0.9683515429496765,0.9683515429496765,0.9460247755050659,0.9159963130950928,0.4158676564693451
9Y57,boltz1,1,False,0.5793213844299316,0.9722222089767456,1.0,True,True,True,0.9502391815185547,0.9671691656112671,0.9686766266822815,0.9686766266822815,0.9456298351287842,0.9165112376213074,0.4154057204723358
9Y57,boltz1,2,False,1.3769805431365967,0.9201626777648926,1.0,True,True,True,0.9499417543411255,0.9684469103813171,0.9702836871147156,0.9702836871147156,0.9448562264442444,0.9155418872833252,0.4166845977306366
9Y57,boltz1,3,False,0.6530943512916565,0.9702970385551453,1.0,True,True,True,0.9482396245002747,0.9667068123817444,0.9683724045753479,0.9683724045753479,0.9432064294815063,0.9116764664649963,0.4223344624042511
9Y57,boltz1,4,False,0.6023556590080261,0.9657039642333984,1.0,True,True,True,0.9481500387191772,0.9668064117431641,0.9668703675270081,0.9668703675270081,0.9434699416160583,0.9108208417892456,0.4254845082759857
9Y57,boltz2,0,True,0.4397813379764557,0.9720537066459656,1.0,True,True,True,0.949319064617157,0.9415305852890015,0.9644217491149902,0.9644217491149902,0.9455433487892151,0.9355868101119995,0.47751906514167786
9Y57,boltz2,1,False,1.3723989725112915,0.8858163952827454,1.0,True,True,True,0.9401950836181641,0.9096335172653198,0.9512878656387329,0.9512878656387329,0.9374219179153442,0.9300556182861328,0.6021454334259033
9Y57,boltz2,2,False,1.3507930040359497,0.8968045115470886,1.0,True,True,True,0.9367567896842957,0.9010726809501648,0.9415039420127869,0.9415039420127869,0.9355700612068176,0.9279151558876038,0.65591961145401
9Y57,boltz2,3,False,1.4426929950714111,0.8825478553771973,1.0,True,True,True,0.9324976801872253,0.8923818469047546,0.9304711222648621,0.9304711222648621,0.9330043792724609,0.9194830060005188,0.6908121705055237
9Y57,boltz2,4,False,1.5667426586151123,0.8927180767059326,1.0,True,True,True,0.9267085194587708,0.8815661668777466,0.9254209995269775,0.9254209995269775,0.9270303845405579,0.9106632471084595,0.6497827172279358
9Y5A,boltz1,0,True,0.7744357585906982,0.9474654197692871,1.0,True,True,True,0.9483005404472351,0.9666086435317993,0.9655656814575195,0.9655656814575195,0.9439842104911804,0.9117072224617004,0.44803255796432495
9Y5A,boltz1,1,False,0.5718505382537842,0.9501845240592957,1.0,True,True,True,0.9477511644363403,0.9666163325309753,0.9624814391136169,0.9624814391136169,0.9440685510635376,0.9091048240661621,0.4519973695278168
9Y5A,boltz1,2,False,0.7809224724769592,0.9449954628944397,1.0,True,True,True,0.9476367831230164,0.9669228196144104,0.961955189704895,0.961955189704895,0.9440572261810303,0.9064452648162842,0.4756333827972412
9Y5A,boltz1,3,False,0.5704922080039978,0.9444700479507446,1.0,True,True,True,0.9475628137588501,0.9667901396751404,0.9620302319526672,0.9620302319526672,0.9439459443092346,0.9074217677116394,0.46571725606918335
9Y5A,boltz1,4,False,1.58112370967865,0.8945175409317017,1.0,True,True,True,0.9462552070617676,0.9676815271377563,0.9585068821907043,0.9585068821907043,0.9431923031806946,0.9012451767921448,0.47117066383361816
9Y5A,boltz2,0,True,1.322890043258667,0.877954363822937,1.0,True,True,True,0.9467228055000305,0.924261212348938,0.9511124491691589,0.9511124491691589,0.9456254243850708,0.9408207535743713,0.6022193431854248
9Y5A,boltz2,1,False,1.5792821645736694,0.8669999837875366,1.0,True,True,True,0.9408252835273743,0.9068101644515991,0.9444210529327393,0.9444210529327393,0.939926266670227,0.9345454573631287,0.6132955551147461
9Y5A,boltz2,2,False,1.4531235694885254,0.856772780418396,1.0,True,True,True,0.9404569864273071,0.8866186141967773,0.9334624409675598,0.9334624409675598,0.942205548286438,0.9402921795845032,0.7052544951438904
9Y5A,boltz2,3,False,1.363054871559143,0.8662432432174683,1.0,True,True,True,0.9404181241989136,0.8954306244850159,0.9297457337379456,0.9297457337379456,0.9430862069129944,0.9366165399551392,0.7078936100006104
9Y5A,boltz2,4,False,1.4160712957382202,0.8703926205635071,1.0,True,True,True,0.9388236999511719,0.8856800198554993,0.9307052493095398,0.9307052493095398,0.9408533573150635,0.9379022717475891,0.6973229646682739
9Y8K,boltz1,0,True,7.879171371459961,0.13169099390506744,1.0,False,False,False,0.8831521272659302,0.9405194520950317,0.7673646807670593,0.7673646807670593,0.9120989441871643,0.6740908026695251,1.99197518825531
9Y8K,boltz1,1,False,7.923832416534424,0.13001252710819244,1.0,False,False,False,0.8791261911392212,0.9430161118507385,0.7512648105621338,0.7512648105621338,0.9110915660858154,0.6596386432647705,2.1606695652008057
9Y8K,boltz1,2,False,7.9016828536987305,0.13782815635204315,1.0,False,False,False,0.8779970407485962,0.9429918527603149,0.7436575889587402,0.7436575889587402,0.9115818738937378,0.6651830077171326,2.1951329708099365
9Y8K,boltz1,3,False,8.044669151306152,0.1349009871482849,1.0,False,False,False,0.8736264109611511,0.941615641117096,0.7263731360435486,0.7263731360435486,0.9104397296905518,0.6513035893440247,2.349536895751953
9Y8K,boltz1,4,False,7.769060134887695,0.16944074630737305,1.0,False,False,False,0.8683696985244751,0.9381650686264038,0.7078083753585815,0.7078083753585815,0.9085100293159485,0.6093809604644775,2.465449810028076
9Y8K,boltz2,0,True,4.261751174926758,0.4493957757949829,1.0,False,False,False,0.8926532864570618,0.9422256350517273,0.8961549997329712,0.8961549997329712,0.8917778730392456,0.7941950559616089,0.9495214819908142
9Y8K,boltz2,1,False,4.564484119415283,0.3443460464477539,1.0,False,False,False,0.8637903332710266,0.8895828127861023,0.8463900089263916,0.8463900089263916,0.868140459060669,0.7179537415504456,1.1987872123718262
9Y8K,boltz2,2,False,2.7282819747924805,0.625,1.0,False,False,False,0.855419933795929,0.8609811663627625,0.8411036133766174,0.8411036133766174,0.8589990139007568,0.735828161239624,1.210697889328003
9Y8K,boltz2,3,False,4.666083335876465,0.32805299758911133,1.0,False,False,False,0.8340317606925964,0.8309852480888367,0.7847486138343811,0.7847486138343811,0.8463525176048279,0.6912200450897217,1.540289044380188
9Y8K,boltz2,4,False,3.782292604446411,0.4576537013053894,1.0,False,False,False,0.8239619135856628,0.8240782022476196,0.7842662930488586,0.7842662930488586,0.8338858485221863,0.678648054599762,1.5073686838150024
9Y8L,boltz1,0,True,3.185805559158325,0.5742009282112122,1.0,False,False,False,0.9090876579284668,0.9498947262763977,0.8602508306503296,0.8602508306503296,0.9212968945503235,0.737514078617096,1.3623942136764526
9Y8L,boltz1,1,False,3.2664384841918945,0.5518292784690857,1.0,False,False,False,0.9087721705436707,0.9484660029411316,0.8623371720314026,0.8623371720314026,0.9203808903694153,0.7540475130081177,1.3117849826812744
9Y8L,boltz1,2,False,3.225200891494751,0.5637715458869934,1.0,False,False,False,0.9034309387207031,0.9481981992721558,0.8428255915641785,0.8428255915641785,0.9185822606086731,0.7308225035667419,1.469040870666504
9Y8L,boltz1,3,False,4.18231725692749,0.43583086133003235,1.0,False,False,False,0.8604234457015991,0.9353922605514526,0.6845183968544006,0.6845183968544006,0.9043997526168823,0.6187930703163147,2.6929240226745605
9Y8L,boltz1,4,False,8.113195419311523,0.10828728973865509,1.0,False,False,False,0.8597192764282227,0.9377897381782532,0.6802853941917419,0.6802853941917419,0.9045777320861816,0.6094326972961426,2.4673233032226562
9Y8L,boltz2,0,True,2.0119223594665527,0.6831682920455933,1.0,False,False,False,0.8871929049491882,0.9168299436569214,0.8995718955993652,0.8995718955993652,0.88409823179245,0.8295855522155762,0.9295171499252319
9Y8L,boltz2,1,False,5.065151214599609,0.3512903153896332,1.0,False,False,False,0.8853127360343933,0.9474958181381226,0.9006558656692505,0.9006558656692505,0.8814769983291626,0.7365229725837708,0.9727596044540405
9Y8L,boltz2,2,False,4.278634548187256,0.43998757004737854,1.0,False,False,False,0.8641848564147949,0.8737994432449341,0.8579853773117065,0.8579853773117065,0.8657346963882446,0.7842103242874146,1.0945326089859009
9Y8L,boltz2,3,False,3.853924036026001,0.49866488575935364,1.0,False,False,False,0.8547309041023254,0.8401653170585632,0.8444747924804688,0.8444747924804688,0.8572949171066284,0.7906304597854614,1.200198769569397
9Y8L,boltz2,4,False,7.474929332733154,0.2540726959705353,1.0,False,False,False,0.8417354822158813,0.8284693956375122,0.8159223794937134,0.8159223794937134,0.8481886982917786,0.7320352792739868,1.2415862083435059
9YBT,boltz1,0,True,12.400218963623047,0.05032822862267494,1.0,False,False,False,0.792892336845398,0.9052773118019104,0.7595609426498413,0.7595609426498413,0.8012252449989319,0.7231166362762451,1.642261028289795
9YBT,boltz1,1,False,12.219907760620117,0.06334841996431351,1.0,False,False,False,0.7917550802230835,0.8887062668800354,0.7619724273681641,0.7619724273681641,0.7992007732391357,0.73099684715271,1.6846719980239868
9YBT,boltz1,2,False,12.350667953491211,0.05076838657259941,1.0,False,False,False,0.7889891862869263,0.8712877035140991,0.7567316293716431,0.7567316293716431,0.7970535755157471,0.7277510762214661,1.6723809242248535
9YBT,boltz1,3,False,12.097586631774902,0.059405941516160965,1.0,False,False,False,0.7857902646064758,0.9032342433929443,0.7352744340896606,0.7352744340896606,0.7984192371368408,0.7137128710746765,1.868711233139038
9YBT,boltz1,4,False,12.228537559509277,0.05760626494884491,1.0,False,False,False,0.7751129269599915,0.8907750844955444,0.7120177745819092,0.7120177745819092,0.7908867001533508,0.7037414908409119,1.992081880569458
9YBT,boltz2,0,True,11.9702787399292,0.05891553685069084,1.0,False,False,False,0.8838361501693726,0.8841772675514221,0.9284282326698303,0.9284282326698303,0.8726881146430969,0.8684418201446533,0.6181462407112122
9YBT,boltz2,1,False,12.112943649291992,0.0520942397415638,1.0,False,False,False,0.8819658160209656,0.8773919939994812,0.9261541366577148,0.9261541366577148,0.8709187507629395,0.8598116040229797,0.6120731830596924
9YBT,boltz2,2,False,12.480932235717773,0.05163329839706421,1.0,False,False,False,0.8800638318061829,0.8698089122772217,0.920026421546936,0.920026421546936,0.870073139667511,0.8636466860771179,0.6452046632766724
9YBT,boltz2,3,False,11.999763488769531,0.0560000017285347,1.0,False,False,False,0.8679830431938171,0.8392111659049988,0.9093367457389832,0.9093367457389832,0.8576446175575256,0.8575025796890259,0.6722082495689392
9YBT,boltz2,4,False,13.741297721862793,0.15969279408454895,1.0,False,False,False,0.7735365629196167,0.7571762204170227,0.7257516384124756,0.7257516384124756,0.7854828238487244,0.6946657299995422,1.3906053304672241
9YMO,boltz1,0,True,1.755721926689148,0.8336568474769592,1.0,True,True,True,0.9284364581108093,0.9415178298950195,0.9566216468811035,0.9566216468811035,0.9213902354240417,0.904198944568634,0.474830687046051
9YMO,boltz1,1,False,1.3851748704910278,0.6999266147613525,1.0,True,False,False,0.9233053922653198,0.9336405992507935,0.9520052671432495,0.9520052671432495,0.9161304235458374,0.8967350721359253,0.5176479816436768
9YMO,boltz1,2,False,1.4124277830123901,0.6788008809089661,1.0,True,False,False,0.9197427034378052,0.9350928664207458,0.9474587440490723,0.9474587440490723,0.912813663482666,0.8897117376327515,0.5661470293998718
9YMO,boltz1,3,False,1.3683890104293823,0.7092057466506958,1.0,True,False,False,0.9196052551269531,0.9346008896827698,0.9488791823387146,0.9488791823387146,0.9122868180274963,0.89337557554245,0.541824221611023
9YMO,boltz1,4,False,1.5437991619110107,0.6773151755332947,1.0,True,False,False,0.9189506769180298,0.9330553412437439,0.9499947428703308,0.9499947428703308,0.911189615726471,0.8886051177978516,0.549858808517456
9YMO,boltz2,0,True,1.0792548656463623,0.8698394298553467,1.0,True,True,True,0.9358603358268738,0.928057074546814,0.9628351330757141,0.9628351330757141,0.9291166067123413,0.9420368671417236,0.45517250895500183
9YMO,boltz2,1,False,0.9647642374038696,0.8625180721282959,1.0,True,True,True,0.9239259958267212,0.9151353240013123,0.9476039409637451,0.9476039409637451,0.918006420135498,0.9271925091743469,0.5237858891487122
9YMO,boltz2,2,False,0.7557573914527893,0.8899785876274109,1.0,True,True,True,0.9195246696472168,0.9057006239891052,0.9406294226646423,0.9406294226646423,0.9142484664916992,0.9238038659095764,0.5499564409255981
9YMO,boltz2,3,False,1.0110433101654053,0.8320698738098145,1.0,True,True,True,0.9070093035697937,0.8887892961502075,0.9175543785095215,0.9175543785095215,0.9043731093406677,0.9100839495658875,0.6720330715179443
9YMO,boltz2,4,False,0.964783787727356,0.8216580748558044,1.0,True,True,True,0.9057297706604004,0.8819930553436279,0.9160872101783752,0.9160872101783752,0.9031403660774231,0.9072455167770386,0.6796480417251587
9Z1L,boltz1,0,True,0.39154475927352905,0.9341755509376526,1.0,True,True,True,0.8669954538345337,0.8787110447883606,0.9555339813232422,0.9555339813232422,0.844860851764679,0.9134316444396973,0.6722092032432556
9Z1L,boltz1,1,False,0.4126943349838257,0.927344799041748,1.0,True,True,True,0.8645203709602356,0.8879373669624329,0.9450086951255798,0.9450086951255798,0.8443983197212219,0.8997726440429688,0.7372068762779236
9Z1L,boltz1,2,False,0.4721822142601013,0.9195849299430847,1.0,True,True,True,0.8622655868530273,0.8853359222412109,0.9492436647415161,0.9492436647415161,0.8405210375785828,0.9008470773696899,0.7054638266563416
9Z1L,boltz1,3,False,0.4107225835323334,0.9314247965812683,1.0,True,True,True,0.8611777424812317,0.8939248919487,0.9445033669471741,0.9445033669471741,0.8403462767601013,0.8949156999588013,0.7160447239875793
9Z1L,boltz1,4,False,0.42201849818229675,0.9152374863624573,1.0,True,True,True,0.8608599901199341,0.8896849751472473,0.9456303715705872,0.9456303715705872,0.8396673798561096,0.8982691764831543,0.7262465953826904
9Z1L,boltz2,0,True,7.046424865722656,0.31949082016944885,1.0,False,False,False,0.8554169535636902,0.8765965104103088,0.9629396796226501,0.9629396796226501,0.8285362720489502,0.8663855791091919,0.6637322306632996
9Z1L,boltz2,1,False,7.143400192260742,0.3197478950023651,1.0,False,False,False,0.8536607623100281,0.8815932273864746,0.9632790684700012,0.9632790684700012,0.8262562155723572,0.868388295173645,0.6227558851242065
9Z1L,boltz2,2,False,7.063498020172119,0.32381555438041687,1.0,False,False,False,0.8360905647277832,0.8330860137939453,0.9632973074913025,0.9632973074913025,0.8042888641357422,0.8529887199401855,0.7066035270690918
9Z1L,boltz2,3,False,7.086446285247803,0.3196202516555786,1.0,False,False,False,0.8346878886222839,0.7971985340118408,0.94080650806427,0.94080650806427,0.8081582188606262,0.8542575836181641,0.8106874227523804
9Z1L,boltz2,4,False,7.032341957092285,0.30593153834342957,1.0,False,False,False,0.8314816355705261,0.816716194152832,0.943419873714447,0.943419873714447,0.8034971356391907,0.8428725004196167,0.881373405456543
9Z2S,boltz1,0,True,0.5864991545677185,0.906129002571106,1.0,True,True,True,0.8669470548629761,0.9166764616966248,0.9385263323783875,0.9385263323783875,0.8490522503852844,0.9044538736343384,0.7734877467155457
9Z2S,boltz1,1,False,0.4507818818092346,0.922951877117157,1.0,True,True,True,0.8651058077812195,0.8786673545837402,0.9442868828773499,0.9442868828773499,0.8453105092048645,0.9120692014694214,0.7381459474563599
9Z2S,boltz1,2,False,0.6043540835380554,0.903205156326294,1.0,True,True,True,0.8635644912719727,0.8883540630340576,0.9384365081787109,0.9384365081787109,0.8448464274406433,0.9049596190452576,0.7745087742805481
9Z2S,boltz1,3,False,0.4303385317325592,0.9350264072418213,1.0,True,True,True,0.8633878827095032,0.8941535949707031,0.9444732069969177,0.9444732069969177,0.8431165814399719,0.9080053567886353,0.7122297286987305
9Z2S,boltz1,4,False,0.5078874230384827,0.9185282588005066,1.0,True,True,True,0.8606643676757812,0.8867012858390808,0.9369721412658691,0.9369721412658691,0.8415873646736145,0.9035532474517822,0.78444904088974
9Z2S,boltz2,0,True,6.8166656494140625,0.33500874042510986,1.0,False,False,False,0.8487289547920227,0.8401420712471008,0.9622039794921875,0.9622039794921875,0.8203601241111755,0.8377138376235962,0.6536850333213806
9Z2S,boltz2,1,False,0.7017513513565063,0.8464567065238953,1.0,True,True,True,0.8258336782455444,0.8452780842781067,0.9021767973899841,0.9021767973899841,0.8067479133605957,0.7882800102233887,1.1560397148132324
9Z2S,boltz2,2,False,6.724727153778076,0.33105307817459106,1.0,False,False,False,0.823028564453125,0.8046289086341858,0.9472124576568604,0.9472124576568604,0.7919825911521912,0.8186172842979431,0.8263711929321289
9Z2S,boltz2,3,False,6.852200031280518,0.33001694083213806,1.0,False,False,False,0.8219877481460571,0.7911712527275085,0.9345196485519409,0.9345196485519409,0.7938547134399414,0.8054724931716919,0.8686425089836121
9Z2S,boltz2,4,False,6.796463489532471,0.315580278635025,1.0,False,False,False,0.8064678907394409,0.8146129250526428,0.9325661063194275,0.9325661063194275,0.7749433517456055,0.7843874096870422,0.9316422343254089
9ZME,boltz1,0,True,0.39384573698043823,0.9697278738021851,1.0,True,True,True,0.9547649621963501,0.9570549726486206,0.9805976748466492,0.9805976748466492,0.9483067989349365,0.9536619186401367,0.44640234112739563
9ZME,boltz1,1,False,0.336098313331604,0.9854570627212524,1.0,True,True,True,0.9546902775764465,0.9502875208854675,0.9804548025131226,0.9804548025131226,0.948249101638794,0.954904317855835,0.4556210935115814
9ZME,boltz1,2,False,0.32013824582099915,0.9906509518623352,1.0,True,True,True,0.9542750120162964,0.9552074670791626,0.9807757139205933,0.9807757139205933,0.9476498365402222,0.9545608758926392,0.44674718379974365
9ZME,boltz1,3,False,0.37462157011032104,0.9710884094238281,1.0,True,True,True,0.953685462474823,0.9461410641670227,0.980682373046875,0.980682373046875,0.9469362497329712,0.9545769691467285,0.462945818901062
9ZME,boltz1,4,False,0.3521597981452942,0.9850901365280151,1.0,True,True,True,0.9510402679443359,0.9380419254302979,0.9806392788887024,0.9806392788887024,0.9436405301094055,0.947495698928833,0.5435567498207092
9ZME,boltz2,0,True,0.8555383086204529,0.9465429186820984,1.0,True,True,True,0.9070539474487305,0.9128680229187012,0.9589747190475464,0.9589747190475464,0.8940737247467041,0.8907591104507446,0.7180675864219666
9ZME,boltz2,1,False,0.7367971539497375,0.9462915658950806,1.0,True,True,True,0.8997686505317688,0.8953562378883362,0.9539138078689575,0.9539138078689575,0.886232316493988,0.8953328728675842,0.723659873008728
9ZME,boltz2,2,False,0.6230954527854919,0.9470074772834778,1.0,True,True,True,0.8954150080680847,0.8880611658096313,0.9533980488777161,0.9533980488777161,0.8809192180633545,0.892326831817627,0.717741847038269
9ZME,boltz2,3,False,0.7507030367851257,0.9231459498405457,1.0,True,True,True,0.8948098421096802,0.8686846494674683,0.9413191676139832,0.9413191676139832,0.8831825256347656,0.8904023170471191,0.8341929316520691
9ZME,boltz2,4,False,0.881304919719696,0.8974359035491943,1.0,True,True,True,0.8847805261611938,0.8638592958450317,0.927362859249115,0.927362859249115,0.8741349577903748,0.8699321746826172,0.9387970566749573
9ZMG,boltz1,0,True,6.286850452423096,0.519569456577301,1.0,False,False,False,0.9340502023696899,0.9411906599998474,0.9179298281669617,0.9179298281669617,0.9380802512168884,0.887024998664856,0.8665305376052856
9ZMG,boltz1,1,False,6.1954569816589355,0.5423771142959595,1.0,False,False,False,0.933472752571106,0.9443883299827576,0.9147714376449585,0.9147714376449585,0.9381480813026428,0.8794772624969482,0.8838930726051331
9ZMG,boltz1,2,False,6.286071300506592,0.5454317331314087,1.0,False,False,False,0.933201014995575,0.9447035193443298,0.9174525737762451,0.9174525737762451,0.9371381998062134,0.884135365486145,0.8582066893577576
9ZMG,boltz1,3,False,6.185342311859131,0.5370370149612427,1.0,False,False,False,0.9330711364746094,0.94275963306427,0.9164174795150757,0.9164174795150757,0.9372345805168152,0.8805505633354187,0.8785642385482788
9ZMG,boltz1,4,False,6.235265254974365,0.5363101363182068,1.0,False,False,False,0.9321655035018921,0.9362155199050903,0.916485071182251,0.916485071182251,0.93608558177948,0.8823552131652832,0.8947404026985168
9ZMG,boltz2,0,True,2.41556715965271,0.8454545736312866,1.0,False,True,False,0.8990813493728638,0.9029862284660339,0.9387636184692383,0.9387636184692383,0.8891607522964478,0.8922176361083984,0.717276930809021
9ZMG,boltz2,1,False,2.5054996013641357,0.8476783633232117,1.0,False,True,False,0.8966461420059204,0.9002635478973389,0.9435185790061951,0.9435185790061951,0.8849280476570129,0.8900454044342041,0.6809633374214172
9ZMG,boltz2,2,False,2.862257480621338,0.8107143044471741,1.0,False,True,False,0.8872742652893066,0.872074544429779,0.9258860945701599,0.9258860945701599,0.8776212930679321,0.8618651032447815,0.8314173221588135
9ZMG,boltz2,3,False,2.5306413173675537,0.8428411483764648,1.0,False,True,False,0.8844808340072632,0.8987483382225037,0.9375826120376587,0.9375826120376587,0.8712054491043091,0.868989884853363,0.7033085823059082
9ZMG,boltz2,4,False,2.6761934757232666,0.815418004989624,1.0,False,True,False,0.8714009523391724,0.8805899024009705,0.9162865877151489,0.9162865877151489,0.8601794838905334,0.8545234203338623,0.8561133742332458
9ZO9,boltz1,0,True,6.070487976074219,0.3659491240978241,1.0,False,False,False,0.8874985575675964,0.9391486644744873,0.8714564442634583,0.8714564442634583,0.8915090560913086,0.8138018846511841,0.983924150466919
9ZO9,boltz1,1,False,6.034355163574219,0.3901464641094208,1.0,False,False,False,0.863084614276886,0.9203299283981323,0.8158562779426575,0.8538771867752075,0.8748916983604431,0.7791857123374939,1.4269367456436157
9ZO9,boltz1,2,False,6.472903728485107,0.3423028886318207,1.0,False,False,False,0.8569388389587402,0.9133460521697998,0.8053929209709167,0.852547824382782,0.8698253035545349,0.7647900581359863,1.5741209983825684
9ZO9,boltz1,3,False,6.082702159881592,0.3626783490180969,1.0,False,False,False,0.8555963635444641,0.9099866151809692,0.8062605857849121,0.8564471006393433,0.8679302334785461,0.7611204981803894,1.6337155103683472
9ZO9,boltz1,4,False,6.572522163391113,0.3659638464450836,1.0,False,False,False,0.8449283838272095,0.8968276977539062,0.7943470478057861,0.8579938411712646,0.8575736880302429,0.733488917350769,1.9163073301315308
9ZO9,boltz2,0,True,0.8325009346008301,0.8435887694358826,1.0,True,True,True,0.9508436322212219,0.9187398552894592,0.9218675494194031,0.9218675494194031,0.958087682723999,0.9549389481544495,0.6216698884963989
9ZO9,boltz2,1,False,0.6092537045478821,0.87481290102005,1.0,True,True,True,0.949542224407196,0.9072518348693848,0.9149796962738037,0.9149796962738037,0.9581828713417053,0.9521364569664001,0.6629485487937927
9ZO9,boltz2,2,False,0.7542153596878052,0.8708333373069763,1.0,True,True,True,0.948302149772644,0.9085407853126526,0.918058454990387,0.918058454990387,0.9558630585670471,0.9527339339256287,0.6525400280952454
9ZO9,boltz2,3,False,1.3899210691452026,0.84023118019104,1.0,True,True,True,0.9450882077217102,0.9036616683006287,0.9050973057746887,0.9050973057746887,0.9550858736038208,0.9489268660545349,0.6952061653137207
9ZO9,boltz2,4,False,1.0445142984390259,0.8326583504676819,1.0,True,True,True,0.942838191986084,0.8924984335899353,0.8977802991867065,0.8977802991867065,0.9541026949882507,0.9482851028442383,0.7281480431556702
9ZXM,boltz1,0,True,30.4803409576416,0.0,1.0,False,False,False,0.840025782585144,0.9335299134254456,0.6315979361534119,0.6315979361534119,0.8921327590942383,0.6162545680999756,9.747355461120605
9ZXM,boltz1,1,False,30.65035629272461,0.0,1.0,False,False,False,0.8349381685256958,0.9346614480018616,0.6003196835517883,0.6003196835517883,0.8935927152633667,0.5746507048606873,10.526926040649414
9ZXM,boltz1,2,False,30.786067962646484,0.0,1.0,False,False,False,0.8190751075744629,0.9297006726264954,0.5411969423294067,0.5411969423294067,0.8885446190834045,0.5256874561309814,12.154489517211914
9ZXM,boltz1,3,False,31.079341888427734,0.0,1.0,False,False,False,0.8098317384719849,0.9286598563194275,0.5023126602172852,0.5023126602172852,0.8867114782333374,0.4847424328327179,12.821172714233398
9ZXM,boltz1,4,False,30.728130340576172,0.0,1.0,False,False,False,0.7931877374649048,0.9233033657073975,0.43159031867980957,0.43159031867980957,0.883587121963501,0.440852552652359,15.075264930725098
9ZXM,boltz2,0,True,29.563623428344727,0.0,1.0,False,False,False,0.7999024391174316,0.8744246959686279,0.6662116050720215,0.6662116050720215,0.8333251476287842,0.6239408254623413,7.285518169403076
9ZXM,boltz2,1,False,29.457162857055664,0.0,1.0,False,False,False,0.7948700189590454,0.8993687629699707,0.6244598627090454,0.6244598627090454,0.8374724984169006,0.6131411194801331,7.966007709503174
9ZXM,boltz2,2,False,28.898170471191406,0.0,1.0,False,False,False,0.787937581539154,0.831450879573822,0.6597911715507507,0.6597911715507507,0.8199741840362549,0.6168187856674194,7.127579212188721
9ZXM,boltz2,3,False,29.478906631469727,0.0,1.0,False,False,False,0.7852018475532532,0.8446900844573975,0.6514850854873657,0.6514850854873657,0.8186310529708862,0.5997775197029114,7.572033882141113
9ZXM,boltz2,4,False,27.074382781982422,0.0007856693700887263,1.0,False,False,False,0.7584885358810425,0.814091682434082,0.5378040671348572,0.5378040671348572,0.8136596083641052,0.5855692028999329,9.728094100952148
9ZXN,boltz1,0,True,64.40299224853516,0.0,1.0,False,False,False,0.7870233654975891,0.9184007048606873,0.4358196556568146,0.4358196556568146,0.8748242855072021,0.3883056342601776,14.443703651428223
9ZXN,boltz1,1,False,63.98357391357422,0.0,1.0,False,False,False,0.7454649209976196,0.9113953709602356,0.2518681585788727,0.2518681585788727,0.8688640594482422,0.28494662046432495,18.867265701293945
9ZXN,boltz1,2,False,64.53594970703125,0.0,1.0,False,False,False,0.7399012446403503,0.9096161127090454,0.22535403072834015,0.22535403072834015,0.8685380816459656,0.2592555284500122,19.572097778320312
9ZXN,boltz1,3,False,48.53098678588867,0.0,1.0,False,False,False,0.7193249464035034,0.9051737189292908,0.13244998455047607,0.13244998455047607,0.866043746471405,0.18645597994327545,20.86428451538086
9ZXN,boltz1,4,False,48.252601623535156,0.0,1.0,False,False,False,0.7187459468841553,0.9076623916625977,0.1309565007686615,0.1309565007686615,0.8656933307647705,0.24025580286979675,21.029611587524414
9ZXN,boltz2,0,True,28.73482894897461,0.000620347389485687,1.0,False,False,False,0.8047345876693726,0.8811792731285095,0.7231103181838989,0.7231103181838989,0.825140655040741,0.5684852004051208,6.07627534866333
9ZXN,boltz2,1,False,29.987985610961914,0.0,1.0,False,False,False,0.7901846766471863,0.8570321202278137,0.691128134727478,0.691128134727478,0.8149488568305969,0.563747763633728,6.355510711669922
9ZXN,boltz2,2,False,29.012317657470703,0.0,1.0,False,False,False,0.7864350080490112,0.8179320096969604,0.7095727324485779,0.7095727324485779,0.805650532245636,0.579163670539856,5.887387752532959
9ZXN,boltz2,3,False,27.833942413330078,0.000884433975443244,1.0,False,False,False,0.7780160903930664,0.8177539110183716,0.6871875524520874,0.6871875524520874,0.8007232546806335,0.558770477771759,6.354600429534912
9ZXN,boltz2,4,False,27.29509925842285,0.00047862157225608826,1.0,False,False,False,0.7737482786178589,0.8137150406837463,0.6443410515785217,0.6443410515785217,0.806100070476532,0.5595656037330627,6.978403091430664
